run_id,epoch,train_recon,train_vq,train_total,val_recon,val_vq,val_psnr,val_ms_ssim,best_val_recon,is_best,phase,channel_prob,channel_usage_ratio,mean_channel_snr,source_bits_per_image,source_bpp,transmission_ratio,learning_rate,train_rq_codebook_loss_per_scale,train_rq_commitment_loss_per_scale,train_rq_codebook_per_depth,train_rq_commitment_per_depth,train_rq_residual_norm_per_depth,train_rq_usage_per_depth,train_rq_perplexity_per_depth,train_rq_aggregate_usage_per_scale,train_rq_aggregate_perplexity_per_scale,train_rq_projection_grad_norm_per_scale,val_rq_codebook_loss_per_scale,val_rq_commitment_loss_per_scale,val_rq_codebook_per_depth,val_rq_commitment_per_depth,val_rq_residual_norm_per_depth,val_rq_usage_per_depth,val_rq_perplexity_per_depth,val_rq_aggregate_usage_per_scale,val_rq_aggregate_perplexity_per_scale,val_rq_projection_grad_norm_per_scale
residual_simvq_k4-2_d2-2_rate047-20260723-121543,1,0.61622431,0.10819940,0.72442371,0.05882133,0.07381803,18.43198845,0.77746207,0.05882133,1,Phase1-拓荒,0.000000,0.00000000,,4608,0.0703125000,0.0468750000,5e-05,"[0.28339667107771943,0.031420709501469024]","[0.28339667116050365,0.03142070951009238]","[[0.32010195235963224,0.24669138787797204],[0.03348715730632345,0.029354261522422785]]","[[0.32010195235963224,0.24669138851265113],[0.03348715730632345,0.0293542615155241]]","[[0.5526234336473324,0.47956762451816487],[0.1635999519377947,0.14989271203952806]]","[[1.0,1.0],[1.0,1.0]]","[[3.4209688862164813,3.5139149718814426],[1.8873520692189534,1.699086285299725]]","[1.0,1.0]","[3.7067966642203154,1.9511245941674267]","[0.004000324384671532,0.0013635430017462501]","[0.19930354643751075,0.01845707415982529]","[0.19930354687902663,0.018457074173622662]","[[0.23580165682015597,0.16280543682751833],[0.022324904164782278,0.014589244099678817]]","[[0.23580165682015597,0.1628054373794132],[0.022324904164782278,0.01458924412727356]]","[[0.4852074587786639,0.40296467962088406],[0.14938083975403396,0.12076837574994123]]","[[1.0,1.0],[1.0,1.0]]","[[3.5651398287879097,3.3148137587088127],[1.9814103108865244,1.8569218547255903]]","[1.0,1.0]","[3.7988978845101817,1.9799038807551066]","[null,null]"
residual_simvq_k4-2_d2-2_rate047-20260723-121543,2,0.07185813,0.07790809,0.14976622,0.07960907,0.09236280,17.05320515,0.77913763,0.05882133,0,Phase1-拓荒,0.000000,0.00000000,,4608,0.0703125000,0.0468750000,5e-05,"[0.2084678502270469,0.020419021564777252]","[0.20846785019945216,0.020419021559603238]","[[0.2464947210141906,0.1704409780739634],[0.024952556605071383,0.01588548645377159]]","[[0.2464947210141906,0.17044097790839496],[0.024952556605071383,0.015885486421002834]]","[[0.4953966701472247,0.41183148881903403],[0.15721064169925672,0.12565151693092452]]","[[1.0,1.0],[1.0,1.0]]","[[3.722648854608889,3.1293890405584266],[1.9890249991858446,1.8628039682352984]]","[1.0,1.0]","[3.852213905475758,1.970852616098192]","[0.00117673236462805,0.0005069556250856732]","[0.2519727613087054,0.021794099747030823]","[0.25197276042567357,0.021794099705638708]","[[0.2976143151521683,0.20633120558879994],[0.027972540424929724,0.015615658786285807]]","[[0.2976143151521683,0.20633120404349434],[0.027972540424929724,0.015615658772488435]]","[[0.5449524113425502,0.4535023737836767],[0.16719637755994443,0.1249343377020624]]","[[1.0,1.0],[1.0,1.0]]","[[3.8169393292179814,3.0357182697013574],[1.9906301215842919,1.9211288699397335]]","[1.0,1.0]","[3.870577174645883,1.9868067785545631]","[null,null]"
residual_simvq_k4-2_d2-2_rate047-20260723-121543,3,0.06013292,0.08332874,0.14346166,0.04379660,0.08814843,19.64438270,0.81747052,0.04379660,1,Phase1-拓荒,0.000000,0.00000000,,4608,0.0703125000,0.0468750000,5e-05,"[0.2242286838039204,0.02121164644550946]","[0.2242286841350573,0.021211646450683474]","[[0.2606680705315537,0.187789296069079],[0.02631231876331623,0.016110973989728977]]","[[0.2606680705315537,0.18778929670375807],[0.02631231876331623,0.016110973972482262]]","[[0.5091550658698435,0.43203741521747024],[0.16115626299546826,0.12645777372850311]]","[[1.0,1.0],[1.0,1.0]]","[[3.8435721044187194,2.6142394714885286],[1.9917098489072589,1.8693196365126856]]","[1.0,1.0]","[3.7231242890711185,1.9694722016652426]","[0.0009957174046172036,0.0005308109014111795]","[0.22273666593763564,0.029669151620732415]","[0.22273666593763564,0.029669151731111384]","[[0.2598341272936927,0.18563920458157857],[0.03490688421384052,0.024431418848258477]]","[[0.2598341272936927,0.18563920458157857],[0.03490688421384052,0.024431419013826935]]","[[0.5093193727510946,0.4303826837627976],[0.186516637051547,0.15603323887895654]]","[[1.0,1.0],[1.0,1.0]]","[[3.8007451799180774,2.659762903496071],[1.9925319989522299,1.681804808863887]]","[1.0,1.0]","[3.750432664376718,1.9318344866787946]","[null,null]"
residual_simvq_k4-2_d2-2_rate047-20260723-121543,4,0.05574352,0.08810540,0.14384892,0.04089334,0.09087964,19.95511920,0.82980522,0.04089334,1,Phase1-拓荒,0.000000,0.00000000,,4608,0.0703125000,0.0468750000,5e-05,"[0.2383715830191418,0.02178284541738254]","[0.23837158293635757,0.021782845398411153]","[[0.27414709608312005,0.2025960685202369],[0.027046368108993326,0.016519322560203296]]","[[0.27414709608312005,0.20259606838226318],[0.027046368108993326,0.016519322542956582]]","[[0.5221148723253497,0.44867441554864246],[0.1631452370159052,0.12789752723442183]]","[[1.0,1.0],[1.0,1.0]]","[[3.873871432851862,2.4714899129337735],[1.9919267243809171,1.8819046764462082]]","[1.0,1.0]","[3.680651069570471,1.9717125292177553]","[0.0009668763693534183,0.0005339410623155009]","[0.24894987598613458,0.02093248008577912]","[0.24894987697954532,0.020932480058184377]","[[0.28483642096872686,0.21306332901672081],[0.023995164423077194,0.017869795693291557]]","[[0.28483642096872686,0.21306332978937362],[0.023995164423077194,0.017869795651899445]]","[[0.5328950221891756,0.46069102221065095],[0.15479733612802293,0.13365235439053288]]","[[1.0,1.0],[1.0,1.0]]","[[3.868533076180352,2.441257040588944],[1.9908423300142641,1.8518402806034795]]","[1.0,1.0]","[3.66537375803347,1.9732520518479524]","[null,null]"
residual_simvq_k4-2_d2-2_rate047-20260723-121543,5,0.05057766,0.08837612,0.13895378,0.04316441,0.08805570,19.76905726,0.83454366,0.04089334,0,Phase1-拓荒,0.000000,0.00000000,,4608,0.0703125000,0.0468750000,5e-05,"[0.23875109420882332,0.02202623850941934]","[0.23875109429160754,0.022026238540463424]","[[0.27279165033940916,0.204710535981037],[0.027302955660141178,0.016749521279362616]]","[[0.27279165033940916,0.20471053614660545],[0.027302955660141178,0.016749521286261303]]","[[0.5206620828972922,0.4507820643208645],[0.16450229629322335,0.1291632936094646]]","[[1.0,1.0],[1.0,1.0]]","[[3.8981087150397125,2.4395603559635304],[1.9927915387683444,1.8919010784890917]]","[1.0,1.0]","[3.6703316653216325,1.9728909143695126]","[0.0009053656991993732,0.0004931461500813451]","[0.2398406152372007,0.020968809848030408]","[0.23984061534757967,0.020968809806638292]","[[0.27582898824303237,0.20385223969265268],[0.02416481412947178,0.017772805538994296]]","[[0.27582898824303237,0.20385223991341062],[0.02416481412947178,0.017772805483804808]]","[[0.5244797574149238,0.4506790613686597],[0.15533847047222984,0.1332773463593589]]","[[1.0,1.0],[1.0,1.0]]","[[3.9057696554395887,2.4840108783156785],[1.995461654663086,1.8035214821497598]]","[1.0,1.0]","[3.704957847242002,1.951469682764124]","[null,null]"
residual_simvq_k4-2_d2-2_rate047-20260723-121543,6,0.04929976,0.08874393,0.13804369,0.03853425,0.08167289,20.23114460,0.84219149,0.03853425,1,Phase1-拓荒,0.000000,0.00000000,,4608,0.0703125000,0.0468750000,5e-05,"[0.24069935938826315,0.021640602435433753]","[0.24069935925028943,0.021640602426810398]","[[0.27506283502335904,0.20633588270456701],[0.026667934973482733,0.01661326978183179]]","[[0.27506283502335904,0.20633588240102485],[0.026667934973482733,0.016613269736990333]]","[[0.522823544288123,0.45254035255423297],[0.1622250667738694,0.12840981242005473]]","[[1.0,1.0],[1.0,1.0]]","[[3.9031682151335256,2.4512838262098806],[1.9928860951353002,1.8914454020835736]]","[1.0,1.0]","[3.672083299248307,1.967362716683635]","[0.0008932502435830733,0.0005478630392274311]","[0.2256400716525537,0.017856583344163717]","[0.22564007176293266,0.017856583344163717]","[[0.25677453621670054,0.19450560609499615],[0.021747845190542715,0.013965321339114949]]","[[0.25677453621670054,0.1945056062053751],[0.021747845190542715,0.013965321332216262]]","[[0.5062045918570625,0.44047938850190904],[0.14742017244851147,0.11814792592216421]]","[[1.0,1.0],[1.0,1.0]]","[[3.9207404013033265,2.4217951156474924],[1.9953793817096286,1.920688881697478]]","[1.0,1.0]","[3.662841482515688,1.9778782023323906]","[null,null]"
residual_simvq_k4-2_d2-2_rate047-20260723-121543,7,0.04609288,0.08892156,0.13501444,0.03622846,0.10006253,20.50799402,0.84652826,0.03622846,1,Phase1-拓荒,0.000000,0.00000000,,4608,0.0703125000,0.0468750000,5e-05,"[0.24097217740835966,0.02178840788288249]","[0.24097217721519648,0.021788407886331834]","[[0.27457415243541755,0.20737020105675416],[0.026568905731525132,0.017007909984224374]]","[[0.27457415243541755,0.20737020053245403],[0.026568905731525132,0.01700791001699313]]","[[0.5224689206039465,0.4538610436850124],[0.16181280607426607,0.12989808941880862]]","[[1.0,1.0],[1.0,1.0]]","[[3.9059749881426495,2.4563427130381266],[1.991570512674473,1.8690231433621158]]","[1.0,1.0]","[3.673600837919447,1.9564016944832272]","[0.0008588109170280708,0.0005444850533590566]","[0.283426402343644,0.018386853306933685]","[0.28342640190212814,0.018386853320731058]","[[0.32114942184200995,0.24570337997542488],[0.020852378728213133,0.015921327720085778]]","[[0.32114942184200995,0.24570338019618282],[0.020852378728213133,0.015921327754579207]]","[[0.5658793303701612,0.49478664530648125],[0.14430654954027247,0.1261538185455181]]","[[1.0,1.0],[1.0,1.0]]","[[3.8882005514921967,2.459749663317645],[1.9947203618508798,1.8035027671743322]]","[1.0,1.0]","[3.678076230155097,1.943470229042901]","[null,null]"
residual_simvq_k4-2_d2-2_rate047-20260723-121543,8,0.04303411,0.09050531,0.13353942,0.03309977,0.09454593,20.85490576,0.85253091,0.03309977,1,Phase1-拓荒,0.000000,0.00000000,,4608,0.0703125000,0.0468750000,5e-05,"[0.24609647155911835,0.021760255496741997]","[0.2460964717246868,0.021760255496741997]","[[0.2786911415833014,0.21350180073468775],[0.026053840918811383,0.017466669997062395]]","[[0.2786911415833014,0.21350180120379836],[0.026053840918811383,0.017466669993613054]]","[[0.5267047770045422,0.46081816062883096],[0.1607424519404217,0.13176126587722037]]","[[1.0,1.0],[1.0,1.0]]","[[3.913238082991706,2.4471720240734243],[1.9920961117302929,1.8559542916439198]]","[1.0,1.0]","[3.672036400547734,1.9511197381549412]","[0.0007710918226857083,0.0004614826053579303]","[0.245656970805592,0.02844500367840131]","[0.245656970805592,0.02844500365080657]","[[0.2758905277208046,0.21542341355924252],[0.034847143402806036,0.022042863719441273]]","[[0.2758905277208046,0.21542341311772664],[0.034847143402806036,0.022042863678049158]]","[[0.5242937929100461,0.46307233505778844],[0.18652308539107995,0.14832188266294974]]","[[1.0,1.0],[1.0,1.0]]","[[3.929704964602435,2.441887304517958],[1.9950592323585792,1.8961521166342277]]","[1.0,1.0]","[3.675582546657986,1.9668675555123223]","[null,null]"
residual_simvq_k4-2_d2-2_rate047-20260723-121543,9,0.04300539,0.09204646,0.13505186,0.03458034,0.08985673,20.64850068,0.84947955,0.03309977,0,Phase1-拓荒,0.000000,0.00000000,,4608,0.0703125000,0.0468750000,5e-05,"[0.2507979422255799,0.021875367022153955]","[0.2507979419220377,0.021875366998008555]","[[0.28251191231387635,0.21908397106108843],[0.02576363068246455,0.01798710326698643]]","[[0.28251191231387635,0.2190839708403305],[0.02576363068246455,0.017987103244565702]]","[[0.5298934324472039,0.46642368971197695],[0.15961061894065803,0.1335226006805897]]","[[1.0,1.0],[1.0,1.0]]","[[3.918206275392462,2.451227623886532],[1.9903989719019997,1.828566078124223]]","[1.0,1.0]","[3.672156952487098,1.939955339387611]","[0.000827570767217333,0.0004783812837019839]","[0.25211031127859046,0.01771561499271128]","[0.2521103119408643,0.01771561492372442]","[[0.2855617176603388,0.21865890500722107],[0.01958244569875576,0.015848784100402285]]","[[0.2855617176603388,0.21865890489684212],[0.01958244569875576,0.015848784017618054]]","[[0.5334373602160701,0.46655569849190887],[0.13983119085982995,0.1258569144540363]]","[[1.0,1.0],[1.0,1.0]]","[[3.9245176085719358,2.415067794587877],[1.9890494108200074,1.7658152650903773]]","[1.0,1.0]","[3.64314576431557,1.916889444986979]","[null,null]"
residual_simvq_k4-2_d2-2_rate047-20260723-121543,10,0.04146944,0.09335876,0.13482820,0.03645551,0.11002415,20.50192637,0.85727566,0.03309977,0,Phase1-拓荒,0.000000,0.00000000,,4608,0.0703125000,0.0468750000,5e-05,"[0.2548199722888293,0.0219640271289757]","[0.2548199728131294,0.02196402711862767]","[[0.286053026439967,0.22358691744782305],[0.02552640873386904,0.01840164551200966]]","[[0.286053026439967,0.2235869178617442],[0.02552640873386904,0.018401645505110975]]","[[0.5334627614529045,0.47144386950466366],[0.15907061472535133,0.13519741874878052]]","[[1.0,1.0],[1.0,1.0]]","[[3.922309335955867,2.443302180148937],[1.9889397468831804,1.8022276258027112]]","[1.0,1.0]","[3.667481365910283,1.9291391273339589]","[0.0007572765126328536,0.0004144784782342699]","[0.30615113432760593,0.022963077133452452]","[0.30615113410684797,0.022963077036870852]","[[0.3383977249816612,0.2739045448877193],[0.02689968250967838,0.019026471702037036]]","[[0.3383977249816612,0.27390454367355066],[0.02689968250967838,0.01902647166064492]]","[[0.5808160614084314,0.5223802559905582],[0.16391982480331704,0.13786375047983945]]","[[1.0,1.0],[1.0,1.0]]","[[3.925055244233873,2.478633885913425],[1.985825902444345,1.7704490590978552]]","[1.0,1.0]","[3.6970655299999096,1.9131681044896445]","[null,null]"
residual_simvq_k4-2_d2-2_rate047-20260723-121543,11,0.03983557,0.09705116,0.13688673,0.03639073,0.08887905,20.48188457,0.85959402,0.03309977,0,Phase1-拓荒,0.000000,0.00000000,,4608,0.0703125000,0.0468750000,5e-05,"[0.26606984497220426,0.02224693409236217]","[0.2660698448066358,0.022246934095811514]","[[0.2966571513977316,0.23548253647707126],[0.025529494821266444,0.018964373239281553]]","[[0.2966571513977316,0.23548253639428704],[0.025529494821266444,0.018964373275499654]]","[[0.5432747428615888,0.4838193652254564],[0.15886748673187362,0.1370856097450963]]","[[1.0,1.0],[1.0,1.0]]","[[3.9256771092061644,2.4371024286305465],[1.9883225478507853,1.7718295629377718]]","[1.0,1.0]","[3.6670603849269727,1.918638625409868]","[0.0007482897775911692,0.0004669390649387087]","[0.24040733101191344,0.022002810391562957]","[0.2404073311222924,0.02200281044675244]","[[0.2670243785337166,0.21379028426276314],[0.02608705749390302,0.017918563323716323]]","[[0.2670243785337166,0.21379028448352108],[0.02608705749390302,0.01791856339270318]]","[[0.5161198638103627,0.46171570596871553],[0.16140855131325899,0.13376578649988882]]","[[1.0,1.0],[1.0,1.0]]","[[3.934192823480677,2.443120719768383],[1.9685963339275785,1.6829193344822637]]","[1.0,1.0]","[3.6780545623214156,1.8639314068688286]","[null,null]"
residual_simvq_k4-2_d2-2_rate047-20260723-121543,12,0.03929413,0.09834310,0.13763722,0.03154801,0.10220194,21.05818133,0.86429093,0.03154801,1,Phase1-拓荒,0.000000,0.00000000,,4608,0.0703125000,0.0468750000,5e-05,"[0.271021161697529,0.02183837201791229]","[0.27102116164233947,0.02183837199031755]","[[0.3007558329237832,0.24128649002975888],[0.02482631128039901,0.018850432789919002]]","[[0.3007558329237832,0.24128649033330105],[0.02482631128039901,0.0188504327778463]]","[[0.5469653258721033,0.48970483166200146],[0.15673458897681147,0.1366986470227992]]","[[1.0,1.0],[1.0,1.0]]","[[3.931529160340627,2.4281175401475696],[1.9855139761059373,1.739934327867296]]","[1.0,1.0]","[3.6588577495680914,1.9046168548089486]","[0.0007439149678921913,0.00042177166354425327]","[0.2847886673830174,0.0211287637827573]","[0.2847886672726384,0.0211287637827573]","[[0.3167287744857647,0.25284856105292286],[0.023155303147655945,0.01910222447304814]]","[[0.3167287744857647,0.2528485617151967],[0.023155303147655945,0.019102224445453397]]","[[0.5620152692000071,0.5020252391144081],[0.15200894563286393,0.13810764639465897]]","[[1.0,1.0],[1.0,1.0]]","[[3.9381651560465496,2.4544574313693577],[1.980367245497527,1.6710475577248467]]","[1.0,1.0]","[3.670451702894988,1.8746812166991058]","[null,null]"
residual_simvq_k4-2_d2-2_rate047-20260723-121543,13,0.03800581,0.10090633,0.13891214,0.03350474,0.10751784,20.85507422,0.85974319,0.03154801,0,Phase1-拓荒,0.000000,0.00000000,,4608,0.0703125000,0.0468750000,5e-05,"[0.27950067652596366,0.021699793957587747]","[0.27950067652596366,0.021699793954138402]","[[0.30897471303189245,0.2500266385023241],[0.024726614642336414,0.018672973291810464]]","[[0.30897471303189245,0.25002663836435035],[0.024726614642336414,0.01867297326421572]]","[[0.554561714441688,0.49868566079272164],[0.15641118281141475,0.13601472419169214]]","[[1.0,1.0],[1.0,1.0]]","[[3.934634270932939,2.422294757101271],[1.9837711769121664,1.7273036795633812]]","[1.0,1.0]","[3.6556918766763475,1.898003113049048]","[0.0007075627941823633,0.00041355383859977506]","[0.2990391185990086,0.022508989384880773]","[0.29903911815749273,0.022508989398678143]","[[0.32791647524745376,0.2701617610675317],[0.027486281041745785,0.017531697714218388]]","[[0.32791647524745376,0.2701617604052579],[0.027486281041745785,0.0175316977556105]]","[[0.5715934952100118,0.5186386302665428],[0.16574937866793737,0.1323711355527242]]","[[1.0,1.0],[1.0,1.0]]","[[3.9355776221663863,2.407330901534469],[1.9947391986846923,1.8833018002686677]]","[1.0,1.0]","[3.6536300200003167,1.9613907054618553]","[null,null]"
residual_simvq_k4-2_d2-2_rate047-20260723-121543,14,0.03697140,0.10533865,0.14231006,0.03032368,0.11048939,21.23427353,0.86667267,0.03032368,1,Phase1-拓荒,0.000000,0.00000000,,4608,0.0703125000,0.0468750000,5e-05,"[0.2931515140389955,0.02196608499140927]","[0.29315151414937446,0.0219660850017573]","[[0.3225732715593444,0.26372975544245153],[0.024889319914358634,0.019042850056387207]]","[[0.3225732715593444,0.26372975569080426],[0.024889319914358634,0.019042850068459908]]","[[0.5664324432611465,0.5119467034384056],[0.15706847126561183,0.13752793324766335]]","[[1.0,1.0],[1.0,1.0]]","[[3.936776407118197,2.4116660996719643],[1.9799375467830234,1.7070244764840161]]","[1.0,1.0]","[3.655384061071608,1.8864130938494648]","[0.0007308221826355698,0.0004138539407399043]","[0.31482993651319435,0.01936805855344843]","[0.3148299362924364,0.019368058539651057]","[[0.3442213696462137,0.2854385024971432],[0.021419128637622905,0.017316988469273955]]","[[0.3442213696462137,0.28543850194524834],[0.021419128637622905,0.017316988469273955]]","[[0.5856695316455982,0.5331318998778308],[0.14627009299066332,0.13154182776256843]]","[[1.0,1.0],[1.0,1.0]]","[[3.9407777415381537,2.4028014147723162],[1.9765151076846652,1.6794197824266222]]","[1.0,1.0]","[3.6475899678689463,1.8720783410248933]","[null,null]"
residual_simvq_k4-2_d2-2_rate047-20260723-121543,15,0.03653927,0.10704346,0.14358273,0.03369445,0.12134188,20.88839235,0.86463562,0.03032368,0,Phase1-拓荒,0.000000,0.00000000,,4608,0.0703125000,0.0468750000,5e-05,"[0.2987955406860069,0.02187176205355812]","[0.29879554093435956,0.02187176203976075]","[[0.327555662283191,0.2700354188128754],[0.024825797105828922,0.01891772694264849]]","[[0.327555662283191,0.2700354194475545],[0.024825797105828922,0.018917726952996518]]","[[0.5708080490430196,0.5180522223313649],[0.15702091667939116,0.1371569421004366]]","[[1.0,1.0],[1.0,1.0]]","[[3.938086748123169,2.395286798477173],[1.9808310424840008,1.7004683408472272]]","[1.0,1.0]","[3.645893492522063,1.885507051370762]","[0.0007219365904650962,0.00034889122273145605]","[0.34707674406192923,0.02060863121792122]","[0.34707674406192923,0.020608631231718594]","[[0.3772590970551526,0.3168943944904539],[0.023230900767224807,0.017986361503049178]]","[[0.3772590970551526,0.316894394269696],[0.023230900767224807,0.017986361530643924]]","[[0.6132753663592868,0.5619273536735111],[0.15233455421747985,0.13405316825266236]]","[[1.0,1.0],[1.0,1.0]]","[[3.9452649045873573,2.390759801864624],[1.9837578543910275,1.8094582142653288]]","[1.0,1.0]","[3.633740504582723,1.9224489715364244]","[null,null]"
residual_simvq_k4-2_d2-2_rate047-20260723-121543,16,0.03656743,0.10871815,0.14528558,0.03141417,0.11063812,21.06238960,0.86110295,0.03032368,0,Phase1-拓荒,0.000000,0.00000000,,4608,0.0703125000,0.0468750000,5e-05,"[0.3042216432867227,0.021838218585967465]","[0.30422164353507536,0.021838218585967465]","[[0.3328764159922247,0.2755668708847629],[0.024758222123125086,0.018918215019490432]]","[[0.3328764159922247,0.275566871298684],[0.024758222123125086,0.01891821501604109]]","[[0.5753239749206437,0.5232241554944603],[0.1566306677405481,0.1369853584854691]]","[[1.0,1.0],[1.0,1.0]]","[[3.9381997377784166,2.3867516221823517],[1.979280944223757,1.6896659811337789]]","[1.0,1.0]","[3.640954743049763,1.8798069141529226]","[0.0007397109097197514,0.0004034436194800677]","[0.3009114848242866,0.026565247498176715]","[0.30091148449314964,0.02656524753956883]","[[0.3289632545577155,0.2728597127728992],[0.029692145919910182,0.023438349131632733]]","[[0.3289632545577155,0.2728597127728992],[0.029692145919910182,0.023438349145430106]]","[[0.5727355312418054,0.5214914127632424],[0.17215649044072187,0.15297358245761306]]","[[1.0,1.0],[1.0,1.0]]","[[3.9559643197942664,2.3661100175645617],[1.9637317171803228,1.7436912148087114]]","[1.0,1.0]","[3.6262432557565196,1.8797138576154355]","[null,null]"
residual_simvq_k4-2_d2-2_rate047-20260723-121543,17,0.03574316,0.11109820,0.14684136,0.02949808,0.13357532,21.34454223,0.86883072,0.02949808,1,Phase1-拓荒,0.000000,0.00000000,,4608,0.0703125000,0.0468750000,5e-05,"[0.31125975579575255,0.02212724138430699]","[0.31125975579575255,0.02212724135671225]","[[0.33958351065715153,0.28293600187257484],[0.024897322541585675,0.019357160128722035]]","[[0.33958351065715153,0.28293600195535906],[0.024897322541585675,0.019357160092503937]]","[[0.5810493091190303,0.5301356922697138],[0.15709011499528533,0.13859086765183343]]","[[1.0,1.0],[1.0,1.0]]","[[3.9405780990918475,2.376529008370859],[1.9779487982944206,1.6749486336001644]]","[1.0,1.0]","[3.6339914798736572,1.8734786064536484]","[0.0007215273229694166,0.00039423920380714765]","[0.3808561592190354,0.023292432076953074]","[0.38085615943979334,0.02329243210454782]","[[0.4144507710580473,0.34726154693850764],[0.0262484985921118,0.020336365713565438]]","[[0.4144507710580473,0.3472615471592656],[0.0262484985921118,0.020336365796349665]]","[[0.642795389228397,0.5882027367750804],[0.16192053512290672,0.14254104837223336]]","[[1.0,1.0],[1.0,1.0]]","[[3.930537365101002,2.411180160663746],[1.9937468369801838,1.7800818487449928]]","[1.0,1.0]","[3.6467295593685574,1.9292973659656667]","[null,null]"
residual_simvq_k4-2_d2-2_rate047-20260723-121543,18,0.03578187,0.11296531,0.14874718,0.02864389,0.11551491,21.48724089,0.87091390,0.02864389,1,Phase1-拓荒,0.000000,0.00000000,,4608,0.0703125000,0.0468750000,5e-05,"[0.3183564027150472,0.021566294525163593]","[0.31835640263226295,0.02156629453551162]","[[0.34662678078920756,0.290086023123176],[0.024165804014989623,0.018966785083628365]]","[[0.34662678078920756,0.29008602328874444],[0.024165804014989623,0.018966785111223107]]","[[0.5870693502050859,0.5368090913803489],[0.1547312427726057,0.13722222012778124]]","[[1.0,1.0],[1.0,1.0]]","[[3.9399161431524488,2.3719819483933624],[1.9745000307206755,1.6604329888467435]]","[1.0,1.0]","[3.6344696892632378,1.8643249882592094]","[0.000722539959274905,0.0003790747698750002]","[0.3342317795311963,0.01770797242169027]","[0.3342317795311963,0.017707972449285014]","[[0.3642245222021032,0.3042390342111941],[0.01926118535576043,0.016154759356545076]]","[[0.3642245222021032,0.30423903476308894],[0.01926118535576043,0.01615475943243062]]","[[0.6023993964548464,0.55035145106139],[0.13867177190604033,0.1270395776187932]]","[[1.0,1.0],[1.0,1.0]]","[[3.9383299509684244,2.371957058376736],[1.9672338088353476,1.5203685107054534]]","[1.0,1.0]","[3.6336584726969403,1.8094464275572035]","[null,null]"
residual_simvq_k4-2_d2-2_rate047-20260723-121543,19,0.03504770,0.11349933,0.14854703,0.02826517,0.13469671,21.54075128,0.87340637,0.02826517,1,Phase1-拓荒,0.000000,0.00000000,,4608,0.0703125000,0.0468750000,5e-05,"[0.3216150706288991,0.020791398709708895]","[0.32161507096003605,0.02079139870625955]","[[0.3497925601071782,0.2934375801020198],[0.023359715309063042,0.018223082051715918]]","[[0.3497925601071782,0.2934375801020198],[0.023359715309063042,0.018223082049991245]]","[[0.5897416529832062,0.5399204894900322],[0.15229242191546494,0.13462563288156634]]","[[1.0,1.0],[1.0,1.0]]","[[3.9435867455270555,2.3672919547116313],[1.9716968613642234,1.6445884269696696]]","[1.0,1.0]","[3.6321750848381607,1.8559168438116709]","[0.0007127343966944695,0.00034819413636729156]","[0.39674013477784614,0.017144665280701937]","[0.3967401334532985,0.01714466530829668]","[[0.4282855424616072,0.36519472665256925],[0.018954154904241915,0.01533517557437773]]","[[0.4282855424616072,0.36519472532802155],[0.018954154904241915,0.015335175595073788]]","[[0.6532322053556089,0.602983804985329],[0.13762648801008862,0.12381158465588535]]","[[1.0,1.0],[1.0,1.0]]","[[3.9426508126435458,2.3721762851432517],[1.9966761606710928,1.7764413012398614]]","[1.0,1.0]","[3.619458763687699,1.9393600658134178]","[null,null]"
residual_simvq_k4-2_d2-2_rate047-20260723-121543,20,0.03468798,0.11456799,0.14925596,0.03041784,0.11931571,21.27291968,0.87174550,0.02826517,0,Phase1-拓荒,0.000000,0.00000000,,4608,0.0703125000,0.0468750000,5e-05,"[0.3231786345166189,0.021719463038499708]","[0.32317863476497155,0.021719463048847736]","[[0.35093993392807465,0.29541733411175236],[0.024269609470610267,0.01916931659259178]]","[[0.35093993392807465,0.2954173344152945],[0.024269609470610267,0.01916931659604112]]","[[0.5907763094813735,0.5418209141051328],[0.15522110571187955,0.1380683366485216]]","[[1.0,1.0],[1.0,1.0]]","[[3.943417810510706,2.3590057796902126],[1.9671057420748252,1.6459581862997126]]","[1.0,1.0]","[3.6281318721947846,1.8513475157596446]","[0.0007063643004383064,0.0003679831511598658]","[0.33793963193893434,0.021935317734325374]","[0.33793963215969225,0.021935317748122744]","[[0.3673697151519634,0.3085095485051473],[0.024944977338115373,0.018925658116738003]]","[[0.3673697151519634,0.308509549829695],[0.024944977338115373,0.018925658158130115]]","[[0.6051322261492411,0.5543644708615763],[0.15783666019086484,0.13750078269728908]]","[[1.0,1.0],[1.0,1.0]]","[[3.9434259591279206,2.3516321923997667],[1.9638905163164493,1.5425842541235464]]","[1.0,1.0]","[3.62770638289275,1.81293337698336]","[null,null]"
residual_simvq_k4-2_d2-2_rate047-20260723-121543,21,0.03427903,0.11644404,0.15072307,0.02910105,0.11230423,21.43899691,0.87041562,0.02826517,0,Phase2-退火(0%),0.000000,0.00000000,,4608,0.0703125000,0.0468750000,5e-05,"[0.32854215660028985,0.022039383451488835]","[0.3285421562967477,0.022039383465286205]","[[0.35626209629354655,0.30082221563767503],[0.024513289925676807,0.01956547695832948]]","[[0.35626209629354655,0.3008222154445118],[0.024513289925676807,0.019565476987648895]]","[[0.5953112257851495,0.5468164798286226],[0.15593543645960314,0.1394592412368015]]","[[1.0,1.0],[1.0,1.0]]","[[3.944277208381229,2.3515361790303833],[1.9680679071832585,1.6243955729184327]]","[1.0,1.0]","[3.621208965778351,1.8451292249891493]","[0.0006897779030151907,0.0003868178334582976]","[0.3085797507453848,0.025396889103231606]","[0.30857975008311095,0.025396889089434237]","[[0.33462328160250626,0.28253622032977915],[0.028134245811789124,0.022659532353281976]]","[[0.33462328160250626,0.28253621878447355],[0.028134245811789124,0.02265953222910563]]","[[0.5775232120796486,0.530528540081448],[0.1672363997609527,0.15003940098815494]]","[[1.0,1.0],[1.0,1.0]]","[[3.9424572361840142,2.3390805209124528],[1.9453885670061464,1.5265051391389635]]","[1.0,1.0]","[3.61912852746469,1.7874135088037562]","[null,null]"
residual_simvq_k4-2_d2-2_rate047-20260723-121543,22,0.03414427,0.11740468,0.15154895,0.02789725,0.13498104,21.59556096,0.87518225,0.02789725,1,Phase2-退火(2%),0.000000,0.00000000,,4608,0.0703125000,0.0468750000,5e-05,"[0.3303445273251445,0.022865769505086873]","[0.33034452749071297,0.022865769522333587]","[[0.35787368306407225,0.3028153707307798],[0.025339693148378972,0.020391845858345428]]","[[0.35787368306407225,0.3028153709515377],[0.025339693148378972,0.02039184585144674]]","[[0.5966994313730134,0.5486779751601043],[0.15853979388872783,0.14232903703771255]]","[[1.0,1.0],[1.0,1.0]]","[[3.942794019204599,2.347334807890433],[1.9628634216608825,1.6179647536189468]]","[1.0,1.0]","[3.6227697858103998,1.8371565653218163]","[0.0006709336182447495,0.00038266270589870313]","[0.3957071712723485,0.018268316970379263]","[0.39570717061007465,0.018268316887595035]","[[0.4254780888557434,0.36593625015682646],[0.020295501417583888,0.016241132385200925]]","[[0.4254780888557434,0.36593625037758437],[0.020295501417583888,0.01624113228172064]]","[[0.65082996862906,0.6032885785456057],[0.1423460712035497,0.12736410161963216]]","[[1.0,1.0],[1.0,1.0]]","[[3.9357703261905246,2.358298169242011],[1.9751467033668801,1.5554424550798205]]","[1.0,1.0]","[3.623177162806193,1.8308553580884581]","[null,null]"
residual_simvq_k4-2_d2-2_rate047-20260723-121543,23,0.03377916,0.11882563,0.15260479,0.02896709,0.12544765,21.47478293,0.87559223,0.02789725,0,Phase2-退火(3%),0.000000,0.00000000,,4608,0.0703125000,0.0468750000,5e-05,"[0.3354054627871072,0.022798244960399137]","[0.3354054630078651,0.022798244956949796]","[[0.3629792648884985,0.3078316612928002],[0.025150852398601948,0.020445637458383487]]","[[0.3629792648884985,0.30783166165153186],[0.025150852398601948,0.02044563745320947]]","[[0.6006689214044147,0.55292471172633],[0.1577812427309928,0.14237025255958238]]","[[1.0,1.0],[1.0,1.0]]","[[3.9430000009360135,2.3404076792575697],[1.9495556149217816,1.5639925329773514]]","[1.0,1.0]","[3.6210468738167374,1.8052670383894884]","[0.0006931267395783733,0.00039891757292530707]","[0.35472987824016144,0.023747078798435354]","[0.3547298789024353,0.023747078798435354]","[[0.38291995503284315,0.3265398042069541],[0.026142197764582105,0.021351959735707]]","[[0.38291995503284315,0.3265398042069541],[0.026142197764582105,0.021351959749504372]]","[[0.6176874690585666,0.5702106994611246],[0.1615732396090472,0.146040822841503]]","[[1.0,1.0],[1.0,1.0]]","[[3.937195650736491,2.3532495498657227],[1.91488015210187,1.5575391628124096]]","[1.0,1.0]","[3.6420411109924316,1.7708289402502555]","[null,null]"
residual_simvq_k4-2_d2-2_rate047-20260723-121543,24,0.03319062,0.11930590,0.15249652,0.02749981,0.11477684,21.65354196,0.87589957,0.02749981,1,Phase2-退火(5%),0.000000,0.00000000,,4608,0.0703125000,0.0468750000,5e-05,"[0.34030859845655936,0.021266815007698756]","[0.3403085985393436,0.021266815005974084]","[[0.3677752498123381,0.31284194878405996],[0.0235323469016563,0.01900128312408924]]","[[0.3677752498123381,0.3128419487564652],[0.0235323469016563,0.019001283103393184]]","[[0.6047449585464265,0.5575139937577425],[0.1528200930605332,0.13745437689401485]]","[[1.0,1.0],[1.0,1.0]]","[[3.943221335499375,2.334070274564955],[1.9521301684556185,1.577635775230549]]","[1.0,1.0]","[3.616265349476426,1.8126192481429488]","[0.0006854531191358412,0.00035697647111158367]","[0.32326749662558235,0.022573533681807693]","[0.3232674973982352,0.022573533681807693]","[[0.34968172709147133,0.29685326604931445],[0.02547245617542002,0.019674611326169083]]","[[0.34968172709147133,0.2968532661596934],[0.02547245617542002,0.019674611326169083]]","[[0.5901799290268509,0.5435621828944595],[0.1594737657794246,0.14015516903665332]]","[[1.0,1.0],[1.0,1.0]]","[[3.9276677820417616,2.3172640023408113],[1.9805069614339759,1.650538151352494]]","[1.0,1.0]","[3.6119158267974854,1.8676281390366731]","[null,null]"
residual_simvq_k4-2_d2-2_rate047-20260723-121543,25,0.03302741,0.11963854,0.15266595,0.02887039,0.12485296,21.46014765,0.87034063,0.02749981,0,Phase2-退火(7%),0.000000,0.00000000,,4608,0.0703125000,0.0468750000,5e-05,"[0.3404756574443093,0.02191431405091727]","[0.3404756576374725,0.02191431404746793]","[[0.36783606950883513,0.31311524612484154],[0.02425346271376367,0.019575165307011318]]","[[0.36783606950883513,0.3131152463455995],[0.02425346271376367,0.019575165301837304]]","[[0.6049780164051939,0.5579487459527122],[0.1551603435366242,0.13951143701043395]]","[[1.0,1.0],[1.0,1.0]]","[[3.937664356938115,2.327459435109739],[1.9518016658447408,1.5793841567304399]]","[1.0,1.0]","[3.6173478444417317,1.8129291812578836]","[0.0006800971061306039,0.00035551093888325675]","[0.35367853398676274,0.023716007793943086]","[0.3536785337660048,0.02371600782153783]","[[0.3821711560090383,0.3251859101984236],[0.02589666117672567,0.02153535445255262]]","[[0.3821711560090383,0.3251859097569077],[0.02589666117672567,0.021535354507742105]]","[[0.6171361265359101,0.5690752740259524],[0.16068341886555706,0.1465090400642819]]","[[1.0,1.0],[1.0,1.0]]","[[3.931376179942378,2.327242847725197],[1.8898845893365366,1.4901517179277208]]","[1.0,1.0]","[3.6148462030622692,1.7259039719899496]","[null,null]"
residual_simvq_k4-2_d2-2_rate047-20260723-121543,26,0.03251232,0.12038353,0.15289585,0.02828837,0.11534643,21.53569876,0.87383697,0.02749981,0,Phase2-退火(8%),0.000000,0.00000000,,4608,0.0703125000,0.0468750000,5e-05,"[0.3447232490060506,0.021132540040545992]","[0.3447232489508611,0.02113254004572001]","[[0.37212137281894686,0.31732512447569106],[0.02340741594735947,0.018857664190646675]]","[[0.37212137281894686,0.31732512414455416],[0.02340741594735947,0.018857664176849302]]","[[0.6082690358713821,0.5614787867223775],[0.15196243928814376,0.13644291762676503]]","[[1.0,1.0],[1.0,1.0]]","[[3.936103156319371,2.3237158060073853],[1.9467301565187949,1.5689846959378984]]","[1.0,1.0]","[3.6141150439227068,1.8042989386452568]","[0.0006771762678033189,0.00035020895432993443]","[0.3288065035034109,0.021027173750378467]","[0.3288065035034109,0.021027173750378467]","[[0.35361366934246485,0.3039993370020831],[0.02331494642076669,0.01873940130074819]]","[[0.35361366934246485,0.3039993367813252],[0.02331494642076669,0.018739401286950817]]","[[0.593497093518575,0.55010600288709],[0.15256666717705902,0.13678842551178402]]","[[1.0,1.0],[1.0,1.0]]","[[3.9429237718935366,2.2842179951844392],[1.8883998093781649,1.3650861227953877]]","[1.0,1.0]","[3.6083135004396794,1.6796068942105329]","[null,null]"
residual_simvq_k4-2_d2-2_rate047-20260723-121543,27,0.03248518,0.12043291,0.15291809,0.02767064,0.11151030,21.61751221,0.87824224,0.02749981,0,Phase2-退火(10%),0.000000,0.00000000,,4608,0.0703125000,0.0468750000,5e-05,"[0.3445454556356978,0.021494656763280984]","[0.34454545547012927,0.0214946567805277]","[[0.37165302104420134,0.3174378905583311],[0.02371662302908522,0.019272690488853387]]","[[0.37165302104420134,0.3174378906687101],[0.02371662302908522,0.019272690547492217]]","[[0.6081483275802048,0.5618488503275094],[0.15343420695927407,0.13843711740164846]]","[[1.0,1.0],[1.0,1.0]]","[[3.9388974092624807,2.3152141376777933],[1.9419061835165377,1.5573261693671898]]","[1.0,1.0]","[3.610025716269458,1.7958007759518093]","[0.0006703941639258389,0.0003406300226372507]","[0.3227001729938719,0.017964623558024567]","[0.3227001721108401,0.017964623544227194]","[[0.3490941049876036,0.2963062382406659],[0.019539000438871208,0.016390246642684497]]","[[0.3490941049876036,0.29630623702649717],[0.019539000438871208,0.016390246621988437]]","[[0.5898328383763631,0.5432461475884472],[0.13967020544740888,0.12794130996421532]]","[[1.0,1.0],[1.0,1.0]]","[[3.941856128198129,2.2804687870873344],[1.921066497873377,1.5108548526410703]]","[1.0,1.0]","[3.5893253485361734,1.7591530084609985]","[null,null]"
residual_simvq_k4-2_d2-2_rate047-20260723-121543,28,0.03231182,0.12088243,0.15319424,0.02660447,0.12125490,21.80570174,0.87886989,0.02660447,1,Phase2-退火(12%),0.000000,0.00000000,,4608,0.0703125000,0.0468750000,5e-05,"[0.34452175586311906,0.022461242803062]","[0.34452175600109275,0.022461242815134702]","[[0.37151578306048005,0.3175277302110637],[0.024719786595691132,0.020202698984562797]]","[[0.37151578306048005,0.31752772974195304],[0.024719786595691132,0.020202699001809512]]","[[0.607842535994671,0.5617125199348838],[0.15661012092950166,0.14173741840102055]]","[[1.0,1.0],[1.0,1.0]]","[[3.936100328851629,2.31276434218442],[1.933762667355714,1.5441759211045725]]","[1.0,1.0]","[3.613030258814494,1.7833436917375636]","[0.0006476216853048687,0.00035128326787714655]","[0.34425631165504456,0.02323505987447721]","[0.3442563114342866,0.023235059902071954]","[[0.37271008094151814,0.3158025419270551],[0.02529629642764727,0.02117382333510452]]","[[0.37271008094151814,0.31580254236857097],[0.02529629642764727,0.02117382334890189]]","[[0.609646820139002,0.561051031836757],[0.15893758237361907,0.14544637379822908]]","[[1.0,1.0],[1.0,1.0]]","[[3.9250237924081306,2.318411120661983],[1.9663170646738124,1.7164707669505366]]","[1.0,1.0]","[3.6148576771771466,1.8728252508022167]","[null,null]"
residual_simvq_k4-2_d2-2_rate047-20260723-121543,29,0.03203035,0.12244970,0.15448005,0.02668017,0.13622717,21.78601697,0.87953703,0.02660447,0,Phase2-退火(13%),0.000000,0.00000000,,4608,0.0703125000,0.0468750000,5e-05,"[0.3502390345765485,0.0222857223737433]","[0.35023903468692746,0.022285722366844615]","[[0.3771436173606802,0.3233344524822853],[0.024599480594473856,0.01997196413576603]]","[[0.3771436173606802,0.3233344527030433],[0.024599480594473856,0.019971964140940043]]","[[0.6125282931107062,0.5669313122828802],[0.15602953262903071,0.14070362204478848]]","[[1.0,1.0],[1.0,1.0]]","[[3.936300136424877,2.3055485160262497],[1.937784195829321,1.551330828887445]]","[1.0,1.0]","[3.608030702891173,1.7895649943086835]","[0.0006571419246029109,0.0003426111989230978]","[0.4017199851848461,0.01832515787747171]","[0.4017199849640882,0.018325157863674342]","[[0.43165041031660856,0.3717895569624724],[0.019618857155243554,0.017031458454827467]]","[[0.43165041031660856,0.37178955607944064],[0.019618857155243554,0.017031458496219582]]","[[0.6554661335768524,0.6080343705636484],[0.13992424000192571,0.1303907620134177]]","[[1.0,1.0],[1.0,1.0]]","[[3.928195004993015,2.317863432566325],[1.9311432352772466,1.4590765988385235]]","[1.0,1.0]","[3.6082903031949645,1.7504825874611183]","[null,null]"
residual_simvq_k4-2_d2-2_rate047-20260723-121543,30,0.03203169,0.12205594,0.15408763,0.02864184,0.12166929,21.47380600,0.87463468,0.02660447,0,Phase2-退火(15%),0.000000,0.00000000,,4608,0.0703125000,0.0468750000,5e-05,"[0.3506633513779552,0.02157602637350835]","[0.3506633515711184,0.021576026356261636]","[[0.37747554613484274,0.3238511568418256],[0.023796985755433087,0.019355066955365516]]","[[0.37747554613484274,0.3238511569522045],[0.023796985755433087,0.019355066958814858]]","[[0.6126025632575706,0.5671938874103405],[0.15356611670167358,0.13860977490743]]","[[1.0,1.0],[1.0,1.0]]","[[3.9373161020102323,2.304711682708175],[1.9296627472948145,1.544716771002169]]","[1.0,1.0]","[3.606017090656139,1.780366137734166]","[0.0006541923315294466,0.0003412395117468097]","[0.35295008222262064,0.0196711668399749]","[0.35295008178110476,0.019671166826177526]","[[0.3805084656786036,0.32539169611754243],[0.021002016340692837,0.0183403172219793]]","[[0.3805084656786036,0.32539169611754243],[0.021002016340692837,0.01834031719438456]]","[[0.6155744839597631,0.5690153503859484],[0.1448067565759023,0.13534825024781405]]","[[1.0,1.0],[1.0,1.0]]","[[3.937449497646756,2.2983369791949237],[1.937588553075437,1.4932107007061994]]","[1.0,1.0]","[3.598198918943052,1.7681318115305018]","[null,null]"
residual_simvq_k4-2_d2-2_rate047-20260723-121543,31,0.03156497,0.12189015,0.15345512,0.02723344,0.11385600,21.70065593,0.87839280,0.02660447,0,Phase2-退火(17%),0.000000,0.00000000,,4608,0.0703125000,0.0468750000,5e-05,"[0.3507870987609581,0.021415302150503353]","[0.3507870983470369,0.021415302178098096]","[[0.377634547871572,0.32393964882250187],[0.023528113619734843,0.01930249062953172]]","[[0.377634547871572,0.32393964887769133],[0.023528113619734843,0.019302490670923832]]","[[0.6129719411885297,0.5675273378138189],[0.1527020675164682,0.1383969565094621]]","[[1.0,1.0],[1.0,1.0]]","[[3.9353298509562458,2.3058073586887784],[1.9251939493196981,1.520199920513012]]","[1.0,1.0]","[3.611718697901125,1.7672158744600084]","[0.0006585072996569107,0.00033213224519217707]","[0.33191523562978814,0.017685796161768613]","[0.33191523562978814,0.017685796175565986]","[[0.35674094447383176,0.30708952645460763],[0.019489459251915968,0.015882132850863314]]","[[0.35674094447383176,0.30708952645460763],[0.019489459251915968,0.015882132809471202]]","[[0.5961843256597166,0.5529872953891755],[0.13941177792019313,0.12586333917246925]]","[[1.0,1.0],[1.0,1.0]]","[[3.9180591336003054,2.2918094334778965],[1.9484248214297823,1.5588378676661738]]","[1.0,1.0]","[3.6143566502465143,1.8011324299706353]","[null,null]"
residual_simvq_k4-2_d2-2_rate047-20260723-121543,32,0.03136498,0.12256644,0.15393142,0.02707106,0.12164985,21.78676106,0.88141157,0.02660447,0,Phase2-退火(18%),0.000000,0.00000000,,4608,0.0703125000,0.0468750000,5e-05,"[0.3537849228139277,0.02115284489398753]","[0.3537849232554436,0.021152844888813516]","[[0.38059903333584466,0.3269708128163108],[0.02327293061685783,0.019032759160769207]]","[[0.38059903333584466,0.3269708127335266],[0.02327293061685783,0.01903275916249388]]","[[0.6153208921353023,0.570117749273777],[0.15164958449701468,0.1372458690708434]]","[[1.0,1.0],[1.0,1.0]]","[[3.933252498397121,2.2990846863499392],[1.9186237101201657,1.5172442188969364]]","[1.0,1.0]","[3.6044423474205867,1.7604757827741129]","[0.0006610106612141761,0.0003498005590598849]","[0.3542558087242974,0.01927909957313979]","[0.35425580784126565,0.019279099600734532]","[[0.38107020810798364,0.3274414086783374],[0.02122933574848705,0.017328863363299106]]","[[0.38107020810798364,0.32744140713303177],[0.02122933574848705,0.017328863397792535]]","[[0.6163752988532737,0.5712328866676047],[0.14555390686900527,0.13152451040568175]]","[[1.0,1.0],[1.0,1.0]]","[[3.930022727118598,2.3295547873885543],[1.9064234521653918,1.4900833800986961]]","[1.0,1.0]","[3.6255269474453398,1.7392996470133464]","[null,null]"
residual_simvq_k4-2_d2-2_rate047-20260723-121543,33,0.03089386,0.12120247,0.15209633,0.02634637,0.12274847,21.83297909,0.88029521,0.02634637,1,Phase2-退火(20%),0.000000,0.00000000,,4608,0.0703125000,0.0468750000,5e-05,"[0.35178375575277543,0.020035641298939786]","[0.35178375525607003,0.02003564129376577]","[[0.3783184369405111,0.3252490744546608],[0.02205104389814315,0.01802023872388182]]","[[0.3783184369405111,0.3252490738475764],[0.02205104389814315,0.018020238708359775]]","[[0.6136076671105845,0.5687673262975834],[0.14793012883100246,0.13384068557233722]]","[[1.0,1.0],[1.0,1.0]]","[[3.9346278848471465,2.294055438041687],[1.9120441268991542,1.4934123959806231]]","[1.0,1.0]","[3.6032358831829496,1.7465758067590218]","[0.0006456069929063906,0.0002886706167474687]","[0.35798464439533373,0.01933914344343874]","[0.3579846450576076,0.019339143457236113]","[[0.3855193215387839,0.3304499665896098],[0.02093387218537154,0.01774441464631646]]","[[0.3855193215387839,0.3304499676933995],[0.02093387218537154,0.0177444146739112]]","[[0.6198382836801034,0.5736949465892933],[0.14448682224309004,0.13306187551330637]]","[[1.0,1.0],[1.0,1.0]]","[[3.922387144300673,2.2984401755862764],[1.9390554993240923,1.4807492326807092]]","[1.0,1.0]","[3.6238348731288204,1.765222293359262]","[null,null]"
residual_simvq_k4-2_d2-2_rate047-20260723-121543,34,0.03078798,0.12185029,0.15263827,0.03322580,0.12086841,20.87962796,0.87182012,0.02634637,0,Phase2-退火(22%),0.000000,0.00000000,,4608,0.0703125000,0.0468750000,5e-05,"[0.3534440384418876,0.020454324690487097]","[0.3534440382211297,0.020454324699110456]","[[0.37993063816317807,0.3269574388033814],[0.022538757269029264,0.018369892103321576]]","[[0.37993063816317807,0.3269574387481919],[0.022538757269029264,0.018369892094698217]]","[[0.6148425573552097,0.5701833072635862],[0.14936424927027137,0.134980644216692]]","[[1.0,1.0],[1.0,1.0]]","[[3.9319743191754375,2.2915828930007085],[1.919719589639593,1.5067581920712083]]","[1.0,1.0]","[3.6041266096962823,1.758057435574355]","[0.0006469609021830062,0.0003362695355193595]","[0.3318363121262303,0.03080893645959872]","[0.3318363127885041,0.030808936445801346]","[[0.35748841166496276,0.3061842115940871],[0.03601787632538213,0.02559999649723371]]","[[0.35748841166496276,0.30618421336015067],[0.03601787632538213,0.025599996469638966]]","[[0.5970030899401064,0.5523776193459828],[0.18960422752080142,0.15985995045414678]]","[[1.0,1.0],[1.0,1.0]]","[[3.921794792457863,2.2938896744339554],[1.960434255776582,1.7409273050449512]]","[1.0,1.0]","[3.605734290017022,1.8752664557209722]","[null,null]"
residual_simvq_k4-2_d2-2_rate047-20260723-121543,35,0.03082842,0.12289463,0.15372304,0.02776954,0.11580751,21.60367221,0.87273197,0.02634637,0,Phase2-退火(23%),0.000000,0.00000000,,4608,0.0703125000,0.0468750000,5e-05,"[0.3561673348148664,0.02099743944213346]","[0.35616733453891897,0.020997439459380176]","[[0.38258347737568393,0.3297511912330433],[0.023127308731070825,0.018867570116978]]","[[0.38258347737568393,0.3297511914538013],[0.023127308731070825,0.01886757015147143]]","[[0.6168802423609627,0.572506059926969],[0.15110356810468215,0.136630152621203]]","[[1.0,1.0],[1.0,1.0]]","[[3.9347179505560135,2.2883463479854442],[1.9183193838154828,1.5109608879795782]]","[1.0,1.0]","[3.6041622281074526,1.7581488501142573]","[0.0006502143728236358,0.00032762896617323685]","[0.33496368836473533,0.020162459131744172]","[0.3349636882543564,0.020162459145541545]","[[0.3601279333785728,0.3097994433508979],[0.021641668842898476,0.018683249268818786]]","[[0.3601279333785728,0.3097994433508979],[0.021641668842898476,0.018683249310210898]]","[[0.5986478196250068,0.5549837933646308],[0.1469989851669029,0.1365990663016284]]","[[1.0,1.0],[1.0,1.0]]","[[3.920413112640381,2.2759063985612658],[1.9061894204881455,1.517844225742199]]","[1.0,1.0]","[3.6092196446877938,1.7490442664534958]","[null,null]"
residual_simvq_k4-2_d2-2_rate047-20260723-121543,36,0.03098041,0.12155484,0.15253525,0.02599699,0.11469636,21.89167559,0.88009301,0.02599699,1,Phase2-退火(25%),0.000000,0.00000000,,4608,0.0703125000,0.0468750000,5e-05,"[0.3519937420608821,0.02113242385633014]","[0.35199374178493464,0.02113242384770678]","[[0.37829530934492744,0.3256921754391105],[0.02315319928823522,0.019111648370960244]]","[[0.37829530934492744,0.32569217527354205],[0.02315319928823522,0.019111648372684916]]","[[0.613501465982861,0.5690467641861351],[0.15136159993708134,0.13764681811961862]]","[[1.0,1.0],[1.0,1.0]]","[[3.9318310375566834,2.286146851822182],[1.8979827673346907,1.4814691086610159]]","[1.0,1.0]","[3.6022557240945323,1.7306215325991312]","[0.0006597645299431557,0.00031758393609682877]","[0.3314707018710949,0.02031865016453796]","[0.33147070165033693,0.020318650123145845]","[[0.35652777353922527,0.30641362876803785],[0.022264433859123123,0.01837286640096594]]","[[0.35652777353922527,0.306413628216143],[0.022264433859123123,0.018372866359573824]]","[[0.5958599744019685,0.5522025494663804],[0.1490812888851872,0.1354625755989993]]","[[1.0,1.0],[1.0,1.0]]","[[3.927058954592104,2.2673136870066326],[1.91244950471101,1.4786187489827474]]","[1.0,1.0]","[3.588730658425225,1.7401379956139458]","[null,null]"
residual_simvq_k4-2_d2-2_rate047-20260723-121543,37,0.03048253,0.12201709,0.15249962,0.02700288,0.10941785,21.71877119,0.87564953,0.02599699,0,Phase2-退火(27%),0.000000,0.00000000,,4608,0.0703125000,0.0468750000,5e-05,"[0.35500873859833787,0.02044959259564402]","[0.3550087386535274,0.02044959257322329]","[[0.38118261107140117,0.32883486695311687],[0.022492751046256334,0.018406434048450104]]","[[0.38118261107140117,0.32883486667716944],[0.022492751046256334,0.018406434029478717]]","[[0.6158700637243412,0.5718216323190265],[0.14937069860321503,0.13525425221908977]]","[[1.0,1.0],[1.0,1.0]]","[[3.929104932590767,2.279739453615966],[1.902661262176655,1.4796578842180748]]","[1.0,1.0]","[3.6005850928801078,1.7333478728930156]","[0.0006484969502370977,0.0003026703998936379]","[0.31606812488149716,0.019655184378778494]","[0.31606812510225507,0.01965518436498112]","[[0.33998683249508893,0.2921494155018418],[0.021253462784268238,0.01805690578012555]]","[[0.33998683249508893,0.2921494159433577],[0.021253462784268238,0.01805690571113869]]","[[0.5817884167035421,0.5390822717437038],[0.14565791189670563,0.13429308125266323]]","[[1.0,1.0],[1.0,1.0]]","[[3.9270134890521016,2.2645067497535987],[1.93866947138751,1.5967767635981243]]","[1.0,1.0]","[3.6148492371594463,1.804988193511963]","[null,null]"
residual_simvq_k4-2_d2-2_rate047-20260723-121543,38,0.03029543,0.12226168,0.15255711,0.02618451,0.12237722,21.88178832,0.88309986,0.02599699,0,Phase2-退火(28%),0.000000,0.00000000,,4608,0.0703125000,0.0468750000,5e-05,"[0.3556814198140745,0.020712206148783916]","[0.3556814199796429,0.020712206155682603]","[[0.3820720447158372,0.3292907964576174],[0.022600879680572283,0.01882353260319818]]","[[0.3820720447158372,0.32929079700951225],[0.022600879680572283,0.018823532613546207]]","[[0.6165354232545253,0.5721604629247277],[0.14956948548831323,0.13657625423813308]]","[[1.0,1.0],[1.0,1.0]]","[[3.928167004496963,2.282931042159045],[1.8886414150396982,1.4406641273586838]]","[1.0,1.0]","[3.6074785656399198,1.7078218994317231]","[0.0006384587205873147,0.00029816031786106544]","[0.3620029603993451,0.01724512573607542]","[0.3620029599578292,0.017245125694683304]","[[0.387655602561103,0.3363503165819027],[0.01880989835632068,0.015680353108931473]]","[[0.387655602561103,0.33635031636114476],[0.01880989835632068,0.01568035306064067]]","[[0.6214879539277819,0.5787404552653984],[0.13695976105001237,0.12506517867247263]]","[[1.0,1.0],[1.0,1.0]]","[[3.9160003891697635,2.2844094965193005],[1.9268436749776205,1.4328155703014798]]","[1.0,1.0]","[3.6111966239081488,1.7371095560215137]","[null,null]"
residual_simvq_k4-2_d2-2_rate047-20260723-121543,39,0.03040437,0.12322782,0.15363219,0.02588294,0.12545247,21.91234285,0.87997234,0.02588294,1,Phase2-退火(30%),0.000000,0.00000000,,4608,0.0703125000,0.0468750000,5e-05,"[0.35842426662091853,0.02112044746194173]","[0.35842426634497115,0.02112044746194173]","[[0.3846554952639121,0.3321930377019776],[0.02316349158063531,0.019077403326001434]]","[[0.3846554952639121,0.33219303720527227],[0.02316349158063531,0.01907740335014683]]","[[0.618574994912854,0.5746477992998229],[0.15151863618305436,0.13765167671221273]]","[[1.0,1.0],[1.0,1.0]]","[[3.928913133232682,2.28062064382765],[1.882474300596449,1.4623863244498219]]","[1.0,1.0]","[3.6092669941760875,1.7109528479752718]","[0.0006680503310269193,0.0002984543790430676]","[0.3716601407086408,0.017522209413625575]","[0.3716601409293987,0.01752220942052426]","[[0.39839593635665044,0.34492434528138904],[0.018981474272354887,0.016062944299644895]]","[[0.39839593635665044,0.3449243457229049],[0.018981474272354887,0.016062944299644895]]","[[0.6297189240102414,0.585696573610659],[0.1376135449718546,0.12664974983091706]]","[[1.0,1.0],[1.0,1.0]]","[[3.930100923114353,2.27857862578498],[1.8906703913653338,1.492439525215714]]","[1.0,1.0]","[3.619270767988982,1.727150555010195]","[null,null]"
residual_simvq_k4-2_d2-2_rate047-20260723-121543,40,0.02971148,0.12191440,0.15162588,0.02550195,0.12265967,21.97522563,0.88297994,0.02550195,1,Phase2-退火(32%),0.000000,0.00000000,,4608,0.0703125000,0.0468750000,5e-05,"[0.35648046450482473,0.0199874943708656]","[0.3564804638977404,0.01998749435706823]","[[0.38263768448873803,0.3303232444381272],[0.021853921552085213,0.018121067134456503]]","[[0.38263768448873803,0.3303232440242061],[0.021853921552085213,0.018121067112035774]]","[[0.6169237196445465,0.5730096549347595],[0.14717644744173244,0.13415910753386992]]","[[1.0,1.0],[1.0,1.0]]","[[3.927343554849978,2.2768498442791127],[1.8776830163266924,1.4479056349507085]]","[1.0,1.0]","[3.605413708863435,1.7020986097830313]","[0.0006335748222665172,0.0002799140559916311]","[0.3565157916810777,0.021383252215606195]","[0.35651579212259366,0.021383252284593052]","[[0.38262674278683134,0.3304048399130503],[0.02355540759033627,0.01921109686847086]]","[[0.38262674278683134,0.33040484101684003],[0.02355540759033627,0.01921109693745772]]","[[0.6174285142510025,0.573555995799877],[0.15333307264027773,0.13849365104127814]]","[[1.0,1.0],[1.0,1.0]]","[[3.925997163631298,2.290728563732571],[1.9195242140028212,1.5023069072652746]]","[1.0,1.0]","[3.5901627363982023,1.7545236896585534]","[null,null]"
residual_simvq_k4-2_d2-2_rate047-20260723-121543,41,0.02924464,0.12158458,0.15082922,0.02455957,0.13125584,22.13462163,0.88513449,0.02455957,1,Phase2-退火(33%),0.000000,0.00000000,,4608,0.0703125000,0.0468750000,5e-05,"[0.35693683064094295,0.019280295218858455]","[0.3569368308065114,0.019280295220583124]","[[0.3829957037060349,0.3308779577138247],[0.021172651786495137,0.017387938611554327]]","[[0.3829957037060349,0.3308779579621774],[0.021172651786495137,0.01738793861672834]]","[[0.6174918439653184,0.5737630365071473],[0.1446730902625455,0.13117105622810346]]","[[1.0,1.0],[1.0,1.0]]","[[3.921563925124981,2.2723123391469318],[1.8966436878398614,1.4622715424608301]]","[1.0,1.0]","[3.5993944940743625,1.7223915298779806]","[0.0006045789993583674,0.00026682818790706934]","[0.392768551685192,0.01635008181824728]","[0.39276855102291813,0.016350081832044654]","[[0.420818246293951,0.36471885597264325],[0.01811966400731493,0.014580499373928264]]","[[0.420818246293951,0.3647188555311274],[0.01811966400731493,0.014580499394624321]]","[[0.6473357465532091,0.6024105177985297],[0.1344604050119718,0.1206460855073399]]","[[1.0,1.0],[1.0,1.0]]","[[3.907837313192862,2.28566424758346],[1.936083279715644,1.5305438924718786]]","[1.0,1.0]","[3.605112248879892,1.7793791603159022]","[null,null]"
residual_simvq_k4-2_d2-2_rate047-20260723-121543,42,0.02905370,0.12139747,0.15045117,0.02703845,0.12290287,21.74028606,0.88211218,0.02455957,0,Phase2-退火(35%),0.000000,0.00000000,,4608,0.0703125000,0.0468750000,5e-05,"[0.35729422199505345,0.01889557432452286]","[0.3572942218846745,0.0188955742917541]","[[0.3832811247971323,0.33130731905500094],[0.020764203881844877,0.017026944717185365]]","[[0.3832811247971323,0.3313073186962693],[0.020764203881844877,0.017026944668894563]]","[[0.6176354279120763,0.5740747860736317],[0.1434301970043668,0.13002787382790335]]","[[1.0,1.0],[1.0,1.0]]","[[3.9245570800922533,2.271101164376294],[1.892758070539545,1.4610406824836024]]","[1.0,1.0]","[3.603571160634359,1.7188157796859742]","[0.0006228475140772019,0.0002688886103560098]","[0.3587767872545454,0.020916606637614743]","[0.35877678835833515,0.02091660659622263]","[[0.38299360473950705,0.3345599683346572],[0.023619386181235314,0.01821382705260206]]","[[0.38299360473950705,0.334559968996931],[0.023619386181235314,0.018213826983615206]]","[[0.6175543758604262,0.5769940424848485],[0.15350096578951236,0.13480523592895932]]","[[1.0,1.0],[1.0,1.0]]","[[3.907558340496487,2.2669900364345974],[1.935377253426446,1.5527194932655053]]","[1.0,1.0]","[3.621685646198414,1.786646882692973]","[null,null]"
residual_simvq_k4-2_d2-2_rate047-20260723-121543,43,0.02925762,0.12188350,0.15114113,0.02728023,0.13024527,21.72610310,0.88359416,0.02455957,0,Phase2-退火(37%),0.000000,0.00000000,,4608,0.0703125000,0.0468750000,5e-05,"[0.35933514888639806,0.01879105645024942]","[0.3593351489415875,0.01879105643990139]","[[0.3852841317101761,0.33338616493123546],[0.020641612597844666,0.01694050028713213]]","[[0.3852841317101761,0.3333861652071829],[0.020641612597844666,0.016940500278508772]]","[[0.6193619164051833,0.5759832543355448],[0.14316407145449409,0.12980821063673054]]","[[1.0,1.0],[1.0,1.0]]","[[3.9174280758257267,2.2702988262529726],[1.891676782237159,1.4662871190795193]]","[1.0,1.0]","[3.6047300268102576,1.7197645288926584]","[0.000599088386365178,0.0002496843593959326]","[0.3855938074765382,0.019096563245963167]","[0.3855938063727485,0.019096563190773682]","[[0.4134388206181703,0.35774879455566405],[0.020579295770989523,0.01761383072093681]]","[[0.4134388206181703,0.35774879278960053],[0.020579295770989523,0.017613830665747326]]","[[0.6420844532825328,0.5971621738539802],[0.1433436576966886,0.132659526500437]]","[[1.0,1.0],[1.0,1.0]]","[[3.90623964910154,2.2890398661295572],[1.8734464671876696,1.5232903904385038]]","[1.0,1.0]","[3.620135685249611,1.7259282809716683]","[null,null]"
residual_simvq_k4-2_d2-2_rate047-20260723-121543,44,0.02906168,0.12248065,0.15154233,0.02474491,0.12687286,22.10994585,0.88550406,0.02455957,0,Phase2-退火(38%),0.000000,0.00000000,,4608,0.0703125000,0.0468750000,5e-05,"[0.36170045600997075,0.018703685017923515]","[0.3617004558995918,0.01870368500412614]","[[0.38755383557743495,0.3358470762769381],[0.020711338780475437,0.01669603118983408]]","[[0.38755383557743495,0.3358470760561802],[0.020711338780475437,0.016696031176036706]]","[[0.6214178261933503,0.5783512086779983],[0.1433975812461641,0.12885536628740804]]","[[1.0,1.0],[1.0,1.0]]","[[3.912750501985903,2.268429517304456],[1.9148697241588875,1.4940229731577415]]","[1.0,1.0]","[3.6024921549691094,1.749216518799464]","[0.000605499467767206,0.00023314430631958034]","[0.37673599940759167,0.018097215877087028]","[0.3767359996283496,0.018097215863289655]","[[0.40387252900335524,0.3495994691495542],[0.020292526890558226,0.015901904760135546]]","[[0.40387252900335524,0.3495994695910701],[0.020292526890558226,0.015901904760135546]]","[[0.6345762173334758,0.5902802524743257],[0.14231156596431024,0.12602267265319825]]","[[1.0,1.0],[1.0,1.0]]","[[3.898372590100324,2.2737220640535707],[1.9577976050200285,1.516472042048419]]","[1.0,1.0]","[3.6000248908996584,1.7966134707132975]","[null,null]"
residual_simvq_k4-2_d2-2_rate047-20260723-121543,45,0.02872174,0.12401804,0.15273979,0.02519781,0.13790951,22.03944551,0.88604804,0.02455957,0,Phase2-退火(40%),0.000000,0.00000000,,4608,0.0703125000,0.0468750000,5e-05,"[0.3662945861617724,0.01910197030649417]","[0.36629458594101444,0.01910197030994351]","[[0.3918592909971873,0.3407298801673783],[0.021128806697756602,0.017075134010088665]]","[[0.3918592909971873,0.34072988033294677],[0.021128806697756602,0.017075134013538006]]","[[0.6247512609870346,0.5824234899547365],[0.14455303720853946,0.1300685313426786]]","[[1.0,1.0],[1.0,1.0]]","[[3.9082136856185064,2.269537643591563],[1.914735847932321,1.4879644744926028]]","[1.0,1.0]","[3.606109348491386,1.747370622113899]","[0.0006183649515151046,0.00025397238477361736]","[0.41660608097358987,0.01544021187281167]","[0.416606080311316,0.015440211845216928]","[[0.4442582176791297,0.38895394206047057],[0.01733729812420077,0.013543125586929146]]","[[0.4442582176791297,0.3889539413981967],[0.01733729812420077,0.013543125552435717]]","[[0.6654927677578396,0.622561984150498],[0.13155277255508635,0.11630800471261696]]","[[1.0,1.0],[1.0,1.0]]","[[3.891970991205286,2.305788580576579],[1.91938478063654,1.4513466093275282]]","[1.0,1.0]","[3.6204919744420936,1.7367721495804964]","[null,null]"
residual_simvq_k4-2_d2-2_rate047-20260723-121543,46,0.02820487,0.12744557,0.15565045,0.02482282,0.14304782,22.10577769,0.88658211,0.02455957,0,Phase2-退火(42%),0.000000,0.00000000,,4608,0.0703125000,0.0468750000,5e-05,"[0.3804746084191181,0.01727445479999814]","[0.38047460858468657,0.01727445479999814]","[[0.40617950950507764,0.354769707609106],[0.01913904413166973,0.015409865373469613]]","[[0.40617950950507764,0.3547697073607533],[0.01913904413166973,0.01540986537002027]]","[[0.6359239177571403,0.5941708392567104],[0.1379117945002185,0.12385671990061248]]","[[1.0,1.0],[1.0,1.0]]","[[3.909305320404194,2.275023055518115],[1.8931716784282966,1.4657878310592085]]","[1.0,1.0]","[3.6095816872738027,1.7205357171871043]","[0.0006108579966368981,0.00021541310239559539]","[0.43205763344411496,0.016228658354116812]","[0.43205763322335705,0.016228658347218126]","[[0.4584579383885419,0.40565733048650954],[0.017487406509893912,0.014969910156947595]]","[[0.4584579383885419,0.4056573296034778],[0.017487406509893912,0.014969910177643653]]","[[0.6761570387416416,0.6359319298355668],[0.13208911452028488,0.12225465730384544]]","[[1.0,1.0],[1.0,1.0]]","[[3.9009046060067636,2.2895228721477365],[1.8846445039466575,1.4248181987691808]]","[1.0,1.0]","[3.6274142229998554,1.697768767674764]","[null,null]"
residual_simvq_k4-2_d2-2_rate047-20260723-121543,47,0.02836634,0.13096696,0.15933330,0.02479411,0.14270891,22.09783353,0.88648107,0.02455957,0,Phase2-退火(43%),0.000000,0.00000000,,4608,0.0703125000,0.0468750000,5e-05,"[0.39039292164422845,0.01832001947073473]","[0.39039292147866,0.018320019465560715]","[[0.4159885477136683,0.3647972945261885],[0.02016488384041521,0.016475154949283158]]","[[0.4159885477136683,0.36479729463656746],[0.02016488384041521,0.016475154944109144]]","[[0.6436890202539939,0.6026506253966579],[0.14131451434007397,0.127810367445151]]","[[1.0,1.0],[1.0,1.0]]","[[3.908523514535692,2.2803762572783013],[1.8841888083351983,1.4538827666529903]]","[1.0,1.0]","[3.6159158852365283,1.7090308520529005]","[0.000641147581552138,0.00023839430083104094]","[0.4295027889587261,0.017339823353621695]","[0.42950279028327376,0.01733982337431775]","[[0.4569407116483759,0.40206486472377073],[0.019211327256979764,0.01546831937437808]]","[[0.4569407116483759,0.40206486781438194],[0.019211327256979764,0.015468319401972824]]","[[0.6749074772552207,0.6329644393037867],[0.13848595597125865,0.12428690012958314]]","[[1.0,1.0],[1.0,1.0]]","[[3.9081785255008272,2.298366555461177],[1.9051519491054394,1.4680620952888772]]","[1.0,1.0]","[3.628042938091137,1.7301632263042308]","[null,null]"
residual_simvq_k4-2_d2-2_rate047-20260723-121543,48,0.02830113,0.13412216,0.16242330,0.02681971,0.18534649,21.77099999,0.88330894,0.02455957,0,Phase2-退火(45%),0.000000,0.00000000,,4608,0.0703125000,0.0468750000,5e-05,"[0.4018607396218512,0.017632379713985655]","[0.4018607393459038,0.017632379700188282]","[[0.42734797486552484,0.3763735035503352],[0.019523979618248564,0.015740779763156618]]","[[0.42734797486552484,0.3763735032743878],[0.019523979618248564,0.01574077976660596]]","[[0.6523891299962997,0.6121239263702322],[0.13926801318647686,0.12514455019047968]]","[[1.0,1.0],[1.0,1.0]]","[[3.9018287067060116,2.2881837301784094],[1.891819147931205,1.4766643168749634]]","[1.0,1.0]","[3.6183900784563137,1.7236008339458042]","[0.0006634814008807384,0.00021165034260977537]","[0.5638529161612192,0.018874745001947437]","[0.5638529157197034,0.01887474502954218]","[[0.5958403609417103,0.531865472043002],[0.021539048919523202,0.016210440994688758]]","[[0.5958403609417103,0.5318654716014862],[0.021539048919523202,0.016210441029182187]]","[[0.7696066114637586,0.7267490669533059],[0.14652866754266952,0.12713055467164075]]","[[1.0,1.0],[1.0,1.0]]","[[3.89727867797569,2.3356817263144034],[1.9016896124239322,1.5195454977176808]]","[1.0,1.0]","[3.654005534560592,1.7460967673195733]","[null,null]"
residual_simvq_k4-2_d2-2_rate047-20260723-121543,49,0.02853211,0.13823843,0.16677054,0.02500297,0.14894491,22.07308381,0.88759069,0.02455957,0,Phase2-退火(47%),0.000000,0.00000000,,4608,0.0703125000,0.0468750000,5e-05,"[0.41491812268892925,0.017898820837338767]","[0.4149181221370344,0.017898820833889422]","[[0.4406502486379058,0.38918599596729986],[0.019816500093373986,0.015981141505418]]","[[0.4406502486379058,0.389185995525784],[0.019816500093373986,0.015981141498519313]]","[[0.6623164973877095,0.6223000093742653],[0.1401791704059751,0.12602320930196179]]","[[1.0,1.0],[1.0,1.0]]","[[3.8947162508964537,2.2889564704011987],[1.8820782511322587,1.4559315712363632]]","[1.0,1.0]","[3.6226467388647574,1.708476558438054]","[0.0006955040639257748,0.00022720073410272123]","[0.45499201350741914,0.014107625607263159]","[0.45499201394893507,0.014107625600364474]","[[0.4833358841913718,0.42664813929133943],[0.015552871494933411,0.01266237969889685]]","[[0.4833358841913718,0.42664814017437125],[0.015552871494933411,0.012662379678200792]]","[[0.6941437637364423,0.6520256011574357],[0.1246188763667036,0.1124660187849292]]","[[1.0,1.0],[1.0,1.0]]","[[3.8846641929061323,2.2998286406199138],[1.8548788529855234,1.3326528434400204]]","[1.0,1.0]","[3.6367053067242656,1.6407824083610818]","[null,null]"
residual_simvq_k4-2_d2-2_rate047-20260723-121543,50,0.02820592,0.13991471,0.16812063,0.02689348,0.16024051,21.75358968,0.88224535,0.02455957,0,Phase2-退火(48%),0.000000,0.00000000,,4608,0.0703125000,0.0468750000,5e-05,"[0.42001470067986735,0.01827188619343495]","[0.4200147005142989,0.018271886157216848]","[[0.4454738413846051,0.3945555599199401],[0.020261079378219114,0.016282692889648454]]","[[0.4454738413846051,0.3945555595336137],[0.020261079378219114,0.01628269287067707]]","[[0.6658515060389484,0.6264568251592142],[0.14180910744600825,0.12723568739990393]]","[[1.0,1.0],[1.0,1.0]]","[[3.8951950351397198,2.296417667689147],[1.8958693334349879,1.4597869252717053]]","[1.0,1.0]","[3.6267718275388083,1.7206013809751581]","[0.0006660160381957044,0.00021340870414995286]","[0.4833059008474703,0.019426636156384593]","[0.4833059008474703,0.019426636156384593]","[[0.5110645018242024,0.45554730318210745],[0.02142661600201218,0.01742665615208723]]","[[0.5110645018242024,0.45554730229907564],[0.02142661600201218,0.017426656124492488]]","[[0.7136620415581597,0.6736251411614594],[0.14618244402938418,0.13185059036369676]]","[[1.0,1.0],[1.0,1.0]]","[[3.871030579672919,2.3333227298877857],[1.8972426970799765,1.4173439034709223]]","[1.0,1.0]","[3.6453712251451282,1.7052659043559322]","[null,null]"
residual_simvq_k4-2_d2-2_rate047-20260723-121543,51,0.02803900,0.14339926,0.17143826,0.02495491,0.15216357,22.07045153,0.88433392,0.02455957,0,Phase2-退火(50%),0.000000,0.00000000,,4608,0.0703125000,0.0468750000,5e-05,"[0.4315758611868929,0.018201184388319098]","[0.4315758615180298,0.018201184379695742]","[[0.4574166861949144,0.4057350362892504],[0.020038700172746622,0.016363668521107346]]","[[0.4574166861949144,0.40573503662038735],[0.020038700172746622,0.016363668533180047]]","[[0.6746602882941564,0.6352361462734364],[0.14079060359961457,0.12737580250810693]]","[[1.0,1.0],[1.0,1.0]]","[[3.8826256372310497,2.3083773665957983],[1.890767017338011,1.4519854157059282]]","[1.0,1.0]","[3.632448061748787,1.7137537962860532]","[0.0006978334703254169,0.000246451736489285]","[0.4566660746380135,0.020171574668751822]","[0.45666607596256115,0.020171574696346565]","[[0.4847468396027883,0.42858530945248074],[0.02250239923596382,0.01784075015672931]]","[[0.4847468396027883,0.4285853116600602],[0.02250239923596382,0.01784075012223588]]","[[0.6950066230915211,0.653334629535675],[0.14967464098223934,0.13329089289462126]]","[[1.0,1.0],[1.0,1.0]]","[[3.861407689695005,2.3283504097550005],[1.926206776830885,1.5218960929799963]]","[1.0,1.0]","[3.6612450529027867,1.7673736678229437]","[null,null]"
residual_simvq_k4-2_d2-2_rate047-20260723-121543,52,0.02738113,0.14436455,0.17174568,0.02432136,0.15038012,22.18581466,0.88549882,0.02432136,1,Phase2-退火(52%),0.000000,0.00000000,,4608,0.0703125000,0.0468750000,5e-05,"[0.43761589896899683,0.01641617811422933]","[0.43761589885861785,0.016416178134925387]","[[0.4630658656358719,0.4121659325228797],[0.018200515514170682,0.014631840650475136]]","[[0.4630658656358719,0.4121659321917428],[0.018200515514170682,0.01463184065737382]]","[[0.679026033922478,0.6404816849364174],[0.13430097868873014,0.12050974413200662]]","[[1.0,1.0],[1.0,1.0]]","[[3.887967563116992,2.3083097546188918],[1.8926406034716854,1.4602696348119666]]","[1.0,1.0]","[3.6319443777755454,1.7185482497568483]","[0.0006464570240630699,0.00018446565177159587]","[0.4549048827754127,0.017738086247333775]","[0.4549048827754127,0.01773808626802983]","[[0.4819313002957238,0.42787846348903796],[0.01932294644691326,0.01615322593047663]]","[[0.4819313002957238,0.4278784630475221],[0.01932294644691326,0.01615322596497006]]","[[0.6933675531987791,0.6532555487420824],[0.13883431487613254,0.12696704649262958]]","[[1.0,1.0],[1.0,1.0]]","[[3.889789346412376,2.3293188360002306],[1.8422843314983226,1.5207549448366517]]","[1.0,1.0]","[3.638635707784582,1.702901495827569]","[null,null]"
residual_simvq_k4-2_d2-2_rate047-20260723-121543,53,0.02751270,0.14643098,0.17394367,0.02416875,0.14740385,22.20654806,0.88669769,0.02416875,1,Phase2-退火(53%),0.000000,0.00000000,,4608,0.0703125000,0.0468750000,5e-05,"[0.4432731799505375,0.017254056386580622]","[0.44327318022648493,0.017254056364159893]","[[0.46878485966611794,0.4177615026632945],[0.019022737443447114,0.015485375307293402]]","[[0.46878485966611794,0.41776150310481036],[0.019022737443447114,0.015485375283148002]]","[[0.6829727476393735,0.6446043129320498],[0.1369918985085355,0.12367704654181445]]","[[1.0,1.0],[1.0,1.0]]","[[3.8776767011041993,2.315335506863064],[1.8655721258234095,1.4301468299494848]]","[1.0,1.0]","[3.644985743805214,1.6862377555282027]","[0.0006814842326868394,0.00021395760736090273]","[0.4473681560269109,0.016584647584844518]","[0.44736815492312115,0.016584647543452406]","[[0.4734101990858714,0.421326106345212],[0.01827021911740303,0.014899075893616234]]","[[0.4734101990858714,0.4213261061244541],[0.01827021911740303,0.014899075859122805]]","[[0.6869927026607372,0.6479969709007828],[0.13502623792047855,0.12199303861017581]]","[[1.0,1.0],[1.0,1.0]]","[[3.8677945949413157,2.3307136994821054],[1.8939022805955674,1.4272626461806122]]","[1.0,1.0]","[3.645786839944345,1.7062211451707063]","[null,null]"
residual_simvq_k4-2_d2-2_rate047-20260723-121543,54,0.02761851,0.14711561,0.17473412,0.02448279,0.13918702,22.14790720,0.88533392,0.02416875,0,Phase2-退火(55%),0.000000,0.00000000,,4608,0.0703125000,0.0468750000,5e-05,"[0.4470777867016969,0.016339426815371823]","[0.44707778697764433,0.01633942678950175]","[[0.47260280853068387,0.42155276360335175],[0.018044346919352257,0.014634506595838401]]","[[0.47260280853068387,0.4215527647071414],[0.018044346919352257,0.014634506587215044]]","[[0.6858310690632573,0.6475789195961422],[0.13360660628036217,0.12034904853337342]]","[[1.0,1.0],[1.0,1.0]]","[[3.8651025661715757,2.313927466781051],[1.8727631449699402,1.424030789843312]]","[1.0,1.0]","[3.6410101034023143,1.6894185860951743]","[0.000702176129238473,0.00020055774632594505]","[0.42244168630352724,0.015832253780078003]","[0.4224416854204955,0.01583225380767275]","[[0.4465293091756326,0.3983540625483901],[0.01744013134804037,0.014224376184520897]]","[[0.4465293091756326,0.39835406056156863],[0.01744013134804037,0.01422437624660907]]","[[0.6674521609588906,0.6303674750857883],[0.13193841129541398,0.11921862661838531]]","[[1.0,1.0],[1.0,1.0]]","[[3.838220430303503,2.29946933499089],[1.930086041379858,1.491671465061329]]","[1.0,1.0]","[3.6357159508599177,1.7604597391905608]","[null,null]"
residual_simvq_k4-2_d2-2_rate047-20260723-121543,55,0.02742889,0.14884390,0.17627278,0.02849469,0.17382422,21.49538331,0.87806185,0.02416875,0,Phase2-退火(57%),0.000000,0.00000000,,4608,0.0703125000,0.0468750000,5e-05,"[0.4519259849080333,0.017005459305450873]","[0.45192598507360177,0.017005459246812044]","[[0.4771293843234027,0.42672258300913707],[0.018813532761608562,0.015197385728566184]]","[[0.4771293843234027,0.42672258306432653],[0.018813532761608562,0.01519738566475334]]","[[0.6893611591171336,0.6518236073078932],[0.1350503844105535,0.12136408761143684]]","[[1.0,1.0],[1.0,1.0]]","[[3.8775932885982374,2.3112837778197393],[1.8654338203094625,1.4445582310358682]]","[1.0,1.0]","[3.6368184204454774,1.6916672655829676]","[0.0006724482984821036,0.00023319850410930316]","[0.525159681947143,0.021682197090100358]","[0.5251596823886588,0.021682197131492473]","[[0.5576824479632907,0.492636912840384],[0.024233590259596153,0.019130803727441362]]","[[0.5576824479632907,0.49263691350265787],[0.024233590259596153,0.019130803768833478]]","[[0.7462209560253003,0.7013075872703834],[0.15550939032325037,0.13819545010725656]]","[[1.0,1.0],[1.0,1.0]]","[[3.87641085518731,2.3100024152685097],[1.833013368535925,1.3745764820664017]]","[1.0,1.0]","[3.6328268475002714,1.6397069171622947]","[null,null]"
residual_simvq_k4-2_d2-2_rate047-20260723-121543,56,0.02759976,0.15030283,0.17790260,0.02390702,0.14907866,22.25330168,0.88850642,0.02390702,1,Phase2-退火(58%),0.000000,0.00000000,,4608,0.0703125000,0.0468750000,5e-05,"[0.45945247262716293,0.015188181027770042]","[0.4594524723512155,0.015188181032944057]","[[0.4848865415211077,0.43401840290537586],[0.016789369117813528,0.013586992892885098]]","[[0.4848865415211077,0.43401840268461794],[0.016789369117813528,0.013586992894609769]]","[[0.6947370739998641,0.6571474708892681],[0.12910700898479532,0.11625602194280536]]","[[1.0,1.0],[1.0,1.0]]","[[3.858572132057614,2.3069900733453257],[1.864573562586749,1.427912050706369]]","[1.0,1.0]","[3.6360482926721924,1.6840835286511315]","[0.0007053658753176462,0.00017534644786657602]","[0.4555351453798789,0.015188170369300577]","[0.45553514582139476,0.015188170369300577]","[[0.4805395956392641,0.4305306931336721],[0.016600247293158815,0.013776093369556798]]","[[0.4805395956392641,0.4305306937959459],[0.016600247293158815,0.013776093362658112]]","[[0.6924305297710277,0.6553576791727984],[0.12868264416853586,0.1172621746857961]]","[[1.0,1.0],[1.0,1.0]]","[[3.850980117585924,2.2962887145854807],[1.8873572111129762,1.473276107399552]]","[1.0,1.0]","[3.6382384211928755,1.717814115241722]","[null,null]"
residual_simvq_k4-2_d2-2_rate047-20260723-121543,57,0.02668698,0.15294013,0.17962711,0.02422571,0.15104935,22.19456084,0.88861841,0.02390702,0,Phase2-退火(60%),0.000000,0.00000000,,4608,0.0703125000,0.0468750000,5e-05,"[0.46679695645968117,0.016151040511343768]","[0.46679695695638657,0.016151040507894423]","[[0.49194163972580873,0.4416522734695011],[0.017861253364632526,0.014440827678751062]]","[[0.49194163972580873,0.44165227352469055],[0.017861253364632526,0.014440827661504348]]","[[0.7001125628197634,0.6632704767915938],[0.1331178214676954,0.11979836202054112]]","[[1.0,1.0],[1.0,1.0]]","[[3.8545574987376177,2.30342447536963],[1.8521100872092777,1.4233082016309102]]","[1.0,1.0]","[3.6412505591357194,1.6733401914437611]","[0.000625601355191234,0.00017338810071628865]","[0.46566875687351933,0.012635123984957183]","[0.46566875643200345,0.012635123991855868]","[[0.4890132890807258,0.442324224224797],[0.013546918401563609,0.011723329595945499]]","[[0.4890132890807258,0.44232422400403903],[0.013546918401563609,0.011723329595945499]]","[[0.6984214001231723,0.6641914394166735],[0.11626640563761746,0.10817884532389817]]","[[1.0,1.0],[1.0,1.0]]","[[3.8509525952515777,2.3016280403843634],[1.8032561090257433,1.3091978443993462]]","[1.0,1.0]","[3.6426516073721427,1.5939327981736926]","[null,null]"
residual_simvq_k4-2_d2-2_rate047-20260723-121543,58,0.02644116,0.15503198,0.18147315,0.02415425,0.14746194,22.21476236,0.88901664,0.02390702,0,Phase2-退火(62%),0.000000,0.00000000,,4608,0.0703125000,0.0468750000,5e-05,"[0.4750648173469084,0.015207854822209035]","[0.47506481718133997,0.015207854817035021]","[[0.5000946755762453,0.4500349592279505],[0.016734633836205357,0.013681075849604827]]","[[0.5000946755762453,0.4500349585104872],[0.016734633836205357,0.013681075847880156]]","[[0.7056660120134001,0.6693072590563033],[0.12847844820331644,0.11617739793879014]]","[[1.0,1.0],[1.0,1.0]]","[[3.8545551821037574,2.29529910352495],[1.8406679994530148,1.4018483766803036]]","[1.0,1.0]","[3.6373230232132805,1.656716756246708]","[0.0006525777392434301,0.0001750491775123077]","[0.4473041671293753,0.01776435791204373]","[0.4473041675708912,0.017764357884448988]","[[0.470896131462521,0.42371220257547165],[0.019396810102517956,0.016131905542203673]]","[[0.470896131462521,0.42371220191319786],[0.019396810102517956,0.01613190554910236]]","[[0.6853577927306846,0.6500663320223491],[0.1390929294957055,0.12686665797675098]]","[[1.0,1.0],[1.0,1.0]]","[[3.8501554754045273,2.2817892463118943],[1.8565445440786856,1.519923076806245]]","[1.0,1.0]","[3.6469637393951415,1.7125649275603119]","[null,null]"
residual_simvq_k4-2_d2-2_rate047-20260723-121543,59,0.02633422,0.15565349,0.18198771,0.02331174,0.16065518,22.36278434,0.89014826,0.02331174,1,Phase2-退火(63%),0.000000,0.00000000,,4608,0.0703125000,0.0468750000,5e-05,"[0.4774256197942628,0.015121122710061845]","[0.4774256200702102,0.015121122729033232]","[[0.5020123901190581,0.45283884908314104],[0.016638476153214773,0.013603769275532276]]","[[0.5020123901190581,0.45283884919352],[0.016638476153214773,0.013603769297953006]]","[[0.7070146229532029,0.6713963753647274],[0.12836802222386554,0.11612328533773068]]","[[1.0,1.0],[1.0,1.0]]","[[3.849206698823858,2.286962306940997],[1.8453434498221786,1.3929117871655359]]","[1.0,1.0]","[3.6339181030238117,1.6569209860430822]","[0.0006449042760693745,0.00015902736738805995]","[0.49262561202049254,0.015710471874033963]","[0.49262561312428227,0.015710471853337907]","[[0.5177352167941905,0.4675160101166478],[0.01730316562095174,0.0141177780236359]]","[[0.5177352167941905,0.4675160116619534],[0.01730316562095174,0.0141177780236359]]","[[0.7186834322081672,0.6828835266607779],[0.131348920751501,0.11865814306117871]]","[[1.0,1.0],[1.0,1.0]]","[[3.8436623432018138,2.2922475814819334],[1.8768696246323762,1.4288989958939728]]","[1.0,1.0]","[3.6263335969712998,1.6930553480430885]","[null,null]"
residual_simvq_k4-2_d2-2_rate047-20260723-121543,60,0.02617778,0.15625320,0.18243098,0.02450599,0.14536256,22.14384945,0.88631812,0.02331174,0,Phase2-退火(65%),0.000000,0.00000000,,4608,0.0703125000,0.0468750000,5e-05,"[0.47987773727487637,0.014912967714998457]","[0.4798777374404448,0.014912967701201086]","[[0.5044649304615126,0.4552905446953244],[0.01649139959158169,0.013334535819443839]]","[[0.5044649304615126,0.45529054441937694],[0.01649139959158169,0.013334535810820482]]","[[0.7088884230013247,0.6733569438810701],[0.12758956537754448,0.11469390515100072]]","[[1.0,1.0],[1.0,1.0]]","[[3.834274309211307,2.2854967382219105],[1.8626002982810692,1.4078352758178005]]","[1.0,1.0]","[3.6308573590384587,1.675310880387271]","[0.0006205648211309582,0.00016758617166824814]","[0.44525117807918124,0.01474740632844192]","[0.4452511774169074,0.014747406321543234]","[[0.46845678797474616,0.4220455668590687],[0.016100565578650545,0.013394247009246438]]","[[0.46845678797474616,0.42204556575527896],[0.016100565578650545,0.013394247036841181]]","[[0.6836287754553335,0.6488282724663064],[0.12666190437696598,0.11552221085186358]]","[[1.0,1.0],[1.0,1.0]]","[[3.82212257915073,2.2687457349565294],[1.844066567774172,1.42802985685843]]","[1.0,1.0]","[3.619997741557934,1.6680169970900924]","[null,null]"
residual_simvq_k4-2_d2-2_rate047-20260723-121543,61,0.02618002,0.15479388,0.18097390,0.02349523,0.14936526,22.32853173,0.88977878,0.02331174,0,Phase2-退火(67%),0.000000,0.00000000,,4608,0.0703125000,0.0468750000,5e-05,"[0.47571016450723014,0.014722692167938308]","[0.47571016428647217,0.014722692164488965]","[[0.5000723572240935,0.4513479698587347],[0.016317731555965213,0.013127652710924547]]","[[0.5000723572240935,0.45134796969316626],[0.016317731555965213,0.01312765271609856]]","[[0.705671689024678,0.67031064817199],[0.12700138395583188,0.11401769477460119]]","[[1.0,1.0],[1.0,1.0]]","[[3.835720920562744,2.2773833486768935],[1.8596500906679365,1.4195561623131787]]","[1.0,1.0]","[3.6312320594434384,1.677481770073926]","[0.0006379196685480161,0.00016695249592818006]","[0.45842980389241816,0.014654265316548171]","[0.4584298032301444,0.014654265309649485]","[[0.4817759891351064,0.43508361467608697],[0.016475916536593877,0.012832613930934005]]","[[0.4817759891351064,0.43508361335153933],[0.016475916536593877,0.012832613910237949]]","[[0.6932578881581625,0.6587561788382353],[0.1282660988193971,0.11324154745649409]]","[[1.0,1.0],[1.0,1.0]]","[[3.823475707018817,2.278012259801229],[1.887351554411429,1.5002253399954901]]","[1.0,1.0]","[3.617102133786237,1.7275140091224952]","[null,null]"
residual_simvq_k4-2_d2-2_rate047-20260723-121543,62,0.02845948,0.15370414,0.18216362,0.02381332,0.14585077,22.27291154,0.88732513,0.02331174,0,Phase2-退火(68%),0.000000,0.00000000,,4608,0.0703125000,0.0468750000,5e-05,"[0.47158664244192616,0.015392365082408543]","[0.47158664233154723,0.015392365096205915]","[[0.4964863168420615,0.44668696743470654],[0.017160014337342648,0.01362471575503824]]","[[0.4964863168420615,0.4466869667172432],[0.017160014337342648,0.01362471576711094]]","[[0.703087232179112,0.6666638078512969],[0.13013386364888263,0.11622736636135313]]","[[1.0,1.0],[1.0,1.0]]","[[3.8266724568826183,2.2852180299935516],[1.8575792052127698,1.4088987485126212]]","[1.0,1.0]","[3.636890580036022,1.6725850273061682]","[0.0007456926584213593,0.0001841863895741106]","[0.4495086356445595,0.013073784664825156]","[0.44950863630683335,0.0130737846441291]","[[0.4742570484126056,0.4247602217727237],[0.014008951207829846,0.012138618135617838]]","[[0.4742570484126056,0.4247602237595452],[0.014008951207829846,0.01213861810112441]]","[[0.6879151803475839,0.6509926535465099],[0.11824038017679143,0.11008667868596536]]","[[1.0,1.0],[1.0,1.0]]","[[3.830270353953044,2.277490716510349],[1.8237911100740787,1.3399512432239673]]","[1.0,1.0]","[3.636404858695136,1.6200367238786486]","[null,null]"
residual_simvq_k4-2_d2-2_rate047-20260723-121543,63,0.02536885,0.15405610,0.17942496,0.02323413,0.15215926,22.38369590,0.89216257,0.02323413,1,Phase2-退火(70%),0.000000,0.00000000,,4608,0.0703125000,0.0468750000,5e-05,"[0.4750551584142226,0.013787977776869579]","[0.4750551583038436,0.013787977790666952]","[[0.49951289765260837,0.4505974190654578],[0.015233687683939933,0.012342267866349883]]","[[0.49951289765260837,0.4505974192862158],[0.015233687683939933,0.012342267880147254]]","[[0.7052291611830394,0.6697045931109675],[0.12286089465573982,0.11063319855818042]]","[[1.0,1.0],[1.0,1.0]]","[[3.8206166095203824,2.2713562960977907],[1.8468141306329657,1.4117311875025431]]","[1.0,1.0]","[3.629769171167303,1.6649452531779254]","[0.0006058730771420179,0.0001435151254150292]","[0.4694636967447069,0.013419963171084721]","[0.46946369608243305,0.013419963212476837]","[[0.49315331335420964,0.44577408256354156],[0.015320190014662565,0.011519736320608192]]","[[0.49315331335420964,0.44577408123899387],[0.015320190014662565,0.011519736368898992]]","[[0.701541812773104,0.6669707117257295],[0.1236652507826134,0.10727479137756206]]","[[1.0,1.0],[1.0,1.0]]","[[3.8242894773130063,2.277339454933449],[1.8605932023790148,1.388595082141735]]","[1.0,1.0]","[3.6463925573560925,1.6656413051817152]","[null,null]"
residual_simvq_k4-2_d2-2_rate047-20260723-121543,64,0.02620251,0.15616846,0.18237097,0.02462428,0.13898563,22.14720676,0.88782662,0.02323413,0,Phase2-退火(72%),0.000000,0.00000000,,4608,0.0703125000,0.0468750000,5e-05,"[0.48236301911097984,0.013539773144724744]","[0.4823630193317378,0.013539773146449417]","[[0.5069647504775613,0.4577612860887139],[0.01507850502514177,0.012001041202219549]]","[[0.5069647504775613,0.4577612863094718],[0.01507850502514177,0.012001041207393563]]","[[0.7105611707325334,0.6751053302376359],[0.12228203970524999,0.10919765151209301]]","[[1.0,1.0],[1.0,1.0]]","[[3.827117383480072,2.271450506757807],[1.844442100657357,1.4064226852522956]]","[1.0,1.0]","[3.634013243957802,1.6618260092205472]","[0.0006699522611732525,0.00014960107205802667]","[0.4256415183897372,0.014892848760441498]","[0.42564151883125306,0.014892848753542812]","[[0.4480557638185996,0.40322727384390655],[0.01688658744096756,0.01289911003852332]]","[[0.4480557638185996,0.4032272734023907],[0.01688658744096756,0.012899110024725949]]","[[0.6685641160717717,0.6342040878755075],[0.1298593763951902,0.11351318701549813]]","[[1.0,1.0],[1.0,1.0]]","[[3.8131181981828477,2.245344359786422],[1.8426298600656015,1.3808330368112636]]","[1.0,1.0]","[3.6255436226173683,1.6493616439678052]","[null,null]"
residual_simvq_k4-2_d2-2_rate047-20260723-121543,65,0.02488013,0.15600494,0.18088507,0.02385484,0.16045562,22.26502177,0.89129795,0.02323413,0,Phase2-退火(73%),0.000000,0.00000000,,4608,0.0703125000,0.0468750000,5e-05,"[0.48336104861012213,0.012516926070330319]","[0.4833610473959534,0.012516926091026377]","[[0.5073310671029267,0.4593910286272014],[0.013880787556990981,0.011153064531929515]]","[[0.5073310671029267,0.4593910271922747],[0.013880787556990981,0.011153064556074914]]","[[0.7107045734370196,0.6761887786565004],[0.11743882930389157,0.1053811994139795]]","[[1.0,1.0],[1.0,1.0]]","[[3.8182428271682176,2.260493763287862],[1.8445952090952131,1.4079907757264596]]","[1.0,1.0]","[3.6214922017521327,1.6624851136295884]","[0.00059561673147578,0.00013387180734685832]","[0.49692703662095244,0.013050736659378916]","[0.49692703617943657,0.01305073663868286]","[[0.5204895533897259,0.47336451521626227],[0.014386376372917935,0.011715096883751728]]","[[0.5204895533897259,0.47336451609929403],[0.014386376372917935,0.011715096890650414]]","[[0.7205928590562608,0.6871501481091534],[0.1197894803903721,0.10810705445430897]]","[[1.0,1.0],[1.0,1.0]]","[[3.830350550898799,2.259902521415993],[1.795667666859097,1.331269954752039]]","[1.0,1.0]","[3.6318476765244094,1.5968570091106273]","[null,null]"
residual_simvq_k4-2_d2-2_rate047-20260723-121543,66,0.02851370,0.15145852,0.17997222,0.02694781,0.13199060,21.78880601,0.88674865,0.02323413,0,Phase2-退火(75%),0.000000,0.00000000,,4608,0.0703125000,0.0468750000,5e-05,"[0.46637726801413076,0.014631992894121343]","[0.4663772684004572,0.014631992887222656]","[[0.49120531650605026,0.4415492226128225],[0.016309245299823857,0.01295474042115664]]","[[0.49120531650605026,0.4415492220609276],[0.016309245299823857,0.012954740403909926]]","[[0.6990642814724534,0.6625416688896991],[0.12643227000479346,0.11285745180039494]]","[[1.0,1.0],[1.0,1.0]]","[[3.825341715636077,2.267675605526677],[1.8474952079631664,1.4350237210591634]]","[1.0,1.0]","[3.6312488864969326,1.6752646108468374]","[0.0007504799912028291,0.00017123678469067305]","[0.40739229189025034,0.011982105610271295]","[0.4073922907864606,0.011982105603372609]","[[0.4288846300707923,0.3858999576833513],[0.013220754769389276,0.0107434565063428]]","[[0.4288846300707923,0.3858999539304663],[0.013220754769389276,0.0107434565063428]]","[[0.6542063721904048,0.6205382210237008],[0.11490457306305567,0.10360758740592886]]","[[1.0,1.0],[1.0,1.0]]","[[3.7526493920220267,2.2420080803058764],[1.8546117764932137,1.3425623293276185]]","[1.0,1.0]","[3.624569108751085,1.644015940030416]","[null,null]"
residual_simvq_k4-2_d2-2_rate047-20260723-121543,67,0.02492969,0.15673350,0.18166319,0.02405742,0.16740707,22.29933411,0.89018767,0.02323413,0,Phase2-退火(77%),0.000000,0.00000000,,4608,0.0703125000,0.0468750000,5e-05,"[0.4848500143598627,0.013538271707862063]","[0.4848500144702417,0.013538271721659435]","[[0.5091210390130679,0.46057898887881527],[0.01505394516064337,0.012022598184369229]]","[[0.5091210390130679,0.4605789886580573],[0.01505394516064337,0.012022598211963971]]","[[0.7120866411262088,0.6772016026355602],[0.12216607844112096,0.10926343391614932]]","[[1.0,1.0],[1.0,1.0]]","[[3.8118713321509183,2.267880270657716],[1.8497019414548521,1.417811848057641]]","[1.0,1.0]","[3.630070893411283,1.6695435031696602]","[0.0005983253825602501,0.00014722009905704505]","[0.5208780615418046,0.012019922370436016]","[0.5208780615418046,0.012019922398030758]","[[0.5462669597731696,0.49548916308968155],[0.013370990987729143,0.010668853773838943]]","[[0.5462669597731696,0.49548916286892364],[0.013370990987729143,0.010668853801433687]]","[[0.7383462808750294,0.7031571843005993],[0.11544810141678209,0.10311447696553336]]","[[1.0,1.0],[1.0,1.0]]","[[3.8341857062445746,2.2858761133971037],[1.8056825249283401,1.3606450619520964]]","[1.0,1.0]","[3.625009893488001,1.6150467890280265]","[null,null]"
residual_simvq_k4-2_d2-2_rate047-20260723-121543,68,0.02502094,0.15671154,0.18173248,0.02490630,0.15547570,22.07023237,0.88562782,0.02323413,0,Phase2-退火(78%),0.000000,0.00000000,,4608,0.0703125000,0.0468750000,5e-05,"[0.48547656530583344,0.013150990490491192]","[0.4854765644779912,0.01315099047669382]","[[0.5095315142362206,0.46142161383672997],[0.014633992090131397,0.011667988892575656]]","[[0.5095315142362206,0.4614216133400246],[0.014633992090131397,0.011667988880502958]]","[[0.712193492827592,0.6776509098432683],[0.12034934710849214,0.10757291170733946]]","[[1.0,1.0],[1.0,1.0]]","[[3.813908656438192,2.262562903209969],[1.8583671413086078,1.4158891543194099]]","[1.0,1.0]","[3.6215206336092067,1.6754895876955103]","[0.000640012612738819,0.00015670291450078366]","[0.48310657452653955,0.011848487718789666]","[0.4831065754095713,0.011848487732587037]","[[0.5084598313879084,0.45775331567834926],[0.012838497723418253,0.010858477776249249]]","[[0.5084598313879084,0.4577533181066866],[0.012838497723418253,0.010858477803843993]]","[[0.7122823361997251,0.6757915695508321],[0.1131838549066473,0.10412031367973044]]","[[1.0,1.0],[1.0,1.0]]","[[3.8215625445048014,2.2536842310870133],[1.8092975740079527,1.3245983600616456]]","[1.0,1.0]","[3.6099736937770137,1.6038079915223298]","[null,null]"
residual_simvq_k4-2_d2-2_rate047-20260723-121543,69,0.02474740,0.15826782,0.18301522,0.02298383,0.18345959,22.43132516,0.89285440,0.02298383,1,Phase2-退火(80%),0.000000,0.00000000,,4608,0.0703125000,0.0468750000,5e-05,"[0.4913900289270613,0.012555840011272166]","[0.49139002942376664,0.012555839997474795]","[[0.5155651627315415,0.4672148938532229],[0.013914849612585925,0.011196830363392278]]","[[0.5155651627315415,0.4672148941843598],[0.013914849612585925,0.01119683034269622]]","[[0.7165480226278305,0.6820363176089747],[0.11755503403643768,0.10549724158589487]]","[[1.0,1.0],[1.0,1.0]]","[[3.8173115875985886,2.2611066120642205],[1.8265297845557884,1.3858571273309213]]","[1.0,1.0]","[3.6284293364595483,1.6401889503002167]","[0.0005937772081880312,0.00014807067452777658]","[0.573055667788894,0.011679184595467868]","[0.5730556688926838,0.011679184636859982]","[[0.600202500378644,0.5459088407180928],[0.013006574612248826,0.010351794578686908]]","[[0.600202500378644,0.5459088411596086],[0.013006574612248826,0.01035179460628165]]","[[0.7738626157795941,0.7379840524108322],[0.11394442203972074,0.10167173875702752]]","[[1.0,1.0],[1.0,1.0]]","[[3.7939909793712476,2.2750401779457374],[1.829896103894269,1.3065464699709857]]","[1.0,1.0]","[3.636423280504015,1.6122267776065402]","[null,null]"
residual_simvq_k4-2_d2-2_rate047-20260723-121543,70,0.02448662,0.15716564,0.18165226,0.02336928,0.16624266,22.35662727,0.89177729,0.02298383,0,Phase2-退火(82%),0.000000,0.00000000,,4608,0.0703125000,0.0468750000,5e-05,"[0.4888189431693819,0.011924868111533147]","[0.48881894261748704,0.011924868108083804]","[[0.512592139729747,0.4650457437391634],[0.013209175137389038,0.010640561054633171]]","[[0.512592139729747,0.46504574274575267],[0.013209175137389038,0.010640561054633171]]","[[0.7147032703514452,0.6806868394215901],[0.11446886494479798,0.10287513989541265]]","[[1.0,1.0],[1.0,1.0]]","[[3.820073215166728,2.2539732142730995],[1.7878574859212946,1.3580646786424848]]","[1.0,1.0]","[3.6270694383868465,1.6031649064134668]","[0.0005851384620419359,0.0001353079093321328]","[0.5189420998096466,0.011014987583513613]","[0.5189421031210157,0.0110149875904123]","[[0.54404635142397,0.4938378495198709],[0.012263138888886681,0.009766836347127402]]","[[0.54404635142397,0.4938378521689662],[0.012263138888886681,0.009766836340228716]]","[[0.7366441828233224,0.7017809192339579],[0.11062584734625286,0.09875257313251495]]","[[1.0,1.0],[1.0,1.0]]","[[3.8323999705138028,2.2701280505568895],[1.7450952159033881,1.295107854737176]]","[1.0,1.0]","[3.637843614154392,1.5486922440705475]","[null,null]"
residual_simvq_k4-2_d2-2_rate047-20260723-121543,71,0.02427063,0.15479606,0.17906669,0.02467660,0.15281374,22.11274665,0.88910693,0.02298383,0,Phase2-退火(83%),0.000000,0.00000000,,4608,0.0703125000,0.0468750000,5e-05,"[0.48150691362442793,0.011863266105798107]","[0.48150691356923847,0.011863266098899422]","[[0.5050646536880069,0.45794917317452255],[0.013183239680128517,0.010543292485763906]]","[[0.5050646536880069,0.4579491728433856],[0.013183239680128517,0.010543292485763906]]","[[0.7093366879004019,0.675371793795515],[0.11400373273149685,0.10205540270717056]]","[[1.0,1.0],[1.0,1.0]]","[[3.823005110246164,2.2522344209529734],[1.804939932955636,1.3628961073027717]]","[1.0,1.0]","[3.6262530428391915,1.6168649761765093]","[0.000563193407315002,0.00013740393690197917]","[0.4740279950477459,0.012836535654410168]","[0.4740279941647141,0.012836535626815426]","[[0.49698049580609355,0.45107549561394583],[0.014602676006378951,0.011070395226555842]]","[[0.49698049580609355,0.45107549605546177],[0.014602676006378951,0.011070395192062413]]","[[0.704207792547014,0.6708637136000174],[0.12067712584027537,0.10508054864627343]]","[[1.0,1.0],[1.0,1.0]]","[[3.8240163467548514,2.2467334623690003],[1.8401408787126894,1.3810833701380978]]","[1.0,1.0]","[3.623709108211376,1.6474858398790713]","[null,null]"
residual_simvq_k4-2_d2-2_rate047-20260723-121543,72,0.02416113,0.15177673,0.17593786,0.02716420,0.12563406,21.70982567,0.87954005,0.02298383,0,Phase2-退火(85%),0.000000,0.00000000,,4608,0.0703125000,0.0468750000,5e-05,"[0.47170026616917715,0.012161106900829407]","[0.47170026655550357,0.012161106897380066]","[[0.49504103583318215,0.44835949650517215],[0.013524227980869236,0.010797985791470165]]","[[0.49504103583318215,0.4483594974985829],[0.013524227980869236,0.010797985798368851]]","[[0.7022837535098747,0.668276826540629],[0.11572096768628667,0.10350804811826458]]","[[1.0,1.0],[1.0,1.0]]","[[3.821027401641563,2.2525033469553346],[1.83066644249139,1.373806110797105]]","[1.0,1.0]","[3.62513420007847,1.6393998479401624]","[0.0005637368507989406,0.00014012238422798906]","[0.38481291863653394,0.014970492164569872]","[0.3848129190780498,0.0149704921507725]","[[0.403822539029298,0.3658032966984643],[0.017859990232520634,0.012080993972442769]]","[[0.403822539029298,0.36580329846452786],[0.017859990232520634,0.012080993944848026]]","[[0.634917825239676,0.6042773304162202],[0.13354294581545723,0.10986442841865399]]","[[1.0,1.0],[1.0,1.0]]","[[3.7745332117433903,2.203345176908705],[1.943599772453308,1.6163725402620104]]","[1.0,1.0]","[3.609586731592814,1.8165022947170115]","[null,null]"
residual_simvq_k4-2_d2-2_rate047-20260723-121543,73,0.02387628,0.14968240,0.17355868,0.02248714,0.14951457,22.52080568,0.89415031,0.02248714,1,Phase2-退火(87%),0.000000,0.00000000,,4608,0.0703125000,0.0468750000,5e-05,"[0.4651466696350663,0.01220913337957528]","[0.4651466696350663,0.01220913337957528]","[[0.4884323152127089,0.4418610228984444],[0.01358072194615724,0.010837544750905148]]","[[0.4884323152127089,0.44186102284325496],[0.01358072194615724,0.010837544781949234]]","[[0.6976739821610627,0.6635124532160935],[0.11603764501158838,0.10374377360222516]]","[[1.0,1.0],[1.0,1.0]]","[[3.811687818721489,2.250770706600613],[1.8266237091135096,1.3812153617540994]]","[1.0,1.0]","[3.6234684034630105,1.6394889039021951]","[0.0005511602966753007,0.0001259283497195914]","[0.46606070134374833,0.01092874716139502]","[0.46606070134374833,0.010928747182091077]","[[0.4887486433541333,0.44337276176170065],[0.01185831608319724,0.009999178315478342]]","[[0.4887486433541333,0.44337276220321653],[0.01185831608319724,0.009999178343073085]]","[[0.6982517719268799,0.6650179240438673],[0.10879387033206445,0.09992475073646616]]","[[1.0,1.0],[1.0,1.0]]","[[3.818647195674755,2.247301364828039],[1.8097285606242992,1.324745288601628]]","[1.0,1.0]","[3.619100660747952,1.604279598483333]","[null,null]"
residual_simvq_k4-2_d2-2_rate047-20260723-121543,74,0.02864200,0.14122086,0.16986286,0.02485248,0.13200413,22.08083480,0.88501645,0.02248714,0,Phase2-退火(88%),0.000000,0.00000000,,4608,0.0703125000,0.0468750000,5e-05,"[0.4382935910865113,0.012190885445172037]","[0.4382935909209428,0.012190885443447364]","[[0.4622717301602717,0.4143154500811188],[0.013559131651978801,0.01082263919007447]]","[[0.4622717301602717,0.4143154501639031],[0.013559131651978801,0.010822639190936807]]","[[0.6781521999173694,0.6417233846253819],[0.1157757488803731,0.10360703534550136]]","[[1.0,1.0],[1.0,1.0]]","[[3.8190697696473865,2.249984761962184],[1.8066239975116871,1.38861341630971]]","[1.0,1.0]","[3.6287197991653724,1.6286517403743885]","[0.0007132266481036183,0.00012480243140426293]","[0.407129403396889,0.013687002251821536]","[0.4071294038384049,0.013687002272517592]","[[0.42888171407911513,0.38537709558451616],[0.014906008134561556,0.012467996272499915]]","[[0.42888171407911513,0.38537709602603204],[0.014906008134561556,0.012467996313892029]]","[[0.6541585842768352,0.6200673699378967],[0.12188731056672555,0.11149447582386159]]","[[1.0,1.0],[1.0,1.0]]","[[3.821385712093777,2.2197657779411033],[1.76758089683674,1.4098438642643116]]","[1.0,1.0]","[3.6280978485389994,1.6090200468345925]","[null,null]"
residual_simvq_k4-2_d2-2_rate047-20260723-121543,75,0.02348894,0.14703200,0.17052095,0.02418765,0.17018975,22.25454615,0.89354390,0.02248714,0,Phase2-退火(90%),0.000000,0.00000000,,4608,0.0703125000,0.0468750000,5e-05,"[0.4585050450430976,0.010906696548099044]","[0.4585050458157504,0.010906696554997729]","[[0.4819240810694518,0.43508600973420675],[0.011988612085028931,0.009824781027553534]]","[[0.4819240810694518,0.43508601045167006],[0.011988612085028931,0.00982478103617689]]","[[0.6930178188615375,0.6584109914523584],[0.10893108029332425,0.09866029821612217]]","[[1.0,1.0],[1.0,1.0]]","[[3.8227842529614766,2.2438960243154455],[1.7498780215228045,1.3398964950331935]]","[1.0,1.0]","[3.6271696863351046,1.570572547117869]","[0.0005114854078985648,0.000120736764216013]","[0.5326897705042803,0.010834022576886196]","[0.5326897700627645,0.010834022590683567]","[[0.5591277736204642,0.506251762089906],[0.012166785186639538,0.009501260029221022]]","[[0.5591277736204642,0.5062517625314218],[0.012166785186639538,0.009501260036119709]]","[[0.746912110293353,0.7106805068475229],[0.1101761242305791,0.09737358253311228]]","[[1.0,1.0],[1.0,1.0]]","[[3.8373659716712103,2.2783976855101407],[1.7079964929156832,1.3474344906983553]]","[1.0,1.0]","[3.6483301198040996,1.5458800298196298]","[null,null]"
residual_simvq_k4-2_d2-2_rate047-20260723-121543,76,0.02360531,0.14749859,0.17110391,0.02257228,0.14052757,22.51750338,0.89473950,0.02248714,0,Phase2-退火(92%),0.000000,0.00000000,,4608,0.0703125000,0.0468750000,5e-05,"[0.46070719758669537,0.010419973473202575]","[0.4607071973659374,0.010419973476651918]","[[0.4839950360081814,0.4374193587236934],[0.011593054646315675,0.00924689233372057]]","[[0.4839950360081814,0.4374193578958511],[0.011593054646315675,0.009246892337169911]]","[[0.6943480145048212,0.6600234977625035],[0.1071275926988434,0.09577912086689913]]","[[1.0,1.0],[1.0,1.0]]","[[3.818593371355975,2.2379491881087974],[1.7795807030465869,1.3588218836872665]]","[1.0,1.0]","[3.621201980997015,1.5975653266465222]","[0.0005416466489636891,0.00012184298411065593]","[0.4398041358700505,0.009123770733950315]","[0.43980413564929255,0.009123770747747686]","[[0.4620632533673887,0.4175450152821011],[0.010062537297468494,0.008185004149736077]]","[[0.4620632533673887,0.41754501594437493],[0.010062537297468494,0.008185004170432135]]","[[0.678971509138743,0.6454113765999123],[0.10021255656524941,0.0904097103410297]]","[[1.0,1.0],[1.0,1.0]]","[[3.8173354925932705,2.248295803423281],[1.7378775163933082,1.3127213372124567]]","[1.0,1.0]","[3.6293516918464945,1.5508248929624204]","[null,null]"
residual_simvq_k4-2_d2-2_rate047-20260723-121543,77,0.02353620,0.14631935,0.16985555,0.02238855,0.13724310,22.53767320,0.89435793,0.02238855,1,Phase2-退火(93%),0.000000,0.00000000,,4608,0.0703125000,0.0468750000,5e-05,"[0.45710350573062897,0.010423519684829645]","[0.4571035055650605,0.010423519674481617]","[[0.480651336853151,0.43355567129673783],[0.011559921635004381,0.009287117725169217]]","[[0.480651336853151,0.43355567129673783],[0.011559921635004381,0.009287117713958853]]","[[0.6916930460267596,0.6568258978702404],[0.10691776373596103,0.09595634332961506]]","[[1.0,1.0],[1.0,1.0]]","[[3.8153882605058174,2.2457620797333893],[1.7509740162778784,1.3425020568900639]]","[1.0,1.0]","[3.6244911202677974,1.5723895931685412]","[0.0005627395835256687,0.00012234297190069035]","[0.4300680666058152,0.008540492052971213]","[0.4300680655020255,0.00854049207366727]","[[0.4525341071464397,0.40760202275382146],[0.009319002281322524,0.007761981693544874]]","[[0.4525341071464397,0.40760202120851585],[0.009319002281322524,0.007761981717690274]]","[[0.6719454200179489,0.6376972997630084],[0.0964683128175912,0.08807028079474413]]","[[1.0,1.0],[1.0,1.0]]","[[3.806008983541418,2.242209466298421],[1.7540476710708053,1.2952437303684377]]","[1.0,1.0]","[3.615984081338953,1.5546433201542607]","[null,null]"
residual_simvq_k4-2_d2-2_rate047-20260723-121543,78,0.02290712,0.14368678,0.16659391,0.02302174,0.13518088,22.42085770,0.89174980,0.02238855,0,Phase2-退火(95%),0.000000,0.00000000,,4608,0.0703125000,0.0468750000,5e-05,"[0.4488393592613715,0.010436520721176984]","[0.44883935931656094,0.010436520729800341]","[[0.47186888726773085,0.42580983097906466],[0.011475520270566145,0.00939752116833848]]","[[0.47186888726773085,0.4258098308686857],[0.011475520270566145,0.00939752119248388]]","[[0.6856645427368305,0.6512682477633158],[0.10642083705299431,0.0963908915028528]]","[[1.0,1.0],[1.0,1.0]]","[[3.8201918054510045,2.243138360535657],[1.7443820944538824,1.3350728436752601]]","[1.0,1.0]","[3.6266087033130505,1.5652523515401062]","[0.0005099032733630372,0.00012771960517528457]","[0.42139064493002715,0.010655390747167447]","[0.4213906451507851,0.010655390719572702]","[[0.4424717073087339,0.40030958277207834],[0.011972369108763006,0.009338412371774515]]","[[0.4424717073087339,0.40030958299283625],[0.011972369108763006,0.009338412371774515]]","[[0.6644276738166809,0.6319552474551731],[0.10928269828911182,0.09653750133735162]]","[[1.0,1.0],[1.0,1.0]]","[[3.803794456411291,2.2236684746212427],[1.730483114277875,1.2964269081751505]]","[1.0,1.0]","[3.633875440668177,1.5395976516935561]","[null,null]"
residual_simvq_k4-2_d2-2_rate047-20260723-121543,79,0.02319234,0.14297321,0.16616555,0.02262461,0.14876620,22.50144063,0.89650360,0.02238855,0,Phase2-退火(97%),0.000000,0.00000000,,4608,0.0703125000,0.0468750000,5e-05,"[0.4473656258649296,0.009821272800952472]","[0.4473656260856876,0.009821272801814808]","[[0.47053070973466943,0.4242005436508744],[0.010708230873569846,0.008934314708501376]]","[[0.47053070973466943,0.42420054420276926],[0.010708230873569846,0.008934314712813056]]","[[0.684567282376466,0.6499134578086712],[0.10252366489558308,0.09366289475173861]]","[[1.0,1.0],[1.0,1.0]]","[[3.8180656848130403,2.2392814287432916],[1.7201748885490276,1.2924254220944864]]","[1.0,1.0]","[3.631772529637372,1.533228920786469]","[0.000569937707688142,0.00012888810380765655]","[0.4681123947655713,0.007683323337524026]","[0.4681123956486031,0.007683323337524026]","[[0.49387484744743065,0.44234994296674374],[0.008180242000768582,0.00718640461564064]]","[[0.49387484744743065,0.44234994429129143],[0.008180242000768582,0.007186404612191297]]","[[0.7019453397503606,0.6642844756444295],[0.09037788427538342,0.08474691896526902]]","[[1.0,1.0],[1.0,1.0]]","[[3.8114171346028645,2.261738743605437],[1.6834807563711096,1.2412447267108493]]","[1.0,1.0]","[3.6490671546370894,1.4878301585162128]","[null,null]"
residual_simvq_k4-2_d2-2_rate047-20260723-121543,80,0.02294836,0.14157597,0.16452432,0.02232934,0.13681344,22.55512168,0.89624750,0.02232934,1,Phase2-退火(98%),0.000000,0.00000000,,4608,0.0703125000,0.0468750000,5e-05,"[0.4446923399964968,0.008213854995038775]","[0.44469234027244425,0.008213854996763446]","[[0.4678791602452596,0.4215055212378502],[0.009045450618766524,0.007382259353201974]]","[[0.4678791602452596,0.42150552156898713],[0.009045450618766524,0.007382259355788981]]","[[0.6827370844505452,0.6479469811474835],[0.0943013392250847,0.08544076038179574]]","[[1.0,1.0],[1.0,1.0]]","[[3.8242264186894452,2.2408050890322087],[1.6386366616796564,1.2649404801704265]]","[1.0,1.0]","[3.631689617810426,1.471039996103004]","[0.0005192186693387123,0.00012420660937264243]","[0.4300983711525246,0.007578343204740021]","[0.43009837159404046,0.007578343221986735]","[[0.45336778980714304,0.40682895139411646],[0.007910507299971802,0.007246179171596413]]","[[0.45336778980714304,0.40682895183563234],[0.007910507299971802,0.0072461791922924694]]","[[0.6724977272528189,0.6370115964500992],[0.08884394157815863,0.08506991841174938]]","[[1.0,1.0],[1.0,1.0]]","[[3.8244069823512326,2.221958382924398],[1.5473258839713202,1.2043678133576006]]","[1.0,1.0]","[3.6416505919562447,1.3902634594175551]","[null,null]"
residual_simvq_k4-2_d2-2_rate047-20260723-121543,81,0.02218811,0.14167624,0.16386435,0.02293419,0.14373724,22.44791810,0.89546742,0.02232934,0,Phase3-微调,0.000000,0.00000000,,4608,0.0703125000,0.0468750000,5e-05,"[0.44496350757501746,0.008400461304484418]","[0.4449635069127436,0.008400461304484418]","[[0.46803578276325153,0.4218912313933726],[0.008938216592219692,0.007862705979668708]]","[[0.46803578276325153,0.42189123034477233],[0.008938216592219692,0.007862705971045351]]","[[0.6828932321733898,0.6482889888463197],[0.09428833691334283,0.08849445080591573]]","[[1.0,1.0],[1.0,1.0]]","[[3.8202540627232304,2.2335745643686367],[1.5425019657170331,1.1966241225048349]]","[1.0,1.0]","[3.634751381697478,1.384497790424912]","[0.0004792616195455021,0.00012924704953413176]","[0.44925120914423905,0.010707968190588333]","[0.44925120892348114,0.010707968183689647]","[[0.47244699354524966,0.42605541944503783],[0.011653065164056089,0.009762871237816634]]","[[0.47244699354524966,0.4260554198865537],[0.011653065164056089,0.009762871224019263]]","[[0.6865739628120705,0.6519685705502828],[0.10775671518511243,0.0986572245756785]]","[[1.0,1.0],[1.0,1.0]]","[[3.81429986777129,2.2381003026609068],[1.535925453680533,1.195823280899613]]","[1.0,1.0]","[3.635029527876112,1.3801267332500882]","[null,null]"
residual_simvq_k4-2_d2-2_rate047-20260723-121543,82,0.02218018,0.14146512,0.16364530,0.02881050,0.11636987,21.45314005,0.88409420,0.02232934,0,Phase3-微调,0.025000,0.03518519,8.40466392,4608,0.0703125000,0.0468750000,5e-05,"[0.44380722520528015,0.008881160592729295]","[0.44380722520528015,0.008881160585830609]","[[0.4666608933497358,0.4209535546324871],[0.009386903108787481,0.00837541805597505]]","[[0.4666608933497358,0.42095355452210814],[0.009386903108787481,0.008375418047351693]]","[[0.6819180232507212,0.6475962949019891],[0.09656481454493823,0.0913040794570137]]","[[1.0,1.0],[1.0,1.0]]","[[3.825843305499465,2.2252044554109927],[1.5180756050127524,1.193576725544753]]","[1.0,1.0]","[3.6309639895403825,1.369189065474051]","[0.0004913173561228042,0.00014612945307682687]","[0.3619002479094046,0.010483323858567963]","[0.3619002479094046,0.010483323817175847]","[[0.3832513851148111,0.3405491091586925],[0.011473741506536801,0.009492906210599122]]","[[0.3832513851148111,0.3405491080549028],[0.011473741506536801,0.009492906158858979]]","[[0.6184193655296608,0.5829302549362183],[0.10696434207536556,0.09731706960333718]]","[[1.0,1.0],[1.0,1.0]]","[[3.777131924805818,2.1748381702988238],[1.5498728239977801,1.2199984418021308]]","[1.0,1.0]","[3.6326691150665282,1.3982766804871736]","[null,null]"
residual_simvq_k4-2_d2-2_rate047-20260723-121543,83,0.02220856,0.14022839,0.16243695,0.02340645,0.14295708,22.34208067,0.89018350,0.02232934,0,Phase3-微调,0.050000,0.05185185,5.88246850,4608,0.0703125000,0.0468750000,5e-05,"[0.43912073727007267,0.009610121811015738]","[0.43912073760120957,0.009610121819639095]","[[0.4620170757726387,0.41622439920902254],[0.010130958723042299,0.009089284927446257]]","[[0.4620170757726387,0.416224399153833],[0.010130958723042299,0.009089284920547572]]","[[0.6785848032545161,0.6440040859911177],[0.10027837197261828,0.09505319742968789]]","[[1.0,1.0],[1.0,1.0]]","[[3.82509913665277,2.2232131869704634],[1.5171928536008905,1.1878562686619936]]","[1.0,1.0]","[3.6363555029586507,1.3664133199939021]","[0.0004933076480045673,0.00015299147780920233]","[0.4469711363315582,0.010491503430185494]","[0.44697113721459,0.010491503416388123]","[[0.46780762826954875,0.4261346441728097],[0.011230018376200288,0.009752988539360187]]","[[0.46780762826954875,0.42613464615963126],[0.011230018376200288,0.009752988497968074]]","[[0.6831393343430978,0.6519770511874446],[0.10575840931247782,0.09859106971157922]]","[[1.0,1.0],[1.0,1.0]]","[[3.8461048938609936,2.208856799867418],[1.4083403710965756,1.1848903435247915]]","[1.0,1.0]","[3.6187884542677136,1.3030458353183887]","[null,null]"
residual_simvq_k4-2_d2-2_rate047-20260723-121543,84,0.02217397,0.13802692,0.16020088,0.02330518,0.12965064,22.36546816,0.89373661,0.02232934,0,Phase3-微调,0.075000,0.08518519,7.71283971,4608,0.0703125000,0.0468750000,5e-05,"[0.4315095649273307,0.010176567233995432]","[0.4315095649273307,0.010176567211574703]","[[0.45424758703620344,0.40877154237694213],[0.010670656889366607,0.009682477555341192]]","[[0.45424758703620344,0.4087715428736475],[0.010670656889366607,0.009682477530333454]]","[[0.6728306630143412,0.6381969108625695],[0.10256042953718592,0.09776508392835105]]","[[1.0,1.0],[1.0,1.0]]","[[3.8327587723731993,2.219454003704919],[1.5011456580073745,1.1773917019367217]]","[1.0,1.0]","[3.634845668298227,1.3527575197043242]","[0.0004928777086240223,0.0001692748451862119]","[0.40491247795246266,0.009969574947737985]","[0.4049124772901888,0.009969574933940614]","[[0.4265503689094826,0.3832745852293792],[0.010242403688392153,0.009696746096704845]]","[[0.4265503689094826,0.3832745839048315],[0.010242403688392153,0.00969674608980616]]","[[0.6523844537911592,0.6183858624211064],[0.10094791054725646,0.09829895557076843]]","[[1.0,1.0],[1.0,1.0]]","[[3.8147354850062616,2.210273693226002],[1.510713122509144,1.1891106446584065]]","[1.0,1.0]","[3.6387095839888963,1.3626904611234312]","[null,null]"
residual_simvq_k4-2_d2-2_rate047-20260723-121543,85,0.02205857,0.13515407,0.15721264,0.02207191,0.13165891,22.59976053,0.89445999,0.02207191,1,Phase3-微调,0.100000,0.10000000,6.35169336,4608,0.0703125000,0.0468750000,5e-05,"[0.42227982906279743,0.010213198211837422]","[0.42227982878685,0.010213198207525743]","[[0.44478005126670556,0.3997796070796472],[0.010795600832164012,0.00963079554149536]]","[[0.44478005126670556,0.39977960663813134],[0.010795600832164012,0.00963079555356806]]","[[0.6657987540518796,0.6311480281529603],[0.10323671699949989,0.09760924595649596]]","[[1.0,1.0],[1.0,1.0]]","[[3.830533129639096,2.214612725487462],[1.5570447948243884,1.2033951651166988]]","[1.0,1.0]","[3.6373692587569906,1.3963423238860235]","[0.0004894260429999256,0.00015661774225042826]","[0.4136012419506356,0.0077072807277242346]","[0.41360123996381404,0.0077072807139268625]","[[0.43485174466062476,0.39235074034443607],[0.00827434030878875,0.007140221163906433]]","[[0.43485174466062476,0.3923507383576146],[0.00827434030878875,0.007140221150109062]]","[[0.6587384307826006,0.6256949698483503],[0.09079345961411794,0.08437456080207119]]","[[1.0,1.0],[1.0,1.0]]","[[3.8194478741398563,2.2081858634948732],[1.657771361315692,1.1959332324840404]]","[1.0,1.0]","[3.628523035402651,1.4539737595452202]","[null,null]"
residual_simvq_k4-2_d2-2_rate047-20260723-121543,86,0.02196156,0.13241099,0.15437256,0.02258157,0.13414681,22.50191099,0.89308765,0.02207191,0,Phase3-微调,0.125000,0.12777778,7.74443994,4608,0.0703125000,0.0468750000,5e-05,"[0.41287239094575245,0.0108427827798382]","[0.412872390669805,0.010842782805708271]","[[0.4351696757254777,0.39057510528299544],[0.011407946419246771,0.010277619111110215]]","[[0.4351696757254777,0.3905751053933744],[0.011407946419246771,0.01027761914042963]]","[[0.6583372977044847,0.6236090654024371],[0.10594685963458485,0.10061123204176073]]","[[1.0,1.0],[1.0,1.0]]","[[3.835367320202015,2.211404977021394],[1.5753456566068862,1.2053971061000117]]","[1.0,1.0]","[3.639474659054368,1.4078112456533645]","[0.0005042558836134116,0.0001555365188626941]","[0.4166566804603294,0.012613099847954732]","[0.416656682005635,0.012613099841056047]","[[0.4382759902212355,0.395037372023971],[0.013211900030297262,0.012014299686308261]]","[[0.4382759902212355,0.3950373731277607],[0.013211900030297262,0.012014299672510888]]","[[0.6611783720828869,0.6276862170961168],[0.11443859184229815,0.10913931694295671]]","[[1.0,1.0],[1.0,1.0]]","[[3.8420526645801685,2.2062800195482044],[1.5392385535769992,1.202530719615795]]","[1.0,1.0]","[3.6450739472000686,1.384843150774638]","[null,null]"
residual_simvq_k4-2_d2-2_rate047-20260723-121543,87,0.02213161,0.13104241,0.15317402,0.02223959,0.12918054,22.57159976,0.89665095,0.02207191,0,Phase3-微调,0.150000,0.17407407,7.81779622,4608,0.0703125000,0.0468750000,5e-05,"[0.4081891451720838,0.011146565629341812]","[0.4081891451720838,0.011146565625892469]","[[0.43042720898433967,0.3859510834018389],[0.011792680146862512,0.010500451065254985]]","[[0.43042720898433967,0.3859510832362705],[0.011792680146862512,0.010500451058356298]]","[[0.654864853951666,0.6200524784900524],[0.10339016512864166,0.09726431393237026]]","[[1.0,1.0],[1.0,1.0]]","[[3.8394266539149813,2.208475938549748],[1.5736799112072697,1.222334544967722]]","[1.0,1.0]","[3.638565429051717,1.414563188067189]","[0.0005213251545178032,0.0001773931492169612]","[0.39946438868840534,0.013913342115227822]","[0.39946438824688946,0.01391334208763308]","[[0.4205214829356582,0.37840729422039454],[0.015002092484522748,0.012824591676946039]]","[[0.4205214829356582,0.37840729267508894],[0.015002092484522748,0.012824591663148668]]","[[0.6478111019840946,0.6144958054577863],[0.12230011213708807,0.11309698886341518]]","[[1.0,1.0],[1.0,1.0]]","[[3.829930619840269,2.2085344614805997],[1.5609430781117193,1.2446339298177649]]","[1.0,1.0]","[3.648539156383938,1.415070445449264]","[null,null]"
residual_simvq_k4-2_d2-2_rate047-20260723-121543,88,0.02183299,0.12930644,0.15113943,0.02282401,0.13687262,22.45911855,0.89326204,0.02207191,0,Phase3-微调,0.175000,0.20370370,7.40619646,4608,0.0703125000,0.0468750000,5e-05,"[0.4032394674641115,0.01054114487229122]","[0.40323946762967994,0.010541144876602898]","[[0.4253451355629497,0.38113380008273656],[0.011125008947284961,0.009957280789536458]]","[[0.4253451355629497,0.381133800358684],[0.011125008947284961,0.009957280799884487]]","[[0.6510804892690093,0.6162460247675577],[0.10511851841928782,0.09954669870160245]]","[[1.0,1.0],[1.0,1.0]]","[[3.8391437349496065,2.205862824122111],[1.562911574487333,1.208302225889983]]","[1.0,1.0]","[3.6441095502288254,1.4017891943454743]","[0.0004761229618721969,0.0001534324902388983]","[0.42737440444805,0.01061799137128724]","[0.42737440444805,0.010617991357489868]","[[0.44981407059563533,0.4049347349890956],[0.011534120038979584,0.009701862641506725]]","[[0.44981407059563533,0.40493473366454796],[0.011534120038979584,0.009701862641506725]]","[[0.6698740963582639,0.6355491642598753],[0.10724832702566076,0.09841123631706944]]","[[1.0,1.0],[1.0,1.0]]","[[3.839446927883007,2.20944510212651],[1.6865103942376596,1.2727979059572574]]","[1.0,1.0]","[3.6499213571901676,1.5022535730291295]","[null,null]"
residual_simvq_k4-2_d2-2_rate047-20260723-121543,89,0.02177379,0.12670386,0.14847766,0.02175512,0.13073638,22.66970945,0.89784350,0.02175512,1,Phase3-微调,0.200000,0.20370370,7.10430111,4608,0.0703125000,0.0468750000,5e-05,"[0.3947139820014989,0.010738383269765311]","[0.39471398189111995,0.010738383283562683]","[[0.41676335765255823,0.3726646063504396],[0.011358600638427392,0.010118165888168194]]","[[0.41676335765255823,0.37266460646081856],[0.011358600638427392,0.010118165900240894]]","[[0.64446221280981,0.6093542210481785],[0.10607425168984466,0.10013968729310566]]","[[1.0,1.0],[1.0,1.0]]","[[3.83781508869595,2.2054467770788406],[1.5792861896532553,1.2170772082275814]]","[1.0,1.0]","[3.647457163863712,1.415252540508906]","[0.0004796142253595732,0.00015329765613016747]","[0.4093603524896834,0.008996059883523871]","[0.40936035204816745,0.008996059897321242]","[[0.43193235838854754,0.3867883446039977],[0.00958279146709376,0.00840932838273821]]","[[0.43193235838854754,0.38678834526627154],[0.00958279146709376,0.00840932839308624]]","[[0.6563898890106766,0.6211069327813608],[0.09767014886494037,0.09152497996886572]]","[[1.0,1.0],[1.0,1.0]]","[[3.852462558393125,2.2045301543341744],[1.5405148806395355,1.162065241071913]]","[1.0,1.0]","[3.6411057454568367,1.3691459037639477]","[null,null]"
residual_simvq_k4-2_d2-2_rate047-20260723-121543,90,0.02876721,0.13416289,0.16293011,0.04315221,0.09720888,19.70209705,0.82332103,0.02175512,0,Phase3-微调,0.225000,0.21296296,8.07503394,4608,0.0703125000,0.0468750000,5e-05,"[0.41739166116824855,0.011929600379705705]","[0.4173916617477382,0.011929600390916069]","[[0.440595090251278,0.39418823092623995],[0.012760580702753807,0.011098620072179646]]","[[0.440595090251278,0.39418823145054005],[0.012760580702753807,0.011098620105810739]]","[[0.6500446036458015,0.6133606933333255],[0.1109558728971967,0.10396859986638582]]","[[1.0,1.0],[1.0,1.0]]","[[3.8272053444827043,2.2130854394700794],[1.6009174821553407,1.2632706531771907]]","[1.0,1.0]","[3.645166348086463,1.4489945007695093]","[0.0009173507082407553,0.00022083597649624507]","[0.2969705390709418,0.014097892534401682]","[0.2969705388501838,0.01409789252060431]","[[0.32947464607380056,0.26446643151618815],[0.01679266962326235,0.011403115369655468]]","[[0.32947464607380056,0.26446643085391436],[0.01679266962326235,0.011403115342060725]]","[[0.5735431454799793,0.5138191651414942],[0.12866290774610306,0.1064813310901324]]","[[1.0,1.0],[1.0,1.0]]","[[3.7718988277294017,2.2917944095752856],[1.6964284782056456,1.537186206711663]]","[1.0,1.0]","[3.7157207347728587,1.6210618548923068]","[null,null]"
residual_simvq_k4-2_d2-2_rate047-20260723-121543,91,0.02385078,0.11703589,0.14088667,0.02177554,0.12466187,22.66007868,0.89761592,0.02175512,0,Phase3-微调,0.250000,0.23888889,7.42456963,4608,0.0703125000,0.0468750000,5e-05,"[0.3656788624547146,0.008835981022221622]","[0.36567886250990406,0.008835981017047608]","[[0.38908222328733516,0.34227550098741494],[0.009524075974951739,0.008147886076390191]]","[[0.38908222328733516,0.3422755014289309],[0.009524075974951739,0.00814788606259282]]","[[0.6224663653859386,0.5835995002477258],[0.09653755117345739,0.08955293543360851]]","[[1.0,1.0],[1.0,1.0]]","[[3.842879103731226,2.2115400349652328],[1.5591216581839102,1.1967234333356223]]","[1.0,1.0]","[3.655856185930747,1.394950371980667]","[0.0005290828895845658,0.00013377655902028587]","[0.3908277251102306,0.008090244285348389]","[0.39082772621402034,0.008090244278449702]","[[0.4139362723739059,0.36771917630124973],[0.008443221177353903,0.007737267355400103]]","[[0.4139362723739059,0.3677191776257974],[0.008443221177353903,0.0077372673450520745]]","[[0.6426133690056978,0.6056445673659996],[0.09170809399198603,0.08783410357104407]]","[[1.0,1.0],[1.0,1.0]]","[[3.8270336433693215,2.2057911961166945],[1.4886797825495401,1.1630378943902475]]","[1.0,1.0]","[3.6582958027168555,1.3391892353693644]","[null,null]"
residual_simvq_k4-2_d2-2_rate047-20260723-121543,92,0.02160518,0.12375627,0.14536145,0.02200203,0.11838132,22.62382628,0.89774444,0.02175512,0,Phase3-微调,0.275000,0.29814815,7.83087544,4608,0.0703125000,0.0468750000,5e-05,"[0.3860514775470451,0.009968575162606106]","[0.38605147782299254,0.009968575169504792]","[[0.4080754271535962,0.3640275268367043],[0.01052114982675347,0.009416000462240642]]","[[0.4080754271535962,0.3640275268918938],[0.01052114982675347,0.009416000463102979]]","[[0.6375943415694767,0.6021331647479976],[0.1018507488761787,0.09635455364154445]]","[[1.0,1.0],[1.0,1.0]]","[[3.838418866086889,2.201368495711574],[1.543364065444028,1.1984014131404734]]","[1.0,1.0]","[3.6551820993423463,1.386054798408791]","[0.0004633567376543026,0.0001329359110278111]","[0.3703148263472098,0.008505413457061406]","[0.3703148265679677,0.008505413432916005]","[[0.3920519179768033,0.3485777340553425],[0.008790475071442348,0.008220351825433748]]","[[0.3920519179768033,0.3485777351591322],[0.008790475071442348,0.008220351808187034]]","[[0.6255268467797174,0.5898095762288129],[0.09357343200180265,0.09053704131532599]]","[[1.0,1.0],[1.0,1.0]]","[[3.8301577144198946,2.20104322080259],[1.5164441294140285,1.201804768597638]]","[1.0,1.0]","[3.658308361194752,1.3713026991596928]","[null,null]"
residual_simvq_k4-2_d2-2_rate047-20260723-121543,93,0.02159984,0.12298565,0.14458549,0.02200288,0.12216511,22.63141282,0.89834192,0.02175512,0,Phase3-微调,0.300000,0.27592593,7.43920702,4608,0.0703125000,0.0468750000,5e-05,"[0.38392136731633436,0.009632711209080838]","[0.38392136681962896,0.009632711207356166]","[[0.40580177163636244,0.362040961947706],[0.01019988773494131,0.009065534700467079]]","[[0.40580177163636244,0.36204096139581116],[0.01019988773494131,0.00906553468235803]]","[[0.6359426956485819,0.6006159065498247],[0.10064029388681606,0.09492578073232262]]","[[1.0,1.0],[1.0,1.0]]","[[3.8375951766967775,2.1986686017778183],[1.5541043877601624,1.2023677903193015]]","[1.0,1.0]","[3.657313314632133,1.3940222726927862]","[0.0004717803534596762,0.00013204651959986897]","[0.3821868227587806,0.008741529996472376]","[0.38218682408332827,0.008741530020617776]","[[0.40452419386969674,0.35984945429695975],[0.00913340576958877,0.008349654181963867]]","[[0.40452419386969674,0.3598494562837813],[0.00913340576958877,0.008349654216457296]]","[[0.635298987671181,0.5991705735524495],[0.09536841147475772,0.09123807472211343]]","[[1.0,1.0],[1.0,1.0]]","[[3.8293073813120526,2.1925898216388844],[1.5259879032770793,1.174915353457133]]","[1.0,1.0]","[3.6550145890977648,1.3657765150070191]","[null,null]"
residual_simvq_k4-2_d2-2_rate047-20260723-121543,94,0.02160147,0.12165197,0.14325344,0.02252333,0.11933409,22.53805677,0.89852702,0.02175512,0,Phase3-微调,0.325000,0.29629630,7.26514565,4608,0.0703125000,0.0468750000,5e-05,"[0.37961061696211496,0.009675683287248292]","[0.3796106164654096,0.009675683282936613]","[[0.4014499440237328,0.3577712890726549],[0.010307568126289106,0.009043798472352878]]","[[0.4014499440237328,0.3577712882448126],[0.010307568126289106,0.009043798482700906]]","[[0.6326183401876025,0.5971603886948691],[0.10041915215551853,0.09406547075896352]]","[[1.0,1.0],[1.0,1.0]]","[[3.8410285349245425,2.1985438995891147],[1.5367866701549955,1.2016889172571676]]","[1.0,1.0]","[3.657763327051092,1.38385149108039]","[0.0004519279872410051,0.00014802975303138265]","[0.3740764708430679,0.007792623396273013]","[0.37407647172609965,0.007792623396273013]","[[0.39492206948774833,0.3532308719776295],[0.00808193645681496,0.007503310280541579]]","[[0.39492206948774833,0.3532308733021772],[0.00808193645681496,0.007503310294338951]]","[[0.6277182340621948,0.5936472486566614],[0.08978420860237546,0.08654922870574173]]","[[1.0,1.0],[1.0,1.0]]","[[3.8228967348734537,2.1883514987097845],[1.5228159930970935,1.171380141046312]]","[1.0,1.0]","[3.66639538164492,1.3624328136444093]","[null,null]"
residual_simvq_k4-2_d2-2_rate047-20260723-121543,95,0.02232484,0.12111015,0.14343499,0.02212050,0.11517075,22.60028000,0.89602992,0.02175512,0,Phase3-微调,0.350000,0.34444444,7.23031926,4608,0.0703125000,0.0468750000,5e-05,"[0.3776258490703724,0.009926622281609862]","[0.37762584890480394,0.009926622285921541]","[[0.39969414555364186,0.35555755269748196],[0.01065445062963085,0.009198793922378509]]","[[0.39969414555364186,0.355557552366345],[0.01065445062963085,0.009198793920653838]]","[[0.6309885849555333,0.5950759673560108],[0.10117861831353771,0.0942170571397852]]","[[1.0,1.0],[1.0,1.0]]","[[3.847489359643724,2.199235752335301],[1.5558023399776884,1.2227019038465288]]","[1.0,1.0]","[3.662133417306123,1.4040153130337043]","[0.000518443797342048,0.00014707493384473005]","[0.36069608573560363,0.00785029897880223]","[0.3606960848525718,0.007850298985700917]","[[0.3823783141595346,0.3390138586362203],[0.008327244115234524,0.007373353842369936]]","[[0.3823783141595346,0.3390138575324306],[0.008327244115234524,0.007373353832021907]]","[[0.6176782374028806,0.5815810093173275],[0.09110098243863494,0.08576684803874404]]","[[1.0,1.0],[1.0,1.0]]","[[3.841935998422128,2.190539577272203],[1.542189852396647,1.1743179224155567]]","[1.0,1.0]","[3.665701562386972,1.3750467353396945]","[null,null]"
residual_simvq_k4-2_d2-2_rate047-20260723-121543,96,0.02143932,0.11924493,0.14068425,0.02218320,0.11627501,22.60139853,0.89568283,0.02175512,0,Phase3-微调,0.375000,0.37222222,7.18978381,4608,0.0703125000,0.0468750000,5e-05,"[0.3720751815372043,0.009508590520083628]","[0.37207518170277276,0.00950859051146027]","[[0.39373721728722255,0.35041314429707],[0.010047959209488774,0.00896922177290199]]","[[0.39373721728722255,0.3504131451249123],[0.010047959209488774,0.008969221764278633]]","[[0.626459245438929,0.5909320611644674],[0.09978899824674482,0.09434362735461306]]","[[1.0,1.0],[1.0,1.0]]","[[3.844494139265131,2.1961609791826318],[1.5424779797041859,1.1987004496433116]]","[1.0,1.0]","[3.663039976137656,1.3855736904674105]","[0.000443220906190281,0.00011831791281380261]","[0.36262257893880206,0.009457453899085522]","[0.3626225798218339,0.009457453926680265]","[[0.3857309129503038,0.339514246472606],[0.00978855503447078,0.009126352739554864]]","[[0.3857309129503038,0.3395142477971536],[0.00978855503447078,0.009126352794744351]]","[[0.6204449874383432,0.582066884747258],[0.09868804315725963,0.09532910888945614]]","[[1.0,1.0],[1.0,1.0]]","[[3.8258932572823983,2.2012435612855135],[1.5316235462824503,1.2084211773342557]]","[1.0,1.0]","[3.6689129423212123,1.3828814886234424]","[null,null]"
residual_simvq_k4-2_d2-2_rate047-20260723-121543,97,0.02154981,0.11891841,0.14046822,0.02276326,0.10933337,22.52359024,0.89589348,0.02175512,0,Phase3-微调,0.400000,0.40185185,7.63153514,4608,0.0703125000,0.0468750000,5e-05,"[0.37096463519114037,0.00957426774074082]","[0.3709646354118983,0.009574267745914834]","[[0.39254940737176824,0.34937986411430216],[0.010171342189251273,0.008977193308614746]]","[[0.39254940737176824,0.3493798641694917],[0.010171342189251273,0.008977193302578396]]","[[0.6253713055893227,0.5899297372058586],[0.10017119581224741,0.09421812598076132]]","[[1.0,1.0],[1.0,1.0]]","[[3.838407942983839,2.193133596137718],[1.5603467343030153,1.2090729709024783]]","[1.0,1.0]","[3.6667106610757334,1.4003605564435324]","[0.0004778090468284467,0.00014262631971683328]","[0.3422163479857975,0.0076504331875454495]","[0.34221634710276566,0.007650433194444135]","[[0.36267782802935,0.321754867611108],[0.008192917256167642,0.007107949067183115]]","[[0.36267782802935,0.32175486650731827],[0.008192917256167642,0.007107949070632458]]","[[0.601588413450453,0.5666184853624414],[0.09035268387308827,0.0841741939385732]]","[[1.0,1.0],[1.0,1.0]]","[[3.830422125922309,2.179182497660319],[1.474082257129528,1.1743898859730473]]","[1.0,1.0]","[3.669181110240795,1.3355089002185399]","[null,null]"
residual_simvq_k4-2_d2-2_rate047-20260723-121543,98,0.02151928,0.11912316,0.14064244,0.02179418,0.11445502,22.66750680,0.89697111,0.02175512,0,Phase3-微调,0.425000,0.43333333,7.74932161,4608,0.0703125000,0.0468750000,5e-05,"[0.3720406694544686,0.009153442886761494]","[0.37204066973041605,0.00915344287900047]","[[0.3935715823813721,0.350509755037449],[0.009769175819949143,0.00853770997254523]]","[[0.3935715823813721,0.35050975581010185],[0.009769175819949143,0.0085377099621972]]","[[0.6261788502887443,0.5908704967410476],[0.09845285899937153,0.09210042172559986]]","[[1.0,1.0],[1.0,1.0]]","[[3.843491612098835,2.1914972596698337],[1.5685012311847122,1.2200155999925402]]","[1.0,1.0]","[3.666483866285395,1.4097647854575404]","[0.00046232091615955274,0.00011791218382684207]","[0.3569877074824439,0.009268351751207202]","[0.356987707040928,0.009268351765004573]","[[0.3770632368546945,0.3369121785517092],[0.009835397058890926,0.008701306457320849]]","[[0.3770632368546945,0.3369121776686774],[0.009835397058890926,0.00870130647111822]]","[[0.6132989883422851,0.579714376617361],[0.09898605153516486,0.09315507505778912]]","[[1.0,1.0],[1.0,1.0]]","[[3.847177337717127,2.1820206765775327],[1.568464998845701,1.2024279806349012]]","[1.0,1.0]","[3.6632658728846796,1.4019525589766326]","[null,null]"
residual_simvq_k4-2_d2-2_rate047-20260723-121543,99,0.02141198,0.11755079,0.13896277,0.02161383,0.11895524,22.69824796,0.89809216,0.02161383,1,Phase3-微调,0.450000,0.44444444,7.98672767,4608,0.0703125000,0.0468750000,5e-05,"[0.36609206094785973,0.010070460552729114]","[0.3660920612789966,0.010070460563077144]","[[0.38749926570389004,0.34468485751637706],[0.01064845610892883,0.009492465011189105]]","[[0.38749926570389004,0.34468485762675605],[0.01064845610892883,0.009492465024986477]]","[[0.6214459578196208,0.5860599016149839],[0.10266556083052247,0.09699483673881601]]","[[1.0,1.0],[1.0,1.0]]","[[3.849083721637726,2.190877001373856],[1.5551504252133546,1.2095329836562827]]","[1.0,1.0]","[3.6664991052062423,1.3975827616673928]","[0.0004552359190980766,0.00014393396996402536]","[0.37153418174496405,0.0091225807968941]","[0.3715341810826902,0.009122580769299357]","[[0.3931397257027803,0.3499286384494216],[0.00953551156239377,0.008709650055539829]]","[[0.3931397257027803,0.349928636904116],[0.00953551156239377,0.008709650014147714]]","[[0.6263000779681736,0.5908640720226147],[0.09748915345580489,0.09321604895370977]]","[[1.0,1.0],[1.0,1.0]]","[[3.8346296663637514,2.1891016165415444],[1.533571105533176,1.1826111148904872]]","[1.0,1.0]","[3.6627044448146115,1.3733371275442618]","[null,null]"
residual_simvq_k4-2_d2-2_rate047-20260723-121543,100,0.02128480,0.11584357,0.13712838,0.02145308,0.11814135,22.72497110,0.89841708,0.02145308,1,Phase3-微调,0.475000,0.50370370,7.08230890,4608,0.0703125000,0.0468750000,2.5e-05,"[0.3605071300709689,0.010192306877838241]","[0.36050713012615837,0.010192306883012255]","[[0.3817471092497861,0.3392671526306205],[0.01077603972085786,0.009608574092595114]]","[[0.3817471092497861,0.33926715218910464],[0.01077603972085786,0.009608574083971757]]","[[0.6167740800866375,0.5813969708703183],[0.10321817258717837,0.09751958255138662]]","[[1.0,1.0],[1.0,1.0]]","[[3.8412230685905175,2.186079563917937],[1.5683954159418743,1.2047925772490324]]","[1.0,1.0]","[3.6700932092136807,1.4032218451853151]","[0.0004486689023097925,0.00015128697654189535]","[0.3683819541224727,0.009670365967408374]","[0.3683819543432306,0.009670365988104432]","[[0.3900176216054846,0.34674628884704023],[0.010287652599314849,0.009053079521766415]]","[[0.3900176216054846,0.3467462901715879],[0.010287652599314849,0.009053079487272986]]","[[0.6236948278215196,0.5880595211629515],[0.10130053328143226,0.09507594130657337]]","[[1.0,1.0],[1.0,1.0]]","[[3.857845347015946,2.1896694095046434],[1.569054522337737,1.2107054401327062]]","[1.0,1.0]","[3.653536233195552,1.4057114442189536]","[null,null]"
residual_simvq_k4-2_d2-2_rate047-20260723-121543,101,0.02044983,0.11697621,0.13742605,0.02112571,0.12514305,22.79653186,0.90172204,0.02112571,1,Phase3-微调,0.500000,0.47407407,7.30415120,4608,0.0703125000,0.0468750000,2.5e-05,"[0.3641021747831945,0.010221704254271808]","[0.36410217461762606,0.0102217042516848]","[[0.38487138869585813,0.3433329601806623],[0.01080053796629525,0.009642870518102966]]","[[0.38487138869585813,0.3433329596287674],[0.01080053796629525,0.009642870524139317]]","[[0.6194230513440238,0.5849941292846644],[0.10360348541979436,0.09795757002300687]]","[[1.0,1.0],[1.0,1.0]]","[[3.838579693547002,2.1850603386207865],[1.5610440110718762,1.2117691455063997]]","[1.0,1.0]","[3.6724874068189552,1.4015653334282063]","[0.0003379162655349959,0.00012216177144889822]","[0.39084443472049857,0.009613311621877882]","[0.39084443383746675,0.009613311614979197]","[[0.4134682690655744,0.3682205988301171],[0.010014906836052736,0.009211716400804343]]","[[0.4134682690655744,0.36822059750556946],[0.010014906836052736,0.00921171641115237]]","[[0.6423340766518204,0.6061446613735623],[0.09970929617131198,0.09568140109380087]]","[[1.0,1.0],[1.0,1.0]]","[[3.837759275789614,2.1962414105733234],[1.5117258416281807,1.1829148875342475]]","[1.0,1.0]","[3.6747027255870677,1.3606979582044814]","[null,null]"
residual_simvq_k4-2_d2-2_rate047-20260723-121543,102,0.02048045,0.11906358,0.13954403,0.02113093,0.11675407,22.78997348,0.89998945,0.02112571,0,Phase3-微调,0.525000,0.51481481,8.00658836,4608,0.0703125000,0.0468750000,2.5e-05,"[0.37051726750753544,0.010486180587947645]","[0.3705172677282934,0.010486180590534652]","[[0.3912762811890355,0.34975825520577253],[0.01103102200474866,0.009941339119406487]]","[[0.3912762811890355,0.34975825515058306],[0.01103102200474866,0.009941339127167508]]","[[0.6245773008576145,0.5904707204412531],[0.10458489474323061,0.099333722392718]]","[[1.0,1.0],[1.0,1.0]]","[[3.8302064224525734,2.1818586980855024],[1.5562225138699566,1.2102574412469511]]","[1.0,1.0]","[3.674387370657038,1.3981825784400657]","[0.00036709011107665936,0.00013383331922206572]","[0.36228239470058016,0.011330633575993556]","[0.362282395362854,0.01133063356909487]","[[0.38247069826832525,0.34209409069131924],[0.011988972334398164,0.010672294838285004]]","[[0.38247069826832525,0.3420940920158669],[0.011988972334398164,0.010672294817588947]]","[[0.617750765659191,0.5842190861701966],[0.10912422670258416,0.10294678928675476]]","[[1.0,1.0],[1.0,1.0]]","[[3.8324715261106137,2.183142347689028],[1.4993359044746117,1.2001963677229706]]","[1.0,1.0]","[3.6764602025349933,1.360774247734635]","[null,null]"
residual_simvq_k4-2_d2-2_rate047-20260723-121543,103,0.02045562,0.11935456,0.13981017,0.02099047,0.11606553,22.81904518,0.90022622,0.02099047,1,Phase3-微调,0.550000,0.53148148,7.67151062,4608,0.0703125000,0.0468750000,2.5e-05,"[0.3713863707802914,0.010548215017964442]","[0.37138637044915446,0.010548215015377435]","[[0.3919432141714626,0.35082952904480474],[0.0111128214876064,0.009983608569880878]]","[[0.3919432141714626,0.35082952827215197],[0.0111128214876064,0.009983608562119857]]","[[0.6250741602094085,0.5913391590670303],[0.10499203864623,0.09957326202204934]]","[[1.0,1.0],[1.0,1.0]]","[[3.836600053310394,2.1796168375898293],[1.5578803102175394,1.2100231111049653]]","[1.0,1.0]","[3.675368407037523,1.399118998757115]","[0.000370289809399293,0.0001310633990130925]","[0.36062201018686646,0.010787693935411949]","[0.36062201062838234,0.010787693928513262]","[[0.3801594158013662,0.3410846058969145],[0.011375217953765834,0.010200169875665948]]","[[0.3801594158013662,0.34108460655918826],[0.011375217953765834,0.010200169875665948]]","[[0.6159186959266663,0.5833958912778784],[0.10648551925464912,0.10087583793534173]]","[[1.0,1.0],[1.0,1.0]]","[[3.8434428691864015,2.175882480762623],[1.532326739805716,1.206764132005197]]","[1.0,1.0]","[3.6757100370195177,1.382549273526227]","[null,null]"
residual_simvq_k4-2_d2-2_rate047-20260723-121543,104,0.02045449,0.11992446,0.14037895,0.02112424,0.11938959,22.79581048,0.90023054,0.02099047,0,Phase3-微调,0.575000,0.59814815,7.59122409,4608,0.0703125000,0.0468750000,2.5e-05,"[0.37337282454525983,0.01038544359444468]","[0.3733728247108283,0.010385443584096652]","[[0.39401775554374413,0.35272789360196505],[0.010984887524197498,0.009785999629336099]]","[[0.39401775554374413,0.3527278940986704],[0.010984887524197498,0.009785999616401062]]","[[0.626793920552289,0.5930019217508811],[0.10447803041725247,0.09868184430179773]]","[[1.0,1.0],[1.0,1.0]]","[[3.8382666835078485,2.1794289377000595],[1.5747894761738954,1.2151686584507977]]","[1.0,1.0]","[3.6801005707846746,1.4112122703481604]","[0.0003842155882146606,0.00013127452498169819]","[0.3717061855174877,0.01034048465942895]","[0.371706188166583,0.010340484666327636]","[[0.3919757308783355,0.35143663971512407],[0.010788882182290157,0.009892087126219714]]","[[0.3919757308783355,0.3514366430264932],[0.010788882182290157,0.009892087084827599]]","[[0.6253790965786686,0.5921410308943854],[0.10364389921779986,0.09929499554413336]]","[[1.0,1.0],[1.0,1.0]]","[[3.8269433780952737,2.1730763188114874],[1.5565341658062406,1.2028571464397289]]","[1.0,1.0]","[3.680633461916888,1.3950932979583741]","[null,null]"
residual_simvq_k4-2_d2-2_rate047-20260723-121543,105,0.02049153,0.11981904,0.14031057,0.02097686,0.11744984,22.82820084,0.90118836,0.02097686,1,Phase3-微调,0.600000,0.65740741,7.34898340,4608,0.0703125000,0.0468750000,2.5e-05,"[0.37307551133411904,0.010345416197863718]","[0.37307551161006647,0.010345416205624739]","[[0.39366362150068634,0.35248740205058343],[0.010920570075029024,0.009770262334495784]]","[[0.39366362150068634,0.35248740199539397],[0.010920570075029024,0.009770262334495784]]","[[0.6264555401272244,0.5927428944243325],[0.10421163489421209,0.09864166442442823]]","[[1.0,1.0],[1.0,1.0]]","[[3.832287613109306,2.17649664260723],[1.5752816568922114,1.218733733450925]]","[1.0,1.0]","[3.677930741398423,1.4129723529020946]","[0.0003848680763406231,0.00012452976254145916]","[0.36429870746753834,0.01154079420009145]","[0.3642987079090542,0.011540794179395393]","[[0.3844904716368075,0.3441069432982692],[0.01211824109432874,0.010963347285158104]]","[[0.3844904716368075,0.34410694351902715],[0.01211824109432874,0.010963347271360733]]","[[0.619386468551777,0.5859460340605842],[0.10984359648492602,0.10451413801422825]]","[[1.0,1.0],[1.0,1.0]]","[[3.817312369523225,2.170624867192021],[1.6013029487044723,1.2393229281460798]]","[1.0,1.0]","[3.675161285753603,1.4366343136186952]","[null,null]"
residual_simvq_k4-2_d2-2_rate047-20260723-121543,106,0.02055845,0.12115786,0.14171631,0.02086739,0.11491216,22.84314218,0.90081512,0.02086739,1,Phase3-微调,0.625000,0.59629630,7.22776325,4608,0.0703125000,0.0468750000,2.5e-05,"[0.37670247747942254,0.011002670426818508]","[0.3767024774242331,0.011002670425093836]","[[0.39727702300857615,0.3561279313431846],[0.011635434827594845,0.010369906009657792]]","[[0.39727702300857615,0.3561279312328056],[0.011635434827594845,0.010369906009657792]]","[[0.6294073123622823,0.595880138653296],[0.10744895450770856,0.1015424905275857]]","[[1.0,1.0],[1.0,1.0]]","[[3.833929685751597,2.1739798347155253],[1.5838542169994778,1.222539253808834]]","[1.0,1.0]","[3.6759592590508636,1.4202128110108552]","[0.00040004124929072095,0.0001388211218067294]","[0.35673340691460503,0.01098549523977218]","[0.3567334062523312,0.01098549523977218]","[[0.3756728042055059,0.33779400763688266],[0.011693156400212535,0.01027783405173708]]","[[0.3756728042055059,0.33779400675385085],[0.011693156400212535,0.010277834044838393]]","[[0.6122290341942399,0.5805359699107983],[0.10796716318086341,0.10125165498918957]]","[[1.0,1.0],[1.0,1.0]]","[[3.837813866579974,2.1683855021441425],[1.5473400901865075,1.1951944483651056]]","[1.0,1.0]","[3.6685023996565076,1.3865472458027028]","[null,null]"
residual_simvq_k4-2_d2-2_rate047-20260723-121543,107,0.02041775,0.12084764,0.14126540,0.02086898,0.12196394,22.84558804,0.90164064,0.02086739,0,Phase3-微调,0.650000,0.65555556,7.59086382,4608,0.0703125000,0.0468750000,2.5e-05,"[0.3758774777805364,0.010834984514103443]","[0.37587747783572584,0.01083498452100213]","[[0.3964012149307463,0.3553537418996846],[0.011418125388660917,0.010251843629197942]]","[[0.3964012149307463,0.3553537420652531],[0.011418125388660917,0.010251843632647285]]","[[0.6286932722285942,0.5952186080040756],[0.1065508069401538,0.10104082636535168]]","[[1.0,1.0],[1.0,1.0]]","[[3.83211960527632,2.1726420402526854],[1.5665628996160295,1.2202525668674045]]","[1.0,1.0]","[3.681871743996938,1.4083643273071007]","[0.0003764982452223733,0.00013001625282211334]","[0.38043536212709217,0.009849235960454852]","[0.38043536256860805,0.009849235939758795]","[[0.4014077738479332,0.35946294996473527],[0.010153979894325689,0.00954449199553993]]","[[0.4014077738479332,0.3594629515100409],[0.010153979894325689,0.009544491974843873]]","[[0.6329090458375436,0.5989161456072772],[0.1006248535933318,0.09762009801688018]]","[[1.0,1.0],[1.0,1.0]]","[[3.8155681839695683,2.1748227772889313],[1.6105825309400206,1.2540349933836195]]","[1.0,1.0]","[3.69322026570638,1.448182838934439]","[null,null]"
residual_simvq_k4-2_d2-2_rate047-20260723-121543,108,0.02039623,0.12141592,0.14181215,0.02060929,0.12512201,22.90042265,0.90226175,0.02060929,1,Phase3-微调,0.675000,0.73888889,7.50572193,4608,0.0703125000,0.0468750000,2.5e-05,"[0.37779364547243827,0.010737302176723326]","[0.3777936455828172,0.010737302192245368]","[[0.39827869164722934,0.35730859918726815],[0.011318501726620727,0.010156102608716874]]","[[0.39827869164722934,0.35730859962878403],[0.011318501726620727,0.010156102659594681]]","[[0.6302368070240374,0.5969075239366955],[0.10604754381433681,0.10052111146074755]]","[[1.0,1.0],[1.0,1.0]]","[[3.826881314648522,2.1704167167345685],[1.5769730907899362,1.2211029960049524]]","[1.0,1.0]","[3.6799943054163897,1.414900709523095]","[0.0003777133737996876,0.00012950869199981012]","[0.3899809718132019,0.010409465273497282]","[0.3899809718132019,0.010409465225206482]","[[0.4118348121643066,0.3681271301375495],[0.010943880477161319,0.009875050090529301]]","[[0.4118348121643066,0.3681271301375495],[0.010943880477161319,0.0098750499939477]]","[[0.6410960285751908,0.6061046613587273],[0.10442691020391605,0.09924122371055462]]","[[1.0,1.0],[1.0,1.0]]","[[3.8219743852262145,2.176334011996234],[1.618434594295643,1.2426843457751804]]","[1.0,1.0]","[3.6831597257543494,1.4482773975089744]","[null,null]"
residual_simvq_k4-2_d2-2_rate047-20260723-121543,109,0.02035114,0.12233889,0.14269003,0.02072055,0.11780664,22.87816919,0.90241382,0.02060929,0,Phase3-微调,0.700000,0.70370370,7.42903736,4608,0.0703125000,0.0468750000,2.5e-05,"[0.38049477211855076,0.010989670088100765]","[0.38049477233930873,0.010989670091550108]","[[0.4009377164973153,0.36005182823649157],[0.01157694103334237,0.010402399111815072]]","[[0.4009377164973153,0.3600518285676285],[0.01157694103334237,0.010402399129924123]]","[[0.6322347985373603,0.5990909025624946],[0.10723420871352708,0.10170897691062203]]","[[1.0,1.0],[1.0,1.0]]","[[3.8305464386940002,2.168718651047459],[1.5787845536514564,1.2228755489543632]]","[1.0,1.0]","[3.6814221205534756,1.4167177584436206]","[0.0003753406955554426,0.00012811566906310436]","[0.3665551057568303,0.010426154318783019]","[0.3665551053153144,0.010426154346377762]","[[0.3862471973454511,0.34686301571351513],[0.010956484396700506,0.009895824240865532]]","[[0.3862471973454511,0.3468630141682095],[0.010956484396700506,0.009895824275358959]]","[[0.620859835324464,0.5883446984820896],[0.10448427823958574,0.09935052985394442]]","[[1.0,1.0],[1.0,1.0]]","[[3.821452843701398,2.164558774453622],[1.5726593123541939,1.244854630364312]]","[1.0,1.0]","[3.6846391183358653,1.4220179504818387]","[null,null]"
residual_simvq_k4-2_d2-2_rate047-20260723-121543,110,0.02032598,0.12189693,0.14222290,0.02070219,0.12322315,22.88098824,0.90227048,0.02060929,0,Phase3-微调,0.725000,0.75370370,7.75538588,4608,0.0703125000,0.0468750000,2.5e-05,"[0.379008214837975,0.011061954842362966]","[0.37900821538986984,0.01106195483373961]","[[0.399393097449232,0.3586233323922864],[0.011678859302601605,0.010445050410581408]]","[[0.399393097449232,0.35862333277861275],[0.011678859302601605,0.010445050396784037]]","[[0.6311085788188158,0.5979844506140108],[0.10762842523830908,0.1018434406430633]]","[[1.0,1.0],[1.0,1.0]]","[[3.840116474805055,2.169597499017362],[1.5851579266565818,1.2289000745172853]]","[1.0,1.0]","[3.683022214748241,1.4229649153020647]","[0.00038325763455725756,0.0001309404003138668]","[0.3842651698324415,0.010048899420157627]","[0.3842651696116836,0.01004889939946157]","[[0.40466845477068863,0.3638618831281309],[0.01050560165334631,0.00959219722836106]]","[[0.40466845477068863,0.3638618833488888],[0.01050560165334631,0.009592197207665002]]","[[0.635498966994109,0.602595430833322],[0.10234240337654396,0.09783349059246205]]","[[1.0,1.0],[1.0,1.0]]","[[3.822212717268202,2.166724602381388],[1.5954609473546346,1.2205377013595016]]","[1.0,1.0]","[3.6783254747037533,1.4254101082130715]","[null,null]"
residual_simvq_k4-2_d2-2_rate047-20260723-121543,111,0.02033170,0.12291979,0.14325148,0.02082482,0.12601134,22.86255412,0.90279004,0.02060929,0,Phase3-微调,0.750000,0.78333333,7.68975145,4608,0.0703125000,0.0468750000,2.5e-05,"[0.3821185977370651,0.01122472721014034]","[0.38211859757149663,0.011224727201516982]","[[0.402539802370248,0.3616973927727452],[0.011838155389004559,0.01061129909336429]]","[[0.402539802370248,0.3616973919449029],[0.011838155389004559,0.010611299086465603]]","[[0.6335381953804581,0.6004982171235261],[0.10844381836553414,0.10273319234450658]]","[[1.0,1.0],[1.0,1.0]]","[[3.833342429443642,2.1689445040844104],[1.594045889377594,1.2313279646414297]]","[1.0,1.0]","[3.6838281989097594,1.429409130635085]","[0.0003906000347611822,0.00012415533621808411]","[0.3923638290829129,0.010872474019588144]","[0.3923638293036708,0.01087247397819603]","[[0.41391372040466023,0.37081393599510193],[0.011334888230043428,0.010410059698753887]]","[[0.41391372040466023,0.3708139368781337],[0.011334888230043428,0.0104100596435644]]","[[0.6426676719276994,0.6082729993043122],[0.10620159330191435,0.10184235710788656]]","[[1.0,1.0],[1.0,1.0]]","[[3.8213961371669063,2.175798191847625],[1.6318697426054212,1.2902370770772298]]","[1.0,1.0]","[3.687359827536124,1.4759651139930443]","[null,null]"
residual_simvq_k4-2_d2-2_rate047-20260723-121543,112,0.02024885,0.12238585,0.14263470,0.02093507,0.12600609,22.83362083,0.90233114,0.02060929,0,Phase3-微调,0.775000,0.79444444,7.83333541,4608,0.0703125000,0.0468750000,2.5e-05,"[0.38036754683212,0.011267170065979439]","[0.380367546721741,0.011267170062530096]","[[0.4006674927693826,0.36006760089485734],[0.011959474918398041,0.010574865210111495]]","[[0.4006674927693826,0.36006760128118376],[0.011959474918398041,0.010574865208386823]]","[[0.6321262809965346,0.5992184615245572],[0.10887781465771022,0.10243748561651618]]","[[1.0,1.0],[1.0,1.0]]","[[3.8289884593751697,2.1675515338226603],[1.630955374682391,1.247693153222402]]","[1.0,1.0]","[3.684804525640276,1.4582302376076026]","[0.00038516323157064444,0.00012691629358582926]","[0.39132710253750835,0.011892378847632144]","[0.3913271018752345,0.0118923788683282]","[[0.4118429731439661,0.37081123524241977],[0.012762389207879702,0.011022368521878012]]","[[0.4118429731439661,0.3708112348009039],[0.012762389207879702,0.011022368577067499]]","[[0.6410647396688108,0.6082783253104599],[0.11282222044688683,0.10487121360169517]]","[[1.0,1.0],[1.0,1.0]]","[[3.8245165471677427,2.169636834109271],[1.5644629354830142,1.2027272180274682]]","[1.0,1.0]","[3.680969743375425,1.3996785790831954]","[null,null]"
residual_simvq_k4-2_d2-2_rate047-20260723-121543,113,0.02036393,0.12288172,0.14324565,0.02061271,0.12267836,22.90056644,0.90255016,0.02060929,0,Phase3-微调,0.800000,0.78888889,7.43767526,4608,0.0703125000,0.0468750000,2.5e-05,"[0.3816946929251706,0.011526817135098908]","[0.38169469286998114,0.011526817137685915]","[[0.40214353612175696,0.3612458492870684],[0.012172990086212478,0.01088064421761643]]","[[0.40214353612175696,0.3612458497285843],[0.012172990086212478,0.010880644221928108]]","[[0.6332591427697076,0.6001565790838665],[0.10984829127512596,0.10394271499028912]]","[[1.0,1.0],[1.0,1.0]]","[[3.8271268804868064,2.168113572950716],[1.5932849568349343,1.2281231153894354]]","[1.0,1.0]","[3.6835732963350085,1.4275673314377113]","[0.00039893155575285806,0.00014913055585094736]","[0.38155264655749005,0.011018105196180168]","[0.3815526447914265,0.011018105189281481]","[[0.4020779682530297,0.3610273235374027],[0.011724425783311879,0.010311784622845826]]","[[0.4020779682530297,0.361027322212855],[0.011724425783311879,0.010311784602149768]]","[[0.6333794836644773,0.6001596296275103],[0.10811027001451563,0.1014243593370473]]","[[1.0,1.0],[1.0,1.0]]","[[3.8230893241034614,2.17657503551907],[1.6093090136845907,1.2235475955186066]]","[1.0,1.0]","[3.6881900310516356,1.4349601922211823]","[null,null]"
residual_simvq_k4-2_d2-2_rate047-20260723-121543,114,0.02025307,0.12275593,0.14300899,0.02065357,0.12964490,22.89370534,0.90285641,0.02060929,0,Phase3-微调,0.825000,0.85740741,7.51688428,4608,0.0703125000,0.0468750000,2.5e-05,"[0.3813073244911653,0.011511641009538262]","[0.3813073248774917,0.011511641019023956]","[[0.4016349497768614,0.36097969810167946],[0.0121436623752945,0.010879619675688446]]","[[0.4016349497768614,0.36097969826724796],[0.0121436623752945,0.010879619687761145]]","[[0.6328182696192353,0.5998987466096878],[0.1098166107027619,0.10401678449577756]]","[[1.0,1.0],[1.0,1.0]]","[[3.8277496770576196,2.166448124691292],[1.5925139782605349,1.232530180171684]]","[1.0,1.0]","[3.6859315929589447,1.4287836692951343]","[0.0003955655710780303,0.0001374738464198378]","[0.4008192773218508,0.014044394599342787]","[0.40081927754260877,0.014044394633836216]","[[0.4218312824213946,0.3798072731053388],[0.015028395669327841,0.013060393494864304]]","[[0.4218312824213946,0.3798072728845808],[0.015028395669327841,0.01306039350176299]]","[[0.6487958214901112,0.6156136411207693],[0.12221518043014738,0.1139037173655298]]","[[1.0,1.0],[1.0,1.0]]","[[3.8277507181520813,2.165302147688689],[1.585222104743675,1.2361402997264155]]","[1.0,1.0]","[3.692550941749855,1.425724963788633]","[null,null]"
residual_simvq_k4-2_d2-2_rate047-20260723-121543,115,0.02016937,0.12250449,0.14267386,0.02082829,0.12706650,22.85786837,0.90289938,0.02060929,0,Phase3-微调,0.850000,0.84074074,7.39632539,4608,0.0703125000,0.0468750000,2.5e-05,"[0.38034556403204245,0.011668810783023084]","[0.38034556381128454,0.011668810795095784]","[[0.4005543294880125,0.36013679758266165],[0.012306903181942525,0.011030718385828314]]","[[0.4005543294880125,0.36013679747228267],[0.012306903181942525,0.011030718418597072]]","[[0.6320387723269286,0.5992708074825781],[0.11060017946141737,0.10477589428148888]]","[[1.0,1.0],[1.0,1.0]]","[[3.8346038067782366,2.163478213769418],[1.599627610709932,1.23757750943855]]","[1.0,1.0]","[3.6852832017121493,1.4351292274616383]","[0.00038737403037548236,0.00013415807513781516]","[0.394384245077769,0.01222856511120443]","[0.394384245077769,0.01222856506291363]","[[0.41523091726832917,0.373537572004177],[0.0129005817282531,0.011556548473459704]]","[[0.41523091726832917,0.373537571783419],[0.0129005817282531,0.011556548438966275]]","[[0.6437312722206116,0.610546644087191],[0.11341240295657405,0.10737551588703084]]","[[1.0,1.0],[1.0,1.0]]","[[3.8338023362336338,2.165428587242409],[1.5989881568484836,1.2346720854441324]]","[1.0,1.0]","[3.6830559377317074,1.4332954645156861]","[null,null]"
residual_simvq_k4-2_d2-2_rate047-20260723-121543,116,0.02020964,0.12330995,0.14351958,0.02064709,0.12231662,22.89727647,0.90160672,0.02060929,0,Phase3-微调,0.875000,0.86666667,7.58229847,4608,0.0703125000,0.0468750000,2.5e-05,"[0.38302799921344827,0.01156384014972934]","[0.3830279994893957,0.011563840160077369]","[[0.4033376427160369,0.36271835493820687],[0.01221574709267804,0.010911933196432612]]","[[0.4033376427160369,0.36271835537972275],[0.01221574709267804,0.010911933186084584]]","[[0.6341629867200498,0.6013534710363105],[0.1101862451682488,0.10420817997720506]]","[[1.0,1.0],[1.0,1.0]]","[[3.8296311850901,2.1643605316126786],[1.6142907628306635,1.243868347892055]]","[1.0,1.0]","[3.6933444473478527,1.4465912483356618]","[0.0003993277695338259,0.000133047141156971]","[0.3801989577434681,0.011214234610950505]","[0.3801989586264999,0.011214234610950505]","[[0.4003674350402973,0.3600304795636071],[0.011914408455292383,0.01051406074591257]]","[[0.4003674350402973,0.3600304804466389],[0.011914408455292383,0.010514060725216512]]","[[0.6320291346973843,0.599333683208183],[0.10894714842240015,0.1024003607807336]]","[[1.0,1.0],[1.0,1.0]]","[[3.827116194477788,2.1570009054961026],[1.693879399476228,1.2516612097069069]]","[1.0,1.0]","[3.6938125645672835,1.4984970507798372]","[null,null]"
residual_simvq_k4-2_d2-2_rate047-20260723-121543,117,0.02015092,0.12344009,0.14359101,0.02058773,0.12109590,22.90957721,0.90338956,0.02058773,1,Phase3-微调,0.900000,0.90370370,7.27490773,4608,0.0703125000,0.0468750000,2.5e-05,"[0.38299867196215526,0.012009614473208785]","[0.3829986716310183,0.012009614471484114]","[[0.40319582400498566,0.3628015196985669],[0.012702308079503753,0.011316920842768417]]","[[0.40319582400498566,0.3628015194778089],[0.012702308079503753,0.011316920847942431]]","[[0.6339519159661399,0.6013159440623389],[0.11235111695196894,0.10612755725505175]]","[[1.0,1.0],[1.0,1.0]]","[[3.8222965593691227,2.161666688212642],[1.625989466022562,1.2564687384499444]]","[1.0,1.0]","[3.694480362203386,1.4587913934831267]","[0.00040251894757535345,0.0001404443447124019]","[0.3752372717415845,0.012269605785884239]","[0.37523727085855274,0.01226960579968161]","[[0.3954115532062672,0.35506299115993356],[0.013134636005593671,0.011404575510985322]]","[[0.3954115532062672,0.3550629907184177],[0.013134636005593671,0.011404575566174807]]","[[0.6281795938809712,0.5952589357340777],[0.11444413722665221,0.10668493702455803]]","[[1.0,1.0],[1.0,1.0]]","[[3.818527248170641,2.156760173373752],[1.7125317052558617,1.280401059433266]]","[1.0,1.0]","[3.691406163462886,1.5217808970698603]","[null,null]"
residual_simvq_k4-2_d2-2_rate047-20260723-121543,118,0.02014664,0.12417217,0.14431881,0.02062371,0.11990185,22.89934737,0.90257707,0.02058773,0,Phase3-微调,0.925000,0.91296296,7.63215655,4608,0.0703125000,0.0468750000,2.5e-05,"[0.3854388299363631,0.011912123055231792]","[0.38543882999155255,0.011912123046608434]","[[0.4055765392051803,0.3653011197293246],[0.01254949344287592,0.01127475264861628]]","[[0.4055765392051803,0.3653011199500826],[0.01254949344287592,0.011274752631369565]]","[[0.6358295455023094,0.6034013335351591],[0.11169606905292581,0.10595161092502099]]","[[1.0,1.0],[1.0,1.0]]","[[3.8297252297401427,2.162189880123845],[1.6197568774223328,1.2465975997624574]]","[1.0,1.0]","[3.68936413747293,1.4510132140583463]","[0.00041360634808100896,0.00013478608227362402]","[0.3721481634510888,0.011537750368868864]","[0.3721481623472991,0.011537750375767548]","[[0.39145891070365907,0.3528374159777606],[0.012190934760427033,0.01088456599800675]]","[[0.39145891070365907,0.3528374153154868],[0.012190934760427033,0.010884566011804122]]","[[0.6250303679042393,0.5933906948124921],[0.11019258797168732,0.1041746249905339]]","[[1.0,1.0],[1.0,1.0]]","[[3.826837686256126,2.1588426378038195],[1.596327167970163,1.2166033656508835]]","[1.0,1.0]","[3.6909942273740417,1.4243026009312383]","[null,null]"
residual_simvq_k4-2_d2-2_rate047-20260723-121543,119,0.02006091,0.12371355,0.14377446,0.02055294,0.13923567,22.91580322,0.90370484,0.02055294,1,Phase3-微调,0.950000,0.94814815,7.34035780,4608,0.0703125000,0.0468750000,2.5e-05,"[0.38400909552971524,0.011874249932804594]","[0.38400909586085213,0.011874249931079921]","[[0.40404642356766596,0.363971767546954],[0.012542612385004759,0.011205887466807056]]","[[0.40404642356766596,0.36397176760214345],[0.012542612385004759,0.0112058874702564]]","[[0.6346409516202078,0.6023135596955264],[0.11171058902034053,0.10565310033659141]]","[[1.0,1.0],[1.0,1.0]]","[[3.821070127575486,2.160942081168846],[1.6311442618016843,1.2531199488374922]]","[1.0,1.0]","[3.686709479490916,1.460392062973093]","[0.00039408147605610324,0.00013123401545440342]","[0.4330464815651929,0.01250765197392967]","[0.4330464826689826,0.01250765197392967]","[[0.455062202612559,0.4110307585310053],[0.013381101853317685,0.01163420203935217]]","[[0.455062202612559,0.41103075919327914],[0.013381101853317685,0.011634202046250855]]","[[0.673857327302297,0.640405555566152],[0.11548485612427747,0.10772376231573245]]","[[1.0,1.0],[1.0,1.0]]","[[3.8150379957976166,2.182737859090169],[1.6324810769822862,1.2331333248703569]]","[1.0,1.0]","[3.6967421884889955,1.4528617602807503]","[null,null]"
residual_simvq_k4-2_d2-2_rate047-20260723-121543,120,0.02008949,0.12405142,0.14414091,0.02070557,0.12756797,22.88453116,0.90332609,0.02055294,0,Phase3-微调,0.975000,0.96481481,7.71395102,4608,0.0703125000,0.0468750000,2.5e-05,"[0.38471437803021186,0.012250157756110032]","[0.3847143777542644,0.012250157749211347]","[[0.40483207250082937,0.36459668306288895],[0.01292245081729359,0.011577864694926474]]","[[0.40483207250082937,0.3645966820694782],[0.01292245081729359,0.011577864653534359]]","[[0.6353035456604428,0.6028756741020415],[0.11330044753849507,0.10731795334981548]]","[[1.0,1.0],[1.0,1.0]]","[[3.8282483445273505,2.1612457544715316],[1.6298108714598196,1.253004984943955]]","[1.0,1.0]","[3.691255567691944,1.4596639615518074]","[0.00039008088494517357,0.00014439353352220982]","[0.39568519768891514,0.01253229934308264]","[0.3956851990134628,0.012532299315487896]","[[0.41579152411884734,0.37557887103822496],[0.01327040047833213,0.01179419822163052]]","[[0.41579152411884734,0.3755788732458044],[0.01327040047833213,0.011794198152643662]]","[[0.6441488486749155,0.6121987616574323],[0.1149497021679525,0.10842751612265905]]","[[1.0,1.0],[1.0,1.0]]","[[3.830721471927784,2.1656180576041892],[1.6794600831137763,1.30134372887788]]","[1.0,1.0]","[3.6926698472764756,1.5093920796005815]","[null,null]"
residual_simvq_k4-2_d2-2_rate047-20260723-121543,121,0.02008451,0.12365416,0.14373867,0.02107943,0.12640261,22.79957708,0.90070026,0.02055294,0,Phase3-微调,1.000000,1.00000000,7.42540997,4608,0.0703125000,0.0468750000,2.5e-05,"[0.38353975784999356,0.012153553086574431]","[0.38353975768442505,0.012153553103821145]","[[0.4036119897608404,0.3634675255528203],[0.012826166477882199,0.011480939653874547]]","[[0.4036119897608404,0.3634675249457359],[0.012826166477882199,0.011480939655599218]]","[[0.6344701325451886,0.6020559754636553],[0.11293824373020066,0.10693442682149233]]","[[1.0,1.0],[1.0,1.0]]","[[3.8241102364328174,2.160210507445865],[1.6292578997435394,1.249467193859595]]","[1.0,1.0]","[3.696344370753677,1.4578290987897802]","[0.0003888663238117092,0.00014149184622275007]","[0.3925042039818234,0.011984135576144413]","[0.39250420331954955,0.011984135569245727]","[[0.41293372644318477,0.3720746799751564],[0.01252142633828852,0.01144684479330425]]","[[0.41293372644318477,0.3720746793128826],[0.01252142633828852,0.011446844786405563]]","[[0.6419506810329578,0.6093552805759289],[0.11174122343460718,0.10690956457897469]]","[[1.0,1.0],[1.0,1.0]]","[[3.828475120332506,2.165756426917182],[1.7086735963821411,1.2763379282421536]]","[1.0,1.0]","[3.6947563118404814,1.5176434605209916]","[null,null]"
residual_simvq_k4-2_d2-2_rate047-20260723-121543,122,0.02009616,0.12494946,0.14504562,0.02046351,0.11956522,22.93106853,0.90299271,0.02046351,1,Phase3-微调,1.000000,1.00000000,7.58509470,4608,0.0703125000,0.0468750000,2.5e-05,"[0.38754675504234104,0.012291533624132473]","[0.38754675493196206,0.012291533622407803]","[[0.40765317419060954,0.3674403351214197],[0.012987801810312602,0.011595265387936874]]","[[0.40765317419060954,0.36744033528698816],[0.012987801810312602,0.01159526538103819]]","[[0.6375257729380219,0.6052294235538553],[0.11360701859273292,0.10743805734371698]]","[[1.0,1.0],[1.0,1.0]]","[[3.823119090663062,2.1604866526744986],[1.6369226340894345,1.2529012423974497]]","[1.0,1.0]","[3.695721099111769,1.4638905010841512]","[0.0004007868136223233,0.00015024591416982325]","[0.3696594929253614,0.012949225237524068]","[0.36965949248384544,0.012949225244422753]","[[0.38862599068217807,0.35069299163641754],[0.013675789921372025,0.012222660532980054]]","[[0.38862599068217807,0.35069299141565957],[0.013675789921372025,0.01222266055367611]]","[[0.6227251304520501,0.5915469182862176],[0.11673393232954873,0.1103847564370544]]","[[1.0,1.0],[1.0,1.0]]","[[3.8273433279108118,2.1507296685819273],[1.550683649381002,1.2354105613849782]]","[1.0,1.0]","[3.6934294841907644,1.4052388394320452]","[null,null]"
residual_simvq_k4-2_d2-2_rate047-20260723-121543,123,0.02008640,0.12429712,0.14438351,0.02056358,0.13026468,22.91450709,0.90286211,0.02046351,0,Phase3-微调,1.000000,1.00000000,7.57335612,4608,0.0703125000,0.0468750000,2.5e-05,"[0.3852595587019567,0.012491209704980806]","[0.38525955853638827,0.012491209711879492]","[[0.4052684631612566,0.3652506528077302],[0.013159869507782989,0.01182254991080198]]","[[0.4052684631612566,0.3652506524765933],[0.013159869507782989,0.011822549919425338]]","[[0.635782586755576,0.60355220315633],[0.11437586734968203,0.10847657390490727]]","[[1.0,1.0],[1.0,1.0]]","[[3.8294085657155073,2.159342255857256],[1.6246582159289606,1.2475177669966662]]","[1.0,1.0]","[3.6954974788206596,1.4543120933903588]","[0.00040765785673068386,0.00014737106915129483]","[0.4054244273238712,0.011422535335576092]","[0.40542442710311327,0.011422535294183979]","[[0.4262340161535475,0.38461483341676217],[0.011955035539964834,0.010890035144984721]]","[[0.4262340161535475,0.38461483363752014],[0.011955035539964834,0.010890035069099179]]","[[0.6521453058278119,0.6194686540850887],[0.109157692944562,0.10421928194937882]]","[[1.0,1.0],[1.0,1.0]]","[[3.827066312012849,2.1620791470562972],[1.6292455152229026,1.25412091060921]]","[1.0,1.0]","[3.697259791692098,1.4594377685476232]","[null,null]"
residual_simvq_k4-2_d2-2_rate047-20260723-121543,124,0.01998830,0.12469989,0.14468819,0.02061954,0.12426589,22.90064063,0.90211250,0.02046351,0,Phase3-微调,1.000000,1.00000000,7.75801223,4608,0.0703125000,0.0468750000,2.5e-05,"[0.38702406187852223,0.01201558946976783]","[0.3870240614921958,0.012015589459419803]","[[0.4070658842722575,0.36698223970554494],[0.012704231302012448,0.011326947641834893]]","[[0.4070658842722575,0.3669822391536501],[0.012704231302012448,0.011326947622863506]]","[[0.6370500952005387,0.6048381640955254],[0.11236132235714683,0.10617232242668116]]","[[1.0,1.0],[1.0,1.0]]","[[3.8322970085673864,2.1588372349739076],[1.6350754057919537,1.2519924351462612]]","[1.0,1.0]","[3.6980304011592158,1.4624404869697711]","[0.0004068610987882561,0.00014426514301670035]","[0.38548465017919187,0.012166191927260823]","[0.38548465039994984,0.012166191920362137]","[[0.40601661139064366,0.3649526898507719],[0.012740897394164844,0.011591486439660743]]","[[0.40601661139064366,0.3649526905130457],[0.012740897394164844,0.011591486412066001]]","[[0.6365289714601304,0.6034715131477073],[0.11267385709064978,0.10752536593763917]]","[[1.0,1.0],[1.0,1.0]]","[[3.811579022584138,2.1560667620764837],[1.6702999167972141,1.263254553300363]]","[1.0,1.0]","[3.687032268665455,1.4882910975703487]","[null,null]"
residual_simvq_k4-2_d2-2_rate047-20260723-121543,125,0.01998229,0.12468205,0.14466434,0.02100959,0.10526595,22.81526853,0.90127695,0.02046351,0,Phase3-微调,1.000000,1.00000000,7.84609221,4608,0.0703125000,0.0468750000,2.5e-05,"[0.38656509927025545,0.012417455478053953]","[0.3865650999325293,0.012417455481503296]","[[0.40640846954451665,0.36672172968586286],[0.013141160009911767,0.011693750915152056]]","[[0.40640846954451665,0.3667217306792736],[0.013141160009911767,0.01169375093239877]]","[[0.636445465904695,0.6045277914515248],[0.11423354707658291,0.10785108973030691]]","[[1.0,1.0],[1.0,1.0]]","[[3.8332358669351647,2.1564877457088896],[1.6500044725559375,1.2576681832472483]]","[1.0,1.0]","[3.6927058551046583,1.4738607353634305]","[0.0004048272071587336,0.00014392567988108095]","[0.3250901946315059,0.011760857584023917]","[0.3250901961768115,0.011760857549530488]","[[0.34307793930724817,0.3071024508387954],[0.011936506353042744,0.011585208856397205]]","[[0.34307793930724817,0.3071024532671328],[0.011936506353042744,0.011585208794309033]]","[[0.5851670803847137,0.5536302619510227],[0.10911811810952646,0.10754807067138178]]","[[1.0,1.0],[1.0,1.0]]","[[3.824580333851002,2.1349052800072563],[1.6721917673393532,1.2857830321347272]]","[1.0,1.0]","[3.690713251961602,1.4985515930034496]","[null,null]"
residual_simvq_k4-2_d2-2_rate047-20260723-121543,126,0.01998474,0.12544288,0.14542762,0.02076471,0.12510464,22.86689962,0.90113830,0.02046351,0,Phase3-微调,1.000000,1.00000000,7.60607885,4608,0.0703125000,0.0468750000,2.5e-05,"[0.38884707148428316,0.012570144636211571]","[0.3888470717602306,0.012570144639660915]","[[0.4087677848007944,0.36892635894042475],[0.013294954065026508,0.011845335129786421]]","[[0.4087677848007944,0.3689263594371301],[0.013294954065026508,0.011845335138409779]]","[[0.6384299257287273,0.6064849141571257],[0.1149614699460842,0.10860296749958286]]","[[1.0,1.0],[1.0,1.0]]","[[3.8243633243772717,2.1567381200967013],[1.6479062290103348,1.2636325324023212]]","[1.0,1.0]","[3.6950031682297038,1.4751016272438897]","[0.0004031744005193037,0.00014880560992659646]","[0.3886964279192465,0.01163841014796937]","[0.3886964281400045,0.01163841014796937]","[[0.40870906511942545,0.36868378939451996],[0.012052589827389628,0.011224230461650424]]","[[0.40870906511942545,0.36868379093982556],[0.012052589827389628,0.011224230454751738]]","[[0.638602250152164,0.6065131721673188],[0.10955212149355147,0.1057639624233599]]","[[1.0,1.0],[1.0,1.0]]","[[3.8191374672783747,2.1632160893192998],[1.563607731571904,1.2458490071473298]]","[1.0,1.0]","[3.699945562857169,1.4171397827289722]","[null,null]"
residual_simvq_k4-2_d2-2_rate047-20260723-121543,127,0.01990449,0.12414438,0.14404887,0.02119764,0.14281002,22.78689609,0.90349188,0.02046351,0,Phase3-微调,1.000000,1.00000000,7.28960551,4608,0.0703125000,0.0468750000,2.5e-05,"[0.38459479775693683,0.0126672246320932]","[0.38459479775693683,0.0126672246441659]","[[0.40433629856065467,0.3648532982225771],[0.013384729949757456,0.011949719307530257]]","[[0.40433629856065467,0.3648532983329561],[0.013384729949757456,0.011949719335125]]","[[0.6350630365036152,0.6032355744529654],[0.11534515714479818,0.10906548927779551]]","[[1.0,1.0],[1.0,1.0]]","[[3.8263964926754985,2.156270902245133],[1.6403143924695474,1.2621914501543399]]","[1.0,1.0]","[3.698397153395194,1.469739274183909]","[0.0003891807202307973,0.00014060061023681353]","[0.4432247307565477,0.013767319138127345]","[0.44322473208109536,0.013767319089836545]","[[0.4658726029925876,0.4205768580789919],[0.014767036138585321,0.012767602130770684]]","[[0.4658726029925876,0.4205768589620237],[0.014767036138585321,0.012767602020391712]]","[[0.6818411822672243,0.647827477366836],[0.12126027720945853,0.11277409046888351]]","[[1.0,1.0],[1.0,1.0]]","[[3.8161628740805167,2.168457762400309],[1.6555451304824265,1.2934965080685086]]","[1.0,1.0]","[3.7011263847351072,1.491553541466042]","[null,null]"
residual_simvq_k4-2_d2-2_rate047-20260723-121543,128,0.01986222,0.12443558,0.14429780,0.02085783,0.11641699,22.85255951,0.90305577,0.02046351,0,Phase3-微调,1.000000,1.00000000,7.94258791,4608,0.0703125000,0.0468750000,2.5e-05,"[0.38567952866907473,0.012514315668010602]","[0.38567952861388527,0.012514315666285929]","[[0.40551675856113434,0.36584229916334154],[0.013234832789748907,0.011793798525576238]]","[[0.40551675856113434,0.36584229866663615],[0.013234832789748907,0.011793798544547623]]","[[0.6358779105875227,0.6039382999693906],[0.11464867309011795,0.10832251513169872]]","[[1.0,1.0],[1.0,1.0]]","[[3.8324776079919602,2.155137160089281],[1.6575727398748752,1.2692237313146943]]","[1.0,1.0]","[3.700848404124931,1.4831245201605339]","[0.0004084153802304408,0.00014912118024733867]","[0.3608982443809509,0.011636119922278103]","[0.360898244160193,0.011636119956771532]","[[0.380460579306991,0.3413359094549108],[0.012317399977257958,0.01095483978451402]]","[[0.380460579306991,0.3413359094549108],[0.012317399977257958,0.010954839812108763]]","[[0.6161100608331186,0.583551514590228],[0.11075493014521069,0.1045334102930846]]","[[1.0,1.0],[1.0,1.0]]","[[3.8172675839176886,2.146180603239271],[1.7541820676238449,1.3269975132412382]]","[1.0,1.0]","[3.704856854897958,1.5671293364630805]","[null,null]"
residual_simvq_k4-2_d2-2_rate047-20260723-121543,129,0.01994553,0.12512443,0.14506996,0.02043410,0.12397409,22.93979471,0.90267620,0.02043410,1,Phase3-微调,1.000000,1.00000000,7.40869396,4608,0.0703125000,0.0468750000,2.5e-05,"[0.3878810837312981,0.01251708504019512]","[0.3878810841176245,0.012517085019499063]","[[0.40775913060815244,0.3680030350331907],[0.013230072765576618,0.011804097307914938]]","[[0.40775913060815244,0.36800303597141193],[0.013230072765576618,0.01180409729929158]]","[[0.6376037340473246,0.6056948907949307],[0.1146832651976082,0.10840967632830142]]","[[1.0,1.0],[1.0,1.0]]","[[3.8263496809535558,2.1548365160270975],[1.638766027159161,1.262395606659077]]","[1.0,1.0]","[3.7020533539630747,1.4689053972562154]","[0.0004066411866612422,0.00015423018188206092]","[0.3843848173265104,0.012332274033515542]","[0.3843848168849945,0.0123322740542116]","[[0.40367947264953896,0.3650901591336286],[0.012978690034813351,0.01168585805291379]]","[[0.40367947264953896,0.36509015802983885],[0.012978690034813351,0.011685858087407217]]","[[0.6346036460664537,0.603496112205364],[0.11373853418562148,0.10797114891034586]]","[[1.0,1.0],[1.0,1.0]]","[[3.83943706618415,2.147514466886167],[1.670595478128504,1.2701240998727303]]","[1.0,1.0]","[3.6905969390162716,1.491177910345572]","[null,null]"
residual_simvq_k4-2_d2-2_rate047-20260723-121543,130,0.01988479,0.12553339,0.14541818,0.02024793,0.12757319,22.97955699,0.90349884,0.02024793,1,Phase3-微调,1.000000,1.00000000,7.54518830,4608,0.0703125000,0.0468750000,2.5e-05,"[0.3894288398049496,0.012277994420448387]","[0.389428840080897,0.012277994427347073]","[[0.40930747345641805,0.3695502072020813],[0.01297723412927654,0.01157875472024359]]","[[0.40930747345641805,0.3695502069813234],[0.01297723412927654,0.01157875471851892]]","[[0.6387844874903008,0.60693108814734],[0.11353264949112027,0.10733183066326159]]","[[1.0,1.0],[1.0,1.0]]","[[3.821448736720615,2.1557256023089093],[1.6542779635500025,1.264794213021243]]","[1.0,1.0]","[3.7039510369300843,1.4794263890496007]","[0.0003989938604785561,0.0001391372419237558]","[0.3960926980883987,0.01214151196181774]","[0.39609269742612485,0.01214151194802037]","[[0.4156179050604502,0.3765674884672518],[0.012946527299505692,0.01133649658963636]]","[[0.4156179050604502,0.376567487804978],[0.012946527299505692,0.011336496582737676]]","[[0.6439364715858742,0.6129254226331358],[0.11361918123783889,0.10635964351671713]]","[[1.0,1.0],[1.0,1.0]]","[[3.813610424818816,2.1578311125437417],[1.6926865718982838,1.2734927636605722]]","[1.0,1.0]","[3.699567780671296,1.5063862129493997]","[null,null]"
residual_simvq_k4-2_d2-2_rate047-20260723-121543,131,0.01987592,0.12488188,0.14475780,0.02025557,0.12048597,22.98236077,0.90475481,0.02024793,0,Phase3-微调,1.000000,1.00000000,7.42523246,4608,0.0703125000,0.0468750000,2.5e-05,"[0.38696113455074804,0.012660887178585486]","[0.3869611346059375,0.012660887169962129]","[[0.4067117033733262,0.36721056495551707],[0.013386592136144087,0.011935182233099584]]","[[0.4067117033733262,0.36721056556260145],[0.013386592136144087,0.01193518221585287]]","[[0.63684066787914,0.6050999900809041],[0.11539667211472988,0.10902792870722434]]","[[1.0,1.0],[1.0,1.0]]","[[3.829164587126838,2.15399162945924],[1.6467419430061623,1.2690240996855278]]","[1.0,1.0]","[3.6990275696471886,1.4763981333485356]","[0.0004044726354887071,0.0001523066440751319]","[0.37275102094367696,0.012804075689227493]","[0.37275102028140317,0.012804075675430121]","[[0.3923666693546154,0.35313537187046473],[0.01348787416462545,0.01212027711034925]]","[[0.3923666693546154,0.3531353705459171],[0.01348787416462545,0.012120277068957134]]","[[0.6257351676623026,0.5936206588038692],[0.11593453448127818,0.10994380613168081]]","[[1.0,1.0],[1.0,1.0]]","[[3.828861603913484,2.149123615688748],[1.641730018015261,1.2495219672167743]]","[1.0,1.0]","[3.7005715882336654,1.4651228825251261]","[null,null]"
residual_simvq_k4-2_d2-2_rate047-20260723-121543,132,0.01984445,0.12531041,0.14515486,0.02036838,0.12754092,22.95053721,0.90296330,0.02024793,0,Phase3-微调,1.000000,1.00000000,7.61646393,4608,0.0703125000,0.0468750000,2.5e-05,"[0.3881569808831921,0.012836319872143644]","[0.38815698049686576,0.012836319863520287]","[[0.40800393289989895,0.3683100285353484],[0.013557705909220709,0.012114933833341907]]","[[0.40800393289989895,0.3683100278178851],[0.013557705909220709,0.012114933821269207]]","[[0.6378593927180326,0.6060033883209581],[0.1161159659701365,0.1098370408570325]]","[[1.0,1.0],[1.0,1.0]]","[[3.8197407731303463,2.154630693682918],[1.6538365887271034,1.2732040718749718]]","[1.0,1.0]","[3.7063044755547137,1.482467277403231]","[0.00039449550272871014,0.00014626479935907777]","[0.3956132173538208,0.012517734292756629]","[0.3956132177953367,0.012517734306554]","[[0.4155137360095978,0.3757127004641074],[0.013130231056776312,0.011905237577027744]]","[[0.4155137360095978,0.3757127011263812],[0.013130231056776312,0.011905237597723802]]","[[0.6439086428395024,0.612282845709059],[0.11441023382875655,0.10898368093702528]]","[[1.0,1.0],[1.0,1.0]]","[[3.807430163136235,2.1563999387953015],[1.6362295574612087,1.2709975260275381]]","[1.0,1.0]","[3.7006934183615225,1.470549014762596]","[null,null]"
residual_simvq_k4-2_d2-2_rate047-20260723-121543,133,0.01982833,0.12657507,0.14640340,0.02085255,0.12459312,22.84904167,0.90082987,0.02024793,0,Phase3-微调,1.000000,1.00000000,7.87066607,4608,0.0703125000,0.0468750000,2.5e-05,"[0.3917592836198983,0.01328094722358165]","[0.39175928395103526,0.013280947218407635]","[[0.4115397459930844,0.3719788206948174],[0.014014230856533956,0.012547663588904672]]","[[0.4115397459930844,0.3719788214122808],[0.014014230856533956,0.012547663588904672]]","[[0.6405233776127851,0.6089208757435834],[0.11801780626453735,0.11175491159988774]]","[[1.0,1.0],[1.0,1.0]]","[[3.8227741647649696,2.154293641779158],[1.6421235481897989,1.2691249942338025]]","[1.0,1.0]","[3.7022867798805237,1.4736619077346944]","[0.00041697069189265473,0.00016107495362963097]","[0.38546636435720655,0.013231619026649882]","[0.3854663647987224,0.013231619019751195]","[[0.40529776480462815,0.3656349617022055],[0.01402760596462974,0.012435632081771338]]","[[0.40529776480462815,0.36563496192296346],[0.01402760596462974,0.01243563206107528]]","[[0.6359426312976413,0.6040142492011741],[0.11820837722884284,0.1113517956049354]]","[[1.0,1.0],[1.0,1.0]]","[[3.8366431695443612,2.147369861602783],[1.670331484300119,1.2665955278608534]]","[1.0,1.0]","[3.699168795126456,1.4896360008804888]","[null,null]"
residual_simvq_k4-2_d2-2_rate047-20260723-121543,134,0.01976780,0.12555714,0.14532495,0.02027721,0.12451716,22.97203680,0.90399798,0.02024793,0,Phase3-微调,1.000000,1.00000000,7.53658667,4608,0.0703125000,0.0468750000,2.5e-05,"[0.3890296202014994,0.012753240126012652]","[0.3890296200359309,0.012753240141534694]","[[0.40867893977297676,0.36938030024369556],[0.013501157535722962,0.012005322685258255]]","[[0.40867893977297676,0.36938029991255866],[0.013501157535722962,0.012005322695606285]]","[[0.638353775938352,0.6068546921014786],[0.11582903795772129,0.1093362789877035]]","[[1.0,1.0],[1.0,1.0]]","[[3.824364270987334,2.1514374785953096],[1.6613159206178454,1.2781683714301497]]","[1.0,1.0]","[3.7035064706095944,1.489028317840011]","[0.0004211986109482866,0.00014992732973816467]","[0.38536780299963774,0.013087110518029443]","[0.3853678036619116,0.013087110545624185]","[[0.40496891692832665,0.3657666897332227],[0.01392863145167077,0.012245589529198629]]","[[0.40496891692832665,0.36576669039549653],[0.01392863145167077,0.012245589570590742]]","[[0.635715827676985,0.6041570080651177],[0.11788348196833222,0.11055650148126814]]","[[1.0,1.0],[1.0,1.0]]","[[3.828495732060185,2.1578733603159588],[1.6216574633563006,1.2701220273971559]]","[1.0,1.0]","[3.703212872257939,1.4614686683372216]","[null,null]"
residual_simvq_k4-2_d2-2_rate047-20260723-121543,135,0.01975127,0.12622558,0.14597684,0.02091340,0.12130545,22.83294359,0.90088352,0.02024793,0,Phase3-微调,1.000000,1.00000000,7.68541420,4608,0.0703125000,0.0468750000,2.5e-05,"[0.39102019364083257,0.012901654720513358]","[0.3910201938615905,0.012901654698092629]","[[0.4107095261414846,0.3713308606986646],[0.013646953847880165,0.012156355512086991]]","[[0.4107095261414846,0.371330861305749],[0.013646953847880165,0.012156355493115606]]","[[0.6398842949558188,0.6084051797787349],[0.1164617211178497,0.11000960872129158]]","[[1.0,1.0],[1.0,1.0]]","[[3.822380021324864,2.152222936241715],[1.6571380551214572,1.2789370837035003]]","[1.0,1.0]","[3.7042319893836977,1.4868437700801425]","[0.0004168778938980756,0.0001585807063730937]","[0.37542832758691574,0.012749115198298737]","[0.3754283282491896,0.012749115212096108]","[[0.3942404435740577,0.3566162133658374],[0.013453368897791262,0.012044861471211468]]","[[0.3942404435740577,0.3566162129243215],[0.013453368897791262,0.012044861498806212]]","[[0.6271602396611814,0.5964776772039908],[0.11576615411926199,0.10955835426295245]]","[[1.0,1.0],[1.0,1.0]]","[[3.810481407024242,2.146881126474451],[1.5830713360397903,1.2680135515001085]]","[1.0,1.0]","[3.7004108517258256,1.437818494549504]","[null,null]"
residual_simvq_k4-2_d2-2_rate047-20260723-121543,136,0.01974595,0.12644052,0.14618647,0.02094651,0.11721384,22.82766390,0.89936363,0.02024793,0,Phase3-微调,1.000000,1.00000000,7.48450443,4608,0.0703125000,0.0468750000,2.5e-05,"[0.3914486305581199,0.013161027067582364]","[0.39144863072368835,0.013161027076205721]","[[0.41110563140224526,0.37179162827906787],[0.013891637770252095,0.012430416361463291]]","[[0.41110563140224526,0.3717916285550153],[0.013891637770252095,0.012430416364912633]]","[[0.6402648394858396,0.6088464558124542],[0.11752581138301779,0.11125560564299425]]","[[1.0,1.0],[1.0,1.0]]","[[3.821697712827612,2.1511876737629927],[1.6536627800376327,1.2703579946800514]]","[1.0,1.0]","[3.701702065379531,1.4811912404166327]","[0.0003947940423299938,0.00016462594097295855]","[0.36213557212441055,0.012948714651995236]","[0.3621355730074423,0.01294871464509655]","[[0.3806862857606676,0.3435848587089115],[0.013700925945131868,0.012196503282973059]]","[[0.3806862857606676,0.343584860474975],[0.013700925945131868,0.012196503303669117]]","[[0.6163299344204091,0.5855190886391534],[0.11685926892139294,0.11028993874788284]]","[[1.0,1.0],[1.0,1.0]]","[[3.820471809528492,2.1386110464731853],[1.6006853412698816,1.262548279762268]]","[1.0,1.0]","[3.7055843671162925,1.4458580061241433]","[null,null]"
residual_simvq_k4-2_d2-2_rate047-20260723-121543,137,0.01978420,0.12726285,0.14704705,0.02171667,0.12802660,22.67540758,0.89984574,0.02024793,0,Phase3-微调,1.000000,1.00000000,7.72601022,4608,0.0703125000,0.0468750000,2.5e-05,"[0.3938426974746916,0.013398408801812265]","[0.393842697750639,0.013398408801812265]","[[0.41359835852075505,0.37408703637343865],[0.014157127782150551,0.012639689785255879]]","[[0.41359835852075505,0.37408703720128095],[0.014157127782150551,0.012639689807676607]]","[[0.6422871773993527,0.6108103802910557],[0.11860740459351628,0.11215593745862996]]","[[1.0,1.0],[1.0,1.0]]","[[3.8186148524284365,2.1530480945551838],[1.6656030659322385,1.2820744044250911]]","[1.0,1.0]","[3.7077061666382685,1.4933024337998142]","[0.0004066018930946787,0.00016767402685891958]","[0.398156601411325,0.011528510351975758]","[0.39815660229435673,0.011528510324381016]","[[0.418999425790928,0.3773137792393013],[0.012347491347679386,0.010709529259690532]]","[[0.418999425790928,0.37731377990157516],[0.012347491347679386,0.010709529252791847]]","[[0.646682678770136,0.6136628989820128],[0.11100432723760605,0.10342442763072474]]","[[1.0,1.0],[1.0,1.0]]","[[3.824342609334875,2.157700271959658],[1.8350384456140023,1.3764668411678738]]","[1.0,1.0]","[3.7078845271357785,1.641885268246686]","[null,null]"
residual_simvq_k4-2_d2-2_rate047-20260723-121543,138,0.01973532,0.12655592,0.14629124,0.02063437,0.12604983,22.89722104,0.90425695,0.02024793,0,Phase3-微调,1.000000,1.00000000,7.64936412,4608,0.0703125000,0.0468750000,2.5e-05,"[0.391706025103728,0.013272925828480059]","[0.3917060253244859,0.013272925800885316]","[[0.4113047122955322,0.37210733791192374],[0.014054195227584353,0.012491656405230363]]","[[0.4113047122955322,0.3721073380223027],[0.014054195227584353,0.012491656393157663]]","[[0.6403507458942908,0.6090415600273344],[0.11817470285351629,0.1114983491047665]]","[[1.0,1.0],[1.0,1.0]]","[[3.823642234890549,2.150009195009867],[1.6793151133590274,1.2871392261098933]]","[1.0,1.0]","[3.705723018116421,1.5039974413536212]","[0.00041899496815555416,0.0001627257246750728]","[0.3903287183355402,0.013030732740406637]","[0.3903287183355402,0.013030732754204008]","[[0.4094010874077126,0.3712563490426099],[0.0137218056384612,0.012339659876845502]]","[[0.4094010874077126,0.3712563501463996],[0.0137218056384612,0.012339659890642873]]","[[0.6391157693333096,0.6086039883119089],[0.11697580676387857,0.11096887897562098]]","[[1.0,1.0],[1.0,1.0]]","[[3.823724612483272,2.1563402652740478],[1.6564635585855554,1.2893945905897353]]","[1.0,1.0]","[3.71297757713883,1.4903962682794643]","[null,null]"
residual_simvq_k4-2_d2-2_rate047-20260723-121543,139,0.01975920,0.12689715,0.14665636,0.02046036,0.12572877,22.93121759,0.90334404,0.02024793,0,Phase3-微调,1.000000,1.00000000,7.21503274,4608,0.0703125000,0.0468750000,2.5e-05,"[0.3925255657898055,0.01354532156450053]","[0.3925255662313214,0.013545321561051187]","[[0.4121976141576414,0.37285351747715917],[0.01432446811037759,0.012766174965158656]]","[[0.4121976141576414,0.3728535181946225],[0.01432446811037759,0.012766174970332672]]","[[0.6410142835643556,0.6096208141909705],[0.11927126543941322,0.11269150107271142]]","[[1.0,1.0],[1.0,1.0]]","[[3.8212012162914983,2.1492997456479954],[1.6765063069484851,1.2822099524515647]]","[1.0,1.0]","[3.708749282801593,1.5000970076631617]","[0.0004137210572446714,0.00016673890631695772]","[0.38970185319582623,0.012630210858252314]","[0.3897018525335524,0.012630210872049685]","[[0.409262313886925,0.37014139294624326],[0.013196043794353803,0.012064377991137682]]","[[0.409262313886925,0.370141390297148],[0.013196043794353803,0.012064378053225853]]","[[0.6390106024565521,0.6076876370995133],[0.11468102363524614,0.10969330364907229]]","[[1.0,1.0],[1.0,1.0]]","[[3.8197520344345657,2.1421034495035807],[1.6344286335839167,1.2445294662758155]]","[1.0,1.0]","[3.705901739332411,1.4587013995205915]","[null,null]"
residual_simvq_k4-2_d2-2_rate047-20260723-121543,140,0.01978715,0.12741683,0.14720398,0.02070964,0.12760745,22.88264392,0.90317390,0.02024793,0,Phase3-微调,1.000000,1.00000000,7.46912456,4608,0.0703125000,0.0468750000,2.5e-05,"[0.39411352690723206,0.013620315911248326]","[0.39411352668647415,0.013620315899175625]","[[0.41389131402527846,0.3743357398443752],[0.014390101959859883,0.012850529769504512]]","[[0.41389131402527846,0.37433573918210133],[0.014390101959859883,0.01285052976777984]]","[[0.6424140532811483,0.6109188168689057],[0.11963605150856353,0.11313352165398774]]","[[1.0,1.0],[1.0,1.0]]","[[3.815342402458191,2.14932610017282],[1.6796086856612453,1.2847257830478527]]","[1.0,1.0]","[3.708529176093914,1.5032531091460475]","[0.00041922065677310995,0.00015872108365160616]","[0.3946458213859134,0.01369803123590019]","[0.39464582050288166,0.013698031208305447]","[[0.4155801499331439,0.3737114932801988],[0.014595898364981015,0.012800164093021994]]","[[0.4155801499331439,0.3737114919556512],[0.014595898364981015,0.012800164058528565]]","[[0.6440078995845936,0.6106948539062783],[0.12063932749960157,0.11301227189876416]]","[[1.0,1.0],[1.0,1.0]]","[[3.7938183519575333,2.1440471525545473],[1.6494589576014766,1.3197284857432048]]","[1.0,1.0]","[3.7105032514642784,1.4987885969656485]","[null,null]"
residual_simvq_k4-2_d2-2_rate047-20260723-121543,141,0.01965447,0.12681963,0.14647410,0.02034939,0.12647405,22.95689947,0.90403303,0.02024793,0,Phase3-微调,1.000000,1.00000000,7.63490875,4608,0.0703125000,0.0468750000,2.5e-05,"[0.39196877816209086,0.013854049196190855]","[0.39196877816209086,0.013854049216886913]","[[0.4114906320969264,0.3724469248895292],[0.014636162670191239,0.013071935698045073]]","[[0.4114906320969264,0.3724469245583923],[0.014636162670191239,0.013071935734263173]]","[[0.6405724347741516,0.6093955505777289],[0.12060711178238745,0.11405980970572542]]","[[1.0,1.0],[1.0,1.0]]","[[3.8306149023550526,2.1493876496950786],[1.676730993941978,1.2868014379783912]]","[1.0,1.0]","[3.7073965386108116,1.5020770616001553]","[0.00040853474802807557,0.00017357344455309364]","[0.3914839715869338,0.013233004986411995]","[0.39148397114541794,0.013233004945019881]","[[0.4106937083933089,0.37227423124843173],[0.014266858691418612,0.012199151398683036]]","[[0.4106937083933089,0.3722742310276738],[0.014266858691418612,0.012199151329696178]]","[[0.6401339385244581,0.6094463056988186],[0.11919693588106721,0.11027734461757872]]","[[1.0,1.0],[1.0,1.0]]","[[3.8206804875974303,2.152789424966883],[1.6230512557206331,1.2694004085328845]]","[1.0,1.0]","[3.7165831318608036,1.461975845584163]","[null,null]"
residual_simvq_k4-2_d2-2_rate047-20260723-121543,142,0.01963719,0.12656039,0.14619757,0.02041321,0.12444194,22.94782117,0.90448000,0.02024793,0,Phase3-微调,1.000000,1.00000000,7.65462462,4608,0.0703125000,0.0468750000,2.5e-05,"[0.39110098243863495,0.013892257056647428]","[0.3911009818867401,0.013892257049748743]","[[0.41058871586013723,0.3716132491827011],[0.014702486945316196,0.013082027173152676]]","[[0.41058871586013723,0.3716132483548588],[0.014702486945316196,0.013082027161079977]]","[[0.6398276528826466,0.6086694137917624],[0.12085166378981538,0.11409743153662594]]","[[1.0,1.0],[1.0,1.0]]","[[3.829019430390111,2.1483448659932174],[1.685157812083209,1.2885497868061067]]","[1.0,1.0]","[3.706242745010941,1.5080902925244084]","[0.00040787524380397775,0.00016645982837804627]","[0.3861286035290471,0.012085602432489396]","[0.386128603970563,0.01208560242559071]","[[0.4054286676424521,0.36682853720806263],[0.012628557105307225,0.01154264778036762]]","[[0.4054286676424521,0.3668285378703365],[0.012628557105307225,0.01154264776657025]]","[[0.6359914823814675,0.6049479647918984],[0.11220313100903123,0.10731998168759876]]","[[1.0,1.0],[1.0,1.0]]","[[3.83661292747215,2.143734501026295],[1.7549175297772444,1.3099083299990053]]","[1.0,1.0]","[3.702132417537548,1.560963272165369]","[null,null]"
residual_simvq_k4-2_d2-2_rate047-20260723-121543,143,0.01966365,0.12733276,0.14699641,0.02026252,0.13809385,22.97535300,0.90446374,0.02024793,0,Phase3-微调,1.000000,1.00000000,7.52996006,4608,0.0703125000,0.0468750000,2.5e-05,"[0.3937070951969535,0.013757742663707447]","[0.39370709525214304,0.013757742682678832]","[[0.4133004956223347,0.3741136938885406],[0.014600325950110953,0.01291515937730394]]","[[0.4133004956223347,0.3741136939437301],[0.014600325950110953,0.012915159399724669]]","[[0.6419881245604268,0.6107680422288401],[0.12045317839969087,0.11336222143360862]]","[[1.0,1.0],[1.0,1.0]]","[[3.8241725369736,2.1476887928114996],[1.6946878091052726,1.2968382550610436]]","[1.0,1.0]","[3.7125331083933513,1.5174297467426017]","[0.0004150436306426181,0.0001629587638288083]","[0.4262974293143661,0.015602890809101088]","[0.4262974293143661,0.015602890815999772]","[[0.4471627023484972,0.40543215495568735],[0.016612521834947446,0.014593259693571815]]","[[0.4471627023484972,0.4054321556179612],[0.016612521834947446,0.014593259721166558]]","[[0.6680109584773029,0.6360634887659992],[0.12860460838785878,0.1205748439387039]]","[[1.0,1.0],[1.0,1.0]]","[[3.8174222857863813,2.157625698160242],[1.626265819867452,1.2910497727217498]]","[1.0,1.0]","[3.7147852261861165,1.4729461051799633]","[null,null]"
residual_simvq_k4-2_d2-2_rate047-20260723-121543,144,0.01961519,0.12759476,0.14720995,0.02052977,0.13593135,22.92660412,0.90506361,0.02024793,0,Phase3-微调,1.000000,1.00000000,7.39523454,4608,0.0703125000,0.0468750000,2.5e-05,"[0.3943002049017836,0.014003038820293214]","[0.3943002047362151,0.014003038844438615]","[[0.4138188889733067,0.3747815207750709],[0.014781759449936174,0.013224318209621642]]","[[0.4138188889733067,0.3747815207750709],[0.014781759449936174,0.013224318238941055]]","[[0.6424062548964112,0.611329381664594],[0.12117166130079163,0.1146974660732128]]","[[1.0,1.0],[1.0,1.0]]","[[3.820588320714456,2.1459402923230773],[1.6708889380649283,1.2886810468302832]]","[1.0,1.0]","[3.7103714090806466,1.4992395535663323]","[0.0004227473119735131,0.00016842484201333717]","[0.4185133569770389,0.01646697715062786]","[0.4185133569770389,0.016466977129931802]","[[0.43936261622994033,0.39766409308822065],[0.017566563299408665,0.015367390891468083]]","[[0.43936261622994033,0.39766409507504213],[0.017566563299408665,0.015367390877670712]]","[[0.6621292255542897,0.6299108302151716],[0.13229816119979929,0.12375826007790036]]","[[1.0,1.0],[1.0,1.0]]","[[3.843695785381176,2.1580381605360244],[1.6671375883950128,1.2796949430748268]]","[1.0,1.0]","[3.7029512811590126,1.492976474761963]","[null,null]"
residual_simvq_k4-2_d2-2_rate047-20260723-121543,145,0.01961677,0.12778567,0.14740244,0.02032870,0.12599445,22.96102812,0.90417365,0.02024793,0,Phase3-微调,1.000000,1.00000000,7.68207674,4608,0.0703125000,0.0468750000,2.5e-05,"[0.3948469082514445,0.014067232015508193]","[0.3948469086929604,0.014067232018957536]","[[0.41434632898480805,0.3753474882907338],[0.014839398838510667,0.013295065192505718]]","[[0.41434632898480805,0.3753474885666812],[0.014839398838510667,0.013295065194230389]]","[[0.6428265654378467,0.6117972770222911],[0.12143198951250977,0.1150181144889858]]","[[1.0,1.0],[1.0,1.0]]","[[3.8247234145800273,2.147437956156554],[1.6725190685855018,1.284607841350414]]","[1.0,1.0]","[3.7066184843028034,1.4986320071750217]","[0.0004259879766862098,0.00016536987689808787]","[0.38870624789485225,0.014475992232285163]","[0.3887062476740943,0.014475992252981221]","[[0.40796489671424585,0.36944759995849047],[0.015218326063067824,0.013733658429097247]]","[[0.40796489671424585,0.36944760040000635],[0.015218326063067824,0.013733658463590676]]","[[0.6380488046893367,0.6071704851256476],[0.12313621165575804,0.11700491281571211]]","[[1.0,1.0],[1.0,1.0]]","[[3.8171278512036357,2.149080002749408],[1.650503365198771,1.2943428834279378]]","[1.0,1.0]","[3.7184659675315572,1.4888564321729871]","[null,null]"
residual_simvq_k4-2_d2-2_rate047-20260723-121543,146,0.01956528,0.12777256,0.14733784,0.02016798,0.12788087,22.99431722,0.90443925,0.02016798,1,Phase3-微调,1.000000,1.00000000,7.27924462,4608,0.0703125000,0.0468750000,2.5e-05,"[0.39499960045019783,0.013872585052417384]","[0.3949996007813348,0.013872585045518698]","[[0.41434624366186285,0.37565295663144854],[0.014703074801299306,0.013042095282839405]]","[[0.41434624366186285,0.3756529564106906],[0.014703074801299306,0.01304209526559269]]","[[0.6427756412161721,0.6120001401062365],[0.12084137031601536,0.11389583750731415]]","[[1.0,1.0],[1.0,1.0]]","[[3.8178879645135666,2.1450238956345453],[1.6912619988123576,1.2989474217096963]]","[1.0,1.0]","[3.706123125994647,1.5160877603071707]","[0.00041045768181599367,0.00016772179558723077]","[0.3948077270278224,0.014411050364099167]","[0.3948077272485804,0.014411050364099167]","[[0.41419362381652547,0.37542183001836144],[0.01524077824972294,0.013581322340501679]]","[[0.41419362381652547,0.37542183001836144],[0.01524077824972294,0.013581322333602994]]","[[0.6428963740666708,0.612061697906918],[0.12322659139279966,0.11636986699369219]]","[[1.0,1.0],[1.0,1.0]]","[[3.8082435131073,2.1566755065211543],[1.7237623541443436,1.2998196072048611]]","[1.0,1.0]","[3.7107612786469635,1.5366133813504819]","[null,null]"
residual_simvq_k4-2_d2-2_rate047-20260723-121543,147,0.01958232,0.12847428,0.14805660,0.02079656,0.13464293,22.88361986,0.90522805,0.02016798,0,Phase3-微调,1.000000,1.00000000,7.58175440,4608,0.0703125000,0.0468750000,2.5e-05,"[0.39687332621327154,0.014244367213298878]","[0.3968733254406187,0.01424436723916895]","[[0.41626195013523104,0.3774847009115749],[0.01503131282688291,0.013457421608338202]]","[[0.41626195013523104,0.37748469991816413],[0.01503131282688291,0.013457421658353673]]","[[0.6442762279952013,0.6135057436095344],[0.12219577772473847,0.1157125063792423]]","[[1.0,1.0],[1.0,1.0]]","[[3.828138718340132,2.144909089141422],[1.678929786328916,1.2863839092078033]]","[1.0,1.0]","[3.7066708630985685,1.5032697247134315]","[0.0004129806371767902,0.00017091514805711255]","[0.41646075535703586,0.014396632821471602]","[0.41646075469476207,0.014396632828370289]","[[0.4373868427894734,0.39553466902838813],[0.015391324398418267,0.013401941141044652]]","[[0.4373868427894734,0.3955346677038405],[0.015391324398418267,0.013401941099652537]]","[[0.6605818002312271,0.6281632123170076],[0.12384431809186935,0.11559543030129539]]","[[1.0,1.0],[1.0,1.0]]","[[3.813812015674732,2.1563342023778844],[1.7079471385037457,1.3167903423309326]]","[1.0,1.0]","[3.7143675362622295,1.533382162341365]","[null,null]"
residual_simvq_k4-2_d2-2_rate047-20260723-121543,148,0.01958698,0.12846817,0.14805515,0.02015374,0.13407834,22.99612945,0.90493678,0.02015374,1,Phase3-微调,1.000000,1.00000000,7.67897016,4608,0.0703125000,0.0468750000,2.5e-05,"[0.3971365803921664,0.013961575040593744]","[0.3971365805025454,0.0139615750371444]","[[0.4165416160667384,0.37773154504873135],[0.0147542722247265,0.013168877885780401]]","[[0.4165416160667384,0.3777315452142998],[0.0147542722247265,0.013168877877157044]]","[[0.644452655977673,0.6136642266202856],[0.12104292740976369,0.11444009288593575]]","[[1.0,1.0],[1.0,1.0]]","[[3.8262164018772267,2.1469302751399852],[1.6914234245264972,1.2942844505663271]]","[1.0,1.0]","[3.7085549818144905,1.5143531574143303]","[0.0004221523785586383,0.000176984536456412]","[0.4163012301480329,0.012749463416360043]","[0.4163012299272749,0.012749463464650843]","[[0.43687820037206015,0.3957242590409738],[0.013447108437065725,0.012051818361160932]]","[[0.43687820037206015,0.39572425837869996],[0.013447108437065725,0.012051818464641218]]","[[0.660274871190389,0.6283929966114186],[0.11575513371714839,0.10963924676179886]]","[[1.0,1.0],[1.0,1.0]]","[[3.8226260114599158,2.1574675612979464],[1.6848695366470903,1.294643704979508]]","[1.0,1.0]","[3.7065743605295816,1.5099851096117938]","[null,null]"
residual_simvq_k4-2_d2-2_rate047-20260723-121543,149,0.01954335,0.12873697,0.14828032,0.02033606,0.11935607,22.96105025,0.90431842,0.02015374,0,Phase3-微调,1.000000,1.00000000,7.69065620,4608,0.0703125000,0.0468750000,2.5e-05,"[0.3978654673805943,0.014092843834724691]","[0.3978654674357838,0.01409284382092732]","[[0.4173173907730314,0.37841354349145184],[0.014903695193222828,0.013281992455530498]]","[[0.4173173907730314,0.3784135437673993],[0.014903695193222828,0.013281992450356484]]","[[0.6450161173387811,0.6141802297698127],[0.12171081136222239,0.11496430894842855]]","[[1.0,1.0],[1.0,1.0]]","[[3.820723079752039,2.145906200673845],[1.6928351890157771,1.2967953224976858]]","[1.0,1.0]","[3.7105686064119694,1.5162005530463325]","[0.0004230098726919904,0.0001655801336642913]","[0.36852496994866263,0.013414463731977674]","[0.36852496994866263,0.013414463745775046]","[[0.38664442190417536,0.3504055228498247],[0.014186233220001062,0.012642694140474002]]","[[0.38664442190417536,0.35040552262906677],[0.014186233220001062,0.012642694119777944]]","[[0.62106575789275,0.5912290776217425],[0.118881630787143,0.11227781816765114]]","[[1.0,1.0],[1.0,1.0]]","[[3.8158421957934343,2.124828001304909],[1.7604207312619244,1.2952375721048426]]","[1.0,1.0]","[3.7072966575622557,1.5589463384063156]","[null,null]"
residual_simvq_k4-2_d2-2_rate047-20260723-121543,150,0.01954187,0.12828708,0.14782895,0.02067687,0.12365683,22.89203751,0.90512320,0.02015374,0,Phase3-微调,1.000000,1.00000000,7.32871693,4608,0.0703125000,0.0468750000,2.5e-05,"[0.3962482727788113,0.014270380780928665]","[0.3962482730547587,0.014270380768855964]","[[0.41556254746737303,0.3769339985317654],[0.015090375283250102,0.013450386213069713]]","[[0.41556254746737303,0.3769339993596077],[0.015090375283250102,0.013450386207895699]]","[[0.6437076815852413,0.6130312161313163],[0.12246870939378385,0.11570499844297215]]","[[1.0,1.0],[1.0,1.0]]","[[3.8210622438678037,2.143645256536978],[1.6988503478191517,1.299465740610052]]","[1.0,1.0]","[3.710816467691351,1.5210519837008583]","[0.000409950157525061,0.00016703873546214675]","[0.38287567496299746,0.01282617636024952]","[0.38287567540451334,0.012826176353350833]","[[0.40248461895518833,0.36326673052929065],[0.013360556787638752,0.012291795891468171]]","[[0.40248461895518833,0.36326673185383834],[0.013360556787638752,0.012291795891468171]]","[[0.6337402551262467,0.60206304302922],[0.11538754116605829,0.11073087834649616]]","[[1.0,1.0],[1.0,1.0]]","[[3.8152963779590747,2.146871753975197],[1.7453376001781888,1.3055608405007257]]","[1.0,1.0]","[3.720813403306184,1.5529037696343881]","[null,null]"
residual_simvq_k4-2_d2-2_rate047-20260723-121543,151,0.01952485,0.12915663,0.14868148,0.02043462,0.13969936,22.95303249,0.90671011,0.02015374,0,Phase3-微调,1.000000,1.00000000,7.49599336,4608,0.0703125000,0.0468750000,2.5e-05,"[0.3988986678697445,0.014402552326727245]","[0.39889866792493395,0.014402552328451916]","[[0.41842347858128726,0.37937385671668583],[0.015206272318890249,0.013598832317317526]]","[[0.41842347858128726,0.3793738563303594],[0.015206272318890249,0.013598832317317526]]","[[0.6460135554825818,0.6151036823237384],[0.12281401335365243,0.11622783475451999]]","[[1.0,1.0],[1.0,1.0]]","[[3.827225202542764,2.145936160175889],[1.6925660259193844,1.295494979178464]]","[1.0,1.0]","[3.7168392300605775,1.5156291200055017]","[0.0004330693699119837,0.00017991766347862453]","[0.43297409326941877,0.01406386240075032]","[0.432974092386387,0.014063862428345062]","[[0.45362108526406464,0.4123271025993206],[0.015200231210501106,0.01292749352891136]]","[[0.45362108526406464,0.412327100833257],[0.015200231210501106,0.012927493577202161]]","[[0.6726870192421808,0.6413211403069673],[0.12303225177305716,0.11349909559444145]]","[[1.0,1.0],[1.0,1.0]]","[[3.8326294722380463,2.1713620327137133],[1.754848078445152,1.3276505752846046]]","[1.0,1.0]","[3.719232855902778,1.5678543152632536]","[null,null]"
residual_simvq_k4-2_d2-2_rate047-20260723-121543,152,0.01949500,0.12821374,0.14770874,0.02039292,0.11770305,22.94681883,0.90451803,0.02015374,0,Phase3-微调,1.000000,1.00000000,7.39189683,4608,0.0703125000,0.0468750000,2.5e-05,"[0.3960984669349812,0.014185503846103394]","[0.3960984669349812,0.01418550383920471]","[[0.4155287657071043,0.3766681671142578],[0.01503571132197976,0.013335296309863527]]","[[0.4155287657071043,0.37666816650717344],[0.01503571132197976,0.0133352963115882]]","[[0.6436655328229621,0.6128033033123723],[0.12221377777556579,0.11518349056994473]]","[[1.0,1.0],[1.0,1.0]]","[[3.8154646418712757,2.1446277190137795],[1.7083530145662802,1.3046039175104212]]","[1.0,1.0]","[3.715627090577726,1.5290667507383557]","[0.0004186919682305651,0.00016507460215372567]","[0.3617154439290365,0.01493430292164838]","[0.36171544304600467,0.01493430292164838]","[[0.3794704947206709,0.3439603935789179],[0.01606508540334525,0.013803520391660709]]","[[0.3794704947206709,0.3439603918128543],[0.01606508540334525,0.013803520370964651]]","[[0.6153932302086441,0.5858806702825758],[0.1264811325404379,0.11728712805995235]]","[[1.0,1.0],[1.0,1.0]]","[[3.8180252216480395,2.1314323336989793],[1.732983010786551,1.3338343143463134]]","[1.0,1.0]","[3.708774049193771,1.5561100897965607]","[null,null]"
residual_simvq_k4-2_d2-2_rate047-20260723-121543,153,0.01946010,0.12901228,0.14847239,0.02029896,0.13117846,22.96761127,0.90377949,0.02015374,0,Phase3-微调,1.000000,1.00000000,7.61212888,4608,0.0703125000,0.0468750000,2.5e-05,"[0.3985527158887298,0.0142865891068208]","[0.39855271528164543,0.014286589096472771]","[[0.41779715330512435,0.3793082779204404],[0.015119432237137248,0.013453745995475738]]","[[0.41779715330512435,0.3793082770925981],[0.015119432237137248,0.013453745957532967]]","[[0.645386967283708,0.6149146504976132],[0.1225306190688301,0.11567917877325305]]","[[1.0,1.0],[1.0,1.0]]","[[3.8293041754651953,2.143324949123241],[1.7038497662102734,1.3045290024192244]]","[1.0,1.0]","[3.712455696088296,1.5261953620998947]","[0.00041940719187281235,0.0001745716791834571]","[0.4040272604536127,0.015743806806427462]","[0.4040272604536127,0.015743806771934033]","[[0.4237889991866218,0.3842655199545401],[0.01669764453890147,0.014789969177433738]]","[[0.4237889991866218,0.38426552061681396],[0.01669764453890147,0.01478996915673768]]","[[0.6502727203898959,0.6191900915569729],[0.1289898125661744,0.12143122531749584]]","[[1.0,1.0],[1.0,1.0]]","[[3.812202027991966,2.147407390453197],[1.667866270630448,1.307109151063142]]","[1.0,1.0]","[3.72110909709224,1.5046047899458144]","[null,null]"
residual_simvq_k4-2_d2-2_rate047-20260723-121543,154,0.01945478,0.12842274,0.14787752,0.02014486,0.13497154,23.00145429,0.90461146,0.02014486,1,Phase3-微调,1.000000,1.00000000,7.28555573,4608,0.0703125000,0.0468750000,2.5e-05,"[0.39661395494584684,0.014338816272922689]","[0.39661395489065737,0.01433881627637203]","[[0.415851840045717,0.3773760697355977],[0.015184830829363179,0.013492801644045998]]","[[0.415851840045717,0.3773760703978715],[0.015184830829363179,0.013492801642321327]]","[[0.6439868229406851,0.6134517589101085],[0.12287815200785795,0.11591523354528127]]","[[1.0,1.0],[1.0,1.0]]","[[3.8201149317953322,2.143129719186712],[1.711885001703545,1.3089584540437769]]","[1.0,1.0]","[3.7154012485786723,1.5330206281609005]","[0.0004124367210789825,0.00016374565468342756]","[0.4175670968161689,0.014341838837221817]","[0.41756709703692685,0.014341838823424446]","[[0.4373864562423141,0.3977477384938134],[0.015363920921528782,0.013319756780509595]]","[[0.4373864562423141,0.3977477389353293],[0.015363920921528782,0.013319756752914852]]","[[0.6606502157670481,0.6299921477282489],[0.12373140106598536,0.11524649069265083]]","[[1.0,1.0],[1.0,1.0]]","[[3.805650582136931,2.154671010264644],[1.6896212913371897,1.2895669177726463]]","[1.0,1.0]","[3.7187154363702843,1.5108985088489675]","[null,null]"
residual_simvq_k4-2_d2-2_rate047-20260723-121543,155,0.01948060,0.12944838,0.14892898,0.02000096,0.12881237,23.03009845,0.90525183,0.02000096,1,Phase3-微调,1.000000,1.00000000,6.95042730,4608,0.0703125000,0.0468750000,2.5e-05,"[0.3994571046696769,0.014777696172327355]","[0.39945710489043484,0.014777696175776699]","[[0.4187479222814242,0.38016628578857137],[0.015640944178664573,0.013914448131496707]]","[[0.4187479222814242,0.3801662857333819],[0.015640944178664573,0.013914448136670723]]","[[0.6462051248108899,0.6156955120740113],[0.12461513243615627,0.11763547603730802]]","[[1.0,1.0],[1.0,1.0]]","[[3.824516879629206,2.1417787922753226],[1.7074726652216028,1.3062171587237605]]","[1.0,1.0]","[3.7138047836444996,1.5292004726551198]","[0.0004220921407169145,0.00017618540782172608]","[0.3968426865560037,0.015356907531343125]","[0.3968426869975196,0.015356907579633925]","[[0.417025304723669,0.3766600681675805],[0.016134933244299005,0.014578881908070157]]","[[0.417025304723669,0.3766600688298543],[0.016134933244299005,0.014578881983955702]]","[[0.6451129167168229,0.6130847877926296],[0.12673582440173184,0.12051464948389265]]","[[1.0,1.0],[1.0,1.0]]","[[3.8413870246322066,2.1426059087117513],[1.716579384273953,1.315043208334181]]","[1.0,1.0]","[3.715907105693111,1.5381037871042886]","[null,null]"
residual_simvq_k4-2_d2-2_rate047-20260723-121543,156,0.01943541,0.12829681,0.14773222,0.02037453,0.13959221,22.94889337,0.90381524,0.02000096,0,Phase3-微调,1.000000,1.00000000,7.15115223,4608,0.0703125000,0.0468750000,2.5e-05,"[0.39586309282868,0.014686696376237604]","[0.39586309288386945,0.014686696379686948]","[[0.41505977699050195,0.3766664065696575],[0.0155094801724233,0.013863912562805194]]","[[0.41505977699050195,0.37666640679041546],[0.0155094801724233,0.013863912561080521]]","[[0.6433130653919997,0.6128120324125996],[0.12412435231661355,0.11743400484599449]]","[[1.0,1.0],[1.0,1.0]]","[[3.8243347035513984,2.141431815094418],[1.6973610873575564,1.2998220911732425]]","[1.0,1.0]","[3.7118052235356083,1.5201953523688847]","[0.00042970523486642547,0.00017942860161686744]","[0.43049737369572677,0.01619769036769867]","[0.43049737369572677,0.016197690326306555]","[[0.45137210532470984,0.4096226431705334],[0.01712150668932332,0.015273873901201619]]","[[0.45137210532470984,0.40962264405356513],[0.01712150668932332,0.015273873852910819]]","[[0.6711243117297138,0.6393126885096232],[0.1305663384221218,0.12334766227889944]]","[[1.0,1.0],[1.0,1.0]]","[[3.815240971247355,2.161978177671079],[1.661231231689453,1.2779800997840034]]","[1.0,1.0]","[3.7255439405088073,1.4886398359581277]","[null,null]"
residual_simvq_k4-2_d2-2_rate047-20260723-121543,157,0.01946451,0.12937040,0.14883491,0.02037353,0.14171160,22.95607927,0.90519004,0.02000096,0,Phase3-微调,1.000000,1.00000000,7.48015481,4608,0.0703125000,0.0468750000,2.5e-05,"[0.39900718171287464,0.014978091120374975]","[0.3990071813265483,0.01497809110140359]","[[0.418471542276718,0.3795428208730839],[0.01577358341741341,0.014182598744001653]]","[[0.418471542276718,0.379542820431568],[0.01577358341741341,0.014182598709508224]]","[[0.6460421789575506,0.6152285117793966],[0.12519516071511638,0.11879930551405306]]","[[1.0,1.0],[1.0,1.0]]","[[3.81577472642616,2.1419372276023583],[1.6860097134554828,1.298902654647827]]","[1.0,1.0]","[3.7167700511437873,1.5126536420098058]","[0.000432945988480545,0.00018860548989828709]","[0.4375712869343934,0.0159058415296453]","[0.43757128605136164,0.015905841502050558]","[[0.4587935767791889,0.4163489975311138],[0.01678507032079829,0.015026612635012026]]","[[0.4587935767791889,0.4163489951027764],[0.01678507032079829,0.015026612593619912]]","[[0.6765964508056641,0.6445188924118325],[0.12917397342346332,0.12226244950736011]]","[[1.0,1.0],[1.0,1.0]]","[[3.8030060944733797,2.14913791373924],[1.668526824315389,1.3078489179964419]]","[1.0,1.0]","[3.7290036378083404,1.5053401637960364]","[null,null]"
residual_simvq_k4-2_d2-2_rate047-20260723-121543,158,0.01941719,0.12848708,0.14790427,0.02018576,0.12202169,22.99106967,0.90355379,0.02000096,0,Phase3-微调,1.000000,1.00000000,7.30675165,4608,0.0703125000,0.0468750000,2.5e-05,"[0.3962989574229276,0.014859696113745923]","[0.39629895736773807,0.014859696108571909]","[[0.41568361575956697,0.3769142985895828],[0.01566709287085191,0.014052299273855708]]","[[0.41568361575956697,0.3769142989207197],[0.01566709287085191,0.014052299266957023]]","[[0.6439253012339274,0.6131416547077674],[0.12475840148550493,0.11823714788037318]]","[[1.0,1.0],[1.0,1.0]]","[[3.816721295427393,2.142261272006565],[1.6866806836039931,1.2955268594953748]]","[1.0,1.0]","[3.7149305268570227,1.5118740726400304]","[0.00042637299443918486,0.00018136803792003774]","[0.373907693889406,0.016561725238958994]","[0.37390769411016395,0.016561725252756367]","[[0.3928087561218827,0.3550066305531396],[0.017352035593379427,0.01577141488453856]]","[[0.3928087561218827,0.3550066316569293],[0.017352035593379427,0.01577141488453856]]","[[0.6261201730480901,0.595221471786499],[0.1313491795901899,0.12525271226962406]]","[[1.0,1.0],[1.0,1.0]]","[[3.805148709261859,2.144515547928987],[1.690551918524283,1.3190910189240068]]","[1.0,1.0]","[3.7108229478200276,1.5234773732997753]","[null,null]"
residual_simvq_k4-2_d2-2_rate047-20260723-121543,159,0.01936374,0.12912956,0.14849330,0.02002705,0.13462566,23.02328934,0.90459392,0.02000096,0,Phase3-微调,1.000000,1.00000000,7.36439506,4608,0.0703125000,0.0468750000,2.5e-05,"[0.3985076653736609,0.014706915499711478]","[0.3985076653736609,0.014706915510059506]","[[0.41766024612718156,0.37935508373710847],[0.01555125211124067,0.013862578824369445]]","[[0.41766024612718156,0.37935508379229793],[0.01555125211124067,0.013862578851964187]]","[[0.6454540561746668,0.6151218629545636],[0.12426757684184445,0.11739770094001735]]","[[1.0,1.0],[1.0,1.0]]","[[3.8287848512331646,2.1409700376016123],[1.7036919704190008,1.3060601733348989]]","[1.0,1.0]","[3.7089380114166826,1.5267610335791553]","[0.0004190984163465651,0.0001796982853395295]","[0.41512682084684016,0.01567530253281196]","[0.41512682084684016,0.015675302553508016]","[[0.4349962642899266,0.39525737629996405],[0.01679515975906893,0.014555445244466817]]","[[0.4349962642899266,0.39525737629996405],[0.01679515975906893,0.014555445251365503]]","[[0.6587865697013007,0.6279627588060167],[0.12929191478976496,0.12040106819735633]]","[[1.0,1.0],[1.0,1.0]]","[[3.8188606880329274,2.1495118247138127],[1.6955639644905374,1.301786647019563]]","[1.0,1.0]","[3.720190880033705,1.5195544198707298]","[null,null]"
residual_simvq_k4-2_d2-2_rate047-20260723-121543,160,0.01937154,0.12943019,0.14880173,0.01993321,0.13609554,23.04502369,0.90586686,0.01993321,1,Phase3-微调,1.000000,1.00000000,7.46940142,4608,0.0703125000,0.0468750000,2.5e-05,"[0.3994025342994266,0.014774066418478334]","[0.3994025342994266,0.014774066430551035]","[[0.41867893674859297,0.3801261330092395],[0.015622819420295182,0.01392531339424076]]","[[0.41867893674859297,0.3801261324573446],[0.015622819420295182,0.01392531339596543]]","[[0.6461561971240574,0.6156657920943366],[0.12464152709753425,0.11774628228611417]]","[[1.0,1.0],[1.0,1.0]]","[[3.8202909195864643,2.1401430854090937],[1.7039336637214377,1.3098591124569927]]","[1.0,1.0]","[3.7164849819960417,1.5283096196474852]","[0.00041712116847823685,0.00017536860553567143]","[0.41999154444094056,0.015514173462159104]","[0.41999154377866676,0.015514173482855161]","[[0.4398850381374359,0.40009805339354054],[0.016513984112275972,0.01451436266027115]]","[[0.4398850381374359,0.40009805339354054],[0.016513984112275972,0.01451436266027115]]","[[0.662481869591607,0.6317944782751578],[0.12826384350105569,0.12027259016478503]]","[[1.0,1.0],[1.0,1.0]]","[[3.8041349040137398,2.1469112484543413],[1.6908075200186836,1.3126480120199697]]","[1.0,1.0]","[3.7271811608914978,1.520970235047517]","[null,null]"
residual_simvq_k4-2_d2-2_rate047-20260723-121543,161,0.01935009,0.12864067,0.14799076,0.01988118,0.12732243,23.05998233,0.90579537,0.01988118,1,Phase3-微调,1.000000,1.00000000,7.46462349,4608,0.0703125000,0.0468750000,2.5e-05,"[0.39683841395157354,0.014811727361477636]","[0.396838414117142,0.01481172735457895]","[[0.416026886580167,0.37764994121260115],[0.015670217880634246,0.013953236852669054]]","[[0.416026886580167,0.3776499414885486],[0.015670217880634246,0.013953236828523653]]","[[0.6441421136811928,0.6136877064351682],[0.1247970250469667,0.11784077557148757]]","[[1.0,1.0],[1.0,1.0]]","[[3.8131411879150954,2.1394724324897485],[1.7171231163872613,1.3127790841791365]]","[1.0,1.0]","[3.7166855582484493,1.537860479178252]","[0.0004243865695672058,0.0001785107425820132]","[0.39404565493265786,0.013386117811832163]","[0.3940456536081102,0.01338611778423742]","[[0.4141876428215592,0.37390366660224067],[0.014136425336753881,0.012635810238619646]]","[[0.4141876428215592,0.3739036657192089],[0.014136425336753881,0.012635810211024903]]","[[0.642902574274275,0.6108201481677867],[0.11860993283766287,0.11221902133138091]]","[[1.0,1.0],[1.0,1.0]]","[[3.817837294825801,2.1384939811847827],[1.7565411408742269,1.3123836482012714]]","[1.0,1.0]","[3.7168624877929686,1.5629913294756854]","[null,null]"
residual_simvq_k4-2_d2-2_rate047-20260723-121543,162,0.01934933,0.12913997,0.14848930,0.02070125,0.14498727,22.89256067,0.90369549,0.01988118,0,Phase3-微调,1.000000,1.00000000,7.63715931,4608,0.0703125000,0.0468750000,2.5e-05,"[0.39816749421534714,0.015080416707873896]","[0.398167494656863,0.015080416697525868]","[[0.4173942643183249,0.3789407248298327],[0.01591756513549222,0.014243268199196015]]","[[0.4173942643183249,0.37894072593362244],[0.01591756513549222,0.014243268200920688]]","[[0.6451143404951802,0.6146493995631183],[0.12565443583384708,0.11897354068027602]]","[[1.0,1.0],[1.0,1.0]]","[[3.817753473917643,2.1400360725544116],[1.7039470584304244,1.3100006465558653]]","[1.0,1.0]","[3.719772774643368,1.52844491203626]","[0.0004295732591546968,0.00018674490875296383]","[0.44370302624172636,0.02025623619556427]","[0.4437030273455161,0.020256236181766897]","[[0.4652512969794097,0.4221547524134318],[0.021797835771684294,0.01871463670912716]]","[[0.4652512969794097,0.42215475462101126],[0.021797835771684294,0.018714636702228477]]","[[0.6813678489791022,0.6490283334696735],[0.14732492610260292,0.13652126165451828]]","[[1.0,1.0],[1.0,1.0]]","[[3.7957758797539607,2.1521729522281223],[1.6863753742641874,1.3314467059241402]]","[1.0,1.0]","[3.717197956862273,1.5260211688500864]","[null,null]"
residual_simvq_k4-2_d2-2_rate047-20260723-121543,163,0.01931741,0.12930796,0.14862537,0.02022784,0.13474844,22.98033545,0.90365589,0.01988118,0,Phase3-微调,1.000000,1.00000000,7.42449973,4608,0.0703125000,0.0468750000,2.5e-05,"[0.3987899406088723,0.014995531884401486]","[0.3987899411055777,0.014995531880952142]","[[0.41791847817323824,0.3796614021062851],[0.015860397623920882,0.014130666108663988]]","[[0.41791847817323824,0.37966140343083277],[0.015860397623920882,0.014130666086243259]]","[[0.645569920539856,0.6152809073527654],[0.12544724957810507,0.11852347540358703]]","[[1.0,1.0],[1.0,1.0]]","[[3.815812317088798,2.1384453062657958],[1.7154548232202176,1.3163974642753602]]","[1.0,1.0]","[3.7172508641525552,1.5383532601374168]","[0.000442255660568157,0.00019117783636088628]","[0.4179799007044898,0.013215096343170713]","[0.4179799007044898,0.013215096356968084]","[[0.4397549627003846,0.3962048395916268],[0.013888708488256843,0.012541484260172755]]","[[0.4397549627003846,0.396204838708595],[0.013888708488256843,0.012541484246375384]]","[[0.6624171411549603,0.6287411822213067],[0.1175766267158367,0.11180371338570559]]","[[1.0,1.0],[1.0,1.0]]","[[3.8108862664964462,2.1417227745056153],[1.729415555353518,1.2970340022334346]]","[1.0,1.0]","[3.7295000323542844,1.5391459032341286]","[null,null]"
residual_simvq_k4-2_d2-2_rate047-20260723-121543,164,0.01928962,0.12903309,0.14832271,0.02072095,0.12322903,22.88072140,0.90378061,0.01988118,0,Phase3-微调,1.000000,1.00000000,7.88586711,4608,0.0703125000,0.0468750000,2.5e-05,"[0.39791491285518366,0.014990977099579242]","[0.3979149126344257,0.014990977101303912]","[[0.4169119369100641,0.37891788951776645],[0.015844903981175135,0.014137050195562618]]","[[0.4169119369100641,0.3789178886347347],[0.015844903981175135,0.014137050202461305]]","[[0.6447045746776793,0.6146019238012809],[0.12543819799191422,0.11857767034735944]]","[[1.0,1.0],[1.0,1.0]]","[[3.8203465285124603,2.1371533963415357],[1.7002214398649005,1.3105108106577839]]","[1.0,1.0]","[3.7153214132344283,1.52637723353174]","[0.00043230057678927015,0.00019193969233971008]","[0.3806490703865334,0.013683825496722151]","[0.3806490701657754,0.013683825448431351]","[[0.39743823806444806,0.36385990270861873],[0.014208186355729898,0.013159464541132803]]","[[0.39743823806444806,0.36385990248786076],[0.014208186355729898,0.01315946446524726]]","[[0.629762468956135,0.6025675579353615],[0.11897084801285356,0.11454731231486356]]","[[1.0,1.0],[1.0,1.0]]","[[3.81885350368641,2.133685742484199],[1.613180273550528,1.2611768060260349]]","[1.0,1.0]","[3.713195874955919,1.4526641739739312]","[null,null]"
residual_simvq_k4-2_d2-2_rate047-20260723-121543,165,0.01933942,0.12975584,0.14909526,0.02012483,0.12789401,23.00457031,0.90456931,0.01988118,0,Phase3-微调,1.000000,1.00000000,7.45832503,4608,0.0703125000,0.0468750000,2.5e-05,"[0.40031698401327487,0.014901703730639483]","[0.40031698401327487,0.014901703728914813]","[[0.419548172696873,0.3810857954400557],[0.01572756172951173,0.014075845655881696]]","[[0.419548172696873,0.3810857951641083],[0.01572756172951173,0.014075845655881696]]","[[0.6468593899850492,0.6164744707169356],[0.1250358021231713,0.11836786946212804]]","[[1.0,1.0],[1.0,1.0]]","[[3.814208992322286,2.138436769556116],[1.6973210740972449,1.2999324950906965]]","[1.0,1.0]","[3.71986331542333,1.5201831128862169]","[0.00043693920745647996,0.00018366788820087633]","[0.396390817783497,0.012870018315260056]","[0.3963908173419811,0.012870018315260056]","[[0.4145826028452979,0.3781990318386643],[0.013511220869366769,0.012228815705963859]]","[[0.4145826028452979,0.3781990309556325],[0.013511220869366769,0.01222881571976123]]","[[0.6431599833347179,0.6142882144009626],[0.11602205297461263,0.11043575571642981]]","[[1.0,1.0],[1.0,1.0]]","[[3.824945820702447,2.1452160976551196],[1.7614252063963147,1.2762865172492133]]","[1.0,1.0]","[3.7256582701647725,1.5523302140059294]","[null,null]"
residual_simvq_k4-2_d2-2_rate047-20260723-121543,166,0.01928160,0.12883346,0.14811505,0.01988931,0.13229078,23.05321338,0.90513123,0.01988118,0,Phase3-微调,1.000000,1.00000000,7.41297114,4608,0.0703125000,0.0468750000,2.5e-05,"[0.397654257218043,0.014612802223267931]","[0.3976542569420956,0.014612802219818588]","[[0.416731533408165,0.37857697975856286],[0.015465191154982206,0.013760413267408256]]","[[0.416731533408165,0.3785769797033734],[0.015465191154982206,0.013760413255335556]]","[[0.6446833578524767,0.6144381289128904],[0.12397536382906967,0.11701462871774479]]","[[1.0,1.0],[1.0,1.0]]","[[3.8138151848757706,2.1375123032817136],[1.7069324213045616,1.3104383437721818]]","[1.0,1.0]","[3.7163065393765766,1.530523191778748]","[0.0004228676191781199,0.00016804465179760613]","[0.4092377139462365,0.014092774716792282]","[0.40923771460851033,0.01409277468919754]","[[0.4289177397886912,0.38955768964908744],[0.014958884773982896,0.0132266646458043]]","[[0.4289177397886912,0.3895576900906033],[0.014958884773982896,0.013226664618209556]]","[[0.6542026930385165,0.6234563235883359],[0.12206454862047125,0.11484018680122164]]","[[1.0,1.0],[1.0,1.0]]","[[3.7893181023774325,2.1371556670577436],[1.7269172015013519,1.3267202818835224]]","[1.0,1.0]","[3.7156866991961444,1.5494191249211628]","[null,null]"
residual_simvq_k4-2_d2-2_rate047-20260723-121543,167,0.01928581,0.13002554,0.14931135,0.02052936,0.14243825,22.91813221,0.90510272,0.01988118,0,Phase3-微调,1.000000,1.00000000,7.54958680,4608,0.0703125000,0.0468750000,2.5e-05,"[0.4010436380902926,0.015038091813524564]","[0.40104363836624,0.015038091806625879]","[[0.4202330573289483,0.3818542179686052],[0.01590006538597798,0.014176118234172464]]","[[0.4202330573289483,0.3818542187964475],[0.01590006538597798,0.014176118225549107]]","[[0.6473519596788618,0.6170573623092086],[0.12568524728218713,0.1187587121984473]]","[[1.0,1.0],[1.0,1.0]]","[[3.8144460263075652,2.136257924415447],[1.7032342261738247,1.3126667113215835]]","[1.0,1.0]","[3.7161246878129464,1.529071721986488]","[0.000434786986793538,0.0001866743972338251]","[0.43741937058943287,0.018383032449141697]","[0.4374193712517067,0.01838303247673644]","[[0.4586548569025817,0.4161838882499271],[0.019838421626223457,0.016927643209971765]]","[[0.4586548569025817,0.4161838906782645],[0.019838421626223457,0.016927643223769134]]","[[0.6765369878874885,0.6444388508796692],[0.14057479760161154,0.12987938092814552]]","[[1.0,1.0],[1.0,1.0]]","[[3.7991438671394633,2.13744131370827],[1.6917086627748277,1.3177642327767831]]","[1.0,1.0]","[3.720052641409415,1.523628177466216]","[null,null]"
residual_simvq_k4-2_d2-2_rate047-20260723-121543,168,0.01924880,0.13075410,0.15000290,0.02004632,0.12996295,23.02120391,0.90598576,0.01988118,0,Phase3-微调,1.000000,1.00000000,7.57658814,4608,0.0703125000,0.0468750000,2.5e-05,"[0.40311574946950984,0.015297385625955132]","[0.4031157491935624,0.01529738560008506]","[[0.42220211680288666,0.3840293816946171],[0.016150877769622537,0.014443893420199553]]","[[0.42220211680288666,0.38402938152904864],[0.016150877769622537,0.014443893382256781]]","[[0.6489501791971701,0.6189013225060922],[0.12665041856191778,0.11984845094934658]]","[[1.0,1.0],[1.0,1.0]]","[[3.8170671780904133,2.1360871893388254],[1.7038601261598092,1.3099415127877836]]","[1.0,1.0]","[3.7133647675867434,1.5284252895249262]","[0.0004286929577237633,0.0001886190063335865]","[0.39858570783226577,0.017295731535112418]","[0.39858570761150786,0.01729573151441636]","[[0.4169983724753062,0.38017304142316183],[0.01836678460240364,0.016224678385036963]]","[[0.4169983724753062,0.380173040760888],[0.01836678460240364,0.016224678350543534]]","[[0.6450126961425499,0.6158667793980351],[0.13505460802051755,0.12695255069820968]]","[[1.0,1.0],[1.0,1.0]]","[[3.826518977129901,2.1298539603198017],[1.683435571635211,1.302598230044047]]","[1.0,1.0]","[3.7067683202249033,1.5123229335855555]","[null,null]"
residual_simvq_k4-2_d2-2_rate047-20260723-121543,169,0.01929263,0.13041378,0.14970641,0.02004844,0.13196214,23.02058975,0.90504775,0.01988118,0,Phase3-微调,1.000000,1.00000000,7.58730858,4608,0.0703125000,0.0468750000,2.5e-05,"[0.40195043087005616,0.015373650422595718]","[0.4019504304285403,0.015373650420871045]","[[0.4210374715703505,0.38286339050089874],[0.016242200703601595,0.014505100055356268]]","[[0.4210374715703505,0.38286338989381435],[0.016242200703601595,0.014505100060530282]]","[[0.6478522001593201,0.6177585750818253],[0.12697175790866216,0.12007758180024447]]","[[1.0,1.0],[1.0,1.0]]","[[3.8152482151985168,2.137101581361559],[1.7104559180913148,1.3122358236047957]]","[1.0,1.0]","[3.711825096607208,1.5334731576619325]","[0.0004453099963602317,0.00018944972202074564]","[0.40588913272928306,0.016389725902290257]","[0.405889133170799,0.016389725902290257]","[[0.4247069811379468,0.3870712829960717],[0.017434650128362355,0.015344801621028671]]","[[0.4247069811379468,0.3870712840998614],[0.017434650128362355,0.015344801634826042]]","[[0.6510056367626896,0.6214839988284641],[0.13173021856281492,0.12361857455085826]]","[[1.0,1.0],[1.0,1.0]]","[[3.8179548139925354,2.1411570337083603],[1.7051398595174154,1.3365945877852263]]","[1.0,1.0]","[3.7162234518263073,1.5396748216063887]","[null,null]"
residual_simvq_k4-2_d2-2_rate047-20260723-121543,170,0.01930313,0.13121492,0.15051805,0.02021920,0.13400441,22.98918328,0.90591274,0.01988118,0,Phase3-微调,1.000000,1.00000000,7.72071307,4608,0.0703125000,0.0468750000,2.5e-05,"[0.4046730198242046,0.015214711058608912]","[0.40467301965863617,0.01521471104481154]","[[0.4237575845585929,0.38558845547614273],[0.0160892965151342,0.014340125617605668]]","[[0.4237575845585929,0.3855884552553848],[0.0160892965151342,0.014340125586561583]]","[[0.6499529746947466,0.6199630527584641],[0.1263942436211639,0.1193975341954717]]","[[1.0,1.0],[1.0,1.0]]","[[3.8213159375720553,2.136965309690546],[1.7114181648801874,1.3106787301875926]]","[1.0,1.0]","[3.714206419167695,1.5336349911159939]","[0.0004312368218153198,0.00018467385531645658]","[0.41324549162829366,0.015568636944172558]","[0.4132454909660198,0.015568636930375187]","[[0.4324029050491474,0.3940880779866819],[0.016547019621012387,0.014590254246636673]]","[[0.4324029050491474,0.39408807688289216],[0.016547019621012387,0.014590254212143244]]","[[0.6568392290009393,0.6270517084333632],[0.12826154822552646,0.12051298822517749]]","[[1.0,1.0],[1.0,1.0]]","[[3.822851645504987,2.1470229749326353],[1.7075560366665876,1.3411775279928138]]","[1.0,1.0]","[3.7028569521727386,1.5430411047405668]","[null,null]"
residual_simvq_k4-2_d2-2_rate047-20260723-121543,171,0.01917458,0.12985714,0.14903172,0.02048454,0.12650062,22.92324269,0.90340112,0.01988118,0,Phase3-微调,1.000000,1.00000000,7.52247430,4608,0.0703125000,0.0468750000,2.5e-05,"[0.40015559157839525,0.015387246680135528]","[0.40015559102650045,0.015387246680135528]","[[0.41909094508047456,0.3812202371380947],[0.016295338572106428,0.014479154819208714]]","[[0.41909094508047456,0.3812202368621473],[0.016295338572106428,0.014479154808860686]]","[[0.6465192843366552,0.6165900317607103],[0.12721597005923588,0.1199997855419362]]","[[1.0,1.0],[1.0,1.0]]","[[3.8190291912467393,2.132643413102185],[1.7177229331599342,1.3188008493847316]]","[1.0,1.0]","[3.7125955917217115,1.5407361664153911]","[0.00041492729131412624,0.0001884167897178149]","[0.3865473873085446,0.018254598982080265]","[0.38654738708778663,0.018254598995877638]","[[0.40545093924910935,0.36764383757555924],[0.01947174763513936,0.017037450322122484]]","[[0.40545093924910935,0.36764383713404336],[0.01947174763513936,0.017037450342818544]]","[[0.6360658566157024,0.6056750540380125],[0.13914443574569843,0.13017143706480663]]","[[1.0,1.0],[1.0,1.0]]","[[3.8189879841274683,2.13182960263005],[1.6823571222799796,1.3153140527230722]]","[1.0,1.0]","[3.7175384645108824,1.5168679714202882]","[null,null]"
residual_simvq_k4-2_d2-2_rate047-20260723-121543,172,0.01918208,0.13033953,0.14952161,0.01984609,0.12715463,23.06413760,0.90571475,0.01984609,1,Phase3-微调,1.000000,1.00000000,7.19649755,4608,0.0703125000,0.0468750000,2.5e-05,"[0.4015570466165189,0.015529453404316747]","[0.40155704645095047,0.015529453402592076]","[[0.4205440604024463,0.38257003288578106],[0.01640987246538754,0.014649034298404499]]","[[0.4205440604024463,0.38257003238907566],[0.01640987246538754,0.014649034277708441]]","[[0.6475256431985784,0.617581879540726],[0.12767435164639243,0.12070524158577124]]","[[1.0,1.0],[1.0,1.0]]","[[3.818043506586993,2.135211248309524],[1.7115397389288303,1.3178297780178212]]","[1.0,1.0]","[3.7180698341793486,1.5364110242437434]","[0.0004336491749402032,0.0001901135281126766]","[0.3897441868428831,0.017150641577663245]","[0.3897441868428831,0.017150641591460618]","[[0.4079238913677357,0.37156448077272486],[0.018191489639381567,0.016109793412464636]]","[[0.4079238913677357,0.3715644809934828],[0.018191489639381567,0.016109793377971207]]","[[0.638002422562352,0.6088986825059961],[0.1346164216597875,0.1267289247225832]]","[[1.0,1.0],[1.0,1.0]]","[[3.8112600291216814,2.128373748284799],[1.7173970990710787,1.3373047325346206]]","[1.0,1.0]","[3.714538210409659,1.547619394019798]","[null,null]"
residual_simvq_k4-2_d2-2_rate047-20260723-121543,173,0.01918645,0.13145098,0.15063743,0.01985830,0.12632980,23.06184271,0.90547720,0.01984609,0,Phase3-微调,1.000000,1.00000000,7.39524889,4608,0.0703125000,0.0468750000,2.5e-05,"[0.40490424583355583,0.0157388960097537]","[0.40490424599912433,0.0157388960338991]","[[0.423965305255519,0.3858431856941294],[0.016613218988533372,0.014864573020625998]]","[[0.423965305255519,0.38584318608045576],[0.016613218988533372,0.014864573027524683]]","[[0.6502137659876435,0.6202705878902365],[0.12840944193303586,0.12154899218844042]]","[[1.0,1.0],[1.0,1.0]]","[[3.81749112561897,2.136881762963754],[1.7189075430234273,1.3205174209894956]]","[1.0,1.0]","[3.721556835262864,1.5421516451570723]","[0.00043045319746144945,0.00019198906624701015]","[0.3886205169889662,0.015634850812730965]","[0.38862051654745033,0.015634850840325707]","[[0.4065446542368995,0.37069637885800116],[0.01654458259128862,0.014725118896199598]]","[[0.4065446542368995,0.37069637885800116],[0.01654458259128862,0.014725118930693027]]","[[0.6369000589406049,0.6081684686519482],[0.12827617741293376,0.12107933158123935]]","[[1.0,1.0],[1.0,1.0]]","[[3.824387972443192,2.131069538328383],[1.6834226846694946,1.3215030449408072]]","[1.0,1.0]","[3.7207336125550445,1.5201007269046924]","[null,null]"
residual_simvq_k4-2_d2-2_rate047-20260723-121543,174,0.01914762,0.13102687,0.15017450,0.02025170,0.13181264,22.97857988,0.90464855,0.01984609,0,Phase3-微调,1.000000,1.00000000,7.54383956,4608,0.0703125000,0.0468750000,2.5e-05,"[0.40367943561739394,0.015606556927647303]","[0.403679435286257,0.015606556927647303]","[[0.4226887843123189,0.3846700864809531],[0.016504321107640864,0.01470879270626163]]","[[0.4226887843123189,0.3846700855979213],[0.016504321107640864,0.014708792714884988]]","[[0.6491656048430337,0.6192626870340772],[0.12805877449335876,0.12097713650652656]]","[[1.0,1.0],[1.0,1.0]]","[[3.818139050183473,2.135262877852828],[1.7222733157652397,1.3175263588075286]]","[1.0,1.0]","[3.7235131356451245,1.5430924788669305]","[0.0004358103814107987,0.00019068396979693918]","[0.40319900446467927,0.01860145444257392]","[0.40319900424392136,0.018601454366688374]","[[0.4224979058459953,0.3839001015380577],[0.01984729545397891,0.017355613493257097]]","[[0.4224979058459953,0.3839001022003315],[0.01984729545397891,0.01735561341047287]]","[[0.6492694528014572,0.6188896210105331],[0.14052594519323772,0.13143066592790462]]","[[1.0,1.0],[1.0,1.0]]","[[3.789232704374525,2.1326262385756882],[1.7244455717228078,1.3140611207043682]]","[1.0,1.0]","[3.7336698797014023,1.5426905543715865]","[null,null]"
residual_simvq_k4-2_d2-2_rate047-20260723-121543,175,0.01915336,0.13126378,0.15041714,0.02003031,0.13129898,23.02341979,0.90471013,0.01984609,0,Phase3-微调,1.000000,1.00000000,7.43909905,4608,0.0703125000,0.0468750000,2.5e-05,"[0.40441493414066454,0.01562914556340763]","[0.4044149340302856,0.015629145561682958]","[[0.4234140035730821,0.3854158639907837],[0.016550716126544608,0.014707574922660435]]","[[0.4234140035730821,0.38541586382521525],[0.016550716126544608,0.014707574936457806]]","[[0.6498422113833604,0.6199703472631949],[0.12820665750790525,0.12094465125766066]]","[[1.0,1.0],[1.0,1.0]]","[[3.8132546106974283,2.135470301575131],[1.72782890730434,1.3291170122446838]]","[1.0,1.0]","[3.7178395271301268,1.5513459128362161]","[0.0004338792782854634,0.00019474761067141553]","[0.4050614226747442,0.015095306084387833]","[0.4050614228955022,0.015095306105083889]","[[0.4248513124607228,0.38527153266800773],[0.01572099345287791,0.014469618736593812]]","[[0.4248513124607228,0.38527153553786103],[0.01572099345287791,0.014469618812479355]]","[[0.6511144978028757,0.6200315872828166],[0.12512224984389764,0.12009933993772225]]","[[1.0,1.0],[1.0,1.0]]","[[3.8186515225304496,2.1375434857827647],[1.673209630118476,1.2801577426769115]]","[1.0,1.0]","[3.7083461726153337,1.4968478988718104]","[null,null]"
residual_simvq_k4-2_d2-2_rate047-20260723-121543,176,0.01914983,0.13071800,0.14986783,0.01975621,0.12560918,23.08429105,0.90599074,0.01975621,1,Phase3-微调,1.000000,1.00000000,7.39191604,4608,0.0703125000,0.0468750000,2.5e-05,"[0.4023523053085363,0.015945299450928967]","[0.40235230525334675,0.01594529945437831]","[[0.42117669378165845,0.3835279157316243],[0.016847986841781272,0.01504261203593126]]","[[0.42117669378165845,0.38352791473821357],[0.016847986841781272,0.015042612077323375]]","[[0.6480524078563408,0.6183864841858546],[0.12933909359077614,0.12229326817172545]]","[[1.0,1.0],[1.0,1.0]]","[[3.8237488910003945,2.1332440151108636],[1.7305529514948528,1.3247053380365725]]","[1.0,1.0]","[3.712158489668811,1.551384124049434]","[0.0004393553272098803,0.00019853635399663796]","[0.38647567055843496,0.0154736938851851]","[0.38647567122070875,0.015473693864489043]","[[0.40439477275919034,0.36855656879919546],[0.01654220589057163,0.014405181948785428]]","[[0.40439477275919034,0.36855656924071134],[0.01654220589057163,0.014405181948785428]]","[[0.6352329987066764,0.6064261749938682],[0.12826264969728612,0.11976420156381748]]","[[1.0,1.0],[1.0,1.0]]","[[3.846208459359628,2.1315280243202492],[1.8021055433485242,1.3382780481267857]]","[1.0,1.0]","[3.709327404587357,1.6040050471270526]","[null,null]"
residual_simvq_k4-2_d2-2_rate047-20260723-121543,177,0.01908159,0.13090255,0.14998414,0.01986842,0.12537158,23.05992729,0.90594843,0.01975621,0,Phase3-微调,1.000000,1.00000000,7.56087380,4608,0.0703125000,0.0468750000,2.5e-05,"[0.403115402493212,0.01577276402429022]","[0.4031154029899173,0.01577276402429022]","[[0.42195967027434594,0.38427113393942514],[0.016699037643977337,0.014846490390805735]]","[[0.42195967027434594,0.38427113465688845],[0.016699037643977337,0.014846490382182378]]","[[0.6486476200598258,0.6189787677040807],[0.1287624952417833,0.12148634587173109]]","[[1.0,1.0],[1.0,1.0]]","[[3.824207191555588,2.13339918896004],[1.7286900414360895,1.330443838349095]]","[1.0,1.0]","[3.717907091864833,1.5523881797437316]","[0.00042707727202300535,0.00018524124308088276]","[0.38487398359510633,0.016315058128977263]","[0.3848739829328325,0.016315058128977263]","[[0.4027887838858145,0.3669591841874299],[0.01721875602034507,0.015411360113433114]]","[[0.4027887838858145,0.36695918308364023],[0.01721875602034507,0.015411360127230486]]","[[0.6339367363188002,0.6050790782328005],[0.13093131239767428,0.12392123755481509]]","[[1.0,1.0],[1.0,1.0]]","[[3.8192697913558393,2.126792561566388],[1.7076767983259977,1.310162044454504]]","[1.0,1.0]","[3.7097276122481735,1.5305243324350428]","[null,null]"
residual_simvq_k4-2_d2-2_rate047-20260723-121543,178,0.01909430,0.13066135,0.14975564,0.01990819,0.13980076,23.05052035,0.90515108,0.01975621,0,Phase3-微调,1.000000,1.00000000,7.50032362,4608,0.0703125000,0.0468750000,2.5e-05,"[0.40218590089568385,0.015930417918220714]","[0.40218590139238924,0.015930417895799985]","[[0.4210211360896075,0.3833506654810022],[0.01685716435485692,0.015003671438467724]]","[[0.4210211360896075,0.3833506664192235],[0.01685716435485692,0.015003671414322323]]","[[0.6479454892653006,0.6182568379022457],[0.12934471578509718,0.1221140206825954]]","[[1.0,1.0],[1.0,1.0]]","[[3.8124007516437106,2.1329815758599175],[1.731903021644663,1.3359023480503647]]","[1.0,1.0]","[3.7189007224860013,1.5567721441940026]","[0.00045018751875937194,0.00020740154180505974]","[0.43130207547435057,0.016060361714550744]","[0.43130207282525523,0.016060361686955998]","[[0.45168941970224735,0.41091473036342197],[0.016918472331707124,0.015202251090495675]]","[[0.45168941970224735,0.410914726169021],[0.016918472331707124,0.015202251083596989]]","[[0.671367840413694,0.6403324458334181],[0.12967052305186236,0.12297017210059696]]","[[1.0,1.0],[1.0,1.0]]","[[3.810984079926102,2.1477207748978224],[1.708983063697815,1.2677879095077516]]","[1.0,1.0]","[3.7245934821941233,1.5144932278880368]","[null,null]"
residual_simvq_k4-2_d2-2_rate047-20260723-121543,179,0.01904348,0.13087466,0.14991814,0.01976020,0.13005842,23.08307683,0.90625569,0.01975621,0,Phase3-微调,1.000000,1.00000000,7.57486151,4608,0.0703125000,0.0468750000,2.5e-05,"[0.40289692409612515,0.015901997207698446]","[0.4028969237649882,0.015901997207698446]","[[0.42178998986879984,0.3840038582130715],[0.016831430159854117,0.014972564200353292]]","[[0.42178998986879984,0.38400385721966074],[0.016831430159854117,0.014972564200353292]]","[[0.6485355586917312,0.6187830176618364],[0.12929674167599942,0.12202133126556873]]","[[1.0,1.0],[1.0,1.0]]","[[3.81560095416175,2.133197115968775],[1.7332721515938088,1.3346136011459209]]","[1.0,1.0]","[3.7213696497458,1.5569598078727722]","[0.00042593238850477735,0.00018701287931940493]","[0.39944960474967955,0.016737340804603366]","[0.39944960452892164,0.016737340749413878]","[[0.41767119191311025,0.38122801537866946],[0.01781360532536551,0.015661076242449105]]","[[0.41767119191311025,0.38122801537866946],[0.01781360532536551,0.015661076180360934]]","[[0.6455120029272856,0.6166986006277578],[0.13315538234180874,0.12490308748351203]]","[[1.0,1.0],[1.0,1.0]]","[[3.799883736504449,2.1387708169442634],[1.714259292461254,1.3176013628641765]]","[1.0,1.0]","[3.728092243053295,1.5376572017316466]","[null,null]"
residual_simvq_k4-2_d2-2_rate047-20260723-121543,180,0.01908182,0.13097260,0.15005442,0.02006878,0.13102643,23.01549362,0.90524249,0.01975621,0,Phase3-微调,1.000000,1.00000000,7.91366006,4608,0.0703125000,0.0468750000,2.5e-05,"[0.4030492022633553,0.016063129362063826]","[0.4030492020977868,0.016063129363788498]","[[0.42192485873345975,0.38417354496540845],[0.016980012595929482,0.015146246110951458]]","[[0.42192485873345975,0.384173545020598],[0.016980012595929482,0.015146246129922845]]","[[0.6486192377629103,0.6189045838735722],[0.12976958362592592,0.12266158152509618]]","[[1.0,1.0],[1.0,1.0]]","[[3.8117181994296887,2.132951557636261],[1.7326276893968935,1.337510069432082]]","[1.0,1.0]","[3.7223487434563816,1.5577432506614262]","[0.0004506396042954832,0.00022024069973027778]","[0.40354619224866234,0.015738392152168133]","[0.4035461931316941,0.015738392131472077]","[[0.42282120408835233,0.3842711830580676],[0.016565072163939477,0.014911712126599417]]","[[0.42282120408835233,0.3842711834995835],[0.016565072163939477,0.014911712105903361]]","[[0.6495240264468722,0.6191873245769077],[0.1283930503659778,0.12186773700846566]]","[[1.0,1.0],[1.0,1.0]]","[[3.809131230248345,2.1288385815090605],[1.706845341788398,1.3378895662449024]]","[1.0,1.0]","[3.7258423999503805,1.5412793892401235]","[null,null]"
residual_simvq_k4-2_d2-2_rate047-20260723-121543,181,0.01910101,0.13026186,0.14936287,0.01984781,0.13239039,23.06390288,0.90602993,0.01975621,0,Phase3-微调,1.000000,1.00000000,7.50969224,4608,0.0703125000,0.0468750000,2.5e-05,"[0.40101396435940706,0.015824000932345237]","[0.40101396435940706,0.015824000894402463]","[[0.41979155374897853,0.3822363756321095],[0.01678583119754438,0.014862170553317776]]","[[0.41979155374897853,0.38223637508021463],[0.01678583119754438,0.014862170525723034]]","[[0.6469524266543212,0.6173138187991248],[0.12909964422384898,0.12156147810596007]]","[[1.0,1.0],[1.0,1.0]]","[[3.8176553403889693,2.13338272218351],[1.7460211204157936,1.3439240727159711]]","[1.0,1.0]","[3.7207885362483837,1.5690326895978717]","[0.0004401217126912713,0.00019312221222746843]","[0.4075460102823045,0.01610324239289319]","[0.40754600962003074,0.01610324237909582]","[[0.4264315168062846,0.38866050287529275],[0.01703039538115263,0.015176089501215352]]","[[0.4264315168062846,0.38866050243377687],[0.01703039538115263,0.015176089459823237]]","[[0.652296945783827,0.6227286100387573],[0.13017279478134933,0.12293463205849683]]","[[1.0,1.0],[1.0,1.0]]","[[3.8229824825569434,2.1349531420954952],[1.6924410422643026,1.3450473087805288]]","[1.0,1.0]","[3.710976704844722,1.5353367116716172]","[null,null]"
residual_simvq_k4-2_d2-2_rate047-20260723-121543,182,0.01910772,0.13094099,0.15004871,0.02010940,0.14357168,23.00481403,0.90418172,0.01975621,0,Phase3-微调,1.000000,1.00000000,7.51949527,4608,0.0703125000,0.0468750000,2.5e-05,"[0.40284964055926714,0.016161527872706454]","[0.40284964066964607,0.016161527864083095]","[[0.42176111301890123,0.3839381697553175],[0.017100256577961975,0.015222799103638088]]","[[0.42176111301890123,0.3839381703624019],[0.017100256577961975,0.015222799086391374]]","[[0.6486771037181218,0.6188830599740699],[0.13032354654537306,0.12304944947913841]]","[[1.0,1.0],[1.0,1.0]]","[[3.815422156563512,2.1340318949134263],[1.729735866299382,1.3350567713931756]]","[1.0,1.0]","[3.72006376363613,1.5548033517819864]","[0.0004149963253574377,0.00019616300869529368]","[0.4418446273715408,0.0175847581760199]","[0.4418446275922987,0.01758475818981727]","[[0.46191183306552747,0.421777421898312],[0.01878569594549912,0.01638382046173016]]","[[0.46191183306552747,0.42177742256058587],[0.01878569594549912,0.01638382048242622]]","[[0.6788685003916423,0.6486899455388387],[0.1367233509266818,0.12772739286775942]]","[[1.0,1.0],[1.0,1.0]]","[[3.8189498512833207,2.144866943359375],[1.7686044021889016,1.3312986806586937]]","[1.0,1.0]","[3.722659734443382,1.5783539374669393]","[null,null]"
residual_simvq_k4-2_d2-2_rate047-20260723-121543,183,0.01907051,0.13067437,0.14974488,0.02003780,0.12953183,23.02045671,0.90433449,0.01975621,0,Phase3-微调,1.000000,1.00000000,7.66518630,4608,0.0703125000,0.0468750000,2.5e-05,"[0.4022287455421907,0.015929228345070174]","[0.4022287455973802,0.015929228324374115]","[[0.42098451438877316,0.38347297664041874],[0.016864106316050446,0.014994350349944499]]","[[0.42098451438877316,0.38347297724750307],[0.016864106316050446,0.014994350337871798]]","[[0.6479426463445027,0.6183790190352334],[0.12948259130396225,0.1221652832020212]]","[[1.0,1.0],[1.0,1.0]]","[[3.8127275661185935,2.131096749835544],[1.7325970038219733,1.3341041779076612]]","[1.0,1.0]","[3.721374871554198,1.5562789446777767]","[0.00042511268588390924,0.00018014946558145715]","[0.3997509574448621,0.014750885715087255]","[0.3997509585486518,0.014750885680593826]","[[0.4188346909152137,0.38066722375375256],[0.015599148879172626,0.013902622488913713]]","[[0.4188346909152137,0.38066722574057404],[0.015599148879172626,0.013902622399230798]]","[[0.6464626449125784,0.616287789079878],[0.12466995539488616,0.11774378247835018]]","[[1.0,1.0],[1.0,1.0]]","[[3.795908392800225,2.1265662440547235],[1.7321824930332326,1.3006414325148972]]","[1.0,1.0]","[3.7221675837481465,1.5424358835926761]","[null,null]"
residual_simvq_k4-2_d2-2_rate047-20260723-121543,184,0.01904879,0.13049811,0.14954690,0.01975371,0.13432901,23.08428851,0.90687364,0.01975371,1,Phase3-微调,1.000000,1.00000000,7.39271564,4608,0.0703125000,0.0468750000,2.5e-05,"[0.4014947058977904,0.016099246627547675]","[0.4014947056770325,0.016099246662041104]","[[0.4202243078638006,0.38276510376621176],[0.017049542567865165,0.015148950654461427]]","[[0.4202243078638006,0.3827651035454538],[0.017049542567865165,0.015148950685505513]]","[[0.6472641545313376,0.6177175365112446],[0.13016213755364772,0.12277638719037727]]","[[1.0,1.0],[1.0,1.0]]","[[3.816568131800051,2.129392111742938],[1.7392390575673846,1.3411799183598272]]","[1.0,1.0]","[3.720833724957925,1.563392272039696]","[0.00044143783791999644,0.00019773556475262955]","[0.4150402636439712,0.01481257915082905]","[0.41504026386472914,0.014812579137031679]","[[0.43379385934935677,0.39628666551024827],[0.015938469429534894,0.013686688858325835]]","[[0.43379385934935677,0.3962866657310062],[0.015938469429534894,0.013686688816933721]]","[[0.6578908390469022,0.6287946754031711],[0.12591104833064257,0.11675773754164025]]","[[1.0,1.0],[1.0,1.0]]","[[3.841513400607639,2.121810718818947],[1.802423976968836,1.3595819535078826]]","[1.0,1.0]","[3.7094870143466525,1.6124240204139992]","[null,null]"
residual_simvq_k4-2_d2-2_rate047-20260723-121543,185,0.01895121,0.13119469,0.15014590,0.02003620,0.12170559,23.01948587,0.90549796,0.01975371,0,Phase3-微调,1.000000,1.00000000,7.54735833,4608,0.0703125000,0.0468750000,2.5e-05,"[0.40385239858318256,0.015970610120092276]","[0.4038523981416667,0.01597061012354162]","[[0.422468654093919,0.3852361426309303],[0.016937109305419855,0.015004110955460757]]","[[0.422468654093919,0.3852361421342249],[0.016937109305419855,0.015004110953736084]]","[[0.6490722832856355,0.6197904054765349],[0.1296794209767271,0.12213484184057624]]","[[1.0,1.0],[1.0,1.0]]","[[3.8151136645564327,2.1287305098992806],[1.7393253204999146,1.341729708512624]]","[1.0,1.0]","[3.7218777775764464,1.5638170772128634]","[0.0004224712060089654,0.00019138028970297052]","[0.37384181486235724,0.01561606495330731]","[0.37384181486235724,0.015616064980902053]","[[0.3910834561895441,0.3566001730936545],[0.01674140435815961,0.014490725527758952]]","[[0.3910834561895441,0.35660017243138065],[0.01674140435815961,0.01449072551396158]]","[[0.6246418599729184,0.5964622117854931],[0.12908873326248593,0.12014263724839246]]","[[1.0,1.0],[1.0,1.0]]","[[3.823056913305212,2.1194740666283503],[1.7574326276779175,1.3069168276256986]]","[1.0,1.0]","[3.719862471686469,1.5614193307028876]","[null,null]"
residual_simvq_k4-2_d2-2_rate047-20260723-121543,186,0.01897452,0.13111440,0.15008892,0.01977129,0.13080887,23.07996401,0.90549390,0.01975371,0,Phase3-微调,1.000000,1.00000000,7.56457112,4608,0.0703125000,0.0468750000,2.5e-05,"[0.40341453745409295,0.016151539225959115]","[0.4034145377300404,0.01615153924665517]","[[0.4221453725187867,0.38468370354837844],[0.01711797927402788,0.015185099145121596]]","[[0.4221453725187867,0.38468370415546277],[0.01711797927402788,0.015185099167542324]]","[[0.648852311792197,0.6193746984004974],[0.13038828008704714,0.1228825574533807]]","[[1.0,1.0],[1.0,1.0]]","[[3.805448582878819,2.130492705769009],[1.748012501001358,1.34578974865101]]","[1.0,1.0]","[3.7226608607504104,1.5710206976643315]","[0.00043673407492827174,0.00020796259873181785]","[0.4005444608352802,0.018043923653938154]","[0.4005444610560382,0.018043923667735523]","[[0.4197685568420975,0.38132036482846293],[0.01923425395593599,0.016853593476116657]]","[[0.4197685568420975,0.38132036526997887],[0.01923425395593599,0.016853593483015343]]","[[0.6471714558424773,0.6168134049133018],[0.1383865816725625,0.1295707612125962]]","[[1.0,1.0],[1.0,1.0]]","[[3.782160160276625,2.135837791584156],[1.7086138204292014,1.3474526749716864]]","[1.0,1.0]","[3.7300571671238654,1.5462806304295857]","[null,null]"
residual_simvq_k4-2_d2-2_rate047-20260723-121543,187,0.01896660,0.13085141,0.14981801,0.01996747,0.13626332,23.04201304,0.90667389,0.01975371,0,Phase3-微调,1.000000,1.00000000,7.16610869,4608,0.0703125000,0.0468750000,2.5e-05,"[0.40211193280087576,0.01661258108775925]","[0.4021119323041704,0.016612581072237204]","[[0.4207579391422095,0.38346592640435256],[0.017578841435412565,0.01564632070216316]]","[[0.4207579391422095,0.38346592563169973],[0.017578841435412565,0.015646320707337173]]","[[0.6476922966815807,0.6183002966421621],[0.13205869029517528,0.12468123039989559]]","[[1.0,1.0],[1.0,1.0]]","[[3.811574215359158,2.1283833569950525],[1.7356097665097978,1.3433536463313633]]","[1.0,1.0]","[3.7212262365553115,1.562048206064436]","[0.00044390116155328645,0.00020914327572056748]","[0.41952002644538877,0.016522595624404925]","[0.4195200271076626,0.016522595624404925]","[[0.4392637111522533,0.3997763417385243],[0.01733929302405428,0.0157058981626674]]","[[0.4392637111522533,0.3997763417385243],[0.01733929302405428,0.015705898148870027]]","[[0.6620508079175595,0.6315797355439928],[0.13138864934444427,0.12508265878315325]]","[[1.0,1.0],[1.0,1.0]]","[[3.804746588954219,2.1440139805829084],[1.731471562385559,1.3603843167976097]]","[1.0,1.0]","[3.728886189284148,1.5659072363818134]","[null,null]"
residual_simvq_k4-2_d2-2_rate047-20260723-121543,188,0.01898071,0.13166001,0.15064072,0.02016984,0.13632194,22.99609397,0.90608988,0.01975371,0,Phase3-微调,1.000000,1.00000000,7.61770391,4608,0.0703125000,0.0468750000,2.5e-05,"[0.4048584098065341,0.01645361798884416]","[0.4048584100824815,0.01645361798711949]","[[0.42357823688674856,0.38613858333340395],[0.017403634963557124,0.015503600986536454]]","[[0.42357823688674856,0.38613858333340395],[0.017403634963557124,0.015503601007232512]]","[[0.6498891909917196,0.6204763463249913],[0.131402954445393,0.12411581294404136]]","[[1.0,1.0],[1.0,1.0]]","[[3.812242672619996,2.131816249865073],[1.7367747852095852,1.337318894598219]]","[1.0,1.0]","[3.719341187123899,1.5603445326840435]","[0.0004350632945446436,0.00020992280815335107]","[0.41994549036026,0.01628471473576846]","[0.41994549013950205,0.016284714756464518]","[[0.43996576997968884,0.39992521206537884],[0.017322543477294623,0.015246885932154126]]","[[0.43996576997968884,0.39992521162386296],[0.017322543477294623,0.01524688597354624]]","[[0.6626498094311467,0.6317705225061487],[0.13133231693947756,0.12325900886897688]]","[[1.0,1.0],[1.0,1.0]]","[[3.8085615511293764,2.138977250346431],[1.7707107014126249,1.348531338903639]]","[1.0,1.0]","[3.716958266717416,1.5865499452308371]","[null,null]"
residual_simvq_k4-2_d2-2_rate047-20260723-121543,189,0.01893910,0.13168791,0.15062701,0.02116128,0.13697961,22.80290145,0.90461186,0.01975371,0,Phase3-微调,1.000000,1.00000000,7.76893449,4608,0.0703125000,0.0468750000,2.5e-05,"[0.404395147882126,0.017006164627080714]","[0.40439514760617856,0.0170061646219067]","[[0.4230274091164271,0.38576288708934076],[0.017956926747811613,0.016055402556365287]]","[[0.4230274091164271,0.3857628867030144],[0.017956926747811613,0.016055402528770545]]","[[0.6495175002901642,0.6202261390509429],[0.1334574098802275,0.12626672974891132]]","[[1.0,1.0],[1.0,1.0]]","[[3.81463941777194,2.130215796717891],[1.7437884072462717,1.342093571468636]]","[1.0,1.0]","[3.717444963366897,1.5666595834272878]","[0.00042565448139039627,0.00020630719337464985]","[0.4199403495700271,0.018394404863593755]","[0.4199403502323009,0.018394404835999013]","[[0.4385332970707505,0.40134740427688315],[0.019851099616951414,0.01693771008954004]]","[[0.4385332970707505,0.40134740427688315],[0.019851099616951414,0.01693771012403347]]","[[0.6615076095969589,0.6328397084165502],[0.14050998577365167,0.1298250088537181]]","[[1.0,1.0],[1.0,1.0]]","[[3.8513205475277372,2.129670914897212],[1.849364949155737,1.365837984614902]]","[1.0,1.0]","[3.6887368007942483,1.648638712035285]","[null,null]"
residual_simvq_k4-2_d2-2_rate047-20260723-121543,190,0.01898080,0.13118559,0.15016639,0.02040654,0.13152243,22.96174747,0.90636477,0.01975371,0,Phase3-微调,1.000000,1.00000000,7.43564887,4608,0.0703125000,0.0468750000,2.5e-05,"[0.402789844903681,0.017004044190118157]","[0.4027898450692495,0.017004044184944143]","[[0.4214186343329924,0.3841610545913378],[0.017973928029338518,0.016034160375043197]]","[[0.4214186343329924,0.38416105525361166],[0.017973928029338518,0.016034160387115897]]","[[0.6482258064879312,0.618880937938337],[0.13361044556454377,0.1262692613458192]]","[[1.0,1.0],[1.0,1.0]]","[[3.8108351323339673,2.12701964908176],[1.742470771074295,1.3452686066980715]]","[1.0,1.0]","[3.7199653448881924,1.5672956462259646]","[0.0004355851460584543,0.00020842163801683422]","[0.4048132865517228,0.01605849089445891]","[0.4048132865517228,0.016058490873762855]","[[0.4237008055051168,0.3859257662737811],[0.017046570777893066,0.015070410969632643]]","[[0.4237008055051168,0.3859257662737811],[0.017046570777893066,0.0150704109903287]]","[[0.6502258702560707,0.620558312645665],[0.13031706992122863,0.12257133788532681]]","[[1.0,1.0],[1.0,1.0]]","[[3.7971556946083354,2.1369209695745397],[1.7867655374385691,1.34629273502915]]","[1.0,1.0]","[3.719636235413728,1.5963937397356387]","[null,null]"
residual_simvq_k4-2_d2-2_rate047-20260723-121543,191,0.01887939,0.13152513,0.15040452,0.01964830,0.13458157,23.10738638,0.90662016,0.01964830,1,Phase3-微调,1.000000,1.00000000,7.63643521,4608,0.0703125000,0.0468750000,2.5e-05,"[0.4038500013726729,0.01703041249851662]","[0.40385000153824135,0.01703041250196596]","[[0.42245133375680005,0.38524867014752495],[0.0180508216360101,0.016010003378269848]]","[[0.42245133375680005,0.385248669926767],[0.0180508216360101,0.016010003383443862]]","[[0.6490381148126391,0.6197832406670959],[0.13379708088382528,0.1260891495893399]]","[[1.0,1.0],[1.0,1.0]]","[[3.806318771397626,2.126982857121362],[1.761600559508359,1.3578837765587701]]","[1.0,1.0]","[3.7203757559811628,1.5847872314629732]","[0.00043882154703304104,0.00021115997496289545]","[0.4099186345382973,0.020742386503628005]","[0.40991863520057115,0.020742386503628005]","[[0.4278330003773725,0.3920042704652857],[0.02225049196018113,0.019234280881506426]]","[[0.4278330003773725,0.39200427134831745],[0.02225049196018113,0.019234280819418255]]","[[0.6533420107982777,0.625376777737229],[0.14864950974782307,0.1382519844505522]]","[[1.0,1.0],[1.0,1.0]]","[[3.787502915770919,2.1214727331090857],[1.7696894486745198,1.3918907933764988]]","[1.0,1.0]","[3.72739413579305,1.6030573394563463]","[null,null]"
residual_simvq_k4-2_d2-2_rate047-20260723-121543,192,0.01897843,0.13257931,0.15155775,0.01962122,0.13993197,23.11624182,0.90707211,0.01962122,1,Phase3-微调,1.000000,1.00000000,7.43077270,4608,0.0703125000,0.0468750000,2.5e-05,"[0.4068671777292534,0.017386623732400713]","[0.40686717767406394,0.017386623725502027]","[[0.4257000966204537,0.3880342575686949],[0.018368193824534064,0.016405053507467664]]","[[0.4257000966204537,0.38803425762388444],[0.018368193824534064,0.016405053507467664]]","[[0.6515924087277165,0.6220834934049182],[0.1349614952173498,0.12762366162130126]]","[[1.0,1.0],[1.0,1.0]]","[[3.802540455482624,2.1302425896679913],[1.7487198730309805,1.3493414214363804]]","[1.0,1.0]","[3.726384495805811,1.572983098692364]","[0.00045526003994853924,0.00021769296975064748]","[0.43100433482064143,0.01677796940008799]","[0.4310043343791255,0.01677796942078405]","[[0.4504852723192286,0.4115234019579711],[0.01779641404196068,0.015759524709924505]]","[[0.4504852723192286,0.41152340019190753],[0.01779641404196068,0.015759524723721875]]","[[0.6704804910553827,0.6408221651006628],[0.13301622387435702,0.1252413014018977]]","[[1.0,1.0],[1.0,1.0]]","[[3.8021095752716065,2.1441870442143194],[1.8015361618112635,1.3900026506847805]]","[1.0,1.0]","[3.7328044114289463,1.6234820268772268]","[null,null]"
residual_simvq_k4-2_d2-2_rate047-20260723-121543,193,0.01890368,0.13203725,0.15094093,0.01966617,0.13220237,23.10655314,0.90715302,0.01962122,0,Phase3-微调,1.000000,1.00000000,7.50554527,4608,0.0703125000,0.0468750000,2.5e-05,"[0.4056423380970955,0.016876850834254314]","[0.4056423382074745,0.016876850822181613]","[[0.42426920191005424,0.38701547378743134],[0.01787684830940432,0.015876853212507234]]","[[0.42426920191005424,0.387015473401105],[0.01787684830940432,0.015876853191811178]]","[[0.6503782539455979,0.6211408009131749],[0.13315281859702535,0.12556348785206123]]","[[1.0,1.0],[1.0,1.0]]","[[3.817802150161178,2.1296672198507522],[1.7596293581856621,1.3581088514239699]]","[1.0,1.0]","[3.719014519232291,1.5834963683728818]","[0.000443425145742906,0.00020790236225770462]","[0.40708696488980894,0.01596060893325894]","[0.40708696511056686,0.015960608926360254]","[[0.4263865848382314,0.38778734803199766],[0.016643199076255163,0.015278018859249573]]","[[0.4263865848382314,0.38778734803199766],[0.016643199076255163,0.01527801881785746]]","[[0.6522664679421319,0.6220232597103825],[0.1286978915333748,0.12334750460253821]]","[[1.0,1.0],[1.0,1.0]]","[[3.7933992544809976,2.1220098513144032],[1.7620797598803486,1.3542301919725206]]","[1.0,1.0]","[3.7329067671740495,1.583098460126806]","[null,null]"
residual_simvq_k4-2_d2-2_rate047-20260723-121543,194,0.01880936,0.13163904,0.15044841,0.02000958,0.13105970,23.03596452,0.90746427,0.01962122,0,Phase3-微调,1.000000,1.00000000,7.39903987,4608,0.0703125000,0.0468750000,2.5e-05,"[0.4040500494617003,0.017194882606121675]","[0.40405004973764774,0.017194882606121675]","[[0.42252471535294145,0.3855753822459115],[0.01819591433223751,0.016193850878281173]]","[[0.42252471535294145,0.38557538246666945],[0.01819591433223751,0.016193850866208472]]","[[0.6490190854778997,0.6199632498953077],[0.13429896442426575,0.1267967698612699]]","[[1.0,1.0],[1.0,1.0]]","[[3.8154928432570565,2.1269148036285683],[1.754410414342527,1.357133600005397]]","[1.0,1.0]","[3.7195639967918397,1.5795594259544654]","[0.0004467594340288391,0.0002234648712820436]","[0.4047147967197277,0.014676234132989689]","[0.4047147973820015,0.014676234132989689]","[[0.42346903218163384,0.3859605610370636],[0.015233748806295572,0.014118719411393007]]","[[0.42346903218163384,0.38596056192009537],[0.015233748806295572,0.01411871940449432]]","[[0.6500752890551532,0.6206131762928433],[0.12315388840657693,0.11860950892722165]]","[[1.0,1.0],[1.0,1.0]]","[[3.8175110958240652,2.126840598494918],[1.7597379189950448,1.3548233438421178]]","[1.0,1.0]","[3.716885538454409,1.5817690036914966]","[null,null]"
residual_simvq_k4-2_d2-2_rate047-20260723-121543,195,0.01884389,0.13217424,0.15101813,0.01968690,0.12968476,23.10156446,0.90722665,0.01962122,0,Phase3-微调,1.000000,1.00000000,7.65249031,4608,0.0703125000,0.0468750000,2.5e-05,"[0.4059693147738775,0.016988260892254334]","[0.40596931471868797,0.01698826088708032]","[[0.42448966298942215,0.3874489670550382],[0.01800744524570527,0.015969076523281358]]","[[0.42448966298942215,0.3874489668894697],[0.01800744524570527,0.015969076554325445]]","[[0.6506409981736431,0.621578762487129],[0.13360929813373973,0.12592439770146652]]","[[1.0,1.0],[1.0,1.0]]","[[3.815318011796033,2.12742746980102],[1.760579456002624,1.3608059150201304]]","[1.0,1.0]","[3.720737067416862,1.5851490762498643]","[0.00045129017148779155,0.00022181329423902853]","[0.39880108215190746,0.016190146303011313]","[0.3988010814896336,0.016190146296112626]","[[0.4168528916659179,0.380749272858655],[0.01721440005219645,0.015165892457244572]]","[[0.4168528916659179,0.38074927241713913],[0.01721440005219645,0.015165892388257716]]","[[0.6448965417014227,0.6163326824152912],[0.13090901325146356,0.12293597901308978]]","[[1.0,1.0],[1.0,1.0]]","[[3.8130161373703566,2.123777989987974],[1.822644700827422,1.3865462135385584]]","[1.0,1.0]","[3.7116630218647146,1.6369325275774356]","[null,null]"
residual_simvq_k4-2_d2-2_rate047-20260723-121543,196,0.01888362,0.13245033,0.15133395,0.01994905,0.13485591,23.04093234,0.90507453,0.01962122,0,Phase3-微调,1.000000,1.00000000,7.46333716,4608,0.0703125000,0.0468750000,2.5e-05,"[0.40633324136336646,0.01750781043018732]","[0.4063332417496928,0.01750781045778206]","[[0.4249608625416402,0.3877056207369875],[0.018516879644313897,0.01649874125400351]]","[[0.4249608625416402,0.38770562051622953],[0.018516879644313897,0.01649874127814891]]","[[0.6509536309374704,0.6217430407250369],[0.13540143505842597,0.12790406027601825]]","[[1.0,1.0],[1.0,1.0]]","[[3.8071943088814066,2.1287353458227933],[1.7581984029875861,1.3577094225971786]]","[1.0,1.0]","[3.7221556182260866,1.5822596450646718]","[0.00044870400042445574,0.00021242039852209188]","[0.41555193861325584,0.015986964430797983]","[0.4155519390547717,0.015986964444595353]","[[0.43506244111944126,0.3960414347825227],[0.01680051364970428,0.015173415087715343]]","[[0.43506244111944126,0.3960414363278283],[0.01680051364970428,0.01517341509461403]]","[[0.6588659017174332,0.6286100648067615],[0.12931914975245792,0.12294811065550204]]","[[1.0,1.0],[1.0,1.0]]","[[3.775518030590481,2.1346025149027508],[1.7453246116638184,1.367032449333756]]","[1.0,1.0]","[3.725706102229931,1.5774300857826515]","[null,null]"
residual_simvq_k4-2_d2-2_rate047-20260723-121543,197,0.01880297,0.13215816,0.15096113,0.01964880,0.13360966,23.10857823,0.90621904,0.01962122,0,Phase3-微调,1.000000,1.00000000,7.60771568,4608,0.0703125000,0.0468750000,2.5e-05,"[0.4054145732411632,0.01749153378488565]","[0.40541457335154213,0.017491533807306378]","[[0.4238346349861887,0.3869945111098113],[0.018462691480224884,0.016520376037806272]]","[[0.4238346349861887,0.3869945115513272],[0.018462691480224884,0.016520376065401014]]","[[0.6501000508114144,0.6211834282786758],[0.13528270524133135,0.12804481246405178]]","[[1.0,1.0],[1.0,1.0]]","[[3.816834248436822,2.127129395802816],[1.7543586728749452,1.3564655800660452]]","[1.0,1.0]","[3.7197448712808114,1.5793257931868234]","[0.0004404474494178969,0.00022297179753810202]","[0.4119712449886181,0.015579651565187508]","[0.4119712449886181,0.015579651523795392]","[[0.4307685946976697,0.39317389594184027],[0.01640609982251017,0.014753203314763529]]","[[0.4307685946976697,0.3931738966041141],[0.01640609982251017,0.014753203294067471]]","[[0.6555545842206036,0.6262819630128366],[0.12778437579119648,0.1212338509383025]]","[[1.0,1.0],[1.0,1.0]]","[[3.7954753663804794,2.1224236470681648],[1.7730455230783533,1.3563488333313554]]","[1.0,1.0]","[3.7209541267818875,1.5911930640538534]","[null,null]"
residual_simvq_k4-2_d2-2_rate047-20260723-121543,198,0.01884496,0.13212732,0.15097227,0.01964239,0.13431904,23.11120858,0.90668108,0.01962122,0,Phase3-微调,1.000000,1.00000000,7.51953120,4608,0.0703125000,0.0468750000,2.5e-05,"[0.40559773527913623,0.017209674142025136]","[0.4055977359414101,0.017209674152373164]","[[0.42411245725773,0.387083013134974],[0.01823972219221846,0.016179626038366996]]","[[0.42411245725773,0.3870830136316794],[0.01823972219221846,0.01617962604009167]]","[[0.6502358769928968,0.6211830791499879],[0.1346042885410565,0.1268425125076815]]","[[1.0,1.0],[1.0,1.0]]","[[3.8021642896864147,2.126297135706301],[1.7687009822439264,1.3635086233969087]]","[1.0,1.0]","[3.724263341338546,1.5915610894008918]","[0.0004452216904879875,0.0001993412643666185]","[0.41196096120057285,0.01785997262707463]","[0.41196096120057285,0.017859972675365432]","[[0.4313676008471736,0.3925543208916982],[0.01901776674720976,0.016702178465547383]]","[[0.4313676008471736,0.3925543213332141],[0.01901776674720976,0.016702178486243443]]","[[0.6560778909259373,0.6258556670612759],[0.1374972137588042,0.12887345419989693]]","[[1.0,1.0],[1.0,1.0]]","[[3.793066821274934,2.131899780697293],[1.7748795350392659,1.3515948330914533]]","[1.0,1.0]","[3.735383787861577,1.5905498698905662]","[null,null]"
residual_simvq_k4-2_d2-2_rate047-20260723-121543,199,0.01881284,0.13150247,0.15031530,0.01987968,0.13505559,23.06421977,0.90695295,0.01962122,0,Phase3-微调,1.000000,1.00000000,8.00323667,4608,0.0703125000,0.0468750000,2.5e-05,"[0.4034901910358005,0.017317697976681368]","[0.4034901919188323,0.017317697980130713]","[[0.42203656203216977,0.38494382031537866],[0.018363449838081445,0.016271946053193122]]","[[0.42203656203216977,0.3849438211984105],[0.018363449838081445,0.016271946035946408]]","[[0.6488246334923639,0.6196370258375451],[0.1349585956859368,0.12709530884468997]]","[[1.0,1.0],[1.0,1.0]]","[[3.8113138989165978,2.1255182950584977],[1.7732181134047331,1.3670764415352432]]","[1.0,1.0]","[3.7207085375432616,1.596064175279052]","[0.0004433003908532016,0.00020628655888012197]","[0.41610651038311147,0.016071384876138635]","[0.4161065101623535,0.016071384910632064]","[[0.4358051708451024,0.3964078490380888],[0.016967702111988156,0.015175067591998312]]","[[0.4358051708451024,0.39640784837581494],[0.016967702111988156,0.015175067633390427]]","[[0.6593818284847118,0.628856212121469],[0.12997802015807894,0.12297680499377074]]","[[1.0,1.0],[1.0,1.0]]","[[3.803232835840296,2.126760920771846],[1.7904887075777407,1.393704836456864]]","[1.0,1.0]","[3.714987279750683,1.617451337531761]","[null,null]"
residual_simvq_k4-2_d2-2_rate047-20260723-121543,200,0.01884606,0.13213813,0.15098418,0.01987087,0.13290720,23.06552631,0.90700028,0.01962122,0,Phase3-微调,1.000000,1.00000000,7.45273452,4608,0.0703125000,0.0468750000,1.25e-05,"[0.40501077285519355,0.01783123254534547]","[0.40501077307595146,0.017831232571215543]","[[0.42341844820313984,0.3866030984454685],[0.018903991462731803,0.01675847358139301]]","[[0.42341844820313984,0.3866030988317949],[0.018903991462731803,0.016758473586567024]]","[[0.6497256349634242,0.6208144638273451],[0.13694505179645838,0.1290113830594001]]","[[1.0,1.0],[1.0,1.0]]","[[3.806893915600247,2.1250878232496757],[1.772334204338215,1.3672503394109232]]","[1.0,1.0]","[3.717734255614104,1.5954870692005865]","[0.00045503207915721254,0.00021916032309390074]","[0.40598374119511355,0.019319306251903375]","[0.4059837403120818,0.019319306238106005]","[[0.42475451827049254,0.3872129687556514],[0.02059264260309714,0.01804596994900041]]","[[0.42475451827049254,0.3872129680933776],[0.02059264260309714,0.01804596992140567]]","[[0.6510185135735406,0.6215726441807217],[0.14322821028806546,0.13409191767374676]]","[[1.0,1.0],[1.0,1.0]]","[[3.818691787013301,2.1230084737141928],[1.7074931418454204,1.3592212862438626]]","[1.0,1.0]","[3.7180339177449544,1.5504583243970518]","[null,null]"
