run_id,epoch,train_recon,train_vq,train_total,val_recon,val_vq,val_psnr,val_ms_ssim,best_val_recon,is_best,phase,channel_prob,channel_usage_ratio,mean_channel_snr,source_bits_per_image,source_bpp,transmission_ratio,learning_rate,train_rq_codebook_loss_per_scale,train_rq_commitment_loss_per_scale,train_rq_codebook_per_depth,train_rq_commitment_per_depth,train_rq_residual_norm_per_depth,train_rq_usage_per_depth,train_rq_perplexity_per_depth,train_rq_aggregate_usage_per_scale,train_rq_aggregate_perplexity_per_scale,train_rq_projection_grad_norm_per_scale,val_rq_codebook_loss_per_scale,val_rq_commitment_loss_per_scale,val_rq_codebook_per_depth,val_rq_commitment_per_depth,val_rq_residual_norm_per_depth,val_rq_usage_per_depth,val_rq_perplexity_per_depth,val_rq_aggregate_usage_per_scale,val_rq_aggregate_perplexity_per_scale,val_rq_projection_grad_norm_per_scale
stagewise_residual_simvq_k8x2-2x2_rate047-20260729-233115,1,0.70782247,0.14995696,0.85777942,0.11311324,0.08102454,16.42319550,0.74046016,0.11311324,1,Phase1-拓荒,0.000000,0.00000000,,4608,0.0703125000,0.0468750000,5e-05,"[0.39918848289935677,0.04033688974256317]","[0.3991884823474619,0.04033688981499937]","[[0.42712238426837656,0.37125457888124164],[0.045278439312069506,0.035395340134251725]]","[[0.42712238426837656,0.37125457863288897],[0.045278439312069506,0.035395340185991865]]","[[0.6308749144827878,0.5874292617594754],[0.19191806928979027,0.16181065470532136]]","[[0.9939814814814815,1.0],[0.9981481481481481,1.0]]","[[5.157788813997198,1.9783334169122908],[1.9499714524657639,1.9509569580908175]]","[0.9951851851851852,0.9990740740740741]","[6.330233645880663,3.8996425641907586]","[0.003343602859725555,0.0011955008675242965]","[0.22946352373670648,0.014907504542282334]","[0.22946352373670648,0.01490750458367445]","[[0.2458329568306605,0.21309408821441508],[0.01972955267324492,0.010085456187112464]]","[[0.2458329568306605,0.21309408810403613],[0.01972955267324492,0.010085456207808522]]","[[0.49542830718888176,0.4611640859533239],[0.1402321680828377,0.10019700665164877]]","[[1.0,1.0],[1.0,1.0]]","[[6.3920448974326805,1.9679240023648297],[1.9754175230308815,1.9957343490035446]]","[1.0,1.0]","[7.091813532511393,3.9710586724457917]","[null,null]"
stagewise_residual_simvq_k8x2-2x2_rate047-20260729-233115,2,0.06534646,0.05908541,0.12443187,0.04928039,0.05329475,19.10928890,0.81187392,0.04928039,1,Phase1-拓荒,0.000000,0.00000000,,4608,0.0703125000,0.0468750000,5e-05,"[0.1620724720535455,0.01350041822426849]","[0.16207247201215338,0.013500418231167176]","[[0.17373113077547814,0.15041381301427328],[0.018412528359503657,0.008588308029532157]]","[[0.17373113077547814,0.15041381298667855],[0.018412528359503657,0.008588308011423107]]","[[0.4157071217894554,0.3866587745370688],[0.1351789796931876,0.09214041313087498]]","[[1.0,1.0],[1.0,1.0]]","[[7.037472546542133,1.98857993417316],[1.9853949010372163,1.9913857457814392]]","[1.0,1.0]","[7.479496841077451,3.9766805507518628]","[0.0008882509551498245,0.00032514928372822597]","[0.14357419361670812,0.013484509730780567]","[0.1435741933407607,0.013484509737679251]","[[0.15529111093944972,0.13185727623877702],[0.01875134209791819,0.008217677208422512]]","[[0.15529111093944972,0.13185727574207165],[0.01875134209791819,0.008217677194625139]]","[[0.3938542028268178,0.3628852528554422],[0.13683011206211868,0.090539016381458]]","[[1.0,1.0],[1.0,1.0]]","[[7.323698785569933,1.9861693558869538],[1.9933026287290785,1.9946840665958545]]","[1.0,1.0]","[7.627465262236418,3.987975085223163]","[null,null]"
stagewise_residual_simvq_k8x2-2x2_rate047-20260729-233115,3,0.05271126,0.05301745,0.10572871,0.03926297,0.04919203,20.10016639,0.83345132,0.03926297,1,Phase1-拓荒,0.000000,0.00000000,,4608,0.0703125000,0.0468750000,5e-05,"[0.14427536982629036,0.012690231824914614]","[0.14427536975730348,0.012690231823189943]","[[0.15783479565547573,0.13071594414887605],[0.017972125451046008,0.007408338098752278]]","[[0.15783479565547573,0.13071594405229445],[0.017972125451046008,0.007408338092715928]]","[[0.3966800837053193,0.3608920270094165],[0.13355211190603397,0.0856279809165884]]","[[1.0,1.0],[1.0,1.0]]","[[7.244111216509784,1.9943014966117012],[1.9913860881770098,1.993638046141024]]","[1.0,1.0]","[7.601191943663138,3.9849905844087954]","[0.0006140280803837985,0.00028364115868397574]","[0.13269868680724392,0.012357900153707574]","[0.13269868675205443,0.012357900153707574]","[[0.14581814606984456,0.11957922737907481],[0.017711016294304972,0.007004783826845664]]","[[0.14581814606984456,0.11957922743426429],[0.017711016294304972,0.00700478382339632]]","[[0.38161394044204994,0.34554595307067587],[0.13300429577076878,0.08361542539464104]]","[[1.0,1.0],[1.0,1.0]]","[[7.209795075875742,1.9919445232108788],[1.9922439416249593,1.997963100892526]]","[1.0,1.0]","[7.578883238191958,3.990192989066795]","[null,null]"
stagewise_residual_simvq_k8x2-2x2_rate047-20260729-233115,4,0.04921715,0.05024338,0.09946053,0.05167753,0.05442120,18.95413107,0.80388900,0.03926297,0,Phase1-拓荒,0.000000,0.00000000,,4608,0.0703125000,0.0468750000,5e-05,"[0.13292021247799748,0.013929305311844305]","[0.13292021229863166,0.013929305317018319]","[[0.1462004406998555,0.11963998356627094],[0.02013470248008768,0.007723908013388238]]","[[0.1462004406998555,0.11963998349728408],[0.02013470248008768,0.007723908018562253]]","[[0.38176526289295265,0.34528716250702185],[0.14145776343842348,0.08744240764666486]]","[[1.0,1.0],[1.0,1.0]]","[[7.181975414134838,1.983126371436649],[1.9939063955236365,1.9950605531533558]]","[1.0,1.0]","[7.547263951654787,3.9889444126023186]","[0.0005089012102635698,0.0002660790411364697]","[0.1440039427192123,0.015071952743110833]","[0.1440039427192123,0.015071952743110833]","[[0.158628382175057,0.1293795038152624],[0.022397544786885933,0.007746360630348876]]","[[0.158628382175057,0.12937950364969394],[0.022397544786885933,0.007746360637247563]]","[[0.39801785371921683,0.3594510427227727],[0.14961652435638287,0.08798057536284129]]","[[1.0,1.0],[1.0,1.0]]","[[7.279280754371926,1.976232992278205],[1.9740609689995094,1.9788302147829975]]","[1.0,1.0]","[7.585161632961697,3.9528419936144794]","[null,null]"
stagewise_residual_simvq_k8x2-2x2_rate047-20260729-233115,5,0.04468035,0.05097684,0.09565718,0.03816741,0.04857138,20.30233704,0.84840718,0.03816741,1,Phase1-拓荒,0.000000,0.00000000,,4608,0.0703125000,0.0468750000,5e-05,"[0.13370448461285345,0.014710694272071122]","[0.13370448484740877,0.014710694287593166]","[[0.14846578153471152,0.11894318715289787],[0.021506191371008752,0.00791519708086357]]","[[0.14846578153471152,0.11894318745644004],[0.021506191371008752,0.007915197073964885]]","[[0.3847918971821114,0.3444003305501408],[0.1463479427965703,0.08869461944257771]]","[[1.0,1.0],[1.0,1.0]]","[[7.266527336615103,1.9746565569330146],[1.9931776000393762,1.9948832540600387]]","[1.0,1.0]","[7.5753517080236366,3.988044707421903]","[0.00047012611582801956,0.0002899163937130382]","[0.13138590300524677,0.012021263026528888]","[0.13138590295005728,0.012021263019630203]","[[0.1464703307107643,0.11630147369923415],[0.017817821519242393,0.006224704326854812]]","[[0.1464703307107643,0.11630147364404467],[0.017817821519242393,0.006224704309608097]]","[[0.38248812291357254,0.34083287053638034],[0.1334130029435511,0.07885138469713705]]","[[1.0,1.0],[1.0,1.0]]","[[7.277196258968777,1.970853473522045],[1.9938266551053083,1.9964968884432757]]","[1.0,1.0]","[7.573803537863272,3.990314167517203]","[null,null]"
stagewise_residual_simvq_k8x2-2x2_rate047-20260729-233115,6,0.04070985,0.05013424,0.09084409,0.03229477,0.04890248,21.02938255,0.86440595,0.03229477,1,Phase1-拓荒,0.000000,0.00000000,,4608,0.0703125000,0.0468750000,5e-05,"[0.13253586857959077,0.013946851868941276]","[0.13253586877275397,0.013946851884463318]","[[0.14838056150409912,0.11669117540672973],[0.020482821070968552,0.0074108825686077275]]","[[0.14838056150409912,0.11669117546191922],[0.020482821070968552,0.007410882593615464]]","[[0.3847937611518083,0.3412202089473053],[0.14273292622356504,0.0857120500670539]]","[[1.0,1.0],[1.0,1.0]]","[[7.273044584415577,1.9909008767869738],[1.9926505892365067,1.9957542988989088]]","[1.0,1.0]","[7.609976361416004,3.9883855828532466]","[0.00039889994597480704,0.0002724434859744549]","[0.13202380863604724,0.012232069277928935]","[0.13202380841528927,0.012232069284827621]","[[0.14829073068168427,0.11575688548662044],[0.018101719076986666,0.0063624192512145746]]","[[0.14829073068168427,0.11575688532105198],[0.018101719076986666,0.006362419258113261]]","[[0.3848809681556843,0.34004113696239613],[0.13449381711306396,0.07972878449492984]]","[[1.0,1.0],[1.0,1.0]]","[[7.283259847429064,1.99825896775281],[1.9942458788553874,1.9928722637671012]]","[1.0,1.0]","[7.629505023249873,3.9871092319488524]","[null,null]"
stagewise_residual_simvq_k8x2-2x2_rate047-20260729-233115,7,0.03850553,0.05043207,0.08893759,0.03246309,0.05003966,21.04537971,0.86668124,0.03229477,0,Phase1-拓荒,0.000000,0.00000000,,4608,0.0703125000,0.0468750000,5e-05,"[0.1341976934009128,0.013592457883404912]","[0.1341976934561023,0.013592457890303599]","[[0.15055389229070257,0.11784149391783608],[0.019919306246770754,0.0072656093467095935]]","[[0.15055389229070257,0.11784149398682293],[0.019919306246770754,0.007265609351021272]]","[[0.38760219740646856,0.3429012808534834],[0.14071756219146428,0.08481005610967124]]","[[1.0,1.0],[1.0,1.0]]","[[7.285562986797757,1.996093079999641],[1.9930271276721248,1.995244719364025]]","[1.0,1.0]","[7.626513858194705,3.9882575423629194]","[0.00038673021217282104,0.0002632820615501798]","[0.13747888621356752,0.01132400986497049]","[0.1374788863239465,0.011324009899463918]","[[0.15478164045899004,0.12017613169219758],[0.016919702250096532,0.005728317348769417]]","[[0.15478164045899004,0.12017613196814501],[0.016919702250096532,0.005728317372914817]]","[[0.39320026018001414,0.34646474321683246],[0.13003158111263205,0.07565577273015622]]","[[1.0,1.0],[1.0,1.0]]","[[7.2993917959707755,1.9942420597429629],[1.9888137296394066,1.9960431257883708]]","[1.0,1.0]","[7.630305329075566,3.984832821951972]","[null,null]"
stagewise_residual_simvq_k8x2-2x2_rate047-20260729-233115,8,0.03640442,0.05137433,0.08777874,0.02815210,0.05882723,21.57517398,0.87755263,0.02815210,1,Phase1-拓荒,0.000000,0.00000000,,4608,0.0703125000,0.0468750000,5e-05,"[0.13788735565763932,0.013255247268480834]","[0.13788735580941042,0.01325524727365485]","[[0.15414122955666648,0.12163348120671731],[0.019400026450899464,0.007110467944639149]]","[[0.15414122955666648,0.12163348133089366],[0.019400026450899464,0.007110467954124841]]","[[0.39224616934855777,0.34842973047936404],[0.13895952122079003,0.08401106329703772]]","[[1.0,1.0],[1.0,1.0]]","[[7.275156534159625,1.9957551340262094],[1.9932198546550892,1.9959329885465127]]","[1.0,1.0]","[7.6204552800567065,3.9891392213326915]","[0.0003596519307056614,0.00023785213233403973]","[0.14590115778976018,0.021172993740549793]","[0.14590115790013913,0.021172993685360308]","[[0.16253717089140857,0.1292651433635641],[0.029889434313884487,0.012456552898166356]]","[[0.16253717089140857,0.12926514352913257],[0.029889434313884487,0.012456552849875556]]","[[0.40290839385103294,0.3592974731215724],[0.172805764608913,0.1115046246736138]]","[[1.0,1.0],[1.0,1.0]]","[[7.313491044221101,1.9983162615034316],[1.9921017505504466,1.997640077273051]]","[1.0,1.0]","[7.645498996310764,3.9897282618063468]","[null,null]"
stagewise_residual_simvq_k8x2-2x2_rate047-20260729-233115,9,0.03553924,0.05387530,0.08941453,0.03498054,0.06179139,20.76041991,0.86628170,0.02815210,0,Phase1-拓荒,0.000000,0.00000000,,4608,0.0703125000,0.0468750000,5e-05,"[0.14505359486297326,0.013673674920573831]","[0.14505359480778376,0.013673674929197188]","[[0.16109167690630313,0.12901551186762475],[0.019900461579500525,0.0074468881253980925]]","[[0.16109167690630313,0.12901551181243526],[0.019900461579500525,0.007446888118499407]]","[[0.40092678014878874,0.3587824913638609],[0.14073859333164163,0.08596484255459573]]","[[1.0,1.0],[1.0,1.0]]","[[7.275469399381567,1.9964593450228374],[1.9933696534898546,1.9955650685010133]]","[1.0,1.0]","[7.6219225936465795,3.988920791502352]","[0.00035993821304011227,0.000257432781250423]","[0.1744348875902317,0.011648784253608298]","[0.17443488781098967,0.011648784274304354]","[[0.1916451268725925,0.15722464957722912],[0.01707124418268601,0.006226324165860812]]","[[0.1916451268725925,0.15722464957722912],[0.01707124418268601,0.00622632417620884]]","[[0.4374673993499191,0.3961959253858637],[0.13059907875679158,0.0788713585999277]]","[[1.0,1.0],[1.0,1.0]]","[[7.362044302622477,1.9951199778804072],[1.9821201147856535,1.994134893240752]]","[1.0,1.0]","[7.664742653458207,3.9762101032115793]","[null,null]"
stagewise_residual_simvq_k8x2-2x2_rate047-20260729-233115,10,0.03475545,0.05588631,0.09064176,0.02826085,0.05445575,21.55019554,0.87666912,0.02815210,0,Phase1-拓荒,0.000000,0.00000000,,4608,0.0703125000,0.0468750000,5e-05,"[0.15138969818751016,0.013723240085636024]","[0.15138969806333383,0.01372324008218668]","[[0.1671613695996779,0.13561802677534246],[0.01982761196343711,0.007618868036230129]]","[[0.1671613695996779,0.1356180265959766],[0.01982761196343711,0.007618868038817136]]","[[0.4084119981637708,0.36784840176502864],[0.14039395027966411,0.086829898878932]]","[[1.0,1.0],[1.0,1.0]]","[[7.26055776807997,1.99547278130496],[1.9935087009712502,1.9957934079346833]]","[1.0,1.0]","[7.612237453460693,3.989290424629494]","[0.0003511676949360494,0.0002540111453156526]","[0.1462789966000451,0.013989701556662718]","[0.14627899648966614,0.013989701549764033]","[[0.1616027781256923,0.13095521617818762],[0.020152854726270392,0.007826548235283958]]","[[0.1616027781256923,0.13095521612299812],[0.020152854726270392,0.007826548242182643]]","[[0.40175814827283224,0.36165536796605147],[0.14191212322976854,0.08841022705590283]]","[[1.0,1.0],[1.0,1.0]]","[[7.261736173982974,1.9977413989879467],[1.995641588281702,1.9963171049400612]]","[1.0,1.0]","[7.617314854374638,3.991953664355808]","[null,null]"
stagewise_residual_simvq_k8x2-2x2_rate047-20260729-233115,11,0.03417200,0.05787073,0.09204274,0.02725344,0.05934473,21.72186610,0.88254194,0.02725344,1,Phase1-拓荒,0.000000,0.00000000,,4608,0.0703125000,0.0468750000,5e-05,"[0.15743812201199708,0.013874114397913218]","[0.15743812184642864,0.01387411437549249]","[[0.17303906314902837,0.14183717996433928],[0.019827079262446475,0.007921149370398511]]","[[0.17303906314902837,0.14183717986775768],[0.019827079262446475,0.007921149361775154]]","[[0.41551481987591143,0.37615961300002204],[0.14035546830682843,0.08845440708100796]]","[[1.0,1.0],[1.0,1.0]]","[[7.252615395298711,1.9953269141691703],[1.9943809220084439,1.9957453202318263]]","[1.0,1.0]","[7.607807519700792,3.990114266784103]","[0.00036018047089951495,0.0002656392637517355]","[0.16412979629304675,0.012886662298330555]","[0.16412979618266776,0.01288666231902661]","[[0.1797362165318595,0.14852337605423396],[0.018521155582533942,0.007252168751977108]]","[[0.1797362165318595,0.14852337616461295],[0.018521155582533942,0.007252168772673166]]","[[0.4236906131108602,0.38514034505243655],[0.13604136572943792,0.08509890238444011]]","[[1.0,1.0],[1.0,1.0]]","[[7.239687580532498,1.9977158087271232],[1.995645601661117,1.9980600975177907]]","[1.0,1.0]","[7.605669763353136,3.9937010023328994]","[null,null]"
stagewise_residual_simvq_k8x2-2x2_rate047-20260729-233115,12,0.03300698,0.06001565,0.09302263,0.03578084,0.05643365,20.52118203,0.86372939,0.02725344,0,Phase1-拓荒,0.000000,0.00000000,,4608,0.0703125000,0.0468750000,5e-05,"[0.16455401247022328,0.013748028286284318]","[0.16455401258060226,0.013748028291458334]","[[0.1798767972599577,0.1492312268526466],[0.019601609404371292,0.007894447080239102]]","[[0.1798767972599577,0.14923122710099926],[0.019601609404371292,0.007894447081101437]]","[[0.4236132194046621,0.38580789058296766],[0.13967375272402058,0.08846488505325935]]","[[1.0,1.0],[1.0,1.0]]","[[7.247822815400583,1.995826362018232],[1.9942829743579582,1.9964523375034333]]","[1.0,1.0]","[7.606245930106551,3.990721281369527]","[0.0003427025741850095,0.0002334926397048144]","[0.15445252292686037,0.013067570887506008]","[0.15445252314761834,0.013067570908202066]","[[0.16893180619787287,0.13997324031812172],[0.018800564813945028,0.007334576764454444]]","[[0.16893180619787287,0.13997324064925865],[0.018800564813945028,0.007334576785150502]]","[[0.4107586242534496,0.37388753604005887],[0.13707987897925908,0.0856030785927066]]","[[1.0,1.0],[1.0,1.0]]","[[7.1587422724123355,1.9973488004119309],[1.9879447583799008,1.9894316770412304]]","[1.0,1.0]","[7.5622756922686545,3.977360139069734]","[null,null]"
stagewise_residual_simvq_k8x2-2x2_rate047-20260729-233115,13,0.03214986,0.06282443,0.09497429,0.02917573,0.06529021,21.42220375,0.88459892,0.02725344,0,Phase1-拓荒,0.000000,0.00000000,,4608,0.0703125000,0.0468750000,5e-05,"[0.1730317283835676,0.014003224063802649]","[0.17303172832837813,0.014003224060353306]","[[0.18813118760784467,0.15793226906270894],[0.019796256900385573,0.008210191137536809]]","[[0.18813118760784467,0.15793226909030367],[0.019796256900385573,0.008210191132362795]]","[[0.43324742333756555,0.3969133479727639],[0.14031113609671592,0.09017743560726996]]","[[1.0,1.0],[1.0,1.0]]","[[7.236794167977792,1.9961548493968115],[1.9943072374220248,1.9967266835548259]]","[1.0,1.0]","[7.601145032600121,3.9910235819993196]","[0.000339735736121872,0.00024833298459809694]","[0.1827230296753071,0.013102817866537306]","[0.1827230295649281,0.013102817880334678]","[[0.19774301548798878,0.16770304474565717],[0.018607290792796348,0.007598344771260464]]","[[0.19774301548798878,0.1677030438626254],[0.018607290792796348,0.007598344795405864]]","[[0.4443757803351791,0.40920035110579595],[0.1363686909278234,0.08712773538298077]]","[[1.0,1.0],[1.0,1.0]]","[[7.277339094656485,1.9975751152745],[1.991061649499116,1.9965085992106686]]","[1.0,1.0]","[7.625190445228859,3.9875548751265915]","[null,null]"
stagewise_residual_simvq_k8x2-2x2_rate047-20260729-233115,14,0.03132223,0.06550022,0.09682245,0.02555044,0.06689244,21.97188085,0.88816244,0.02555044,1,Phase1-拓荒,0.000000,0.00000000,,4608,0.0703125000,0.0468750000,5e-05,"[0.18143750335331316,0.014081602910947469]","[0.18143750335331316,0.01408160292474484]","[[0.19636123392868926,0.166513773109074],[0.01984406385432791,0.008319141913239878]]","[[0.19636123392868926,0.1665137730538845],[0.01984406385432791,0.008319141928761922]]","[[0.44253711529352047,0.40746455203603815],[0.14052300609096333,0.09082084556144697]]","[[1.0,1.0],[1.0,1.0]]","[[7.232772126904241,1.9958259838598746],[1.9950621156780808,1.9966624873655814]]","[1.0,1.0]","[7.5983863512674965,3.991717340769591]","[0.00033906131898725614,0.0002384915767093103]","[0.1864577461172033,0.013799032768993465]","[0.1864577461172033,0.013799032789689523]","[[0.2015397607176392,0.17137573339320994],[0.019461936020740755,0.008136129358576404]]","[[0.2015397607176392,0.17137573306207304],[0.019461936020740755,0.00813612938962049]]","[[0.44861800736851165,0.4136599372934412],[0.1394514709711075,0.09013151620273237]]","[[1.0,1.0],[1.0,1.0]]","[[7.241488227137813,1.9926312331800107],[1.9959436849311547,1.9986717683297617]]","[1.0,1.0]","[7.596971091517696,3.9946101630175557]","[null,null]"
stagewise_residual_simvq_k8x2-2x2_rate047-20260729-233115,15,0.03076919,0.06835669,0.09912588,0.03067013,0.08474405,21.28939264,0.88016113,0.02555044,0,Phase1-拓荒,0.000000,0.00000000,,4608,0.0703125000,0.0468750000,5e-05,"[0.18890764001342986,0.014916880663346361]","[0.18890763998583512,0.014916880671969718]","[[0.20360826369788912,0.17420701597023894],[0.020850685347492497,0.008983075855886218]]","[[0.20360826369788912,0.1742070163289706],[0.020850685347492497,0.008983075874857605]]","[[0.45061535680735554,0.41674229949712754],[0.14392171757364713,0.0942089064805596]]","[[1.0,1.0],[1.0,1.0]]","[[7.227376700330663,1.997093325411832],[1.993870132057755,1.9968798529218745]]","[1.0,1.0]","[7.597908562201041,3.9907383848119666]","[0.00033713819465009255,0.00025685895282179076]","[0.23491656647788153,0.018132198153546563]","[0.2349165670297764,0.018132198188039992]","[[0.25021172485969684,0.2196214078753083],[0.024089383016581888,0.012175013007665122]]","[[0.25021172485969684,0.21962140886871903],[0.024089383016581888,0.012175013090449351]]","[[0.49944749033009567,0.46780100773881983],[0.15492964409015797,0.1096399966765333]]","[[1.0,1.0],[1.0,1.0]]","[[7.284917107334843,1.9984227825094152],[1.995134381894712,1.998371868663364]]","[1.0,1.0]","[7.6307244654055,3.9934998936123316]","[null,null]"
stagewise_residual_simvq_k8x2-2x2_rate047-20260729-233115,16,0.03045478,0.07040063,0.10085541,0.02585937,0.07116240,21.90932125,0.88418431,0.02555044,0,Phase1-拓荒,0.000000,0.00000000,,4608,0.0703125000,0.0468750000,5e-05,"[0.19405740353244322,0.015612313894692946]","[0.1940574032013063,0.01561231392401236]","[[0.20857424013040685,0.17954056668612692],[0.0216998021652991,0.009524825504222127]]","[[0.20857424013040685,0.17954056624461104],[0.0216998021652991,0.00952482554388957]]","[[0.45608756183474153,0.42309322506189345],[0.14689610069272696,0.09710120340740239]]","[[1.0,1.0],[1.0,1.0]]","[[7.233807916994448,1.997168774516494],[1.9943392894886158,1.996696350088826]]","[1.0,1.0]","[7.6014674451616076,3.9910278368879246]","[0.00034132353159495527,0.0002587078292385235]","[0.19506886413803806,0.01632540855832674]","[0.1950688640276591,0.01632540854452937]","[[0.20912516558611835,0.18101256147578912],[0.022522369096124612,0.010128447972238063]]","[[0.20912516558611835,0.18101256180692601],[0.022522369096124612,0.010128447986035436]]","[[0.4566651103673158,0.4247629013326433],[0.1499386257595486,0.10031614480195222]]","[[1.0,1.0],[1.0,1.0]]","[[7.20059390951086,1.998363404803806],[1.9938953205391212,1.9959436725687099]]","[1.0,1.0]","[7.586307804672806,3.98983277214898]","[null,null]"
stagewise_residual_simvq_k8x2-2x2_rate047-20260729-233115,17,0.02966182,0.07286271,0.10252453,0.02583772,0.07787927,21.92266762,0.88870779,0.02555044,0,Phase1-拓荒,0.000000,0.00000000,,4608,0.0703125000,0.0468750000,5e-05,"[0.20182630450085356,0.015667186523960146]","[0.20182630463882728,0.015667186513612114]","[[0.21615210843307,0.18750050120331624],[0.02178848585355337,0.009545887071052911]]","[[0.21615210843307,0.18750050158964263],[0.02178848585355337,0.009545887068465904]]","[[0.46423387119063625,0.43230102641714946],[0.1472505857685098,0.0972872739036878]]","[[1.0,1.0],[1.0,1.0]]","[[7.242236741383871,1.9976500021086798],[1.9942133960900483,1.996856892991949]]","[1.0,1.0]","[7.606791443294949,3.9910610728793676]","[0.00033204168791632616,0.00024636121630060694]","[0.22352487433839727,0.01284439809344433]","[0.22352487444877625,0.012844398114140386]","[[0.2387429502275255,0.2083067971247214],[0.01812321494712874,0.007565581136279636]]","[[0.2387429502275255,0.2083067978973742],[0.01812321494712874,0.007565581150077007]]","[[0.48825174901220536,0.4560396752975605],[0.13456140960808152,0.08691548958972649]]","[[1.0,1.0],[1.0,1.0]]","[[7.309629256637008,1.9977874473289208],[1.9907816206967388,1.9984589718006276]]","[1.0,1.0]","[7.6424866358439125,3.9892187754313153]","[null,null]"
stagewise_residual_simvq_k8x2-2x2_rate047-20260729-233115,18,0.02927817,0.07480735,0.10408552,0.02444360,0.07623826,22.15760319,0.89084752,0.02444360,1,Phase1-拓荒,0.000000,0.00000000,,4608,0.0703125000,0.0468750000,5e-05,"[0.2076965346104569,0.015843490718139543]","[0.2076965347484306,0.015843490697443487]","[[0.22189064547419549,0.19350242341558138],[0.021941925523181756,0.009745055847559815]]","[[0.22189064547419549,0.19350242382950253],[0.021941925523181756,0.009745055847559815]]","[[0.4703656186108236,0.4391820319272854],[0.14768296590557806,0.09816580676922092]]","[[1.0,1.0],[1.0,1.0]]","[[7.256201231038129,1.9974564675931576],[1.9941806515057883,1.9969891122093908]]","[1.0,1.0]","[7.613788084630613,3.9911619164325574]","[0.0003337462297673078,0.00026020841317033583]","[0.21825112877068698,0.01285565053285272]","[0.21825112910182387,0.01285565053285272]","[[0.23283654042968044,0.20366571810510423],[0.01806565537634823,0.007645645478947295]]","[[0.23283654042968044,0.20366571755320936],[0.01806565537634823,0.007645645478947295]]","[[0.482163722426803,0.45091506088221517],[0.1343556652466456,0.08738785297782332]]","[[1.0,1.0],[1.0,1.0]]","[[7.309893971902353,1.9968204145078305],[1.9899594103848492,1.9986003707956386]]","[1.0,1.0]","[7.640803372418439,3.9885327498118084]","[null,null]"
stagewise_residual_simvq_k8x2-2x2_rate047-20260729-233115,19,0.02874611,0.07636298,0.10510908,0.02387690,0.08455275,22.27304558,0.89622456,0.02387690,1,Phase1-拓荒,0.000000,0.00000000,,4608,0.0703125000,0.0468750000,5e-05,"[0.21250860611045802,0.015926459997340485]","[0.21250860613805275,0.015926459993891143]","[[0.2265724964439869,0.19844471572173966],[0.021981330900625498,0.009871588919863656]]","[[0.2265724964439869,0.19844471558376595],[0.021981330900625498,0.009871588919001322]]","[[0.47534585926267836,0.44479974337198114],[0.14789702645330519,0.09895118232126589]]","[[1.0,1.0],[1.0,1.0]]","[[7.271790553905346,1.9979378711294244],[1.99471116816556,1.9972897785681265]]","[1.0,1.0]","[7.622938914652224,3.9919925508675753]","[0.0003255364783938233,0.0002452584989509045]","[0.2436792337232166,0.013444775391232084]","[0.24367923339207967,0.013444775411928142]","[[0.25822047966497913,0.22913798447008485],[0.018825740132618833,0.008063810573959792]]","[[0.25822047966497913,0.22913798380781103],[0.018825740132618833,0.008063810587757164]]","[[0.5077446668236344,0.47826628155178497],[0.1371445811457104,0.08973224295510186]]","[[1.0,1.0],[1.0,1.0]]","[[7.315299090632686,1.9983200753176653],[1.9955960671106974,1.9983429838109898]]","[1.0,1.0]","[7.6464924882959435,3.9939320422984936]","[null,null]"
stagewise_residual_simvq_k8x2-2x2_rate047-20260729-233115,20,0.02848635,0.07808469,0.10657104,0.02385655,0.08191408,22.27163016,0.89603832,0.02385655,1,Phase1-拓荒,0.000000,0.00000000,,4608,0.0703125000,0.0468750000,5e-05,"[0.2170030475490623,0.016433975797284534]","[0.2170030474938728,0.01643397581798059]","[[0.230843324434978,0.20316277027682023],[0.022616347279054698,0.010251604194787366]]","[[0.230843324434978,0.203162770194036],[0.022616347279054698,0.010251604238766487]]","[[0.4797538428394883,0.45000048340470705],[0.1499364461335871,0.10073946512959621]]","[[1.0,1.0],[1.0,1.0]]","[[7.277213253798308,1.9979830344518026],[1.9952787809901766,1.9969624084454995]]","[1.0,1.0]","[7.625817677709791,3.9922346578703984]","[0.00031653581115986324,0.00024325229172030016]","[0.2277651067133303,0.017179972809497956]","[0.22776510638219338,0.017179972816396643]","[[0.24186942367642014,0.21366079019175635],[0.023683353361708147,0.010676592160706167]]","[[0.24186942367642014,0.2136607893087246],[0.023683353361708147,0.010676592181402223]]","[[0.4914110517060315,0.4618364482014268],[0.15380384237677963,0.10320755281934031]]","[[1.0,1.0],[1.0,1.0]]","[[7.281712253005416,1.9987659957673816],[1.9964293541731657,1.9970593920460453]]","[1.0,1.0]","[7.629758682957402,3.9934848184938785]","[null,null]"
stagewise_residual_simvq_k8x2-2x2_rate047-20260729-233115,21,0.02817310,0.07957301,0.10774611,0.02354293,0.08626413,22.33258321,0.89533156,0.02354293,1,Phase2-退火(0%),0.000000,0.00000000,,4608,0.0703125000,0.0468750000,5e-05,"[0.2219174479720769,0.016358097597818682]","[0.22191744816524012,0.016358097589195326]","[[0.2356686159140534,0.20816627950580033],[0.02244501702349495,0.010271177997088267]]","[[0.2356686159140534,0.20816627986453198],[0.02244501702349495,0.010271177983290896]]","[[0.4846781382958094,0.4554432699525798],[0.14946192043522993,0.10095229117130791]]","[[1.0,1.0],[1.0,1.0]]","[[7.3061192883385555,1.9979641592061077],[1.9950736268802924,1.9968951759514986]]","[1.0,1.0]","[7.640932706550315,3.9919612654933223]","[0.00032146934784207216,0.00024559679257907664]","[0.2460789022622285,0.014983163622242434]","[0.24607890270374438,0.014983163649837176]","[[0.26060171712327884,0.231556087953073],[0.020634334189472376,0.009331993044664462]]","[[0.26060171712327884,0.23155608861534685],[0.020634334189472376,0.00933199307915789]]","[[0.51009774406751,0.480800352273164],[0.1435727071982843,0.09649726682239108]]","[[1.0,1.0],[1.0,1.0]]","[[7.362265367861148,1.9980942028540152],[1.990994687433596,1.9956435909977666]]","[1.0,1.0]","[7.670589616563585,3.986627001232571]","[null,null]"
stagewise_residual_simvq_k8x2-2x2_rate047-20260729-233115,22,0.02827937,0.08084179,0.10912116,0.02304910,0.08744772,22.42980095,0.89916605,0.02304910,1,Phase2-退火(2%),0.000000,0.00000000,,4608,0.0703125000,0.0468750000,5e-05,"[0.2244846260658017,0.017248293753989317]","[0.2244846263141544,0.017248293750539975]","[[0.23824573081952555,0.21072352098094094],[0.023557743602604778,0.010938843800168898]]","[[0.23824573081952555,0.21072352120169888],[0.023557743602604778,0.010938843815690942]]","[[0.4873989737696118,0.45831410619947643],[0.15308708231206294,0.10412389056550132]]","[[1.0,1.0],[1.0,1.0]]","[[7.328615584196868,1.9978822844999808],[1.9945633245839014,1.9967442444077244]]","[1.0,1.0]","[7.65257410120081,3.991296837064955]","[0.0003232101385947317,0.0002572749824375259]","[0.24815175235271453,0.015973585754357002]","[0.24815175191119865,0.015973585733660946]","[[0.26241824626922605,0.23388525711165534],[0.021942972971333397,0.010004198537380608]]","[[0.26241824626922605,0.23388525633900253],[0.021942972971333397,0.010004198530481921]]","[[0.5118448990362662,0.4831862217850155],[0.14805598932283895,0.09993579315918463]]","[[1.0,1.0],[1.0,1.0]]","[[7.396235723848696,1.9982541976151642],[1.9962819373166119,1.9982077510268599]]","[1.0,1.0]","[7.6885793756555625,3.9944846700738976]","[null,null]"
stagewise_residual_simvq_k8x2-2x2_rate047-20260729-233115,23,0.02757464,0.08279961,0.11037426,0.02292571,0.08248954,22.44736026,0.90039406,0.02292571,1,Phase2-退火(3%),0.000000,0.00000000,,4608,0.0703125000,0.0468750000,5e-05,"[0.23176354956295755,0.016878918178931432]","[0.2317635497837155,0.016878918173757418]","[[0.24542568337034296,0.2181014146241877],[0.023013653143964433,0.010744183112142815]]","[[0.24542568337034296,0.21810141487254037],[0.023013653143964433,0.010744183101794785]]","[[0.4946114516368619,0.4661962247005215],[0.15124772116541862,0.10312271661780499]]","[[1.0,1.0],[1.0,1.0]]","[[7.354353362542612,1.9979307307137384],[1.9951668330916652,1.9972126141742423]]","[1.0,1.0]","[7.666073426493892,3.9923731212262754]","[0.0003214673862169514,0.00025300003987164626]","[0.22962773078017765,0.017460400549074013]","[0.22962773000752484,0.01746040054217533]","[[0.24335925899170063,0.21589620323092848],[0.023946802952775247,0.010973997883222722]]","[[0.24335925899170063,0.21589620267903364],[0.023946802952775247,0.010973997890121406]]","[[0.49291591158619635,0.46424342151041387],[0.15465304067841282,0.10462140761039875]]","[[1.0,1.0],[1.0,1.0]]","[[7.393224610222711,1.9976900303805316],[1.9934914924480296,1.99871554462998]]","[1.0,1.0]","[7.685940142031069,3.992195399602254]","[null,null]"
stagewise_residual_simvq_k8x2-2x2_rate047-20260729-233115,24,0.02711873,0.08399212,0.11111085,0.02286815,0.09381054,22.45632261,0.90058286,0.02286815,1,Phase2-退火(5%),0.000000,0.00000000,,4608,0.0703125000,0.0468750000,5e-05,"[0.23704825482434697,0.016270013312222782]","[0.23704825507269967,0.01627001330187475]","[[0.25068918049887373,0.22340732879108852],[0.02220042030568476,0.010339606260121972]]","[[0.25068918049887373,0.22340732906703595],[0.02220042030568476,0.010339606261846645]]","[[0.49997078594234257,0.4719226775897874],[0.14859151586338326,0.10119327770339118]]","[[1.0,1.0],[1.0,1.0]]","[[7.367674343674271,1.9978036776736932],[1.9948660695994342,1.997318798965878]]","[1.0,1.0]","[7.6727774770171555,3.9921783721005477]","[0.00032471005359655935,0.0002396048841210022]","[0.2620000183582306,0.019586516033720087]","[0.26200001924126237,0.019586516075112203]","[[0.2769682623721935,0.24703177379237282],[0.026606243269311058,0.012566788736040946]]","[[0.2769682623721935,0.24703177467540458],[0.026606243269311058,0.012566788749838317]]","[[0.5258872813648647,0.49662814736366273],[0.16300470652403654,0.11196638853461655]]","[[1.0,1.0],[1.0,1.0]]","[[7.473371922528302,1.9979993590602168],[1.9952749181676794,1.994831472856027]]","[1.0,1.0]","[7.7281124044347695,3.990101593512076]","[null,null]"
stagewise_residual_simvq_k8x2-2x2_rate047-20260729-233115,25,0.02671656,0.08501003,0.11172659,0.02215995,0.08484907,22.58448657,0.90039484,0.02215995,1,Phase2-退火(7%),0.000000,0.00000000,,4608,0.0703125000,0.0468750000,5e-05,"[0.2399180911205433,0.016610698160473947]","[0.23991809103775907,0.01661069816564796]","[[0.2534741583245772,0.22636202311626188],[0.022653928188676082,0.010567468029653861]]","[[0.2534741583245772,0.22636202286790919],[0.022653928188676082,0.010567468020168167]]","[[0.5026911614117799,0.4749768418846307],[0.15018444323429356,0.10245462083430201]]","[[1.0,1.0],[1.0,1.0]]","[[7.382597490593239,1.9983384158876207],[1.9953233782891875,1.9970612673847763]]","[1.0,1.0]","[7.681587802922285,3.9923790551997995]","[0.0003146180036344083,0.0002292849851477917]","[0.2425887398145817,0.014962907894342034]","[0.2425887398145817,0.014962907915038091]","[[0.2559679046825126,0.22920957571930356],[0.020404241565201018,0.009521574154496193]]","[[0.2559679046825126,0.22920957560892458],[0.020404241565201018,0.009521574202786993]]","[[0.5055135250091553,0.4783367788350141],[0.1427594185979278,0.09747488117880292]]","[[1.0,1.0],[1.0,1.0]]","[[7.384044248086435,1.998829526371426],[1.9950066045478538,1.998577755468863]]","[1.0,1.0]","[7.683331281167489,3.993578068415324]","[null,null]"
stagewise_residual_simvq_k8x2-2x2_rate047-20260729-233115,26,0.02649492,0.08619031,0.11268523,0.02352526,0.08418482,22.32615312,0.89689577,0.02215995,0,Phase2-退火(8%),0.000000,0.00000000,,4608,0.0703125000,0.0468750000,5e-05,"[0.2446554698601917,0.016254015613554253]","[0.24465546963943374,0.016254015606655566]","[[0.25822655061880745,0.23108438799778622],[0.02213137785524682,0.010376653164901115]]","[[0.25822655061880745,0.23108438788740723],[0.02213137785524682,0.010376653174386808]]","[[0.5071994319006249,0.47971887009011377],[0.14840351817784486,0.1014525866066968]]","[[1.0,1.0],[1.0,1.0]]","[[7.41051470791852,1.9981658611032698],[1.99400040463165,1.9968562477164797]]","[1.0,1.0]","[7.695765157099124,3.9908462361053183]","[0.0003167421609827283,0.0002307057428172104]","[0.23365948763158587,0.01864274905787574]","[0.23365948741082793,0.018642749113065224]","[[0.24648560208302958,0.22083337163483654],[0.02489290154642529,0.012392596251986646]]","[[0.24648560208302958,0.22083337130369962],[0.02489290154642529,0.012392596279581388]]","[[0.49601500144711247,0.46946801278326244],[0.15768173657081747,0.111195630994108]]","[[1.0,1.0],[1.0,1.0]]","[[7.385000200624819,1.9988273585284198],[1.9967333661185371,1.998046259526853]]","[1.0,1.0]","[7.683831490410698,3.9947761094128644]","[null,null]"
stagewise_residual_simvq_k8x2-2x2_rate047-20260729-233115,27,0.02665946,0.08666396,0.11332343,0.02191379,0.08619157,22.63561800,0.90231751,0.02191379,1,Phase2-退火(10%),0.000000,0.00000000,,4608,0.0703125000,0.0468750000,5e-05,"[0.24540494492760412,0.016799861109919018]","[0.2454049451759568,0.016799861120267046]","[[0.2589514986232475,0.2318583907628501],[0.02277177461353993,0.010827947501955485]]","[[0.2589514986232475,0.2318583909560133],[0.02277177461353993,0.010827947503680156]]","[[0.507979745555807,0.4805864725951795],[0.15045598737067647,0.10352809580939787]]","[[1.0,1.0],[1.0,1.0]]","[[7.432356160658377,1.997752845728839],[1.994537619528947,1.9970246098659656]]","[1.0,1.0]","[7.70631758901808,3.9915536902568958]","[0.0003236749621228901,0.0002358376973427733]","[0.24764242823477145,0.014826631718487651]","[0.24764242812439247,0.014826631718487651]","[[0.2610054532686869,0.23427940099327652],[0.020330862742331292,0.009322400632555837]]","[[0.2610054532686869,0.23427940077251858],[0.020330862742331292,0.00932240064635321]]","[[0.5104307192343253,0.483561967920374],[0.14251689590789654,0.09646664758523306]]","[[1.0,1.0],[1.0,1.0]]","[[7.4192956218013055,1.9973351107703314],[1.9950843369519269,1.998618890621044]]","[1.0,1.0]","[7.698791532163267,3.993695882514671]","[null,null]"
stagewise_residual_simvq_k8x2-2x2_rate047-20260729-233115,28,0.02767568,0.08673117,0.11440685,0.02194192,0.08982739,22.62732569,0.90163400,0.02191379,0,Phase2-退火(12%),0.000000,0.00000000,,4608,0.0703125000,0.0468750000,5e-05,"[0.24573600739240647,0.01688694388571161]","[0.24573600730962222,0.01688694387363891]","[[0.2594576344169952,0.23201437984351758],[0.023071124073531894,0.010702763622868117]]","[[0.2594576344169952,0.23201437962275964],[0.023071124073531894,0.010702763594411038]]","[[0.508480551066222,0.48075121188605274],[0.15132370847794746,0.10280404482726697]]","[[1.0,1.0],[1.0,1.0]]","[[7.448322681144432,1.9980507104485123],[1.9948242465655008,1.9955577947475291]]","[1.0,1.0]","[7.7151271343231205,3.9903632627593146]","[0.0003557858042498723,0.00024197899977783285]","[0.25619274863490354,0.01659551791294857]","[0.25619274885566146,0.016595517926745944]","[[0.2703767636307964,0.2420087327559789],[0.022562555237500757,0.010628480484916105]]","[[0.2703767636307964,0.24200873264559994],[0.022562555237500757,0.010628480512510847]]","[[0.5195004496309492,0.491458848229161],[0.1501021906181618,0.10295177521529021]]","[[1.0,1.0],[1.0,1.0]]","[[7.523569912380642,1.9988200426101685],[1.9955000939192595,1.9986163324779935]]","[1.0,1.0]","[7.75564524685895,3.9941108067830404]","[null,null]"
stagewise_residual_simvq_k8x2-2x2_rate047-20260729-233115,29,0.02583237,0.08814209,0.11397446,0.02211247,0.09496522,22.59964713,0.90151186,0.02191379,0,Phase2-退火(13%),0.000000,0.00000000,,4608,0.0703125000,0.0468750000,5e-05,"[0.25089152154547195,0.016694547218719016]","[0.2508915214626877,0.01669454723596573]","[[0.26438675956041724,0.23739628198522109],[0.022656110894900782,0.010732983342475362]]","[[0.26438675956041724,0.23739628184724737],[0.022656110894900782,0.010732983355410397]]","[[0.5133415419194434,0.48635238193803365],[0.15012140781791122,0.1031646545148558]]","[[1.0,1.0],[1.0,1.0]]","[[7.469957637786865,1.9982949963322392],[1.9944425291485257,1.9968749821186065]]","[1.0,1.0]","[7.7268791375336825,3.991307940748003]","[0.0003061907230369764,0.00021786957374085128]","[0.2789246884761033,0.013373574842181471]","[0.2789246884761033,0.013373574849080156]","[[0.29327943534762774,0.2645699420460948],[0.018268859138091405,0.008478290460037964]]","[[0.29327943534762774,0.26456994237723175],[0.018268859138091405,0.00847829049108205]]","[[0.5410217475008081,0.5138263750959325],[0.13509176991603994,0.09199584005055604]]","[[1.0,1.0],[1.0,1.0]]","[[7.517948691050211,1.9985957384109496],[1.99586948995237,1.9956988908626414]]","[1.0,1.0]","[7.7522859220151545,3.9915597350509078]","[null,null]"
stagewise_residual_simvq_k8x2-2x2_rate047-20260729-233115,30,0.02593900,0.08913918,0.11507819,0.02185002,0.09196132,22.65560127,0.90397260,0.02185002,1,Phase2-退火(15%),0.000000,0.00000000,,4608,0.0703125000,0.0468750000,5e-05,"[0.253640734349136,0.017083595572384418]","[0.2536407345422992,0.01708359557410909]","[[0.26706628697337925,0.24021518070388723],[0.023114321294620082,0.011052869766502193]]","[[0.26706628697337925,0.240215180731482],[0.023114321294620082,0.011052869759603507]]","[[0.5157699746666131,0.4890684389957675],[0.15164898592564796,0.1046848539814905]]","[[1.0,1.0],[1.0,1.0]]","[[7.479202548662822,1.998010093415225],[1.9953421678808,1.9971248059361069]]","[1.0,1.0]","[7.731107345333806,3.9924594852659436]","[0.0003120563237677777,0.00021875177985580026]","[0.26673623323440554,0.01488647414026437]","[0.26673623345516345,0.014886474126466999]","[[0.28048902485105726,0.25298344172813275],[0.020392502071680845,0.009380446188151837]]","[[0.28048902485105726,0.25298344194889066],[0.020392502071680845,0.009380446198499865]]","[[0.5291058686044481,0.5024588258178145],[0.14272038086696906,0.09674605710638894]]","[[1.0,1.0],[1.0,1.0]]","[[7.539480294121637,1.998617078639843],[1.9923227336671618,1.9986311064826117]]","[1.0,1.0]","[7.763434335920546,3.9909379570572465]","[null,null]"
stagewise_residual_simvq_k8x2-2x2_rate047-20260729-233115,31,0.02587942,0.08851341,0.11439283,0.02183873,0.09521174,22.66281801,0.90382143,0.02183873,1,Phase2-退火(17%),0.000000,0.00000000,,4608,0.0703125000,0.0468750000,5e-05,"[0.25343173035868893,0.0162606423082589]","[0.25343173024830995,0.016260642309983572]","[[0.2667965953824697,0.2400668645346606],[0.022092656128936343,0.010428628481545106]]","[[0.2667965953824697,0.24006686450706588],[0.022092656128936343,0.010428628490168464]]","[[0.5156356659752351,0.4890437521316387],[0.14834252423434346,0.10177361403626424]]","[[1.0,1.0],[1.0,1.0]]","[[7.5040794222443195,1.9982603432955566],[1.9951996783415475,1.9967331367510337]]","[1.0,1.0]","[7.744474311228152,3.9919254298563356]","[0.0003083141305035463,0.00020156688268023706]","[0.27578208214706845,0.01576117556542158]","[0.27578208214706845,0.01576117558611764]","[[0.28969192295162766,0.2618722407906144],[0.021502587116426893,0.010019763938530728]]","[[0.28969192295162766,0.2618722407906144],[0.021502587116426893,0.010019763945429413]]","[[0.5376670042673747,0.5111628260877398],[0.14656354818079206,0.10000645567973455]]","[[1.0,1.0],[1.0,1.0]]","[[7.574391068352593,1.9990142477883233],[1.9911597181249547,1.9980796610867535]]","[1.0,1.0]","[7.782166548128481,3.989224608739217]","[null,null]"
stagewise_residual_simvq_k8x2-2x2_rate047-20260729-233115,32,0.02530223,0.08977156,0.11507379,0.02230481,0.09316167,22.60480152,0.90355596,0.02183873,0,Phase2-退火(18%),0.000000,0.00000000,,4608,0.0703125000,0.0468750000,5e-05,"[0.25743543050355383,0.016422136912674263]","[0.2574354308346907,0.016422136924746963]","[[0.2707873596913285,0.24408350142615812],[0.022199926901332757,0.01064434671446819]]","[[0.2707873596913285,0.24408350200564774],[0.022199926901332757,0.010644346735164248]]","[[0.5194727177421252,0.4931248959015917],[0.14848584187803446,0.10257349246078068]]","[[1.0,1.0],[1.0,1.0]]","[[7.521480887907523,1.9980107537022342],[1.9952724708451166,1.99593422876464]]","[1.0,1.0]","[7.752938446292171,3.9911948243776956]","[0.00031232966837167086,0.00021096207349694817]","[0.2660374970347793,0.01765862582596364]","[0.2660374973659162,0.017658625832862325]","[[0.279780062812346,0.25229493136759157],[0.023744251178922475,0.011573000431612687]]","[[0.279780062812346,0.25229493136759157],[0.023744251178922475,0.011573000431612687]]","[[0.5284110407034556,0.5017501985585248],[0.15396288489853893,0.1074045553251549]]","[[1.0,1.0],[1.0,1.0]]","[[7.57816003870081,1.9989054918289184],[1.9945978853437636,1.9962696075439452]]","[1.0,1.0]","[7.783904990443477,3.9908636817225704]","[null,null]"
stagewise_residual_simvq_k8x2-2x2_rate047-20260729-233115,33,0.02562897,0.08892618,0.11455515,0.02185701,0.09140104,22.65136081,0.90378604,0.02183873,0,Phase2-退火(20%),0.000000,0.00000000,,4608,0.0703125000,0.0468750000,5e-05,"[0.2551539480962135,0.0163387979104839]","[0.2551539480962135,0.01633879792428127]","[[0.2685756589527483,0.24173223588753628],[0.022067758442696046,0.010609837311009566]]","[[0.2685756589527483,0.2417322356943731],[0.022067758442696046,0.01060983732825628]]","[[0.5172497494353189,0.4906324451720273],[0.14804439071427894,0.10245482430413917]]","[[1.0,1.0],[1.0,1.0]]","[[7.535969744788276,1.9976006984710692],[1.9963598280041306,1.9965910697424853]]","[1.0,1.0]","[7.75961738868996,3.9929457642413952]","[0.00032504848061728776,0.0002113078369600569]","[0.26080596932658445,0.01759853465827527]","[0.2608059686643106,0.017598534644477897]","[[0.2743646134932836,0.2472473211862423],[0.023655339689166457,0.011541729551498537]]","[[0.2743646134932836,0.2472473204135895],[0.023655339689166457,0.011541729510106423]]","[[0.5232770621776581,0.4967113342550066],[0.15369638204574584,0.1073087172375785]]","[[1.0,1.0],[1.0,1.0]]","[[7.57953390898528,1.9956096278296576],[1.9947553669964826,1.9984803093804253]]","[1.0,1.0]","[7.778182870370371,3.993229318548132]","[null,null]"
stagewise_residual_simvq_k8x2-2x2_rate047-20260729-233115,34,0.02499414,0.09019287,0.11518701,0.02266528,0.08082890,22.50952181,0.90333449,0.02183873,0,Phase2-退火(22%),0.000000,0.00000000,,4608,0.0703125000,0.0468750000,5e-05,"[0.25967529650639604,0.01622909004110153]","[0.25967529650639604,0.016229090054898903]","[[0.2729829785172586,0.24636761383325964],[0.021823618598972205,0.010634561401308962]]","[[0.2729829785172586,0.2463676138608544],[0.021823618598972205,0.010634561414244]]","[[0.521494916357376,0.4953381344124123],[0.14731318176620536,0.10268687714857083]]","[[1.0,1.0],[1.0,1.0]]","[[7.547861285562869,1.9980984665729382],[1.9949458475466129,1.9969118191136255]]","[1.0,1.0]","[7.76671934304414,3.991851611049087]","[0.000312805740045237,0.00020153608367292218]","[0.22298257682058548,0.020001821468273798]","[0.2229825767102065,0.02000182149586854]","[[0.2354845364888509,0.21048061693156206],[0.026979189697239135,0.01302445316342292]]","[[0.2354845364888509,0.21048061660042516],[0.026979189697239135,0.013024453197916348]]","[[0.48480206816284743,0.4583084843776844],[0.16414907795411568,0.11399608033674735]]","[[1.0,1.0],[1.0,1.0]]","[[7.574746163686116,1.9988796693307382],[1.9960545257285789,1.9977840149844135]]","[1.0,1.0]","[7.782100786986175,3.9938362421812834]","[null,null]"
stagewise_residual_simvq_k8x2-2x2_rate047-20260729-233115,35,0.02482083,0.09059641,0.11541724,0.02427950,0.09556468,22.19606560,0.89989772,0.02183873,0,Phase2-退火(23%),0.000000,0.00000000,,4608,0.0703125000,0.0468750000,5e-05,"[0.26048651917113197,0.016653951429934415]","[0.2604865192539162,0.016653951400615]","[[0.27369571493731604,0.24727732285305307],[0.022383192536869535,0.010924710172090542]]","[[0.27369571493731604,0.2472773229358373],[0.022383192536869535,0.010924710162604849]]","[[0.5220860725751629,0.4961634738025842],[0.14918405108705715,0.10406108733128619]]","[[1.0,1.0],[1.0,1.0]]","[[7.5646658844417995,1.9979865005722752],[1.9957146013224567,1.9967140595118205]]","[1.0,1.0]","[7.775139058960809,3.992423168818156]","[0.00030718183503874265,0.00019349322775707588]","[0.26101666545426405,0.025353001941133428]","[0.26101666545426405,0.025353001899741313]","[[0.27446635641433575,0.2475669747149503],[0.03224187587146406,0.018464127969410684]]","[[0.27446635641433575,0.24756697504608718],[0.03224187587146406,0.018464127962511998]]","[[0.523280491652312,0.49693441346839623],[0.17905962511345191,0.13517292224698596]]","[[1.0,1.0],[1.0,1.0]]","[[7.611751761259856,1.9970795136910897],[1.9968689609456944,1.995494337435122]]","[1.0,1.0]","[7.797565728646737,3.992357995775011]","[null,null]"
stagewise_residual_simvq_k8x2-2x2_rate047-20260729-233115,36,0.02463616,0.09080874,0.11544490,0.02115427,0.09652934,22.79818690,0.90583651,0.02115427,1,Phase2-退火(25%),0.000000,0.00000000,,4608,0.0703125000,0.0468750000,5e-05,"[0.2606069428225358,0.017132019627563378]","[0.2606069428225358,0.01713201961549068]","[[0.2736910861123491,0.24752279859450127],[0.02288984655988989,0.011374192485689289]]","[[0.2736910861123491,0.24752279851171705],[0.02288984655988989,0.011374192477928268]]","[[0.5221248762475119,0.49644656396574444],[0.15079326197780946,0.10610007450536445]]","[[1.0,1.0],[1.0,1.0]]","[[7.570823827496281,1.9983695231102132],[1.9953967304141433,1.9966610122610022]]","[1.0,1.0]","[7.779056528762535,3.992053339216444]","[0.00030353330822200167,0.0001959183151282357]","[0.2715430618436248,0.021343338710290413]","[0.27154306118135096,0.021343338724087786]","[[0.28433996085767393,0.2587461607323753],[0.027851271063641266,0.014835406287952706]]","[[0.28433996085767393,0.2587461606219963],[0.027851271063641266,0.01483540628105402]]","[[0.5325564636124505,0.5079767213927375],[0.16673097102730364,0.12161460215294803]]","[[1.0,1.0],[1.0,1.0]]","[[7.553546707718461,1.9990393409022578],[1.9967604592994408,1.9988334364361233]]","[1.0,1.0]","[7.771497405016864,3.99559164930273]","[null,null]"
stagewise_residual_simvq_k8x2-2x2_rate047-20260729-233115,37,0.02549285,0.09105644,0.11654929,0.02086260,0.08993865,22.84899144,0.90640101,0.02086260,1,Phase2-退火(27%),0.000000,0.00000000,,4608,0.0703125000,0.0468750000,5e-05,"[0.2619113385125443,0.017001508876543354]","[0.26191133854013904,0.017001508878268026]","[[0.27519875613075717,0.24862392081154716],[0.022793459071329347,0.011209558567929047]]","[[0.27519875613075717,0.24862392083914192],[0.022793459071329347,0.011209558573103061]]","[[0.5236011664072673,0.4975945427461907],[0.1503354024555948,0.10519528680101589]]","[[1.0,1.0],[1.0,1.0]]","[[7.5950470827243945,1.9980273242349977],[1.995742608220489,1.9959747813366078]]","[1.0,1.0]","[7.79082439828802,3.991708958148956]","[0.00033052871504979625,0.00021743564126087153]","[0.259703982869784,0.016211369495700907]","[0.259703983200921,0.016211369495700907]","[[0.272620130026782,0.24678783692695477],[0.021521004606728202,0.010901734391572299]]","[[0.272620130026782,0.24678783670619683],[0.021521004606728202,0.010901734377774927]]","[[0.5215291074028722,0.49616264789192766],[0.1466092911031511,0.10430840115856241]]","[[1.0,1.0],[1.0,1.0]]","[[7.608891292854592,1.9990609893092404],[1.9961481783125135,1.9959264463848538]]","[1.0,1.0]","[7.799966999336525,3.992071503180045]","[null,null]"
stagewise_residual_simvq_k8x2-2x2_rate047-20260729-233115,38,0.02406379,0.09090069,0.11496448,0.02061799,0.10003611,22.90173495,0.90864588,0.02061799,1,Phase2-退火(28%),0.000000,0.00000000,,4608,0.0703125000,0.0468750000,5e-05,"[0.2621599641939004,0.01673141023558047]","[0.26215996408352144,0.016731410266624558]","[[0.27522858011501805,0.24909134733456154],[0.02218402121560993,0.011278799112403282]]","[[0.27522858011501805,0.24909134719658782],[0.02218402121560993,0.011278799149483718]]","[[0.5235661682707292,0.4980002992131092],[0.1485037141100124,0.10573175465343175]]","[[1.0,1.0],[1.0,1.0]]","[[7.6021219924644186,1.9984578079647488],[1.9961464402852236,1.996711943546931]]","[1.0,1.0]","[7.795296657526935,3.992854071104968]","[0.00030078887877472743,0.0001889459182132635]","[0.29602126666793116,0.014035507084594832]","[0.296021267219826,0.014035507077696147]","[[0.30992482238345676,0.2821177123873322],[0.018584310801492795,0.009486703350450154]]","[[0.30992482238345676,0.2821177137118799],[0.018584310801492795,0.009486703340102124]]","[[0.5560881064997779,0.5305148577248608],[0.13621073895030553,0.09726166283642804]]","[[1.0,1.0],[1.0,1.0]]","[[7.63412780408506,1.9990709843458954],[1.995756995236432,1.9985805696911283]]","[1.0,1.0]","[7.81294106024283,3.9943332937028675]","[null,null]"
stagewise_residual_simvq_k8x2-2x2_rate047-20260729-233115,39,0.02419603,0.09082374,0.11501976,0.02119306,0.08989468,22.78479384,0.90225241,0.02061799,0,Phase2-退火(30%),0.000000,0.00000000,,4608,0.0703125000,0.0468750000,5e-05,"[0.2619970431758298,0.016846416592253027]","[0.2619970431758298,0.016846416576730985]","[[0.2750360997462714,0.248957986191467],[0.022235570847988127,0.011457262152840418]]","[[0.2750360997462714,0.24895798655019866],[0.022235570847988127,0.01145726213214436]]","[[0.5234296795394685,0.4979153106058085],[0.14869710614007933,0.10657247822317813]]","[[1.0,1.0],[1.0,1.0]]","[[7.6100445217556425,1.9985140996950643],[1.9958614744521954,1.9963518648235887]]","[1.0,1.0]","[7.799491526462414,3.9922085572172095]","[0.0003057887290196959,0.00018436526576503335]","[0.25951515745233605,0.016557540565177248]","[0.25951515756271504,0.016557540585873304]","[[0.2720250710293099,0.24700524321308842],[0.02198359123258679,0.011131489752895303]]","[[0.2720250710293099,0.2470052433234674],[0.02198359123258679,0.011131489766692674]]","[[0.5209241705912131,0.4963438555046364],[0.1481392581153799,0.10534569852881961]]","[[1.0,1.0],[1.0,1.0]]","[[7.603378543147334,1.9986903261255335],[1.9966082493464152,1.985930569966634]]","[1.0,1.0]","[7.796408904040301,3.982518231427228]","[null,null]"
stagewise_residual_simvq_k8x2-2x2_rate047-20260729-233115,40,0.02370623,0.09112464,0.11483087,0.02051392,0.09573428,22.92395431,0.90727553,0.02051392,1,Phase2-退火(32%),0.000000,0.00000000,,4608,0.0703125000,0.0468750000,5e-05,"[0.26405927025609544,0.016360140491828875]","[0.2640592700629323,0.016360140493553547]","[[0.2770416846981755,0.25107685575882593],[0.021581793210848615,0.011138487652082134]]","[[0.2770416846981755,0.25107685520693107],[0.021581793210848615,0.01113848765294447]]","[[0.5252000730898645,0.4998972030149566],[0.14649520480522402,0.10509721653329002]]","[[1.0,1.0],[1.0,1.0]]","[[7.624437707441825,1.9985008509070785],[1.9966333804307161,1.9959161001223105]]","[1.0,1.0]","[7.806848339681272,3.9925458047125075]","[0.0002963876135591245,0.00017682669499158185]","[0.280289626121521,0.015481226339384362]","[0.2802896264526579,0.015481226353181733]","[[0.2936889832770383,0.2668902691867616],[0.020615052831945598,0.010347399770937585]]","[[0.2936889832770383,0.26689026962827755],[0.020615052831945598,0.010347399770937585]]","[[0.5413215663697984,0.5159916303775929],[0.14344391425450642,0.10155775502876]]","[[1.0,1.0],[1.0,1.0]]","[[7.641541745927599,1.9990376525455051],[1.9957259937568947,1.9981342766020034]]","[1.0,1.0]","[7.816660199341951,3.99385694221214]","[null,null]"
stagewise_residual_simvq_k8x2-2x2_rate047-20260729-233115,41,0.02353556,0.09132182,0.11485737,0.02223099,0.07485399,22.56875257,0.90654913,0.02051392,0,Phase2-退火(33%),0.000000,0.00000000,,4608,0.0703125000,0.0468750000,5e-05,"[0.26542749578754105,0.016081388584441608]","[0.26542749534602517,0.01608138857409358]","[[0.27842474452875277,0.25243024748784526],[0.021189209423890267,0.010973567623403613]]","[[0.27842474452875277,0.2524302474602505],[0.021189209423890267,0.01097356761219325]]","[[0.5265675466369699,0.5012991136422864],[0.1451689244006519,0.10435130850032524]]","[[1.0,1.0],[1.0,1.0]]","[[7.627615618705749,1.9982200613728276],[1.9960654417673747,1.9943920950094858]]","[1.0,1.0]","[7.80790491104126,3.990449153935468]","[0.00030557044589874785,0.00018472446645318997]","[0.21976217097706266,0.011862364487239608]","[0.21976217141857854,0.011862364487239608]","[[0.23183640583797738,0.20768793666804278],[0.015891298562012338,0.007833430395220164]]","[[0.23183640583797738,0.20768793733031662],[0.015891298562012338,0.007833430391770821]]","[[0.4809387767756427,0.45515628633675753],[0.12597099012798732,0.08841526094410154]]","[[1.0,1.0],[1.0,1.0]]","[[7.576136631435818,1.999022975674382],[1.9969240011992277,1.9986120250489976]]","[1.0,1.0]","[7.783045736948649,3.9955342681319626]","[null,null]"
stagewise_residual_simvq_k8x2-2x2_rate047-20260729-233115,42,0.02352773,0.09165292,0.11518065,0.02346595,0.09349135,22.35665647,0.90039000,0.02051392,0,Phase2-退火(35%),0.000000,0.00000000,,4608,0.0703125000,0.0468750000,5e-05,"[0.26719964223879356,0.015811938440634145]","[0.26719964262511997,0.01581193843373546]","[[0.28025836864555326,0.25414091541811273],[0.02089865664365115,0.010725220047040946]]","[[0.28025836864555326,0.25414091594241284],[0.02089865664365115,0.010725220066012332]]","[[0.5284011175787008,0.5030939293128472],[0.14395907764081603,0.10290972540775935]]","[[1.0,1.0],[1.0,1.0]]","[[7.639027773892438,1.9982950625596223],[1.997065704840201,1.995955746041404]]","[1.0,1.0]","[7.813916267289056,3.9930167692678946]","[0.00030251399124002395,0.00018898117507180562]","[0.24993396666314865,0.029841428415642843]","[0.24993396688390662,0.029841428401845473]","[[0.2636269277996487,0.23624100309831125],[0.037866142474942736,0.021816714356342953]]","[[0.2636269277996487,0.23624100342944818],[0.037866142474942736,0.02181671432874821]]","[[0.5128988683223724,0.4854795266080786],[0.19444412081329912,0.14750921428203584]]","[[1.0,1.0],[1.0,1.0]]","[[7.558894959202519,1.9979589585904722],[1.9958115771964744,1.998670749311094]]","[1.0,1.0]","[7.772185904891403,3.994478190386737]","[null,null]"
stagewise_residual_simvq_k8x2-2x2_rate047-20260729-233115,43,0.02336320,0.09108842,0.11445161,0.02064437,0.09228283,22.89682519,0.90940758,0.02051392,0,Phase2-退火(37%),0.000000,0.00000000,,4608,0.0703125000,0.0468750000,5e-05,"[0.2646240941628262,0.01644418806320539]","[0.2646240938040945,0.016444188061480722]","[[0.2775545535816087,0.25169363303316966],[0.02153124367231848,0.011357132366996396]]","[[0.2775545535816087,0.25169363303316966],[0.02153124367231848,0.011357132366996396]]","[[0.5258327622656469,0.5006535834736294],[0.14628530470309434,0.10611229504424113]]","[[1.0,1.0],[1.0,1.0]]","[[7.649965305681582,1.9980116334226397],[1.9964234246148003,1.995998188963643]]","[1.0,1.0]","[7.818953470830564,3.9924157641552114]","[0.0002932043718626826,0.00017200890971354158]","[0.2661689769338678,0.017838406004011632]","[0.26616897726500477,0.017838406017809002]","[[0.2789000939439844,0.2534378578265508],[0.023433310041824976,0.012243501897211429]]","[[0.2789000939439844,0.2534378582680667],[0.023433310041824976,0.012243501897211429]]","[[0.5274730713279159,0.5027727784933868],[0.15293050419401238,0.11047580186967497]]","[[1.0,1.0],[1.0,1.0]]","[[7.652212411385995,1.9987506839964124],[1.996078454123603,1.9962329546610513]]","[1.0,1.0]","[7.821554109785292,3.9923094043025262]","[null,null]"
stagewise_residual_simvq_k8x2-2x2_rate047-20260729-233115,44,0.02332780,0.09071006,0.11403786,0.02041981,0.09687249,22.94802851,0.90868840,0.02041981,1,Phase2-退火(38%),0.000000,0.00000000,,4608,0.0703125000,0.0468750000,5e-05,"[0.26320427625819487,0.016743041238644056]","[0.26320427625819487,0.01674304125589077]","[[0.27604489668651866,0.25036365591265536],[0.02187657227601718,0.011609510116762034]]","[[0.27604489668651866,0.25036365621619755],[0.02187657227601718,0.011609510136595756]]","[[0.524384926866602,0.4993102815416124],[0.14744774751641132,0.10725297571884261]]","[[1.0,1.0],[1.0,1.0]]","[[7.65628406824889,1.9982156848465955],[1.9961091057017997,1.9943763629153923]]","[1.0,1.0]","[7.822588200039334,3.9904777195718553]","[0.00029515526540409255,0.0001748344635012068]","[0.2820656443083728,0.017274014479308215]","[0.28206564463950967,0.01727401449310559]","[[0.2952164509782085,0.26891483774891606],[0.02255669979861489,0.011991329139305486]]","[[0.2952164509782085,0.2689148383008109],[0.02255669979861489,0.011991329118609428]]","[[0.5426422311200036,0.5178608770723696],[0.15002622063513155,0.10932176190393943]]","[[1.0,1.0],[1.0,1.0]]","[[7.676171242749249,1.9989630301793417],[1.9969199551476373,1.9979023032718235]]","[1.0,1.0]","[7.834224351247152,3.994820718412046]","[null,null]"
stagewise_residual_simvq_k8x2-2x2_rate047-20260729-233115,45,0.02303099,0.09102349,0.11405448,0.02003886,0.09992555,23.02431560,0.91052931,0.02003886,1,Phase2-退火(40%),0.000000,0.00000000,,4608,0.0703125000,0.0468750000,5e-05,"[0.26456820343931514,0.016691851062286232]","[0.2645682035772889,0.016691851065735574]","[[0.2774491596553061,0.251687246174724],[0.021879352989641054,0.011504348996957695]]","[[0.2774491596553061,0.25168724606434506],[0.021879352989641054,0.011504349022827766]]","[[0.5256603056082019,0.5005737707018852],[0.14748705364763737,0.1068115569099232]]","[[1.0,1.0],[1.0,1.0]]","[[7.658082603525233,1.998026779183635],[1.9964675037949173,1.9946752671842223]]","[1.0,1.0]","[7.8231396286575885,3.991136355753298]","[0.00028644667181652037,0.0001732098371576285]","[0.29732167599377807,0.014025058845678966]","[0.29732167621453603,0.01402505883878028]","[[0.31055312642344723,0.28409022633676173],[0.018614397115177577,0.009435720458902695]]","[[0.31055312642344723,0.28409022589524585],[0.018614397115177577,0.009435720445105322]]","[[0.5565456898124129,0.5322579734855228],[0.13629776266989885,0.09696377394375978]]","[[1.0,1.0],[1.0,1.0]]","[[7.696123603538231,1.9990282323625352],[1.995442713631524,1.9982651401449132]]","[1.0,1.0]","[7.844527216310854,3.993703778584798]","[null,null]"
stagewise_residual_simvq_k8x2-2x2_rate047-20260729-233115,46,0.02269931,0.09093025,0.11362956,0.02019978,0.08457612,22.98585449,0.90765174,0.02003886,0,Phase2-退火(42%),0.000000,0.00000000,,4608,0.0703125000,0.0468750000,5e-05,"[0.2664732692418275,0.015475909013508095]","[0.2664732692694223,0.015475909004884738]","[[0.27933277636766435,0.25361376266788555],[0.020244353695738095,0.010707464231247152]]","[[0.27933277636766435,0.25361376280585923],[0.020244353695738095,0.010707464215725108]]","[[0.5273954023917516,0.5024358276967649],[0.14182863814963234,0.1030160268837655]]","[[1.0,1.0],[1.0,1.0]]","[[7.671128389570448,1.9979581658486967],[1.997113284358272,1.995274661205433]]","[1.0,1.0]","[7.8296891397900055,3.992382385995653]","[0.0002859560482546739,0.0001558644650921687]","[0.24823757167215701,0.014151157100719434]","[0.24823757145139907,0.014151157135212863]","[[0.26018798108454105,0.236287162149394],[0.018600572762941872,0.009701741452294367]]","[[0.26018798108454105,0.2362871617078781],[0.018600572762941872,0.009701741493686482]]","[[0.5094393048021528,0.4854315115345849],[0.1362589915593465,0.09836125898140448]]","[[1.0,1.0],[1.0,1.0]]","[[7.6342346473976415,1.9987037702842996],[1.9960831191804673,1.9976272062019065]]","[1.0,1.0]","[7.812249173058404,3.993707702778004]","[null,null]"
stagewise_residual_simvq_k8x2-2x2_rate047-20260729-233115,47,0.02258756,0.09034435,0.11293191,0.01964925,0.09144711,23.11120861,0.91211675,0.01964925,1,Phase2-退火(43%),0.000000,0.00000000,,4608,0.0703125000,0.0468750000,5e-05,"[0.26458865500710627,0.015646757016441335]","[0.2645886552002695,0.015646757038862064]","[[0.2773813766737779,0.25179593270575557],[0.020438514665390053,0.010854999267461675]]","[[0.2773813766737779,0.2517959328989188],[0.020438514665390053,0.010854999282983719]]","[[0.5255730845861964,0.5006590618027581],[0.14255582056939603,0.10376260669695006]]","[[1.0,1.0],[1.0,1.0]]","[[7.672810826478181,1.9979791692009679],[1.9968698918819427,1.9936494103184452]]","[1.0,1.0]","[7.8305801409262195,3.990507395179183]","[0.000285280762235979,0.0001607886036759333]","[0.2711410907683549,0.013716814639391723]","[0.2711410907683549,0.013716814673885152]","[[0.28413779227821917,0.25814438539522666],[0.018061209552817873,0.009372419674225427]]","[[0.28413779227821917,0.25814438550560564],[0.018061209552817873,0.009372419708718856]]","[[0.5323685237654934,0.5073865630008556],[0.1342861212514065,0.09668394569997434]]","[[1.0,1.0],[1.0,1.0]]","[[7.695350110089337,1.9990055013585974],[1.9967858429308292,1.9983112202750313]]","[1.0,1.0]","[7.844103799042879,3.9950954172346327]","[null,null]"
stagewise_residual_simvq_k8x2-2x2_rate047-20260729-233115,48,0.02666657,0.08490110,0.11156767,0.02096198,0.08532756,22.82335556,0.90516537,0.01964925,0,Phase2-退火(45%),0.000000,0.00000000,,4608,0.0703125000,0.0468750000,5e-05,"[0.24603978584486025,0.016544346851124256]","[0.24603978617599717,0.01654434684422557]","[[0.25908530302069804,0.23299426777219331],[0.02162995439160753,0.011458739162319237]]","[[0.25908530302069804,0.23299426802054599],[0.02162995439160753,0.011458739150246536]]","[[0.5073163704739676,0.48080704162518184],[0.1458834655996826,0.10566699072994568]]","[[1.0,1.0],[1.0,1.0]]","[[7.668533551251447,1.9976843392407453],[1.9960162822847014,1.9917122699596264]]","[1.0,1.0]","[7.827800675674721,3.987694310258936]","[0.0003615085255997083,0.00018820790757874623]","[0.24653612949230053,0.017104561978744135]","[0.24653612971305847,0.017104561937352023]","[[0.2590535581111908,0.23401869976962053],[0.022363398720820746,0.01184572503660564]]","[[0.2590535581111908,0.23401870021113644],[0.022363398720820746,0.01184572503660564]]","[[0.5083556793354176,0.48311592472924125],[0.14940892535227315,0.10867675769108313]]","[[1.0,1.0],[1.0,1.0]]","[[7.66918581503409,1.996885218443694],[1.995720742366932,1.995347390351472]]","[1.0,1.0]","[7.826564771157724,3.9910658765722204]","[null,null]"
stagewise_residual_simvq_k8x2-2x2_rate047-20260729-233115,49,0.02243275,0.08914372,0.11157646,0.01969151,0.09645947,23.09856029,0.91171554,0.01964925,0,Phase2-退火(47%),0.000000,0.00000000,,4608,0.0703125000,0.0468750000,5e-05,"[0.26071776537983504,0.016005739985309818]","[0.26071776526945606,0.016005739990483832]","[[0.2736132898816356,0.2478222413195504],[0.020813214925497217,0.011198264879553959]]","[[0.2736132898816356,0.2478222413747399],[0.020813214925497217,0.011198264879553959]]","[[0.5219964773566634,0.49668982338022305],[0.14381178309796033,0.10535768553338669]]","[[1.0,1.0],[1.0,1.0]]","[[7.666050541842425,1.9980356026578832],[1.9967167185412513,1.9947912136713664]]","[1.0,1.0]","[7.827234790060255,3.991499551578804]","[0.00029089648874273906,0.00015593727733815925]","[0.28589815420133097,0.014851393916264728]","[0.2858981544220889,0.014851393936960786]","[[0.29923461267241724,0.2725616952887288],[0.019457872894903024,0.010244914854842203]]","[[0.29923461267241724,0.2725616955094867],[0.019457872894903024,0.010244914847943518]]","[[0.5463512712054782,0.5213829402570371],[0.1393716981013616,0.10107907812904429]]","[[1.0,1.0],[1.0,1.0]]","[[7.7051071520204895,1.9988254873840898],[1.995679048255638,1.9977246107878508]]","[1.0,1.0]","[7.848722309536404,3.993398567482277]","[null,null]"
stagewise_residual_simvq_k8x2-2x2_rate047-20260729-233115,50,0.02246373,0.08966888,0.11213261,0.02051690,0.09420497,22.93902771,0.91137736,0.01964925,0,Phase2-退火(48%),0.000000,0.00000000,,4608,0.0703125000,0.0468750000,5e-05,"[0.2618555576712997,0.016539462250484912]","[0.26185555783686815,0.016539462241861556]","[[0.27459501944206377,0.24911609485193534],[0.021461757696751092,0.011617166660208669]]","[[0.27459501944206377,0.24911609498990905],[0.021461757696751092,0.011617166644686625]]","[[0.5229518957712033,0.4980122110357991],[0.14607173578330765,0.10735696402412874]]","[[1.0,1.0],[1.0,1.0]]","[[7.69163598925979,1.9976495544115702],[1.996594755075596,1.9940252330568102]]","[1.0,1.0]","[7.83953837995176,3.9906077442345795]","[0.0002821278427695183,0.0001557899283296946]","[0.2671129730012682,0.022643689052374273]","[0.26711297311164717,0.02264368910756376]","[[0.2798611569183844,0.2543647882011202],[0.029116520782311757,0.016170857087881477]]","[[0.2798611569183844,0.2543647885322571],[0.029116520782311757,0.01617085714307096]]","[[0.5282795058356391,0.5035860620163105],[0.17050108556394225,0.12700178137531987]]","[[1.0,1.0],[1.0,1.0]]","[[7.732150162590875,1.9992534089971472],[1.9965151309967042,1.9981573873096041]]","[1.0,1.0]","[7.8633429915816695,3.994670286885014]","[null,null]"
stagewise_residual_simvq_k8x2-2x2_rate047-20260729-233115,51,0.02252571,0.08872271,0.11124842,0.01971126,0.08710771,23.09228845,0.91095950,0.01964925,0,Phase2-退火(50%),0.000000,0.00000000,,4608,0.0703125000,0.0468750000,5e-05,"[0.2604899941771119,0.015615114095379357]","[0.26048999403913814,0.015615114097104029]","[[0.2733037018665561,0.24767628720513096],[0.020282116289147074,0.010948111766224934]]","[[0.2733037018665561,0.2476762869015888],[0.020282116289147074,0.01094811176708727]]","[[0.5216098878118727,0.49645554859329155],[0.14194690696895124,0.10419766484863228]]","[[1.0,1.0],[1.0,1.0]]","[[7.687841488696911,1.9973198981196791],[1.9960732758045197,1.9917726348947595]]","[1.0,1.0]","[7.836938073016979,3.987824010407483]","[0.00029311492280275736,0.00016271352913598228]","[0.2577891094817056,0.013970376930578992]","[0.2577891089298107,0.013970376923680305]","[[0.2704884128438102,0.24508980324974766],[0.01811796134268796,0.00982279261160228]]","[[0.2704884128438102,0.24508980258747384],[0.01811796134268796,0.009822792597804908]]","[[0.5194080070213035,0.4943683948781755],[0.134489712063913,0.09899686370734816]]","[[1.0,1.0],[1.0,1.0]]","[[7.690156986095287,1.997145175050806],[1.9928542137145997,1.9988101385257862]]","[1.0,1.0]","[7.837791336907281,3.9916532869692203]","[null,null]"
stagewise_residual_simvq_k8x2-2x2_rate047-20260729-233115,52,0.02195060,0.08948538,0.11143598,0.01978615,0.09053905,23.07839200,0.91104903,0.01964925,0,Phase2-退火(52%),0.000000,0.00000000,,4608,0.0703125000,0.0468750000,5e-05,"[0.2632219677170118,0.015594105553571824]","[0.26322196796536446,0.015594105550122481]","[[0.27586081726131617,0.2505831185866285],[0.020079193695413847,0.011109017295314482]]","[[0.27586081726131617,0.2505831190005497],[0.020079193695413847,0.011109017306524846]]","[[0.5240420657727454,0.49935613291131126],[0.14126180225500354,0.10496269453454901]]","[[1.0,1.0],[1.0,1.0]]","[[7.715576244283605,1.9973998299351445],[1.9944848638993722,1.9915780069651428]]","[1.0,1.0]","[7.851256446485166,3.986039105609611]","[0.00028104242904831793,0.00014815168706263648]","[0.2654723760154512,0.016350061108392697]","[0.2654723761258302,0.0163500611566835]","[[0.27823719481627146,0.25270755875993656],[0.021074742865231304,0.011625379137694836]]","[[0.27823719481627146,0.2527075590910735],[0.021074742865231304,0.01162537917908695]]","[[0.5267621338367462,0.5019612610340118],[0.14504551788171133,0.10768675721353954]]","[[1.0,1.0],[1.0,1.0]]","[[7.752076717659279,1.998403435283237],[1.9938293289255213,1.9799816131591796]]","[1.0,1.0]","[7.871783606211344,3.9737604600411873]","[null,null]"
stagewise_residual_simvq_k8x2-2x2_rate047-20260729-233115,53,0.02175227,0.08972489,0.11147716,0.01958382,0.10236090,23.13051488,0.91375555,0.01958382,1,Phase2-退火(53%),0.000000,0.00000000,,4608,0.0703125000,0.0468750000,5e-05,"[0.26421176181347283,0.015619019244763034]","[0.2642117614271464,0.015619019248212377]","[[0.27683367036558965,0.2515898522679453],[0.020025023809392695,0.011213014546471337]]","[[0.27683367036558965,0.2515898518540241],[0.020025023809392695,0.011213014553370024]]","[[0.524910862909423,0.5003102034330368],[0.1411055790881316,0.10548657696280214]]","[[1.0,1.0],[1.0,1.0]]","[[7.713982831990277,1.99741811465334],[1.9940309981505075,1.9911720401710935]]","[1.0,1.0]","[7.850467055815238,3.9851783169640433]","[0.0002829486939407178,0.00014632488733628567]","[0.3020505824574718,0.017389289876101194]","[0.30205058212633484,0.017389289903695936]","[[0.3155951613629306,0.2885060018963284],[0.02234192977624911,0.01243664979658745]]","[[0.3155951613629306,0.2885060023378443],[0.02234192977624911,0.012436649831080879]]","[[0.5610384978629924,0.5363692784750903],[0.14932499097453222,0.1113464383063493]]","[[1.0,1.0],[1.0,1.0]]","[[7.74037826679371,1.998118034115544],[1.991230633523729,1.9964324368370905]]","[1.0,1.0]","[7.865282676838063,3.987644660031354]","[null,null]"
stagewise_residual_simvq_k8x2-2x2_rate047-20260729-233115,54,0.02174312,0.08967721,0.11142032,0.01993782,0.09629438,23.04828117,0.91032957,0.01958382,0,Phase2-退火(55%),0.000000,0.00000000,,4608,0.0703125000,0.0468750000,5e-05,"[0.2644871525190495,0.015503381929118876]","[0.2644871524086705,0.015503381915321504]","[[0.2770945332116551,0.25187977149530694],[0.019967632428570477,0.011039131375340124]]","[[0.2770945332116551,0.25187977086062785],[0.019967632428570477,0.011039131351194723]]","[[0.5252135367305191,0.500653402948821],[0.14093058695671734,0.10469553629281345]]","[[1.0,1.0],[1.0,1.0]]","[[7.710819647047255,1.9972001682828975],[1.9951380948225657,1.992076806006608]]","[1.0,1.0]","[7.848430348325659,3.9871928175290425]","[0.0002927076394607192,0.00014515713290300618]","[0.2845132858664901,0.016295675636717567]","[0.28451328531459524,0.016295675602224138]","[[0.29771875352771193,0.2713078177637524],[0.021171199861499998,0.011420151239467992]]","[[0.29771875352771193,0.27130781677034166],[0.021171199861499998,0.011420151253265363]]","[[0.5449810595424087,0.5202051650594782],[0.1454105450047387,0.10676996144983504]]","[[1.0,1.0],[1.0,1.0]]","[[7.7136450025770396,1.9945400935632212],[1.9940976566738553,1.9753058442363032]]","[1.0,1.0]","[7.844653097788493,3.969328166820385]","[null,null]"
stagewise_residual_simvq_k8x2-2x2_rate047-20260729-233115,55,0.02160057,0.08940863,0.11100920,0.02002296,0.08718437,23.02533147,0.90836799,0.01958382,0,Phase2-退火(57%),0.000000,0.00000000,,4608,0.0703125000,0.0468750000,5e-05,"[0.2631871029182717,0.015991046038214808]","[0.2631871030010559,0.015991046048562836]","[[0.27574936739272543,0.250624838112681],[0.020456152388619052,0.011525939540351155]]","[[0.27574936739272543,0.25062483808508623],[0.020456152388619052,0.011525939549836847]]","[[0.5240426729122798,0.49951626503909075],[0.14259314088633768,0.10693249957704985]]","[[1.0,1.0],[1.0,1.0]]","[[7.712593941335325,1.9973096074881378],[1.994161617976648,1.9918172756830852]]","[1.0,1.0]","[7.8495416809011385,3.9859515878889296]","[0.00028124752304089877,0.000147070500578492]","[0.2548934765436031,0.01681151476999124]","[0.2548934765436031,0.01681151476999124]","[[0.2667899145020379,0.2429970391370632],[0.021497759954245,0.01212526943396639]]","[[0.2667899145020379,0.2429970395785791],[0.021497759954245,0.012125269399472961]]","[[0.5157668416146879,0.4921801152052703],[0.1464884705013699,0.1099729061126709]]","[[1.0,1.0],[1.0,1.0]]","[[7.66810445079097,1.9982545870321768],[1.984120456377665,1.9964897756223325]]","[1.0,1.0]","[7.828701700987639,3.980576930222688]","[null,null]"
stagewise_residual_simvq_k8x2-2x2_rate047-20260729-233115,56,0.02144536,0.08861586,0.11006122,0.01947677,0.08924426,23.14859034,0.91292677,0.01947677,1,Phase2-退火(58%),0.000000,0.00000000,,4608,0.0703125000,0.0468750000,5e-05,"[0.2623652687503232,0.014968583875991127]","[0.262365269412597,0.014968583888063828]","[[0.27505728069830826,0.2496732561952538],[0.01913076373748481,0.0108064038299576]]","[[0.27505728069830826,0.24967325688512237],[0.01913076373748481,0.010806403836856287]]","[[0.5234636367471129,0.49865406569507387],[0.13795464945336183,0.10360155409132993]]","[[1.0,1.0],[1.0,1.0]]","[[7.7110989341029414,1.997101100506606],[1.9935383200645447,1.9913042770491707]]","[1.0,1.0]","[7.848383269486604,3.9848126945672213]","[0.0002783716189528436,0.00013897879189580972]","[0.26847201078026384,0.012077376984611705]","[0.2684720095660951,0.012077376970814334]","[[0.2816641330718994,0.25527988683294367],[0.0154450883054071,0.008709665656917625]]","[[0.2816641330718994,0.25527988606029084],[0.0154450883054071,0.008709665632772225]]","[[0.5300473619390417,0.5045635642828765],[0.1241573194110835,0.09320387647107796]]","[[1.0,1.0],[1.0,1.0]]","[[7.730181485635263,1.99541437625885],[1.9937537528850413,1.9853684045650342]]","[1.0,1.0]","[7.8547682020399305,3.9790932637673837]","[null,null]"
stagewise_residual_simvq_k8x2-2x2_rate047-20260729-233115,57,0.02131175,0.08817661,0.10948836,0.01928490,0.08928490,23.19832302,0.91460454,0.01928490,1,Phase2-退火(60%),0.000000,0.00000000,,4608,0.0703125000,0.0468750000,5e-05,"[0.2606971036504816,0.015334319763092531]","[0.26069710392642903,0.015334319754469174]","[[0.2733005366667553,0.24809366994433932],[0.019599463694073536,0.01106917570879752]]","[[0.2733005366667553,0.24809367008231303],[0.019599463694073536,0.011069175705348176]]","[[0.5217037616504563,0.49698383603934887],[0.1395839096357425,0.10482021050044783]]","[[1.0,1.0],[1.0,1.0]]","[[7.714061357356884,1.997607210830406],[1.9933375842041439,1.9900510770303232]]","[1.0,1.0]","[7.850878676661739,3.9833543821617408]","[0.0002787989900281429,0.0001496726296964981]","[0.266822909867322,0.013491968803659634]","[0.2668229095361851,0.013491968803659634]","[[0.2796350050855566,0.25401081277264487],[0.017090915681587326,0.00989302181535297]]","[[0.2796350050855566,0.254010812331129],[0.017090915681587326,0.009893021808454285]]","[[0.5281173966549061,0.5032975351368939],[0.13058924708101485,0.0993246176176601]]","[[1.0,1.0],[1.0,1.0]]","[[7.7515671482792605,1.997629134743302],[1.9941628226527461,1.9985891033101966]]","[1.0,1.0]","[7.870009291613544,3.992745381814462]","[null,null]"
stagewise_residual_simvq_k8x2-2x2_rate047-20260729-233115,58,0.03116292,0.08428433,0.11544725,0.02118398,0.07615104,22.78871108,0.90379951,0.01928490,0,Phase2-退火(62%),0.000000,0.00000000,,4608,0.0703125000,0.0468750000,5e-05,"[0.24498056214716699,0.017876599328937353]","[0.24498056209197752,0.01787659932548801]","[[0.2582894441430216,0.23167167987536502],[0.022473714312676477,0.013279484121853279]]","[[0.2582894441430216,0.2316716793372675],[0.022473714312676477,0.013279484108918244]]","[[0.5058441558369884,0.4786024154888259],[0.14365857352537137,0.10794602095804832]]","[[1.0,1.0],[1.0,1.0]]","[[7.700403161402102,1.9952354649702708],[1.9897474006370262,1.9857784213843168]]","[1.0,1.0]","[7.839222492995085,3.975366579603266]","[0.0004041980092114062,0.000229867294688625]","[0.22252891703888222,0.01529234763648775]","[0.22252891692850324,0.015292347608893007]","[[0.2352075872597871,0.2098502489151778],[0.02034690037921623,0.010237794776481611]]","[[0.2352075872597871,0.20985024803214603],[0.02034690037921623,0.01023779476268424]]","[[0.4842000835471683,0.4572847503202933],[0.14255038466718462,0.1010865471429295]]","[[1.0,1.0],[1.0,1.0]]","[[7.67804925000226,1.9957242020854244],[1.997379830148485,1.9877548606307418]]","[1.0,1.0]","[7.828835815853543,3.9851129055023193]","[null,null]"
stagewise_residual_simvq_k8x2-2x2_rate047-20260729-233115,59,0.02126092,0.08345213,0.10471305,0.01944170,0.09443259,23.17314520,0.91471162,0.01928490,0,Phase2-退火(63%),0.000000,0.00000000,,4608,0.0703125000,0.0468750000,5e-05,"[0.2475635306150825,0.01425606286222184]","[0.24756353025635083,0.01425606287256987]","[[0.2603837270427633,0.2347433326696908],[0.018424583462722324,0.010087542123747644]]","[[0.2603837270427633,0.23474333228336441],[0.018424583462722324,0.010087542140132024]]","[[0.5092234969139099,0.48340506658509924],[0.13541981493709265,0.10009684208090659]]","[[1.0,1.0],[1.0,1.0]]","[[7.718399444332829,1.9972581929630704],[1.9959307224662215,1.989227678599181]]","[1.0,1.0]","[7.852421366726911,3.9851239464901114]","[0.0002694131902966614,0.0001309096781066425]","[0.2817186559791918,0.014974860619339678]","[0.2817186556480549,0.014974860605542307]","[[0.29505090989448407,0.2683864027261734],[0.019189518917765883,0.010760202238129245]]","[[0.29505090989448407,0.26838640250541546],[0.019189518917765883,0.010760202307116102]]","[[0.5425335689827248,0.5173916732823407],[0.13842303372091716,0.10362293295286319]]","[[1.0,1.0],[1.0,1.0]]","[[7.761350236115632,1.9985646424470125],[1.9927152342266508,1.9977324768348976]]","[1.0,1.0]","[7.876826960952194,3.990435160530938]","[null,null]"
stagewise_residual_simvq_k8x2-2x2_rate047-20260729-233115,60,0.02064056,0.08555237,0.10619293,0.02026179,0.08364386,22.97258116,0.91236688,0.01928490,0,Phase2-退火(65%),0.000000,0.00000000,,4608,0.0703125000,0.0468750000,5e-05,"[0.2540433829581296,0.014610523130330774]","[0.25404338284775063,0.014610523099286689]","[[0.26662048874077976,0.24146627712028998],[0.018532117942555083,0.010688928173234065]]","[[0.26662048874077976,0.2414662773134532],[0.018532117942555083,0.010688928149088665]]","[[0.5152990671219649,0.4903127590815226],[0.13573530684742663,0.10298870221056321]]","[[1.0,1.0],[1.0,1.0]]","[[7.72896514027207,1.9971129755179087],[1.9917795088556078,1.989134066634708]]","[1.0,1.0]","[7.8574834708814265,3.9808743715286257]","[0.0002741449836456148,0.00013291801635744008]","[0.24192921298521536,0.019060091453569905]","[0.24192921265407843,0.019060091439772536]","[[0.25421364296365667,0.229644779364268],[0.024845761640204325,0.013274421101367033]]","[[0.25421364296365667,0.2296447789227521],[0.024845761640204325,0.013274421094468346]]","[[0.5035809333677645,0.4785849509415803],[0.1575124242791423,0.11507289194398457]]","[[1.0,1.0],[1.0,1.0]]","[[7.742366116135209,1.9934204269338538],[1.985943458698414,1.9894038209208735]]","[1.0,1.0]","[7.857036710668493,3.975298844443427]","[null,null]"
stagewise_residual_simvq_k8x2-2x2_rate047-20260729-233115,61,0.02077273,0.08544594,0.10621867,0.01918550,0.08835471,23.23365254,0.91391479,0.01918550,1,Phase2-退火(67%),0.000000,0.00000000,,4608,0.0703125000,0.0468750000,5e-05,"[0.2536838227124126,0.014807383957560415]","[0.2536838227676021,0.014807383947212387]","[[0.2661948697986426,0.24117277540542462],[0.01886957156713362,0.010745196225535538]]","[[0.2661948697986426,0.24117277587453526],[0.01886957156713362,0.010745196196216123]]","[[0.5147960656770953,0.48991945485273997],[0.13703210177244962,0.10334007679312318]]","[[1.0,1.0],[1.0,1.0]]","[[7.726334071159362,1.9961672961711883],[1.9919563225022068,1.9907295136540024]]","[1.0,1.0]","[7.854310567290694,3.9826570365164016]","[0.00027947450098172,0.00013031997776933067]","[0.2617510720535561,0.015738008040244934]","[0.2617510711705243,0.01573800801265019]","[[0.2744411283069187,0.24906101602095146],[0.019916045845106797,0.011559969987030383]]","[[0.2744411283069187,0.24906101480678275],[0.019916045845106797,0.01155996995943564]]","[[0.5231580480381295,0.4983337640762329],[0.14100099586778217,0.10739032223268792]]","[[1.0,1.0],[1.0,1.0]]","[[7.748049234460901,1.998229615776627],[1.9914125442504882,1.9983202166027494]]","[1.0,1.0]","[7.8693995828981755,3.9897203975253634]","[null,null]"
stagewise_residual_simvq_k8x2-2x2_rate047-20260729-233115,62,0.02057917,0.08592759,0.10650676,0.01899569,0.08621693,23.25968194,0.91548714,0.01899569,1,Phase2-退火(68%),0.000000,0.00000000,,4608,0.0703125000,0.0468750000,5e-05,"[0.2552210473076061,0.01499789836126621]","[0.2552210475007693,0.01499789836126621]","[[0.2676853073415933,0.24275678647337137],[0.019036053434980136,0.010959743203043385]]","[[0.2676853073415933,0.24275678688729252],[0.019036053434980136,0.0109597431961447]]","[[0.5163497967300592,0.49164626979165604],[0.13741277119627707,0.10418792579461027]]","[[1.0,1.0],[1.0,1.0]]","[[7.732386380654794,1.9962593414165355],[1.9923875484201643,1.9886885009430073]]","[1.0,1.0]","[7.857555746149134,3.981034052371979]","[0.00027098416750151146,0.000138221365381873]","[0.25878288845221203,0.01299590633975135]","[0.25878288867296995,0.012995906325953979]","[[0.2714434203174379,0.24612235460016463],[0.016408484477411816,0.009583328171046795]]","[[0.2714434203174379,0.24612235537281743],[0.016408484477411816,0.009583328171046795]]","[[0.5203103405457956,0.4954022356757411],[0.12797021054559285,0.09777663521192692]]","[[1.0,1.0],[1.0,1.0]]","[[7.742063225640191,1.9960061806219596],[1.9919552838360821,1.9931058715890955]]","[1.0,1.0]","[7.861985439724393,3.985043239593506]","[null,null]"
stagewise_residual_simvq_k8x2-2x2_rate047-20260729-233115,63,0.02034525,0.08547624,0.10582150,0.01895531,0.08091293,23.27098901,0.91399683,0.01895531,1,Phase2-退火(70%),0.000000,0.00000000,,4608,0.0703125000,0.0468750000,5e-05,"[0.2549497647417916,0.014287860348337778]","[0.25494976457622315,0.014287860344888435]","[[0.2674067621153814,0.24249276745098608],[0.0181254629338919,0.010450257604113883]]","[[0.2674067621153814,0.24249276750617557],[0.0181254629338919,0.01045025760670089]]","[[0.515952025629856,0.4912497784804415],[0.13428873272129782,0.10191247220392581]]","[[1.0,1.0],[1.0,1.0]]","[[7.742371695129959,1.9954898264673022],[1.985752500207336,1.9899579613297074]]","[1.0,1.0]","[7.861127652945342,3.9756634014624135]","[0.0002772131410354093,0.00013117620367632265]","[0.24257740599137764,0.012572282939045517]","[0.2425774066536515,0.012572282959741575]","[[0.2544109755092197,0.23074383536974588],[0.016033862269035092,0.009110703619403972]]","[[0.2544109755092197,0.23074383614239868],[0.016033862269035092,0.009110703667694772]]","[[0.5037844728540491,0.47974489816912896],[0.12651902597259593,0.09534650224226493]]","[[1.0,1.0],[1.0,1.0]]","[[7.747705272391991,1.9981568380638406],[1.9915281905068292,1.9844661827440615]]","[1.0,1.0]","[7.869093382800067,3.9759594793672917]","[null,null]"
stagewise_residual_simvq_k8x2-2x2_rate047-20260729-233115,64,0.02015168,0.08556950,0.10572119,0.01877237,0.07923531,23.31274545,0.91608723,0.01877237,1,Phase2-退火(72%),0.000000,0.00000000,,4608,0.0703125000,0.0468750000,5e-05,"[0.255286651711773,0.014443451033353254]","[0.2552866516565835,0.014443451041976611]","[[0.26772110909223557,0.24285219455206836],[0.018173684057331194,0.010713217915380718]]","[[0.26772110909223557,0.24285219452447362],[0.018173684057331194,0.010713217930040425]]","[[0.5162434510610722,0.49160025312944694],[0.13426423076954153,0.10301011468249338]]","[[1.0,1.0],[1.0,1.0]]","[[7.752568901026691,1.9953439657334928],[1.9835042686374098,1.9881283351668606]]","[1.0,1.0]","[7.866016514212997,3.9715610649850634]","[0.00027404238375041773,0.0001226097618941653]","[0.23096391867708277,0.017601878920363054]","[0.23096391801480895,0.017601878906565685]","[[0.24256847898165385,0.2193593567168271],[0.02217255954941114,0.013031198105050459]]","[[0.24256847898165385,0.21935935506114254],[0.02217255954941114,0.013031198146442572]]","[[0.4918806325506281,0.46771967786329766],[0.14879685750714056,0.11403275866199422]]","[[1.0,1.0],[1.0,1.0]]","[[7.758528289088496,1.9976743671629165],[1.993398708767361,1.9595479426560578]]","[1.0,1.0]","[7.87363786344175,3.9527555147806805]","[null,null]"
stagewise_residual_simvq_k8x2-2x2_rate047-20260729-233115,65,0.02005995,0.08536671,0.10542665,0.01888669,0.07881956,23.28077127,0.91480598,0.01877237,0,Phase2-退火(73%),0.000000,0.00000000,,4608,0.0703125000,0.0468750000,5e-05,"[0.2552082791372582,0.014183035970631022]","[0.2552082794683951,0.014183035972355693]","[[0.267644817299313,0.24277173992660311],[0.017817281709156103,0.010548790178641125]]","[[0.267644817299313,0.242771740368119],[0.017817281709156103,0.010548790180365796]]","[[0.5160733566240028,0.491423570005982],[0.13309161772054653,0.10235312238887505]]","[[1.0,1.0],[1.0,1.0]]","[[7.751926978429158,1.9954802603633315],[1.9815771358984489,1.9894270795362967]]","[1.0,1.0]","[7.865968900256687,3.9709363906471817]","[0.0002842779153811366,0.0001196591050319074]","[0.23579470217227935,0.012969389199106781]","[0.23579470250341628,0.012969389212904152]","[[0.2473562975724538,0.2242331067721049],[0.01637206847469012,0.009566709861435272]]","[[0.2473562975724538,0.2242331075447577],[0.01637206847469012,0.009566709868333958]]","[[0.49667936276506497,0.4728534106855039],[0.1278574331491082,0.09771560905156312]]","[[1.0,1.0],[1.0,1.0]]","[[7.768571097762496,1.9971921841303508],[1.9830869948422467,1.9736788661391647]]","[1.0,1.0]","[7.877794219829418,3.956692213482327]","[null,null]"
stagewise_residual_simvq_k8x2-2x2_rate047-20260729-233115,66,0.02008355,0.08483634,0.10491989,0.02247250,0.07948845,22.54190881,0.91006336,0.01877237,0,Phase2-退火(75%),0.000000,0.00000000,,4608,0.0703125000,0.0468750000,5e-05,"[0.2535023071423725,0.0143791939770044]","[0.2535023071147777,0.0143791939770044]","[[0.2658754681271535,0.2411291459368335],[0.018038599222415574,0.01071978862811294]]","[[0.2658754681271535,0.24112914579885977],[0.018038599222415574,0.01071978862811294]]","[[0.5145552355934072,0.489953824656981],[0.1338261740765086,0.10307960315710968]]","[[1.0,1.0],[1.0,1.0]]","[[7.756561168034872,1.9953594276198634],[1.980689584988135,1.989845805918729]]","[1.0,1.0]","[7.86808882466069,3.9704727000660367]","[0.0002750379368080758,0.00012435366668594523]","[0.23058103731384985,0.019025589898228647]","[0.23058103764498675,0.019025589884431274]","[[0.24254916508992513,0.21861290810284792],[0.023639228498494185,0.014411951111698592]]","[[0.24254916508992513,0.21861290964815352],[0.023639228498494185,0.014411951091002535]]","[[0.49184836877716914,0.46690637248533745],[0.15361443824238247,0.11991102138051281]]","[[1.0,1.0],[1.0,1.0]]","[[7.746670518098054,1.9947934601042006],[1.974413517669395,1.9977644858536896]]","[1.0,1.0]","[7.861935633200186,3.972079156946253]","[null,null]"
stagewise_residual_simvq_k8x2-2x2_rate047-20260729-233115,67,0.05876538,0.09516506,0.15393044,0.01865163,0.08254630,23.34253965,0.91667394,0.01865163,1,Phase2-退火(77%),0.000000,0.00000000,,4608,0.0703125000,0.0468750000,5e-05,"[0.26899852554003395,0.028807848257323108]","[0.2689985255676287,0.02880784824869975]","[[0.2861610266621466,0.25183602557690055],[0.034309035234360234,0.02330666118370438]]","[[0.2861610266621466,0.2518360255217111],[0.034309035234360234,0.02330666118370438]]","[[0.5155878689002108,0.48201206508609984],[0.16117986052952432,0.12295328534587666]]","[[0.9972222222222222,1.0],[1.0,1.0]]","[[7.357389085822636,1.9865892286653872],[1.9815162362875762,1.9888309748084456]]","[0.9977777777777777,1.0]","[7.633157230306555,3.970246679694564]","[0.0008609321931510715,0.0002652350629803011]","[0.24743540463624178,0.01355087232120611]","[0.24743540463624178,0.013550872328104797]","[[0.2600821657313241,0.2347886433204015],[0.016937941009247743,0.010163803660759219]]","[[0.2600821657313241,0.23478864387229637],[0.016937941009247743,0.010163803660759219]]","[[0.5092875111986089,0.48384492441459936],[0.130015202804848,0.1006775540334207]]","[[1.0,1.0],[1.0,1.0]]","[[7.755476414715802,1.998389693542763],[1.9842211255320796,1.99526126826251]]","[1.0,1.0]","[7.873489298643889,3.979439950872351]","[null,null]"
stagewise_residual_simvq_k8x2-2x2_rate047-20260729-233115,68,0.01974454,0.08173214,0.10147668,0.01853020,0.07712674,23.36275204,0.91581320,0.01853020,1,Phase2-退火(78%),0.000000,0.00000000,,4608,0.0703125000,0.0468750000,5e-05,"[0.24360086531550795,0.014746826261075006]","[0.24360086564664488,0.014746826254176322]","[[0.25605516458551086,0.23114656607309977],[0.01841314818744582,0.01108050427261602]]","[[0.25605516458551086,0.23114656659739988],[0.01841314818744582,0.011080504274340692]]","[[0.504928730097082,0.47965923139342553],[0.1351229288097885,0.10472771394307967]]","[[1.0,1.0],[1.0,1.0]]","[[7.7517628219392565,1.996046542679822],[1.9866548114352756,1.9909950468275281]]","[1.0,1.0]","[7.866986072504962,3.977602627542284]","[0.00026219816874665277,0.00011750167746127031]","[0.2312032667575059,0.012823819700214598]","[0.23120326730940077,0.012823819720910654]","[[0.24277677061381164,0.21962976312195814],[0.015987111365905516,0.009660528017276968]]","[[0.24277677061381164,0.21962976389461095],[0.015987111365905516,0.009660528058669082]]","[[0.49206785405123676,0.46798202616197093],[0.1263142850663927,0.09815815505054262]]","[[1.0,1.0],[1.0,1.0]]","[[7.748837213163022,1.9981336028487593],[1.9863679382536146,1.9970407468301279]]","[1.0,1.0]","[7.8696101118017125,3.9833734547650375]","[null,null]"
stagewise_residual_simvq_k8x2-2x2_rate047-20260729-233115,69,0.01966628,0.08258299,0.10224927,0.01835128,0.08908985,23.41218878,0.91695726,0.01835128,1,Phase2-退火(80%),0.000000,0.00000000,,4608,0.0703125000,0.0468750000,5e-05,"[0.2468510451692122,0.014512088399863354]","[0.24685104503123848,0.014512088389515326]","[[0.259256392551793,0.23444569607575735],[0.01802468005809243,0.010999496682133111]]","[[0.259256392551793,0.23444569607575735],[0.01802468005809243,0.010999496669198076]]","[[0.5080668558125143,0.48306801738562405],[0.13383384113786398,0.10447193538701093]]","[[1.0,1.0],[1.0,1.0]]","[[7.752641670792191,1.9948280817932553],[1.9823019520000176,1.9920606226832778]]","[1.0,1.0]","[7.865034569634331,3.974302269352807]","[0.00026674154777774,0.00011184122294825674]","[0.26747722272519714,0.01467525178083667]","[0.26747722338747093,0.014675251801532728]","[[0.28064701645462603,0.25430742767122055],[0.01819571001386201,0.011154793423634988]]","[[0.28064701645462603,0.2543074284438734],[0.01819571001386201,0.011154793451229732]]","[[0.5290372031706351,0.503551306547942],[0.134744196191982,0.10546874519851472]]","[[1.0,1.0],[1.0,1.0]]","[[7.769189792209201,1.9946093214882745],[1.9862094358161644,1.994677441208451]]","[1.0,1.0]","[7.873003733599627,3.980868104652122]","[null,null]"
stagewise_residual_simvq_k8x2-2x2_rate047-20260729-233115,70,0.01949134,0.08268577,0.10217711,0.01840758,0.08767371,23.39960411,0.91752097,0.01835128,0,Phase2-退火(82%),0.000000,0.00000000,,4608,0.0703125000,0.0468750000,5e-05,"[0.24811702999803756,0.013924595034094872]","[0.2481170302187955,0.013924595027196186]","[[0.26051614563222286,0.23571791430866276],[0.017290180283426135,0.010559009688182009]]","[[0.26051614563222286,0.23571791425347327],[0.017290180283426135,0.010559009684732668]]","[[0.5093737156302841,0.4844512779403616],[0.13110228363010618,0.10237561393943098]]","[[1.0,1.0],[1.0,1.0]]","[[7.7495715918364345,1.994517707603949],[1.9829816573195986,1.9919588696073602]]","[1.0,1.0]","[7.862868047643591,3.974882287007791]","[0.0002643824936563356,0.00010062859116294055]","[0.26500965389940473,0.013137660610179106]","[0.2650096542305417,0.013137660575685677]","[[0.27780182858308156,0.2522174796572438],[0.016308617502174997,0.00996670355261476]]","[[0.27780182858308156,0.2522174796572438],[0.016308617502174997,0.009966703531918702]]","[[0.5263521543255558,0.5014836267188744],[0.12757102615303464,0.099690488367169]]","[[1.0,1.0],[1.0,1.0]]","[[7.779992117705168,1.9939489938594677],[1.9870093274999547,1.9981641177777891]]","[1.0,1.0]","[7.877166928185357,3.98514224158393]","[null,null]"
stagewise_residual_simvq_k8x2-2x2_rate047-20260729-233115,71,0.01934925,0.08241963,0.10176888,0.01929608,0.09468339,23.20723986,0.91674568,0.01835128,0,Phase2-退火(83%),0.000000,0.00000000,,4608,0.0703125000,0.0468750000,5e-05,"[0.24748197269660455,0.013937860823891781]","[0.2474819730553362,0.013937860823891781]","[[0.25975789952057377,0.23520604556909314],[0.017223905668490462,0.01065181598101777]]","[[0.25975789952057377,0.23520604645212492],[0.017223905668490462,0.010651815977568427]]","[[0.5086337954357818,0.483926650164304],[0.1308943451416713,0.10287672090861533]]","[[1.0,1.0],[1.0,1.0]]","[[7.757614129560965,1.994968111205984],[1.9845918710584993,1.9907555942182187]]","[1.0,1.0]","[7.86785483095381,3.9752876003583273]","[0.00026117807644402124,9.99234589976873e-05]","[0.28013582958115474,0.01958659503057047]","[0.2801358300226706,0.01958659509955733]","[[0.29361668913452715,0.2666549688136136],[0.02404532954096794,0.015127860327009801]]","[[0.29361668913452715,0.26665496969664537],[0.02404532954096794,0.015127860375300601]]","[[0.5411886067302139,0.5157028043711627],[0.15491672202392862,0.12283526901845579]]","[[1.0,1.0],[1.0,1.0]]","[[7.805287050317835,1.9919088266513967],[1.996684032899362,1.9887587070465087]]","[1.0,1.0]","[7.885947792618363,3.9854292657640245]","[null,null]"
stagewise_residual_simvq_k8x2-2x2_rate047-20260729-233115,72,0.01929507,0.08256310,0.10185817,0.02184830,0.07802289,22.65260621,0.90305026,0.01835128,0,Phase2-退火(85%),0.000000,0.00000000,,4608,0.0703125000,0.0468750000,5e-05,"[0.24772806923698495,0.014325096042550825]","[0.24772806898863228,0.014325096046000168]","[[0.25995062178483713,0.235505515695722],[0.01767615832698842,0.01097403366929265]]","[[0.25995062178483713,0.23550551544736933],[0.01767615832698842,0.010974033677916007]]","[[0.5088113331132464,0.48422866298092737],[0.13247493806260605,0.10431300945304058]]","[[1.0,1.0],[1.0,1.0]]","[[7.7673760952772914,1.9950670213611037],[1.9777774417841876,1.9868933485613929]]","[1.0,1.0]","[7.872998429227758,3.9645592945593373]","[0.0002663788588068672,0.00010549773541478553]","[0.23400773880658327,0.013622177095600853]","[0.23400773836506739,0.013622177109398224]","[[0.24553156748965935,0.22248390901971746],[0.016863225607408418,0.010381128528603801]]","[[0.24553156748965935,0.22248390868858056],[0.016863225607408418,0.010381128542401172]]","[[0.4948049125847993,0.47096469755525944],[0.1297398797891758,0.10177793679413973]]","[[1.0,1.0],[1.0,1.0]]","[[7.739042882566099,1.9980033971645215],[1.990549378041868,1.9970008311448273]]","[1.0,1.0]","[7.864364344985397,3.987532545019079]","[null,null]"
stagewise_residual_simvq_k8x2-2x2_rate047-20260729-233115,73,0.02054330,0.08094389,0.10148719,0.01842954,0.08047525,23.38429159,0.91687574,0.01835128,0,Phase2-退火(87%),0.000000,0.00000000,,4608,0.0703125000,0.0468750000,5e-05,"[0.24337358030456083,0.01380605407887035]","[0.24337358030456083,0.013806054085769036]","[[0.25580782106629124,0.23093933783195636],[0.017129681859579353,0.010482426250732884]]","[[0.25580782106629124,0.23093933796993008],[0.017129681859579353,0.010482426261080912]]","[[0.5045477816352137,0.47930471273484054],[0.1303236813456924,0.10183212454948161]]","[[1.0,1.0],[1.0,1.0]]","[[7.754865424721329,1.9946405600618433],[1.9843007257691136,1.9856557806332906]]","[1.0,1.0]","[7.8657807464952825,3.969879851076338]","[0.0003043952119359919,0.0001135279480776161]","[0.24397752549913193,0.011949955237408478]","[0.24397752538875297,0.011949955251205851]","[[0.25621405409442055,0.23174099701422232],[0.014995446601123721,0.008904463784010322]]","[[0.25621405409442055,0.2317409966830854],[0.014995446601123721,0.008904463821953094]]","[[0.5055060764153798,0.480714069030903],[0.12234249192255514,0.09424883259667291]]","[[1.0,1.0],[1.0,1.0]]","[[7.735022912202058,1.9970098089288781],[1.978155713611179,1.9985677657303986]]","[1.0,1.0]","[7.860380377592864,3.9766471032743103]","[null,null]"
stagewise_residual_simvq_k8x2-2x2_rate047-20260729-233115,74,0.01910657,0.08065858,0.09976515,0.01932831,0.07304208,23.18268855,0.91585004,0.01835128,0,Phase2-退火(88%),0.000000,0.00000000,,4608,0.0703125000,0.0468750000,5e-05,"[0.24266208479249918,0.013831688824144227]","[0.24266208523401508,0.013831688805172842]","[[0.25491266336154056,0.23041150495409965],[0.017106514648292905,0.01055686283873877]]","[[0.25491266336154056,0.230411505561184],[0.017106514648292905,0.010556862827528405]]","[[0.503808885536812,0.4789134942271091],[0.1301356174327709,0.1021267055913254]]","[[1.0,1.0],[1.0,1.0]]","[[7.760368687135202,1.9953456611544997],[1.9644455090717032,1.9857924472402644]]","[1.0,1.0]","[7.869991114404466,3.950043734356209]","[0.0002668341796110057,0.00010364902878387106]","[0.21885427059950652,0.013325709642635452]","[0.21885427048912756,0.013325709642635452]","[[0.23043459675930164,0.2072739435566796],[0.016386424349965872,0.010264994804230002]]","[[0.23043459675930164,0.2072739436670586],[0.016386424349965872,0.010264994804230002]]","[[0.479389496644338,0.4546151911770856],[0.12788134515285493,0.10118949700284888]]","[[1.0,1.0],[1.0,1.0]]","[[7.740592977735731,1.9950390727431686],[1.9618643248522722,1.9965753281558]]","[1.0,1.0]","[7.859345368985776,3.958238469229804]","[null,null]"
stagewise_residual_simvq_k8x2-2x2_rate047-20260729-233115,75,0.01878294,0.08075841,0.09954135,0.02019454,0.08849203,23.04377242,0.91745937,0.01835128,0,Phase2-退火(90%),0.000000,0.00000000,,4608,0.0703125000,0.0468750000,5e-05,"[0.24318322293736316,0.013857913388077308]","[0.24318322290976843,0.013857913394975994]","[[0.2553706375261148,0.23099580796228514],[0.01693385970019908,0.010781966969025907]]","[[0.2553706375261148,0.23099580810025885],[0.01693385970019908,0.01078196697075058]]","[[0.5043855218423737,0.4796378622452418],[0.12973614096365593,0.10345471137099796]]","[[1.0,1.0],[1.0,1.0]]","[[7.7691637798591895,1.9951381692179928],[1.958983752462599,1.9903390804926555]]","[1.0,1.0]","[7.874023314758583,3.9491070910736368]","[0.0002550179367029125,9.019103404676167e-05]","[0.2673938584548456,0.01434602197949533]","[0.26739385779257174,0.01434602197949533]","[[0.2799342349723533,0.25485348149582193],[0.01741870887991455,0.01127333500319057]]","[[0.2799342349723533,0.25485348138544295],[0.01741870887991455,0.011273334968697141]]","[[0.528158672871413,0.5038883992919215],[0.13182536131805844,0.1060187315499341]]","[[1.0,1.0],[1.0,1.0]]","[[7.791773481722231,1.9992632892396716],[1.9577805784013536,1.9957603083716497]]","[1.0,1.0]","[7.893640030754937,3.9532996813456216]","[null,null]"
stagewise_residual_simvq_k8x2-2x2_rate047-20260729-233115,76,0.01881036,0.08051242,0.09932278,0.01994285,0.08323977,23.04765033,0.91264227,0.01835128,0,Phase2-退火(92%),0.000000,0.00000000,,4608,0.0703125000,0.0468750000,5e-05,"[0.24237968482904965,0.014086210684574864]","[0.24237968471867066,0.014086210682850193]","[[0.2545543986890051,0.23020497069314674],[0.017116790204481393,0.011055631104304835]]","[[0.2545543986890051,0.2302049703344151],[0.017116790204481393,0.011055631099993156]]","[[0.50331685145696,0.4785528471072515],[0.13034386912153828,0.10466810277214757]]","[[1.0,1.0],[1.0,1.0]]","[[7.767706412739224,1.9954743338955774],[1.9652140606332709,1.990829026919824]]","[1.0,1.0]","[7.873969912528992,3.95587158203125]","[0.0002796251199335394,9.261958715190606e-05]","[0.25402212308512795,0.011395511990068136]","[0.2540221224228541,0.011395511990068136]","[[0.26667116549279957,0.241373078028361],[0.014018087599564482,0.008772936359875732]]","[[0.26667116549279957,0.24137307758684512],[0.014018087599564482,0.00877293638057179]]","[[0.5156659634025008,0.4905467912002846],[0.11822591214268297,0.09347575505574544]]","[[1.0,1.0],[1.0,1.0]]","[[7.757808469842981,1.9875516635400277],[1.9773691530580875,1.99372345606486]]","[1.0,1.0]","[7.853291486810755,3.971015278498332]","[null,null]"
stagewise_residual_simvq_k8x2-2x2_rate047-20260729-233115,77,0.02187464,0.07935967,0.10123432,0.01862587,0.07979107,23.34214220,0.91641470,0.01835128,0,Phase2-退火(93%),0.000000,0.00000000,,4608,0.0703125000,0.0468750000,5e-05,"[0.23865812843044598,0.014337026577925793]","[0.2386581285132302,0.01433702656412842]","[[0.2513159451385339,0.22600031125324743],[0.017395769620176266,0.011278283427021018]]","[[0.2513159451385339,0.22600031150160013],[0.017395769620176266,0.011278283419259997]]","[[0.4994364759988255,0.47345754443495364],[0.130989698127464,0.10533873107698229]]","[[1.0,1.0],[1.0,1.0]]","[[7.76221457057529,1.9942760705947875],[1.941395389812964,1.9762736448535212]]","[1.0,1.0]","[7.868787769035057,3.9172624791110002]","[0.0003552986696444417,0.0001130947418864202]","[0.24318641402103283,0.01138594371991025]","[0.2431864130276221,0.011385943733707622]","[[0.2560658080710305,0.23030701776345572],[0.014193538679844804,0.008578348828962556]]","[[0.2560658080710305,0.2303070173219398],[0.014193538679844804,0.0085783488324119]]","[[0.505294527830901,0.4791480784062986],[0.11898332089185715,0.09242137355936898]]","[[1.0,1.0],[1.0,1.0]]","[[7.759776963127984,1.9986390290436922],[1.9731118193379156,1.9980834934446547]]","[1.0,1.0]","[7.876147708186397,3.9710848137184427]","[null,null]"
stagewise_residual_simvq_k8x2-2x2_rate047-20260729-233115,78,0.01837623,0.07894077,0.09731700,0.01895464,0.06988908,23.26161502,0.91201142,0.01835128,0,Phase2-退火(95%),0.000000,0.00000000,,4608,0.0703125000,0.0468750000,5e-05,"[0.23802874262134235,0.01388735423485438]","[0.23802874267653182,0.013887354241753067]","[[0.2502624199622207,0.2257950647285691],[0.016671513181386724,0.011103195240893574]]","[[0.2502624199622207,0.22579506486654283],[0.016671513181386724,0.011103195254690945]]","[[0.49914504902230367,0.4740276896291309],[0.1285135951721006,0.10473598553626626]]","[[1.0,1.0],[1.0,1.0]]","[[7.769808467229208,1.9965724695611884],[1.9546993511694448,1.9809784045925847]]","[1.0,1.0]","[7.877199656875045,3.935421918939661]","[0.0002602372029084816,9.005746181477056e-05]","[0.20943090783225166,0.013537277709002848]","[0.20943090783225166,0.013537277709002848]","[[0.22048862786204726,0.198373188023214],[0.016117069173466277,0.010957486203147305]]","[[0.22048862786204726,0.19837318736094015],[0.016117069173466277,0.010957486216944676]]","[[0.46887755393981934,0.44468719760576886],[0.12669110060841948,0.10436653097470601]]","[[1.0,1.0],[1.0,1.0]]","[[7.727803170239484,1.9975522765406857],[1.9460256179173787,1.9971262101773863]]","[1.0,1.0]","[7.857771061084889,3.9427687998171206]","[null,null]"
stagewise_residual_simvq_k8x2-2x2_rate047-20260729-233115,79,0.01831877,0.07890025,0.09721901,0.01810498,0.07842656,23.47079089,0.91925660,0.01810498,1,Phase2-退火(97%),0.000000,0.00000000,,4608,0.0703125000,0.0468750000,5e-05,"[0.2387065607364531,0.013329901653169482]","[0.23870656065366885,0.013329901653169482]","[[0.25085348677304053,0.22655963469986562],[0.015970482183965268,0.010689321052524502]]","[[0.25085348677304053,0.22655963464467613],[0.015970482183965268,0.010689321043901145]]","[[0.4998023298603517,0.4749087171974006],[0.12577532780943093,0.10270813133705545]]","[[1.0,1.0],[1.0,1.0]]","[[7.767609671310142,1.9958184831672245],[1.933632504719275,1.985975319809384]]","[1.0,1.0]","[7.87459650127976,3.919104109428547]","[0.0002677975143241282,8.05971780479282e-05]","[0.2360062860780292,0.01447617507505196]","[0.23600628574689228,0.014476175095748018]","[[0.24816045109872464,0.2238521194016492],[0.017021692813270622,0.011930657260947757]]","[[0.24816045109872464,0.2238521186289964],[0.017021692813270622,0.0119306572885425]]","[[0.4974420322312249,0.47239580419328475],[0.13015077080991533,0.10885305338435702]]","[[1.0,1.0],[1.0,1.0]]","[[7.782895985356084,1.9963715924157037],[1.9233080687346282,1.9861269942036381]]","[1.0,1.0]","[7.883439212375217,3.9088433459953027]","[null,null]"
stagewise_residual_simvq_k8x2-2x2_rate047-20260729-233115,80,0.02218213,0.08261793,0.10480006,0.02548743,0.07497541,21.97519334,0.88612338,0.01810498,0,Phase2-退火(98%),0.000000,0.00000000,,4608,0.0703125000,0.0468750000,5e-05,"[0.2427754132008111,0.02124784107544218]","[0.24277541311802686,0.021247841085790208]","[[0.2554304605832806,0.23012036468695712],[0.024392761186593108,0.018102920770265714]]","[[0.2554304605832806,0.23012036432822544],[0.024392761186593108,0.01810292077112805]]","[[0.502523977999334,0.47679690155718063],[0.13796443648084447,0.11458927441250395]]","[[1.0,1.0],[1.0,1.0]]","[[7.764994322812115,1.9952836851278941],[1.9179625506754274,1.9836974015942326]]","[1.0,1.0]","[7.872185504878009,3.900716914070977]","[0.0004029106342015978,0.0001507710671696124]","[0.2322617291300385,0.007534010115045088]","[0.2322617292404175,0.007534010115045088]","[[0.2476152718067169,0.21690818744677084],[0.01007256403013512,0.004995456158562943]]","[[0.2476152718067169,0.21690818755714983],[0.01007256403013512,0.0049954561654616285]]","[[0.4970025263450764,0.4651164480933437],[0.10030375906714686,0.07063482508615211]]","[[1.0,1.0],[1.0,1.0]]","[[7.704724569673892,1.9982952656569304],[1.9304637334964894,1.9637221089115848]]","[1.0,1.0]","[7.8474759808293095,3.893926986058553]","[null,null]"
stagewise_residual_simvq_k8x2-2x2_rate047-20260729-233115,81,0.01814743,0.07759372,0.09574115,0.01850471,0.08972892,23.38039506,0.91868198,0.01810498,0,Phase3-微调,0.000000,0.00000000,,4608,0.0703125000,0.0468750000,5e-05,"[0.2354528867536121,0.012847008184460855]","[0.235452887084749,0.012847008199982897]","[[0.2478710957147457,0.22303467729577311],[0.015110773874308776,0.010583242499786946]]","[[0.2478710957147457,0.22303467748893632],[0.015110773874308776,0.010583242516171326]]","[[0.4967785394302121,0.4711426740443265],[0.12214009102295946,0.10168687445973909]]","[[1.0,1.0],[1.0,1.0]]","[[7.772500724262661,1.9978712311497442],[1.945161106851366,1.9916092583426723]]","[1.0,1.0]","[7.881121308715255,3.936384142328192]","[0.0002554898752822299,7.967525542106293e-05]","[0.27331258047510076,0.01381996761041659]","[0.2733125802543428,0.013819967665606074]","[[0.28685160411728755,0.25977355429419763],[0.016077364988073155,0.011562570191367909]]","[[0.28685160411728755,0.2597735533007869],[0.016077364988073155,0.011562570267253451]]","[[0.5347741848892635,0.508840435522574],[0.1264726957237279,0.10714158305415401]]","[[1.0,1.0],[1.0,1.0]]","[[7.793767858434607,1.9980850157914338],[1.9434722229286476,1.9946848207049899]]","[1.0,1.0]","[7.892337399941904,3.937766193460535]","[null,null]"
stagewise_residual_simvq_k8x2-2x2_rate047-20260729-233115,82,0.01762665,0.07703508,0.09466172,0.01828861,0.07604032,23.43432733,0.91871323,0.01810498,0,Phase3-微调,0.025000,0.03518519,8.40466392,4608,0.0703125000,0.0468750000,5e-05,"[0.23167738500568602,0.014834856466148738]","[0.2316773850608755,0.014834856485120125]","[[0.24374672792575977,0.219608042223586],[0.01701830287153522,0.012651409981427369]]","[[0.24374672792575977,0.21960804194763855],[0.01701830287153522,0.012651410012471455]]","[[0.49263938080381464,0.46751967558154356],[0.1297130947449693,0.1116202142779474]]","[[1.0,1.0],[1.0,1.0]]","[[7.788622463190997,1.9977209678402654],[1.9297154472933875,1.9903711455839652]]","[1.0,1.0]","[7.889009818324336,3.9194923886546382]","[0.0002483491410438782,7.49823192429041e-05]","[0.2273383148290493,0.015990718205769857]","[0.22733831527056517,0.015990718143681686]","[[0.23942268888155618,0.21525394176995313],[0.018271469352421937,0.013709966997029605]]","[[0.23942268888155618,0.215253942211469],[0.018271469352421937,0.013709966900448005]]","[[0.48860010835859513,0.4632216641196498],[0.13461085839404,0.11641900831902469]]","[[1.0,1.0],[1.0,1.0]]","[[7.807917280550356,1.9964257522865578],[1.9342220809724595,1.9954534195087574]]","[1.0,1.0]","[7.896227995554606,3.9291399567215533]","[null,null]"
stagewise_residual_simvq_k8x2-2x2_rate047-20260729-233115,83,0.01766642,0.07746413,0.09513055,0.01807208,0.07957398,23.47598991,0.91861622,0.01807208,1,Phase3-微调,0.050000,0.05185185,5.88246850,4608,0.0703125000,0.0468750000,5e-05,"[0.23245022412803437,0.015434992466880768]","[0.23245022396246592,0.015434992475504125]","[[0.24452866382069058,0.2203717844353782],[0.017613324488478677,0.01325666041423877]]","[[0.24452866382069058,0.22037178440778343],[0.017613324488478677,0.013256660446145192]]","[[0.4933450943893857,0.4682425354917844],[0.1319084680604714,0.11418805930901457]]","[[1.0,1.0],[1.0,1.0]]","[[7.794273397657606,1.9982329893995214],[1.9250452789995405,1.9867724072050166]]","[1.0,1.0]","[7.892901755262304,3.911176162295871]","[0.00025260879286819274,7.919727630804927e-05]","[0.23689376524201147,0.017742959892860167]","[0.23689376524201147,0.01774295992045491]","[[0.249135179983245,0.22465235005926204],[0.020075332718314947,0.015410587095000126]]","[[0.249135179983245,0.22465234983850407],[0.020075332718314947,0.015410587122594868]]","[[0.4984562397003174,0.47327211410910996],[0.1412417122059398,0.12360773467355304]]","[[1.0,1.0],[1.0,1.0]]","[[7.792128962057608,1.9989694524694372],[1.9413702938291761,1.9981956278836286]]","[1.0,1.0]","[7.893261973063151,3.9391042285495335]","[null,null]"
stagewise_residual_simvq_k8x2-2x2_rate047-20260729-233115,84,0.01767931,0.07737192,0.09505123,0.01749771,0.07336827,23.61305293,0.91965332,0.01749771,1,Phase3-微调,0.075000,0.08518519,7.71283971,4608,0.0703125000,0.0468750000,5e-05,"[0.23192308247089385,0.015667068796163357]","[0.23192308247089385,0.01566706878064131]","[[0.24395076676651284,0.21989539723705362],[0.017844366404676328,0.01348977112211287]]","[[0.24395076676651284,0.21989539718186413],[0.017844366404676328,0.01348977107985842]]","[[0.49276854837382283,0.46774163455874834],[0.13263180137232497,0.11505486137337155]]","[[1.0,1.0],[1.0,1.0]]","[[7.801252446351228,1.998051482218283],[1.9162847412957085,1.9850772868703912]]","[1.0,1.0]","[7.896064149008857,3.90056792056119]","[0.00025575876896726657,8.305745088903306e-05]","[0.21746566869594433,0.01731281185315715]","[0.21746566869594433,0.017312811880751892]","[[0.22906409215044093,0.20586724634523745],[0.019581431681635203,0.015044192031577782]]","[[0.22906409215044093,0.2058672457933426],[0.019581431681635203,0.015044192038476466]]","[[0.47778155472543504,0.4528679571769856],[0.1394628940908997,0.12211580127477646]]","[[1.0,1.0],[1.0,1.0]]","[[7.796371827302155,1.9985444722352204],[1.9038830130188553,1.99745269174929]]","[1.0,1.0]","[7.89456964775368,3.9001393494782626]","[null,null]"
stagewise_residual_simvq_k8x2-2x2_rate047-20260729-233115,85,0.01759772,0.07728641,0.09488414,0.01752246,0.07863479,23.61021389,0.92098649,0.01749771,0,Phase3-微调,0.100000,0.10000000,6.35169336,4608,0.0703125000,0.0468750000,5e-05,"[0.23143926671257725,0.015877255369667654]","[0.23143926676776674,0.015877255381740354]","[[0.24343658691203152,0.21944194576806492],[0.018070276745560544,0.013684233954969656]]","[[0.24343658691203152,0.21944194571287542],[0.018070276745560544,0.013684233938585278]]","[[0.4923610462082757,0.4673781697396879],[0.133478535849739,0.11587472682197889]]","[[1.0,1.0],[1.0,1.0]]","[[7.803121504960237,1.9981347128196998],[1.9157187428739335,1.9800866813571365]]","[1.0,1.0]","[7.89718518698657,3.8950294273870965]","[0.00025167732703805626,8.773586520234218e-05]","[0.23593545942394822,0.01569587804928974]","[0.23593545920319028,0.015695878063087112]","[[0.24807162527684812,0.22379929500597495],[0.01781624168571499,0.013575514336978947]]","[[0.24807162527684812,0.22379929412294317],[0.01781624168571499,0.013575514336978947]]","[[0.49728803634643554,0.4722664389345381],[0.13298441348252474,0.11593340397984893]]","[[1.0,1.0],[1.0,1.0]]","[[7.815726255487513,1.9969109411592836],[1.926024764555472,1.994405049747891]]","[1.0,1.0]","[7.901143628579599,3.9197579012976753]","[null,null]"
stagewise_residual_simvq_k8x2-2x2_rate047-20260729-233115,86,0.01763304,0.07712332,0.09475636,0.01758748,0.07417371,23.59553048,0.91999957,0.01749771,0,Phase3-微调,0.125000,0.12777778,7.74443994,4608,0.0703125000,0.0468750000,5e-05,"[0.2307250082216881,0.01606962694355321]","[0.23072500849763553,0.016069626955625912]","[[0.24272077011841314,0.21872924593863663],[0.018271856275559575,0.013867397545146997]]","[[0.24272077011841314,0.21872924615939457],[0.018271856275559575,0.013867397564980719]]","[[0.4916123763830573,0.4665911861591869],[0.13413860959311327,0.11655787840761521]]","[[1.0,1.0],[1.0,1.0]]","[[7.801835517530088,1.9981879073160667],[1.904085538343147,1.9811812173437189]]","[1.0,1.0]","[7.896637023819817,3.8842495759328206]","[0.0002622109091909671,9.11419451060485e-05]","[0.2240654284203494,0.013290429915542955]","[0.22406542875148633,0.01329042990864427]","[[0.23606148571879776,0.21206937277758564],[0.015281989791051106,0.011298870071078892]]","[[0.23606148571879776,0.2120693728879646],[0.015281989791051106,0.011298870050382834]]","[[0.4851173100648103,0.45973965922991433],[0.12318744753245954,0.10577537527790776]]","[[1.0,1.0],[1.0,1.0]]","[[7.808432130460386,1.9980135379014192],[1.8893446304180004,1.9916410984816375]]","[1.0,1.0]","[7.899634357734962,3.8795514371660023]","[null,null]"
stagewise_residual_simvq_k8x2-2x2_rate047-20260729-233115,87,0.01754207,0.07684716,0.09438922,0.01845717,0.07103911,23.39372860,0.91605771,0.01749771,0,Phase3-微调,0.150000,0.17407407,7.81779622,4608,0.0703125000,0.0468750000,5e-05,"[0.22977262636025747,0.016138276061974467]","[0.22977262671898913,0.016138276058525122]","[[0.24175866116528158,0.21778659083777005],[0.01832098707177297,0.01395556496421772]]","[[0.24175866116528158,0.21778659125169117],[0.01832098707177297,0.013955564979739763]]","[[0.49055153876543045,0.46549575510952207],[0.13410663891721655,0.11667947944391657]]","[[1.0,1.0],[1.0,1.0]]","[[7.803443321475276,1.9984705947063588],[1.9108938294428366,1.9818240819153963]]","[1.0,1.0]","[7.898012900352478,3.8918577825581586]","[0.00025883455275982635,8.473391860914287e-05]","[0.21337357759475709,0.013951583468803652]","[0.2133735774843781,0.013951583455006281]","[[0.22489019433657328,0.20185696063218295],[0.016251972641933846,0.011651194274977402]]","[[0.22489019433657328,0.20185696096331984],[0.016251972641933846,0.011651194247382658]]","[[0.4734847903251648,0.4485131144523621],[0.12707639446964972,0.10743171843113723]]","[[1.0,1.0],[1.0,1.0]]","[[7.814137808481852,1.9978897951267385],[1.865677817662557,1.997485355094627]]","[1.0,1.0]","[7.9022843254937065,3.860807766737761]","[null,null]"
stagewise_residual_simvq_k8x2-2x2_rate047-20260729-233115,88,0.02315762,0.07673669,0.09989431,0.02062736,0.08384610,22.92304967,0.90960686,0.01749771,0,Phase3-微调,0.175000,0.20370370,7.40619646,4608,0.0703125000,0.0468750000,5e-05,"[0.22830898342309175,0.017248418414965272]","[0.22830898336790226,0.01724841841927695]","[[0.24103017101685206,0.21558779585692617],[0.019703155892245746,0.014793680921300418]]","[[0.24103017101685206,0.21558779591211566],[0.019703155892245746,0.014793680943721146]]","[[0.48928428524070317,0.46256908216962106],[0.13509313951211946,0.11579853546012331]]","[[1.0,1.0],[1.0,1.0]]","[[7.805460314397458,1.9981152629410779],[1.894505774754065,1.9701457228925494]]","[1.0,1.0]","[7.8983262680195,3.8632596188121373]","[0.0004000744012214623,0.00013359355144968032]","[0.255583228998714,0.012724285172643485]","[0.255583229109093,0.012724285179542171]","[[0.2691821725280197,0.241984283041071],[0.014775850044356453,0.010672720262987746]]","[[0.2691821725280197,0.24198428293069205],[0.014775850044356453,0.010672720269886431]]","[[0.518009340542334,0.4910665902826521],[0.12114754876604787,0.1028254144721561]]","[[1.0,1.0],[1.0,1.0]]","[[7.839914682176378,1.9976011161450986],[1.8850702197463425,1.9835542696493644]]","[1.0,1.0]","[7.9147281187552,3.8672599686516658]","[null,null]"
stagewise_residual_simvq_k8x2-2x2_rate047-20260729-233115,89,0.01760796,0.07501959,0.09262755,0.01718228,0.07658963,23.69328476,0.92208268,0.01718228,1,Phase3-微调,0.200000,0.20370370,7.10430111,4608,0.0703125000,0.0468750000,5e-05,"[0.22426272349225151,0.015799973356641]","[0.22426272346465675,0.01579997335319166]","[[0.23654719591140747,0.21197825093512182],[0.01797464249000229,0.013625304226729053]]","[[0.23654719591140747,0.21197825076955337],[0.01797464249000229,0.013625304210344675]]","[[0.48528392982703666,0.45928914844989777],[0.13306052273622265,0.11555091597967677]]","[[1.0,1.0],[1.0,1.0]]","[[7.8100119573098645,1.9983710127848167],[1.9114566946471179,1.98276511254134]]","[1.0,1.0]","[7.901138752478141,3.89334865587729]","[0.0002447422120625291,8.78246938319299e-05]","[0.22968396809366015,0.01540285390974195]","[0.22968396809366015,0.01540285392353932]","[[0.24198977869969826,0.21737815693572715],[0.01758191086075924,0.013223796875940429]]","[[0.24198977869969826,0.21737815660459023],[0.01758191086075924,0.013223796862143058]]","[[0.49116270233083653,0.46544007658958436],[0.13218354279244388,0.1145082735353046]]","[[1.0,1.0],[1.0,1.0]]","[[7.8239802855032465,1.9987979420909174],[1.9245279444588554,1.9902458667755127]]","[1.0,1.0]","[7.909056787137632,3.914152212496157]","[null,null]"
stagewise_residual_simvq_k8x2-2x2_rate047-20260729-233115,90,0.01727627,0.07531589,0.09259215,0.01749297,0.07224239,23.61402186,0.92057710,0.01718228,0,Phase3-微调,0.225000,0.21296296,8.07503394,4608,0.0703125000,0.0468750000,5e-05,"[0.22517068849669564,0.01584014635257147]","[0.2251706881655587,0.01584014633015074]","[[0.23722231835126878,0.21311905817301185],[0.018047708433328404,0.013632584219212058]]","[[0.23722231835126878,0.21311905770390122],[0.018047708433328404,0.013632584170058921]]","[[0.4858464336505643,0.46039301874460997],[0.13340369745813035,0.11566375418117752]]","[[1.0,1.0],[1.0,1.0]]","[[7.81419539363296,1.998680066620862],[1.9007550045295998,1.9834699772022388]]","[1.0,1.0]","[7.903867150236059,3.8830914272202386]","[0.0002578184116120812,8.796157889837223e-05]","[0.21652860553176315,0.014647053885791036]","[0.21652860520062622,0.014647053885791036]","[[0.22810565442950637,0.20495155608212506],[0.01675778161044474,0.01253632603696099]]","[[0.22810565442950637,0.20495155564060918],[0.01675778161044474,0.01253632607145442]]","[[0.4768289495397497,0.4519087515495442],[0.12902142157157262,0.11145381055496358]]","[[1.0,1.0],[1.0,1.0]]","[[7.827553978672734,1.9989445077048407],[1.9193596716280337,1.9993227437690453]]","[1.0,1.0]","[7.911151289056849,3.91780645052592]","[null,null]"
stagewise_residual_simvq_k8x2-2x2_rate047-20260729-233115,91,0.01734911,0.07539956,0.09274867,0.01751314,0.07540637,23.60959377,0.92033289,0.01718228,0,Phase3-微调,0.250000,0.23888889,7.42456963,4608,0.0703125000,0.0468750000,5e-05,"[0.2254896636914324,0.015788932801741692]","[0.2254896634430797,0.015788932789668992]","[[0.23747091519611854,0.21350841226953046],[0.017991990340804613,0.013585875238533373]]","[[0.23747091519611854,0.21350841180041985],[0.017991990340804613,0.013585875217837317]]","[[0.4863376242695031,0.4610619424117936],[0.13324483895191438,0.1155146548455512]]","[[1.0,1.0],[1.0,1.0]]","[[7.820849255279258,1.9986239046962173],[1.8953233767438817,1.981815384052418]]","[1.0,1.0]","[7.907126898235745,3.875913878723427]","[0.00026045722191122845,8.63688341774428e-05]","[0.22757551228558576,0.013724872221549353]","[0.22757551228558576,0.013724872187055924]","[[0.23967612518204584,0.21547490016177848],[0.015710866975563544,0.011738877543420703]]","[[0.23967612518204584,0.2154749004929154],[0.015710866975563544,0.011738877474433846]]","[[0.48875967308327006,0.46335269433480725],[0.12495547455769998,0.1078858745318872]]","[[1.0,1.0],[1.0,1.0]]","[[7.830352246319806,1.9993235270182292],[1.8988775915569729,1.9882544111322473]]","[1.0,1.0]","[7.913317094025788,3.8860090697253193]","[null,null]"
stagewise_residual_simvq_k8x2-2x2_rate047-20260729-233115,92,0.01871702,0.07613258,0.09484960,0.01761705,0.07208707,23.58742552,0.92108472,0.01718228,0,Phase3-微调,0.275000,0.29814815,7.83087544,4608,0.0703125000,0.0468750000,5e-05,"[0.22835818656064846,0.015266058055890932]","[0.22835818667102742,0.015266058059340273]","[[0.24066232776752225,0.2160540451882062],[0.01751884400534133,0.01301327205211338]]","[[0.24066232776752225,0.21605404513301674],[0.01751884400534133,0.013013272066773088]]","[[0.4891519371558119,0.4633552215165562],[0.13107169350540196,0.11249593354209705]]","[[1.0,1.0],[1.0,1.0]]","[[7.818784298720183,1.9982858551873102],[1.8797253646232464,1.9777666747570037]]","[1.0,1.0]","[7.905410656222591,3.8559044595117924]","[0.00032351215241188013,9.664834921110284e-05]","[0.2161907832931589,0.014487835040522947]","[0.21619078296202202,0.014487835026725574]","[[0.22813649089248092,0.20424507547307896],[0.016440643121798833,0.012535026897158888]]","[[0.22813649089248092,0.2042450753627],[0.016440643121798833,0.01253502686266546]]","[[0.4768610667299341,0.45112843955004656],[0.12760237284280634,0.11122449653016196]]","[[1.0,1.0],[1.0,1.0]]","[[7.820367099620678,1.9989257715366504],[1.8942130830552844,1.9838188665884513]]","[1.0,1.0]","[7.907482147216797,3.8769005174990054]","[null,null]"
stagewise_residual_simvq_k8x2-2x2_rate047-20260729-233115,93,0.01720254,0.07484106,0.09204360,0.01839705,0.06224128,23.39312513,0.91682069,0.01718228,0,Phase3-微调,0.300000,0.27592593,7.43920702,4608,0.0703125000,0.0468750000,5e-05,"[0.22337784074522832,0.01611356027510569]","[0.22337784046928089,0.01611356025699664]","[[0.23537525832653045,0.21138042301215507],[0.01836034001748043,0.013866780439598693]]","[[0.23537525832653045,0.21138042287418135],[0.01836034001748043,0.013866780427525992]]","[[0.48412957401187334,0.45869671327096445],[0.1344138844145669,0.11645880382921961]]","[[1.0,1.0],[1.0,1.0]]","[[7.828902790281508,1.9985011617342632],[1.89053637959339,1.9850471668773226]]","[1.0,1.0]","[7.910957541289153,3.874227774584735]","[0.00024961908857221713,8.438926272531346e-05]","[0.1872606498223764,0.011911440730370856]","[0.18726064960161845,0.011911440723472172]","[[0.1976081954108344,0.17691310357164453],[0.013756423319379488,0.010066458017185882]]","[[0.1976081954108344,0.17691310346126557],[0.013756423319379488,0.010066458024084568]]","[[0.4439297353779828,0.4199861952552089],[0.11697702396799017,0.09996563069246434]]","[[1.0,1.0],[1.0,1.0]]","[[7.790927244115759,1.9986427625020344],[1.9250896559821236,1.9766135657275166]]","[1.0,1.0]","[7.892009823410599,3.901301138489335]","[null,null]"
stagewise_residual_simvq_k8x2-2x2_rate047-20260729-233115,94,0.01730101,0.07507600,0.09237701,0.01768883,0.07252202,23.56733651,0.92041644,0.01718228,0,Phase3-微调,0.325000,0.29629630,7.26514565,4608,0.0703125000,0.0468750000,5e-05,"[0.22409561334384812,0.016147590047438386]","[0.2240956132058744,0.016147590035365686]","[[0.23601431968035522,0.21217690689696206],[0.018408946979239033,0.013886233041476872]]","[[0.23601431968035522,0.2121769066486094],[0.018408946979239033,0.013886233017331473]]","[[0.48472703827752006,0.459495739362858],[0.13453006802333725,0.11646175849492903]]","[[1.0,1.0],[1.0,1.0]]","[[7.833477783203125,1.998047242782734],[1.8947855238561278,1.9848966625001696]]","[1.0,1.0]","[7.912370261439571,3.878416626541703]","[0.00025985603890687884,8.842111163647604e-05]","[0.21662989921040005,0.015440572977617934]","[0.21662989932077903,0.015440572963820563]","[[0.2285151516949689,0.20474464639469428],[0.017839221076832876,0.013041924761125335]]","[[0.2285151516949689,0.20474464694658914],[0.017839221076832876,0.01304192471973322]]","[[0.47731064050285904,0.45173566341400145],[0.13318310970509495,0.11375751158705465]]","[[1.0,1.0],[1.0,1.0]]","[[7.857860657020852,1.9969883777477122],[1.9265526241726345,1.9533513228098551]]","[1.0,1.0]","[7.92258653640747,3.8797244230906167]","[null,null]"
stagewise_residual_simvq_k8x2-2x2_rate047-20260729-233115,95,0.01725178,0.07550266,0.09275444,0.01767878,0.08002174,23.57511462,0.92098232,0.01718228,0,Phase3-微调,0.350000,0.34444444,7.23031926,4608,0.0703125000,0.0468750000,5e-05,"[0.2253839674923155,0.01622453553395139]","[0.22538396757509974,0.016224535525328033]","[[0.2373198533223735,0.21344808127593112],[0.018474416560665875,0.013974654405481285]]","[[0.2373198533223735,0.21344808135871535],[0.018474416560665875,0.013974654395133257]]","[[0.486029828036273,0.46083576828241346],[0.13441689800884987,0.11640381548139785]]","[[1.0,1.0],[1.0,1.0]]","[[7.846031225169146,1.9980068734398595],[1.8932903362645044,1.980919231750347]]","[1.0,1.0]","[7.91863722536299,3.872953083338561]","[0.0002650738727728215,9.15760548937046e-05]","[0.23824473785029518,0.017824845319544827]","[0.23824473807105312,0.017824845374734312]","[[0.25046235576823905,0.22602711938045644],[0.02010718504725783,0.015542505522844969]]","[[0.25046235576823905,0.22602711982197232],[0.02010718504725783,0.015542505598730511]]","[[0.4996694818690971,0.47459968041490624],[0.14093480551684345,0.12363090068101883]]","[[1.0,1.0],[1.0,1.0]]","[[7.860655304237648,1.9993292367016828],[1.939872776137458,1.9896118711542201]]","[1.0,1.0]","[7.928635367640743,3.9291228153087476]","[null,null]"
stagewise_residual_simvq_k8x2-2x2_rate047-20260729-233115,96,0.01729303,0.07548900,0.09278203,0.01811359,0.06733155,23.45725209,0.91555798,0.01718228,0,Phase3-微调,0.375000,0.37222222,7.18978381,4608,0.0703125000,0.0468750000,5e-05,"[0.22530413733588325,0.016260671976056917]","[0.22530413722550427,0.01626067196915823]","[[0.23724616387927974,0.2133621110684342],[0.018560839556502524,0.013960504383538607]]","[[0.23724616387927974,0.21336211057172882],[0.018560839556502524,0.013960504356806201]]","[[0.48599207506135655,0.46078212890360093],[0.1349528840570538,0.11659411641734618]]","[[1.0,1.0],[1.0,1.0]]","[[7.843095647847211,1.9975525306330786],[1.8965386326666231,1.978267134781237]]","[1.0,1.0]","[7.916253344217936,3.873678148234332]","[0.00026821444523563885,9.383049755679504e-05]","[0.2012162807914946,0.014244689047336579]","[0.2012162806811156,0.014244689040437892]","[[0.212283100132589,0.1901494617815371],[0.016559687491368363,0.011929690634348879]]","[[0.212283100132589,0.19014946167115812],[0.016559687491368363,0.011929690592956763]]","[[0.460001912161156,0.43528670205010306],[0.12835979185722493,0.10882356889821865]]","[[1.0,1.0],[1.0,1.0]]","[[7.8170369501467105,1.9986542004126089],[1.8807364269539162,1.9917911971056903]]","[1.0,1.0]","[7.905251464137325,3.8708785321977404]","[null,null]"
stagewise_residual_simvq_k8x2-2x2_rate047-20260729-233115,97,0.01721795,0.07530288,0.09252084,0.01744145,0.07348702,23.63569477,0.92009169,0.01718228,0,Phase3-微调,0.400000,0.40185185,7.63153514,4608,0.0703125000,0.0468750000,5e-05,"[0.22465370882440497,0.016315508045739047]","[0.22465370896237868,0.01631550805263773]","[[0.23652457225101967,0.21278284600487463],[0.018622950814595376,0.01400806528981775]]","[[0.23652457225101967,0.2127828462532273],[0.018622950814595376,0.0140080652958541]]","[[0.48511201584780655,0.460012275311682],[0.13508663036757046,0.11668284807216238]]","[[1.0,1.0],[1.0,1.0]]","[[7.8430681626002,1.9975414686732822],[1.8949367008827351,1.9796153370980862]]","[1.0,1.0]","[7.916217577898943,3.873339635354501]","[0.00026592859352671505,9.533687646210267e-05]","[0.2201239306617666,0.015034520846826058]","[0.22012393010987175,0.015034520881319487]","[[0.23197095879801996,0.20827690186323944],[0.01744018668929736,0.012628854962962646]]","[[0.23197095879801996,0.2082769008698287],[0.01744018668929736,0.012628854990557388]]","[[0.48092879321840076,0.45563999083307055],[0.13179630675801524,0.11206711458939093]]","[[1.0,1.0],[1.0,1.0]]","[[7.838384034898546,1.9989139609866673],[1.8920720992264923,1.974416235641197]]","[1.0,1.0]","[7.916566781644468,3.865522598337244]","[null,null]"
stagewise_residual_simvq_k8x2-2x2_rate047-resume-20260731-101433,98,0.01717354,0.07513889,0.09231243,0.01750484,0.07568120,23.61897593,0.92067015,0.01718228,0,Phase3-微调,0.425000,0.42037037,7.33619459,4608,0.0703125000,0.0468750000,5e-05,"[0.22436081709133254,0.016083623458527856]","[0.2243608170637378,0.016083623479223912]","[[0.23623924487166933,0.2124823895317537],[0.01836070885916275,0.013806538019087855]]","[[0.23623924487166933,0.21248238961453791],[0.01836070885916275,0.013806538017363184]]","[[0.4848579985675988,0.45972813064301454],[0.13457318802398663,0.11640154087433109]]","[[1.0,1.0],[1.0,1.0]]","[[7.847563058358651,1.997533639051296],[1.897457308018649,1.9798984975726517]]","[1.0,1.0]","[7.9184642959524085,3.876144278049469]","[0.00026605777190222095,9.220414381329816e-05]","[0.2260631686007535,0.01611666953260148]","[0.2260631686007535,0.016116669518804107]","[[0.23783978003042716,0.21428655650880601],[0.018565123666215825,0.013668215247216049]]","[[0.23783978003042716,0.21428655628804807],[0.018565123666215825,0.01366821526101342]]","[[0.4869341810544332,0.4621280727563081],[0.13589088767766952,0.11646842123181732]]","[[1.0,1.0],[1.0,1.0]]","[[7.868504856250905,1.9974494660342181],[1.9466099359371043,1.9909268052489668]]","[1.0,1.0]","[7.928867799264413,3.93724048225968]","[null,null]"
stagewise_residual_simvq_k8x2-2x2_rate047-resume-20260731-101433,99,0.01719420,0.07522532,0.09241952,0.01740469,0.07476120,23.63970877,0.92140971,0.01718228,0,Phase3-微调,0.450000,0.52037037,7.79790368,4608,0.0703125000,0.0468750000,5e-05,"[0.2244744892473574,0.016246533766388894]","[0.2244744894405206,0.016246533766388894]","[[0.23636889477018957,0.2125800848559097],[0.018548092394377345,0.013944975135813433]]","[[0.23636889477018957,0.21258008477312548],[0.018548092394377345,0.013944975127190076]]","[[0.4850763381079391,0.45992396793983603],[0.13545130051120563,0.11723456998114233]]","[[1.0,1.0],[1.0,1.0]]","[[7.848385015240422,1.9977082839718572],[1.8979621242593836,1.9785864902867212]]","[1.0,1.0]","[7.919221221959149,3.8753910378173546]","[0.0002650453222789414,8.976866367312916e-05]","[0.2225674597201524,0.016668374560497426]","[0.22256745938901548,0.016668374532902683]","[[0.23417683795646385,0.21095808026967225],[0.018997593079176214,0.01433915589004755]]","[[0.23417683795646385,0.21095807960739843],[0.018997593079176214,0.014339155821060693]]","[[0.48317597574657867,0.4585329801947982],[0.13742597787468522,0.11928819329650314]]","[[1.0,1.0],[1.0,1.0]]","[[7.8421180725097654,1.9993667584878427],[1.890804984834459,1.9843170077712446]]","[1.0,1.0]","[7.919346321953667,3.873909849590725]","[null,null]"
stagewise_residual_simvq_k8x2-2x2_rate047-resume-20260731-101433,100,0.01715958,0.07511149,0.09227106,0.01758524,0.07368679,23.59443745,0.91836342,0.01718228,0,Phase3-微调,0.475000,0.44259259,7.38851958,4608,0.0703125000,0.0468750000,2.5e-05,"[0.22385656201729068,0.016500191338774232]","[0.22385656187931696,0.016500191335324887]","[[0.23571383953094482,0.21199928406212065],[0.018798410651032573,0.014201971927347283]]","[[0.23571383953094482,0.21199928378617322],[0.018798410651032573,0.014201971918723926]]","[[0.48426578403623016,0.45915177045045075],[0.13609852175469753,0.1179898427868331]]","[[1.0,1.0],[1.0,1.0]]","[[7.849834132194519,1.9977099617322287],[1.8877142559598994,1.97462956044409]]","[1.0,1.0]","[7.919962261341237,3.8610067345477916]","[0.0002717535167229707,9.788304327634655e-05]","[0.21961401987958837,0.01618369915695102]","[0.2196140194380725,0.016183699150052334]","[[0.23139628602398765,0.20783175218988348],[0.01862943469098321,0.013737963491843806]]","[[0.23139628602398765,0.2078317517483676],[0.01862943469098321,0.013737963491843806]]","[[0.48020930533055906,0.4550236423810323],[0.13610317375924852,0.11674334991861272]]","[[1.0,1.0],[1.0,1.0]]","[[7.827905616053829,1.998176630338033],[1.906440223587884,1.9995495593106305]]","[1.0,1.0]","[7.9098067778128165,3.904817349822433]","[null,null]"
stagewise_residual_simvq_k8x2-2x2_rate047-resume-20260731-101433,101,0.01647351,0.07540753,0.09188104,0.01673615,0.07944098,23.81193611,0.92432980,0.01673615,1,Phase3-微调,0.500000,0.52037037,7.73237261,4608,0.0703125000,0.0468750000,2.5e-05,"[0.22470423811011844,0.016599861597987237]","[0.2247042386620133,0.016599861594537895]","[[0.2365423272881243,0.2128661481042703],[0.01887002780309154,0.014329695323896077]]","[[0.2365423272881243,0.2128661484905967],[0.01887002780309154,0.014329695298026005]]","[[0.4853973902485989,0.46037482177769695],[0.1362271416656397,0.11834417781620114]]","[[1.0,1.0],[1.0,1.0]]","[[7.8545602374606664,1.9978079153431787],[1.8785387147355963,1.9832960541601534]]","[1.0,1.0]","[7.922549023451628,3.8602470967504714]","[0.00020732324483105913,6.528183168686357e-05]","[0.23908608577869556,0.015125043234891361]","[0.23908608544755866,0.015125043234891361]","[[0.251517716050148,0.2266544539619375],[0.017345401313569812,0.012904685094124742]]","[[0.251517716050148,0.2266544539619375],[0.017345401313569812,0.012904685080327369]]","[[0.5007536680610092,0.47529031965467666],[0.1313667267560959,0.11320642221857]]","[[1.0,1.0],[1.0,1.0]]","[[7.856647109985351,1.9991174980446145],[1.8827125796565303,1.9958132178695114]]","[1.0,1.0]","[7.926191206331606,3.876803652445475]","[null,null]"
stagewise_residual_simvq_k8x2-2x2_rate047-resume-20260731-101433,102,0.01647864,0.07593802,0.09241666,0.01691229,0.07502735,23.76722210,0.92377595,0.01673615,0,Phase3-微调,0.525000,0.57777778,7.63032275,4608,0.0703125000,0.0468750000,2.5e-05,"[0.22629078535570038,0.016710885688317596]","[0.22629078532810565,0.01671088569694095]","[[0.23809537846181128,0.21448619216680526],[0.019004414734189158,0.01441735663468501]]","[[0.23809537846181128,0.21448619213921052],[0.019004414734189158,0.014417356612264282]]","[[0.4869830036052951,0.46212499069946783],[0.13704356444930588,0.11908946234594893]]","[[1.0,1.0],[1.0,1.0]]","[[7.85799492376822,1.9981364053708535],[1.8855654038764813,1.9820438380594607]]","[1.0,1.0]","[7.924924227043435,3.866206157207489]","[0.00021067263867869903,6.707573738822248e-05]","[0.22592307141533605,0.014164462064703306]","[0.22592307174647297,0.014164462112994106]","[[0.23769004753342382,0.21415609595952212],[0.01635399722252731,0.011974926962068788]]","[[0.23769004753342382,0.21415609584914314],[0.01635399722252731,0.01197492703795433]]","[[0.4868146351090184,0.46202393218323035],[0.12759891952629443,0.10909420985866476]]","[[1.0,1.0],[1.0,1.0]]","[[7.85761699323301,1.9990039790118181],[1.8775904381716693,1.9991530709796481]]","[1.0,1.0]","[7.926451622998273,3.874775340822008]","[null,null]"
stagewise_residual_simvq_k8x2-2x2_rate047-resume-20260731-101433,103,0.01644676,0.07618185,0.09262862,0.01720372,0.08026405,23.70828621,0.92374762,0.01673615,0,Phase3-微调,0.550000,0.57037037,7.41965834,4608,0.0703125000,0.0468750000,2.5e-05,"[0.22764868314067524,0.0161332414554501]","[0.22764868341662264,0.016133241445102073]","[[0.23944740292650682,0.21584996277535404],[0.018424076909475305,0.01384240590656797]]","[[0.23944740292650682,0.21584996310649096],[0.018424076909475305,0.013842405872936878]]","[[0.4883011186012515,0.4635252599362974],[0.13503795710426789,0.11684099257820182]]","[[1.0,1.0],[1.0,1.0]]","[[7.856053893654435,1.9978039862932981],[1.8864039805200365,1.978365878705625]]","[1.0,1.0]","[7.923278603730378,3.8634521117916814]","[0.00021340692286752597,7.006361302046571e-05]","[0.23929483614586017,0.017550114438765578]","[0.23929483669775503,0.01755011446636032]","[[0.2514011394094538,0.2271885327718876],[0.019886960171990924,0.01521326877452709]]","[[0.2514011394094538,0.22718853310302453],[0.019886960171990924,0.015213268850412633]]","[[0.5006113549073538,0.47582803655553746],[0.14059667112650695,0.12284910634711936]]","[[1.0,1.0],[1.0,1.0]]","[[7.869859540020978,1.9977662801742553],[1.9260590500301784,1.9750418919104118]]","[1.0,1.0]","[7.930176696070919,3.900734712459423]","[null,null]"
stagewise_residual_simvq_k8x2-2x2_rate047-resume-20260731-101433,104,0.01644243,0.07631676,0.09275919,0.01716874,0.07636097,23.69913118,0.92103320,0.01673615,0,Phase3-微调,0.575000,0.59074074,7.79659110,4608,0.0703125000,0.0468750000,2.5e-05,"[0.22781813125367517,0.016395510821085837]","[0.22781813111570146,0.016395510821085837]","[[0.23959619637440752,0.2160400668228114],[0.018682794476410858,0.014108227079527245]]","[[0.23959619637440752,0.21604006685040616],[0.018682794476410858,0.01410822709677396]]","[[0.4885057088953477,0.463784404485314],[0.1358338087797165,0.11778155587337635]]","[[1.0,1.0],[1.0,1.0]]","[[7.850780383745829,1.9978051251835294],[1.8818884134292602,1.9776663389470843]]","[1.0,1.0]","[7.920620029060929,3.858118259023737]","[0.00022071989467938827,7.473476335454271e-05]","[0.22992243181776117,0.014432665698782161]","[0.2299224321488981,0.014432665678086104]","[[0.24196203240641842,0.21788282935266143],[0.016562416839102905,0.012302914537765362]]","[[0.24196203240641842,0.21788282957341937],[0.016562416839102905,0.01230291452396799]]","[[0.4911178171634674,0.46597109856428925],[0.1283246096637514,0.11047925551732381]]","[[1.0,1.0],[1.0,1.0]]","[[7.854643828780563,1.99704424628505],[1.910178455600032,1.9991288759090282]]","[1.0,1.0]","[7.9210697068108455,3.9082487318250867]","[null,null]"
stagewise_residual_simvq_k8x2-2x2_rate047-resume-20260731-101433,105,0.01642808,0.07677503,0.09320312,0.01667208,0.07173459,23.82434298,0.92368598,0.01667208,1,Phase3-微调,0.600000,0.59444444,7.66337381,4608,0.0703125000,0.0468750000,2.5e-05,"[0.2291115886359303,0.016568516420752362]","[0.2291115886911198,0.01656851642765105]","[[0.24090876802802086,0.21731440860916068],[0.018858234596404212,0.01427879820715774]]","[[0.24090876802802086,0.2173144087471344],[0.018858234596404212,0.014278798224404454]]","[[0.489789767673722,0.46509226869653775],[0.13648024978185141,0.11848531950403143]]","[[1.0,1.0],[1.0,1.0]]","[[7.853163272363168,1.9980905788916128],[1.8816287936987701,1.9748688995838166]]","[1.0,1.0]","[7.92239435337208,3.855077979741273]","[0.0002250127907178399,7.366069674187909e-05]","[0.21514508702136853,0.01440560262374304]","[0.2151450866902316,0.014405602630641725]","[[0.22646644854987108,0.20382372626551876],[0.016470413862003222,0.012340791395830887]]","[[0.22646644854987108,0.2038237256032449],[0.016470413862003222,0.012340791388932201]]","[[0.4751353027643981,0.4506892932785882],[0.12796920361342254,0.11065618290945335]]","[[1.0,1.0],[1.0,1.0]]","[[7.853827999256275,1.9970294175324617],[1.90927281026487,1.9608983437220255]]","[1.0,1.0]","[7.920627403259277,3.8697610519550465]","[null,null]"
stagewise_residual_simvq_k8x2-2x2_rate047-resume-20260731-101433,106,0.01636660,0.07650565,0.09287226,0.01672724,0.07061844,23.81095880,0.92228802,0.01667208,0,Phase3-微调,0.625000,0.62777778,8.02338102,4608,0.0703125000,0.0468750000,2.5e-05,"[0.22838466495827392,0.016433426999935396]","[0.22838466479270547,0.01643342699131204]","[[0.24010039137469397,0.21666893837628542],[0.01872723994397179,0.014139613997260178]]","[[0.24010039137469397,0.21666893812793273],[0.01872723994397179,0.014139614016231563]]","[[0.48902847899330987,0.46447171094240963],[0.1361048713878349,0.11804170129751718]]","[[1.0,1.0],[1.0,1.0]]","[[7.859317224997061,1.9979296421563184],[1.8880010037510484,1.977201783877832]]","[1.0,1.0]","[7.925182127069544,3.8639542323571665]","[0.00022187823080996706,6.923794230210156e-05]","[0.20931960465731445,0.016659404896199704]","[0.20931960509883032,0.016659404861706275]","[[0.22035512769663776,0.19828408117647525],[0.019005475538196388,0.014313334157621418]]","[[0.22035512769663776,0.19828408172837012],[0.019005475538196388,0.014313334095533247]]","[[0.46874816395618296,0.4445960583510222],[0.1374630378904166,0.11918314684320379]]","[[1.0,1.0],[1.0,1.0]]","[[7.847446992662218,1.9993135946768301],[1.8978817992740207,1.9163930124706692]]","[1.0,1.0]","[7.921932255780256,3.8141469955444336]","[null,null]"
stagewise_residual_simvq_k8x2-2x2_rate047-resume-20260731-101433,107,0.01640000,0.07702310,0.09342310,0.01667042,0.07795967,23.82845127,0.92374430,0.01667042,1,Phase3-微调,0.650000,0.63703704,7.29429158,4608,0.0703125000,0.0468750000,2.5e-05,"[0.2296095822420385,0.016864327843197517]","[0.22960958218684904,0.01686432784837153]","[[0.2413316946890619,0.2178874700985573],[0.019169263796949828,0.01455939172560142]]","[[0.2413316946890619,0.21788746982260987],[0.019169263796949828,0.014559391739398794]]","[[0.49022413194179537,0.4657164207763142],[0.1375716660309721,0.1196164477892496]]","[[1.0,1.0],[1.0,1.0]]","[[7.85809295795582,1.9982502809277287],[1.8893706297432935,1.9710581315888298]]","[1.0,1.0]","[7.925198861404701,3.8592748178376093]","[0.0002296447760508508,7.986595095375108e-05]","[0.2314004781069579,0.018070476143448443]","[0.2314004785484738,0.018070476115853697]","[[0.2433282107114792,0.21947274539205763],[0.020471302033574494,0.015669650308511876]]","[[0.2433282107114792,0.2194727458335735],[0.020471302033574494,0.015669650315410562]]","[[0.4925611381177549,0.4677315729635733],[0.14254949672354592,0.1245483112555963]]","[[1.0,1.0],[1.0,1.0]]","[[7.85589250282005,1.9986046031669333],[1.9050438227476898,1.998790036307441]]","[1.0,1.0]","[7.9247922544126155,3.902649932437473]","[null,null]"
stagewise_residual_simvq_k8x2-2x2_rate047-resume-20260731-101433,108,0.01638221,0.07746844,0.09385064,0.01681444,0.07882388,23.79444587,0.92417687,0.01667042,0,Phase3-微调,0.675000,0.66481481,7.42289073,4608,0.0703125000,0.0468750000,2.5e-05,"[0.23096666195326382,0.016932333764378672]","[0.23096666211883227,0.016932333745407285]","[[0.24272913634777069,0.21920418582028814],[0.019257394500352718,0.01460727296286711]]","[[0.24272913634777069,0.21920418551674595],[0.019257394500352718,0.01460727295079441]]","[[0.4917507791408786,0.46723745393532296],[0.13799221071380155,0.11993704068439978]]","[[1.0,1.0],[1.0,1.0]]","[[7.859826224821585,1.998057845124492],[1.888957052760654,1.972518257741575]]","[1.0,1.0]","[7.925686585461652,3.8602980309062533]","[0.00022055639605645814,7.351009668733847e-05]","[0.23758873255164534,0.014647686233123144]","[0.23758873255164534,0.014647686226224458]","[[0.24956286273620748,0.22561460203594633],[0.016890366899746434,0.012405005387134023]]","[[0.24956286273620748,0.22561460159443042],[0.016890366899746434,0.012405005414728765]]","[[0.4987892393712644,0.4741905104230951],[0.1296769200099839,0.11105005117478194]]","[[1.0,1.0],[1.0,1.0]]","[[7.866644202338325,1.9993969828994185],[1.8703447465543395,1.9977540404708296]]","[1.0,1.0]","[7.931783764450638,3.865915114791305]","[null,null]"
stagewise_residual_simvq_k8x2-2x2_rate047-resume-20260731-101433,109,0.01635154,0.07743503,0.09378656,0.01690153,0.07445271,23.76072416,0.92229136,0.01667042,0,Phase3-微调,0.700000,0.70925926,7.53127227,4608,0.0703125000,0.0468750000,2.5e-05,"[0.2309920709994104,0.0168000138261252]","[0.23099207127535784,0.01680001382957454]","[[0.2427019791194686,0.2192821623550521],[0.019092259454299456,0.014507768141036784]]","[[0.2427019791194686,0.2192821627413785],[0.019092259454299456,0.014507768154834155]]","[[0.49161090889462716,0.4672030320322072],[0.13745782521587832,0.11961073886465143]]","[[1.0,1.0],[1.0,1.0]]","[[7.861658294112594,1.9979765830216585],[1.8882444772455427,1.9663438375349398]]","[1.0,1.0]","[7.92644865071332,3.853504975195284]","[0.00022170296841876632,7.79829212627158e-05]","[0.22525904609097375,0.01298963179880822]","[0.22525904553907888,0.01298963179880822]","[[0.23682283891571893,0.21369525459077623],[0.014915405262123656,0.011063858328594103]]","[[0.23682283891571893,0.2136952535973655],[0.014915405262123656,0.01106385831479673]]","[[0.48586995402971905,0.4614675219412203],[0.12171024597353405,0.10469107120125382]]","[[1.0,1.0],[1.0,1.0]]","[[7.843438282719365,1.9975524796379938],[1.8473427542933711,1.9945950040110836]]","[1.0,1.0]","[7.916416952345107,3.839036378154048]","[null,null]"
stagewise_residual_simvq_k8x2-2x2_rate047-resume-20260731-101433,110,0.01630933,0.07702188,0.09333121,0.01731258,0.07251795,23.66506697,0.92020028,0.01667042,0,Phase3-微调,0.725000,0.72592593,7.43082905,4608,0.0703125000,0.0468750000,2.5e-05,"[0.229864160357802,0.01660585318588548]","[0.2298641604129915,0.01660585318588548]","[[0.24154845117418855,0.21817986965179442],[0.018907313523124213,0.014304392869342809]]","[[0.24154845117418855,0.2181798696241997],[0.018907313523124213,0.014304392877966166]]","[[0.49048221392763985,0.46606704664451104],[0.13665035411163612,0.11859608731336063]]","[[1.0,1.0],[1.0,1.0]]","[[7.856087674917998,1.998112541437149],[1.885232162254828,1.972103715825964]]","[1.0,1.0]","[7.923904404816804,3.856121394369337]","[0.0002232927310008866,7.332069334114311e-05]","[0.21852135095331404,0.013536073957328443]","[0.2185213507325561,0.013536073971125814]","[[0.22984904944896697,0.2071936512434924],[0.015828085297511684,0.011244062603347831]]","[[0.22984904944896697,0.2071936509123555],[0.015828085297511684,0.011244062568854402]]","[[0.47866150780960365,0.4543927276576007],[0.1256043450699912,0.10580203168922]]","[[1.0,1.0],[1.0,1.0]]","[[7.836296579572889,1.9987301243676079],[1.8415227130607323,1.9805765514020566]]","[1.0,1.0]","[7.915145294754593,3.819463669812238]","[null,null]"
stagewise_residual_simvq_k8x2-2x2_rate047-resume-20260731-101433,111,0.01628395,0.07746940,0.09375335,0.01678528,0.07907827,23.80292749,0.92279541,0.01667042,0,Phase3-微调,0.750000,0.73703704,7.42515951,4608,0.0703125000,0.0468750000,2.5e-05,"[0.23121116070283784,0.0166909197828284]","[0.23121116050967463,0.016690919824220517]","[[0.2428684407086284,0.21955387945528385],[0.018999953323078377,0.014381886189113612]]","[[0.2428684407086284,0.21955387931731013],[0.018999953323078377,0.014381886232230398]]","[[0.49180188769543615,0.4675169213502495],[0.13696803623051554,0.11889358433308425]]","[[1.0,1.0],[1.0,1.0]]","[[7.852883732760394,1.997918532292048],[1.8939111117963439,1.9669618794211634]]","[1.0,1.0]","[7.921915332476298,3.85990752864767]","[0.0002181640564500682,7.701697527914398e-05]","[0.2378474047890416,0.015203067743115955]","[0.23784740489942055,0.015203067770710697]","[[0.2500249324021516,0.22566987618252082],[0.017391137013004886,0.013014998424936223]]","[[0.2500249324021516,0.22566987574100494],[0.017391137013004886,0.013014998487024396]]","[[0.49925093672893667,0.47424801941271183],[0.1315473464904008,0.11371693561474482]]","[[1.0,1.0],[1.0,1.0]]","[[7.855389478471544,1.9992638958825006],[1.8978267307634706,1.994184958493268]]","[1.0,1.0]","[7.9258369445800785,3.8907498748214158]","[null,null]"
stagewise_residual_simvq_k8x2-2x2_rate047-resume-20260731-101433,112,0.01625208,0.07775988,0.09401197,0.01647538,0.07592388,23.87967592,0.92402070,0.01647538,1,Phase3-微调,0.775000,0.78333333,7.99139115,4608,0.0703125000,0.0468750000,2.5e-05,"[0.23209795242658368,0.016733667069908094]","[0.23209795226101523,0.01673366706473408]","[[0.2437837975996512,0.22041210606694223],[0.01904738775316488,0.01441994620728548]]","[[0.2437837975996512,0.22041210587377902],[0.01904738775316488,0.014419946203836137]]","[[0.49275648102716163,0.4684587626545518],[0.1372761365854078,0.11920169166944646]]","[[1.0,1.0],[1.0,1.0]]","[[7.8579089155903565,1.998170581791136],[1.8832469529575773,1.960924713479148]]","[1.0,1.0]","[7.924943745577777,3.8430642613658197]","[0.00022160795730693887,7.965830381416945e-05]","[0.22698108851909637,0.015975330563055144]","[0.22698108896061225,0.015975330556156457]","[[0.23833552091209978,0.21562665502230327],[0.018112595469035483,0.013838065629480062]]","[[0.23833552091209978,0.21562665546381915],[0.018112595469035483,0.013838065643277433]]","[[0.48739039191493283,0.4635208547115326],[0.13419931459206122,0.11719985963017852]]","[[1.0,1.0],[1.0,1.0]]","[[7.848600726657444,1.9984760619975903],[1.8912420396451597,1.942054134828073]]","[1.0,1.0]","[7.920852618747287,3.832870333283036]","[null,null]"
stagewise_residual_simvq_k8x2-2x2_rate047-resume-20260731-101433,113,0.01629249,0.07806124,0.09435373,0.01674856,0.08211932,23.80236929,0.92234686,0.01647538,0,Phase3-微调,0.800000,0.80000000,7.73319660,4608,0.0703125000,0.0468750000,2.5e-05,"[0.23296434161839663,0.01683162469934258]","[0.23296434131485444,0.016831624663124482]","[[0.2446427455930798,0.22128593728498178],[0.0191464315444507,0.014516817749029508]]","[[0.2446427455930798,0.22128593689865536],[0.0191464315444507,0.01451681772833345]]","[[0.4936517698897256,0.46941631579840626],[0.13765434184008174,0.11963461696825646]]","[[1.0,1.0],[1.0,1.0]]","[[7.851040517842328,1.9982722412656855],[1.8862246497913644,1.9575797204618102]]","[1.0,1.0]","[7.921672348622923,3.8427693203643516]","[0.00022307876621467855,7.945594679767965e-05]","[0.24592714375919766,0.016854693650923392]","[0.2459271440903346,0.01685469368541682]","[[0.25818850276646793,0.23366578254434797],[0.019223775976785908,0.014485611207783222]]","[[0.25818850276646793,0.23366578331700077],[0.019223775976785908,0.014485611221580593]]","[[0.5073526910057774,0.48259234362178377],[0.1382842453541579,0.11994894919572054]]","[[1.0,1.0],[1.0,1.0]]","[[7.852208476596409,1.9992451588312785],[1.8844225609744036,1.9764198347374244]]","[1.0,1.0]","[7.924197069803873,3.859661912918091]","[null,null]"
stagewise_residual_simvq_k8x2-2x2_rate047-resume-20260731-101433,114,0.01623280,0.07806431,0.09429711,0.01643583,0.07993595,23.88912125,0.92499594,0.01643583,1,Phase3-微调,0.825000,0.84074074,7.57126536,4608,0.0703125000,0.0468750000,2.5e-05,"[0.23304935343287608,0.016756423555866436]","[0.2330493532397129,0.016756423567939136]","[[0.24474781332192597,0.2213508937369894],[0.01907340201066324,0.014439444975168617]]","[[0.24474781332192597,0.22135089365420518],[0.01907340201066324,0.014439444994140002]]","[[0.4936875672803985,0.4694131198304671],[0.13737825912733873,0.11930316003660361]]","[[1.0,1.0],[1.0,1.0]]","[[7.84917695875521,1.9980462687986869],[1.880877356176023,1.9540525445231685]]","[1.0,1.0]","[7.920288639598422,3.833789004219903]","[0.00022724929270528566,8.381039907800625e-05]","[0.239563105724476,0.016231945902109145]","[0.239563105724476,0.016231945922805205]","[[0.25156948853422095,0.22755672291473106],[0.018484708439144824,0.013979183220201068]]","[[0.25156948853422095,0.2275567220316993],[0.018484708439144824,0.013979183316782669]]","[[0.5007610901638314,0.4761949029233721],[0.13557970722516377,0.11779793291180223]]","[[1.0,1.0],[1.0,1.0]]","[[7.848914259451407,1.9976503001319037],[1.872158529140331,1.9962297783957588]]","[1.0,1.0]","[7.919373748920582,3.866316881886235]","[null,null]"
stagewise_residual_simvq_k8x2-2x2_rate047-resume-20260731-101433,115,0.01618951,0.07782982,0.09401933,0.01671265,0.07817386,23.82103116,0.92442525,0.01643583,0,Phase3-微调,0.850000,0.87222222,7.68148157,4608,0.0703125000,0.0468750000,2.5e-05,"[0.23247342769194532,0.016581999144896314]","[0.23247342766435058,0.016581999146620983]","[[0.24408101549854985,0.22086583955420389],[0.01887624224268452,0.014287755972947236]]","[[0.24408101549854985,0.22086583960939338],[0.01887624224268452,0.01428775597984592]]","[[0.49307873398065566,0.46896457258198],[0.13669406542623486,0.11871394855832612]]","[[1.0,1.0],[1.0,1.0]]","[[7.8506443447536896,1.9981154850235692],[1.878130989825284,1.9561111569404601]]","[1.0,1.0]","[7.921167159963537,3.833134877681732]","[0.00021554902478884388,7.223642132885289e-05]","[0.2316202229923672,0.01853611297491524]","[0.23162022277160926,0.018536112981813926]","[[0.24325942662027147,0.21998101770877837],[0.020904545182431185,0.016167680726007178]]","[[0.24325942662027147,0.2199810172672625],[0.020904545182431185,0.01616768073980455]]","[[0.4924768779012892,0.46825971647545145],[0.1442097180419498,0.12672126464269778]]","[[1.0,1.0],[1.0,1.0]]","[[7.874159788202356,1.9980529105221783],[1.9137769946345577,1.8917974957713375]]","[1.0,1.0]","[7.932910626022904,3.805440628970111]","[null,null]"
stagewise_residual_simvq_k8x2-2x2_rate047-resume-20260731-101433,116,0.01619314,0.07799848,0.09419161,0.01645977,0.07742106,23.88187838,0.92427546,0.01643583,0,Phase3-微调,0.875000,0.87222222,7.65063851,4608,0.0703125000,0.0468750000,2.5e-05,"[0.2328685883846548,0.01672653768522044]","[0.2328685882742758,0.016726537693843798]","[[0.2444655915653264,0.2212715850384147],[0.019008496391621454,0.014444578892585856]]","[[0.2444655915653264,0.22127158512119893],[0.019008496391621454,0.014444578906383227]]","[[0.4934525769065928,0.4693787078614588],[0.13696976388218227,0.11912400057470357]]","[[1.0,1.0],[1.0,1.0]]","[[7.854634705296269,1.9979901490388092],[1.8875885744889578,1.9527183488563256]]","[1.0,1.0]","[7.9229431788126625,3.8393616755803426]","[0.00022093270979692332,7.705564246996936e-05]","[0.23171910025455333,0.01602830505343499]","[0.23171909970265847,0.016028305025840246]","[[0.24339441083095692,0.2200437895677708],[0.01850130380027824,0.013555306334186484]]","[[0.24339441083095692,0.22004378912625489],[0.01850130380027824,0.013555306265199626]]","[[0.49258294370439315,0.4682919402917226],[0.13568928169983405,0.11604726805731103]]","[[1.0,1.0],[1.0,1.0]]","[[7.855321354336208,1.9988830398630213],[1.845178641213311,1.9282377755200422]]","[1.0,1.0]","[7.92505325741238,3.7723939507095903]","[null,null]"
stagewise_residual_simvq_k8x2-2x2_rate047-resume-20260731-101433,117,0.01624482,0.07827861,0.09452343,0.01640618,0.08156456,23.89687892,0.92468456,0.01640618,1,Phase3-微调,0.900000,0.90555556,7.68859706,4608,0.0703125000,0.0468750000,2.5e-05,"[0.23402823993453273,0.016463310607812472]","[0.23402823963099056,0.01646331058366707]","[[0.2456888836842996,0.2223675954948973],[0.018737257830798625,0.014189363266686322]]","[[0.2456888836842996,0.2223675952465446],[0.018737257830798625,0.014189363259787638]]","[[0.49454654157161715,0.47039838041420334],[0.13579299440262493,0.11787338295468577]]","[[1.0,1.0],[1.0,1.0]]","[[7.8509209730007035,1.9978723956478968],[1.890156282318963,1.95595704626154]]","[1.0,1.0]","[7.920814462061282,3.8452011757426794]","[0.00023044813105015135,7.376082562081542e-05]","[0.24444125416102233,0.016565352988739807]","[0.2444412542714013,0.01656535296804375]","[[0.25645497143268586,0.23242753600632704],[0.018855858283738296,0.014274847576463663]]","[[0.25645497143268586,0.23242753589594806],[0.018855858283738296,0.014274847528172863]]","[[0.5055914488103654,0.4812563509852798],[0.13691438066738623,0.11900314440329869]]","[[1.0,1.0],[1.0,1.0]]","[[7.848348377369068,1.996436724839387],[1.9118506811283253,1.9454757036986174]]","[1.0,1.0]","[7.916683539637813,3.857106480775056]","[null,null]"
stagewise_residual_simvq_k8x2-2x2_rate047-resume-20260731-101433,118,0.01618742,0.07851022,0.09469764,0.01651507,0.07862373,23.86665181,0.92489338,0.01640618,0,Phase3-微调,0.925000,0.92592593,7.64784223,4608,0.0703125000,0.0468750000,2.5e-05,"[0.23448309423746885,0.01674960717662341]","[0.23448309432025308,0.01674960721111684]","[[0.24614537799799885,0.22282081091845476],[0.019047469183526657,0.014451745124878707]]","[[0.24614537799799885,0.22282081094604952],[0.019047469183526657,0.014451745161096806]]","[[0.49512689185363273,0.4710049819615152],[0.13720932906424557,0.11927891508848579]]","[[1.0,1.0],[1.0,1.0]]","[[7.85420768349259,1.998162606689665],[1.8926117451102644,1.9559726222797675]]","[1.0,1.0]","[7.9230608092414005,3.8477847236174125]","[0.000223164671047858,7.044261536874628e-05]","[0.2353160763228381,0.016279866925820157]","[0.2353160759917012,0.01627986691892147]","[[0.24703653167795253,0.22359562118848164],[0.018569712568488387,0.013990021207266383]]","[[0.24703653167795253,0.22359562118848164],[0.018569712568488387,0.013990021138279527]]","[[0.49622536367840236,0.4720313372435393],[0.13594079536420328,0.11790325465025725]]","[[1.0,1.0],[1.0,1.0]]","[[7.842313332027859,1.9975111943704111],[1.9165251016616822,1.9042677411326656]]","[1.0,1.0]","[7.915767934587267,3.8207072134371156]","[null,null]"
stagewise_residual_simvq_k8x2-2x2_rate047-resume-20260731-101433,119,0.01620928,0.07839181,0.09460110,0.01648661,0.07476471,23.87554220,0.92403837,0.01640618,0,Phase3-微调,0.950000,0.95370370,7.74878377,4608,0.0703125000,0.0468750000,2.5e-05,"[0.23461558173100153,0.01623822106393399]","[0.2346155815930278,0.016238221065658663]","[[0.24625093318797925,0.22298022936339731],[0.018514328779376768,0.013962113220003193]]","[[0.24625093318797925,0.2229802292254236],[0.018514328779376768,0.013962113226901877]]","[[0.4952726231129081,0.4712153278015278],[0.1353537093434069,0.11731215129020038]]","[[1.0,1.0],[1.0,1.0]]","[[7.845911083398042,1.9979382614294687],[1.878810833560096,1.9483173028186516]]","[1.0,1.0]","[7.918425465513159,3.826023523454313]","[0.00022891229038779986,7.620592847430359e-05]","[0.22577271152425696,0.013474354072025529]","[0.2257727117450149,0.013474354058228158]","[[0.23719886563442372,0.2143465565310584],[0.015523767298846334,0.011424940741724439]]","[[0.23719886563442372,0.21434655686219534],[0.015523767298846334,0.01142494070723101]]","[[0.4862210977960516,0.46213467010745296],[0.12428679515918097,0.10653906806751534]]","[[1.0,1.0],[1.0,1.0]]","[[7.854191893118399,1.9973426862999244],[1.861354249495047,1.9966897929156269]]","[1.0,1.0]","[7.921429715333161,3.855596978576095]","[null,null]"
stagewise_residual_simvq_k8x2-2x2_rate047-resume-20260731-101433,120,0.01614390,0.07815783,0.09430173,0.01661497,0.08210600,23.84357194,0.92386049,0.01640618,0,Phase3-微调,0.975000,0.97407407,7.78193556,4608,0.0703125000,0.0468750000,2.5e-05,"[0.2340379353750635,0.01606711080573775]","[0.23403793534746878,0.016067110810911767]","[[0.24564307977755864,0.2224327903378893],[0.018348175490757932,0.013786046127616256]]","[[0.24564307977755864,0.22243279036548402],[0.018348175490757932,0.013786046136239613]]","[[0.49472031847194387,0.4706939087421806],[0.13477309103365298,0.1166192194101987]]","[[1.0,1.0],[1.0,1.0]]","[[7.850455526069359,1.9981520067762446],[1.8914272679222954,1.9535484358116433]]","[1.0,1.0]","[7.921149064876415,3.844157278979266]","[0.0002191058189324664,7.386583373334832e-05]","[0.245030332825802,0.017708874190295185]","[0.2450303331569389,0.017708874142004383]","[[0.2569781471181799,0.23308251709849745],[0.019995618066578,0.015422130203633398]]","[[0.2569781471181799,0.23308251754001336],[0.019995618066578,0.015422130162241282]]","[[0.5061528753351282,0.48198461841653895],[0.14102130990337441,0.12374204766971093]]","[[1.0,1.0],[1.0,1.0]]","[[7.851650220376474,1.9989719267244692],[1.9057334193476925,1.9361569952081752]]","[1.0,1.0]","[7.923374458595559,3.841687566262704]","[null,null]"
stagewise_residual_simvq_k8x2-2x2_rate047-resume-20260731-101433,121,0.01610088,0.07836712,0.09446801,0.01653743,0.07910579,23.86195508,0.92395617,0.01640618,0,Phase3-微调,1.000000,1.00000000,7.83963858,4608,0.0703125000,0.0468750000,2.5e-05,"[0.23447884472983854,0.016295954074572634]","[0.23447884489540702,0.016295954067673948]","[[0.24604632760639544,0.22291136127379205],[0.018578522995597233,0.014013385115605261]]","[[0.24604632760639544,0.2229113618256869],[0.018578522995597233,0.014013385117329934]]","[[0.4951136996348699,0.4711863644697048],[0.13573907434388444,0.11771908092002074]]","[[1.0,1.0],[1.0,1.0]]","[[7.841521419419182,1.9983061331289786],[1.8896445018273813,1.9510869211620754]]","[1.0,1.0]","[7.916935526883161,3.8399006962776183]","[0.0002181655480213791,7.538850569054139e-05]","[0.23860426953545325,0.014534247949443482]","[0.23860426953545325,0.014534247963240854]","[[0.25031994393578283,0.22688859502474468],[0.01672652708021579,0.012341968866961974]]","[[0.25031994393578283,0.2268885949143657],[0.01672652708021579,0.01234196892215146]]","[[0.4994964411965123,0.4754775603612264],[0.1289921659010428,0.11070613877640831]]","[[1.0,1.0],[1.0,1.0]]","[[7.837996867850975,1.9994394108101174],[1.9174080928166708,1.897377555458634]]","[1.0,1.0]","[7.917396926879883,3.8146560545320862]","[null,null]"
stagewise_residual_simvq_k8x2-2x2_rate047-resume-20260731-101433,122,0.01613392,0.07817962,0.09431353,0.01724525,0.07297804,23.68300798,0.92311910,0.01640618,0,Phase3-微调,1.000000,1.00000000,7.50254021,4608,0.0703125000,0.0468750000,2.5e-05,"[0.23403246571068412,0.016142304326166156]","[0.23403246584865783,0.0161423043296155]","[[0.2456385880984642,0.22242634219151955],[0.018429192288399295,0.013855416300120178]]","[[0.2456385880984642,0.2224263422191143],[0.018429192288399295,0.013855416320816234]]","[[0.4945608942045106,0.4705291735905188],[0.13501755228197132,0.11686226435833508]]","[[1.0,1.0],[1.0,1.0]]","[[7.843540772685298,1.9983503394656712],[1.8892332315444946,1.947715303853706]]","[1.0,1.0]","[7.918044635984633,3.8360815118860314]","[0.00022574246422327296,8.05918594307042e-05]","[0.21957934851999636,0.013950393445513867]","[0.21957934818885944,0.013950393486905981]","[[0.2307061508849815,0.2084525447200846],[0.016083380959376142,0.011817405841968678]]","[[0.2307061508849815,0.20845254427856869],[0.016083380959376142,0.011817405883360792]]","[[0.47951603443534285,0.4557412800965486],[0.1264567095372412,0.10828035457266702]]","[[1.0,1.0],[1.0,1.0]]","[[7.864750717304371,1.9975819764313874],[1.9516473169679995,1.9540251943800184]]","[1.0,1.0]","[7.927230177985297,3.905630268873992]","[null,null]"
stagewise_residual_simvq_k8x2-2x2_rate047-resume-20260731-101433,123,0.01609097,0.07808384,0.09417481,0.01641681,0.07769692,23.89866904,0.92490392,0.01640618,0,Phase3-微调,1.000000,1.00000000,7.70143554,4608,0.0703125000,0.0468750000,2.5e-05,"[0.2340453586920544,0.015822933026141038]","[0.2340453587472439,0.015822933007169655]","[[0.2455862939633705,0.22250442306200663],[0.018104881762216488,0.013540984268507196]]","[[0.2455862939633705,0.22250442339314355],[0.018104881762216488,0.01354098423746311]]","[[0.4944951694872644,0.47059802126001427],[0.1338929072022438,0.11561496114289319]]","[[1.0,1.0],[1.0,1.0]]","[[7.839327774224458,1.9980893720079351],[1.8898401313357882,1.9393238217742355]]","[1.0,1.0]","[7.915408738454183,3.828411470960688]","[0.00022556875037143645,8.015283309995774e-05]","[0.2353727185063892,0.013257413447179177]","[0.23537271872714713,0.013257413433381805]","[[0.24701537357436287,0.2237300643214473],[0.015341171642972364,0.01117365520309519]]","[[0.24701537357436287,0.22373006443182628],[0.015341171642972364,0.011173655209993874]]","[[0.4962254919387676,0.47219444314638775],[0.12358471696023587,0.10539854224081392]]","[[1.0,1.0],[1.0,1.0]]","[[7.832981900815611,1.997463995439035],[1.8867116892779314,1.985386602083842]]","[1.0,1.0]","[7.910956297980414,3.8707702725021926]","[null,null]"
stagewise_residual_simvq_k8x2-2x2_rate047-resume-20260731-101433,124,0.01603971,0.07844818,0.09448789,0.01628890,0.07628434,23.92341455,0.92539759,0.01628890,1,Phase3-微调,1.000000,1.00000000,7.78131113,4608,0.0703125000,0.0468750000,2.5e-05,"[0.23511945643910656,0.01591470520598469]","[0.23511945654948552,0.015914705223231403]","[[0.2466556810670429,0.22358323040383835],[0.018185306816465324,0.013644103550662597]]","[[0.2466556810670429,0.22358323065219102],[0.018185306816465324,0.013644103540314569]]","[[0.49557070765230393,0.4717376600261088],[0.1342157677091934,0.11607299774057335]]","[[1.0,1.0],[1.0,1.0]]","[[7.836467758814494,1.9978658106591967],[1.8818380550101952,1.9344491823955818]]","[1.0,1.0]","[7.913503041090789,3.8154894599208125]","[0.00021843860424134484,7.375719208505837e-05]","[0.22812995303560185,0.015979945038755734]","[0.22812995314598083,0.015979945038755734]","[[0.23933433526092104,0.21692557191407238],[0.01832920420500967,0.01363068578971757]]","[[0.23933433526092104,0.21692557136217752],[0.01832920420500967,0.013630685796616254]]","[[0.4884627304695271,0.46497113395620276],[0.13507936469934606,0.11640160966802526]]","[[1.0,1.0],[1.0,1.0]]","[[7.830361521685565,1.998611287717466],[1.8918385576318812,1.9107213815053303]]","[1.0,1.0]","[7.9118999940377694,3.802427938249376]","[null,null]"
stagewise_residual_simvq_k8x2-2x2_rate047-resume-20260731-101433,125,0.01605398,0.07837623,0.09443021,0.01653029,0.08181093,23.86179687,0.92301865,0.01628890,0,Phase3-微调,1.000000,1.00000000,7.43167139,4608,0.0703125000,0.0468750000,2.5e-05,"[0.23466682610688386,0.016137111114545]","[0.23466682621726284,0.01613711111109566]","[[0.24617264356326174,0.2231610087332902],[0.018444956740778354,0.013829265465028584]]","[[0.24617264356326174,0.2231610091748061],[0.018444956740778354,0.013829265433984498]]","[[0.4950751049099145,0.4712802327341504],[0.13513124663796688,0.11681408121905945]]","[[1.0,1.0],[1.0,1.0]]","[[7.840789273933128,1.9981366769031241],[1.8831229514545864,1.9447283197332312]]","[1.0,1.0]","[7.916227272704796,3.826925639311473]","[0.0002303804373729724,8.039570085303341e-05]","[0.2443077293811021,0.017487251620601725]","[0.244307729822618,0.01748725161370304]","[[0.2563869204786089,0.23222853795245843],[0.01998322617124628,0.014991276828503167]]","[[0.2563869204786089,0.2322285388354902],[0.01998322617124628,0.014991276828503167]]","[[0.5055669676374506,0.4810923629336887],[0.14103242258230844,0.12206576494155107]]","[[1.0,1.0],[1.0,1.0]]","[[7.8484260771009655,1.9982032599272552],[1.8842838561093365,1.9463569102463898]]","[1.0,1.0]","[7.920221664287426,3.8300549683747467]","[null,null]"
stagewise_residual_simvq_k8x2-2x2_rate047-resume-20260731-101433,126,0.01603212,0.07835986,0.09439197,0.01672902,0.07580952,23.80779375,0.92343519,0.01628890,0,Phase3-微调,1.000000,1.00000000,7.33351369,4608,0.0703125000,0.0468750000,2.5e-05,"[0.23470529715220134,0.01604624586697254]","[0.23470529729017506,0.01604624587042188]","[[0.24619792274854801,0.22321267188699156],[0.018309038701570697,0.013783452937517452]]","[[0.24619792274854801,0.22321267199737055],[0.018309038701570697,0.013783452939242125]]","[[0.49518978110066164,0.47143058837563906],[0.13462519150365282,0.1166210437676421]]","[[1.0,1.0],[1.0,1.0]]","[[7.836860059808802,1.998169560785647],[1.8851281852633865,1.9412092352354968]]","[1.0,1.0]","[7.914322066307068,3.8256117030426307]","[0.000229954039551322,7.453228738288291e-05]","[0.2266472061475118,0.015943249404706338]","[0.2266472061475118,0.01594324937021291]","[[0.2378870642847485,0.21540734558193772],[0.018228708200708585,0.013657790525919861]]","[[0.2378870642847485,0.21540734558193772],[0.018228708200708585,0.013657790470730376]]","[[0.4869581129815843,0.4633136268015261],[0.13470352777728328,0.11651218196860066]]","[[1.0,1.0],[1.0,1.0]]","[[7.841894661938703,1.99633431258025],[1.885026514088666,1.9163902556454693]]","[1.0,1.0]","[7.913225297574644,3.801181196283411]","[null,null]"
stagewise_residual_simvq_k8x2-2x2_rate047-resume-20260731-101433,127,0.01597108,0.07842827,0.09439935,0.01676151,0.08294718,23.80751477,0.92492695,0.01628890,0,Phase3-微调,1.000000,1.00000000,7.65359567,4608,0.0703125000,0.0468750000,2.5e-05,"[0.23472971201494888,0.01624074683490175]","[0.2347297123460858,0.016240746840075763]","[[0.24619794976380135,0.22326147440407013],[0.018529666151368508,0.01395182747186886]]","[[0.24619794976380135,0.2232614747076123],[0.018529666151368508,0.013951827494289588]]","[[0.4951883726649814,0.47147567868232726],[0.1354816856621592,0.11738552155869979]]","[[1.0,1.0],[1.0,1.0]]","[[7.841628173545555,1.9981764056064464],[1.887712887039891,1.9398725189544537]]","[1.0,1.0]","[7.916739299562242,3.826752605261626]","[0.00022258157951000613,8.251741529184747e-05]","[0.24952485771090896,0.015906129087562913]","[0.24952485760052998,0.01590612905996817]","[[0.261449459415895,0.23760025766160753],[0.018197930590422066,0.01361432741223662]]","[[0.261449459415895,0.23760025766160753],[0.018197930590422066,0.013614327350148447]]","[[0.5104781881526664,0.48657591718214527],[0.1345262720629021,0.11625309122933282]]","[[1.0,1.0],[1.0,1.0]]","[[7.8415630905716505,1.9990660729231657],[1.9300649439847029,1.898307976016292]]","[1.0,1.0]","[7.918460672873038,3.8281782927336514]","[null,null]"
stagewise_residual_simvq_k8x2-2x2_rate047-resume-20260731-101433,128,0.01601888,0.07833728,0.09435617,0.01642927,0.07844691,23.89203254,0.92508112,0.01628890,0,Phase3-微调,1.000000,1.00000000,7.56455194,4608,0.0703125000,0.0468750000,2.5e-05,"[0.23473145018021266,0.015947860560414417]","[0.2347314503457811,0.0159478605793858]","[[0.2462098154204863,0.22325308507791272],[0.01821907225271894,0.013676648904327992]]","[[0.2462098154204863,0.2232530849951285],[0.01821907225271894,0.013676648902603322]]","[[0.4951752736060708,0.4714410901069641],[0.13437292400609563,0.11626175839315962]]","[[1.0,1.0],[1.0,1.0]]","[[7.836715688528838,1.9980496713408717],[1.8871826436784533,1.9348199093783343]]","[1.0,1.0]","[7.914010175952205,3.8212846451335483]","[0.00022290399524704468,7.453299996187625e-05]","[0.23625638606371702,0.01477371126551319]","[0.23625638584295908,0.014773711258614505]","[[0.2478682654875296,0.2246445056464937],[0.01695945963125538,0.012587962816986773]]","[[0.2478682654875296,0.2246445053153568],[0.01695945963125538,0.012587962803189402]]","[[0.4970629237316273,0.4731391825057842],[0.12979299045271345,0.11169766772676397]]","[[1.0,1.0],[1.0,1.0]]","[[7.835275671217176,1.9969164707042553],[1.8924037862707068,1.9340440405739678]]","[1.0,1.0]","[7.911030430263943,3.8261461469862197]","[null,null]"
stagewise_residual_simvq_k8x2-2x2_rate047-resume-20260731-101433,129,0.01598855,0.07838346,0.09437202,0.01643113,0.07874419,23.89193609,0.92509013,0.01628890,0,Phase3-微调,1.000000,1.00000000,7.17192383,4608,0.0703125000,0.0468750000,2.5e-05,"[0.23484829912583033,0.015978778346821113]","[0.23484829912583033,0.0159787783657925]","[[0.24629287341678585,0.22340372375867984],[0.018247116771009233,0.013710439870030516]]","[[0.24629287341678585,0.22340372395184305],[0.018247116771009233,0.013710439904523945]]","[[0.495289751832132,0.47163580810582195],[0.13451000083651807,0.11644722071510774]]","[[1.0,1.0],[1.0,1.0]]","[[7.832082917955186,1.9978831589221955],[1.8886138039606588,1.9315411009170391]]","[1.0,1.0]","[7.911322888621577,3.819486408321946]","[0.00022180372404734415,7.344859836343353e-05]","[0.23518701339209522,0.01679438456065125]","[0.2351870138336111,0.016794384629638108]","[[0.24666435762687966,0.223709668274279],[0.019225032779353637,0.014363736286759377]]","[[0.24666435762687966,0.22370966915731078],[0.019225032779353637,0.014363736397138348]]","[[0.49579758158436527,0.47209270199139913],[0.13830775011468815,0.11944916562901603]]","[[1.0,1.0],[1.0,1.0]]","[[7.845786101729781,1.9979313929875693],[1.867186082734002,1.990196782571298]]","[1.0,1.0]","[7.9183491883454495,3.855334025842172]","[null,null]"
stagewise_residual_simvq_k8x2-2x2_rate047-resume-20260731-101433,130,0.01654178,0.07902649,0.09556828,0.01628640,0.07646038,23.92513019,0.92456151,0.01628640,1,Phase3-微调,1.000000,1.00000000,7.64284431,4608,0.0703125000,0.0468750000,2.5e-05,"[0.2364932847795663,0.016391492690201157]","[0.23649328488994528,0.01639149267812846]","[[0.24808557113563573,0.2249009974024914],[0.018732419860100855,0.01405056547201066]]","[[0.24808557113563573,0.22490099762324933],[0.018732419860100855,0.01405056546424964]]","[[0.49686772138984114,0.47299462181550483],[0.13595508677815948,0.11753064079417122]]","[[1.0,1.0],[1.0,1.0]]","[[7.842278934408117,1.9979527544092248],[1.867504675300033,1.9373438894748687]]","[1.0,1.0]","[7.916615285696807,3.8036993278397455]","[0.00026461660728037477,8.30463298707737e-05]","[0.22750577838332564,0.017167444782400572]","[0.22750577827294668,0.017167444796197945]","[[0.23883064742441532,0.2161809101148888],[0.01952834587406229,0.014806543670042797]]","[[0.23883064742441532,0.21618090989413086],[0.01952834587406229,0.014806543642448055]]","[[0.4878900585351167,0.464110055676213],[0.13929416597993285,0.12114831153993254]]","[[1.0,1.0],[1.0,1.0]]","[[7.835493868368643,1.9976787107962148],[1.883496183819241,1.9241374775215432]]","[1.0,1.0]","[7.912649363058585,3.807313980879607]","[null,null]"
stagewise_residual_simvq_k8x2-2x2_rate047-resume-20260731-101433,131,0.01588312,0.07723068,0.09311379,0.01620340,0.07696709,23.95064683,0.92481519,0.01620340,1,Phase3-微调,1.000000,1.00000000,7.69510089,4608,0.0703125000,0.0468750000,2.5e-05,"[0.23113252545396487,0.016005637415650267]","[0.23113252537118065,0.016005637398403553]","[[0.242566222421549,0.21969882801727011],[0.018267672120903928,0.013743602679352518]]","[[0.242566222421549,0.21969882785170167],[0.018267672120903928,0.013743602656931789]]","[[0.49140219887097675,0.4675774888859855],[0.13440971617345457,0.1163821322084577]]","[[1.0,1.0],[1.0,1.0]]","[[7.833513016170926,1.9980113362824474],[1.874509502340246,1.9277014014897522]]","[1.0,1.0]","[7.912307460219772,3.8014263638743646]","[0.00021324628303571243,7.257906123009484e-05]","[0.23032388124201034,0.015970807405257668]","[0.23032388190428416,0.015970807425953724]","[[0.2417465697835993,0.21890119369383212],[0.018200549800638798,0.013741065002977847]]","[[0.2417465697835993,0.218901194245727],[0.018200549800638798,0.01374106501677522]]","[[0.49088015887472364,0.4670447517324377],[0.1345807526398588,0.11685569683710734]]","[[1.0,1.0],[1.0,1.0]]","[[7.835832571100306,1.9989728742175632],[1.8903715804771142,1.915112026532491]]","[1.0,1.0]","[7.915383264753554,3.8053181348023593]","[null,null]"
stagewise_residual_simvq_k8x2-2x2_rate047-resume-20260731-101433,132,0.01594746,0.07793919,0.09388665,0.01677314,0.08328264,23.80165959,0.92396369,0.01620340,0,Phase3-微调,1.000000,1.00000000,7.25458739,4608,0.0703125000,0.0468750000,2.5e-05,"[0.23367847910633793,0.015726917352596365]","[0.2336784790787432,0.015726917349147024]","[[0.24514525792113057,0.22221169866345547],[0.018023098815508464,0.013430735855190843]]","[[0.24514525792113057,0.22221169880142919],[0.018023098815508464,0.013430735836219456]]","[[0.4940168916627213,0.4702579039666388],[0.13365730112073598,0.11520806715168334]]","[[1.0,1.0],[1.0,1.0]]","[[7.837215524249607,1.9980536493990155],[1.8771359430419075,1.9300648389039217]]","[1.0,1.0]","[7.914251624213325,3.806247283352746]","[0.00023299560382804852,7.833780004889209e-05]","[0.2488622357447942,0.017642205215438647]","[0.2488622354136573,0.017642205215438647]","[[0.26087563512501893,0.23684883735798024],[0.020067158603557834,0.015217251765231291]]","[[0.26087563512501893,0.2368488370268433],[0.020067158603557834,0.015217251772129977]]","[[0.5098818286701485,0.4857625859755057],[0.1412894473031715,0.12293665353898649]]","[[1.0,1.0],[1.0,1.0]]","[[7.8342616681699395,1.9991955403928403],[1.9014443388691655,1.9537258598539564]]","[1.0,1.0]","[7.915017806159126,3.854742753064191]","[null,null]"
stagewise_residual_simvq_k8x2-2x2_rate047-resume-20260731-101433,133,0.01594367,0.07819558,0.09413925,0.01638263,0.07904989,23.90382289,0.92474627,0.01620340,0,Phase3-微调,1.000000,1.00000000,7.57212914,4608,0.0703125000,0.0468750000,2.5e-05,"[0.2345698000656234,0.015656046167498938]","[0.23456979990005494,0.01565604615715091]","[[0.2460372879549309,0.22310231134847358],[0.017935076609460844,0.013377015658274845]]","[[0.2460372879549309,0.22310231101733666],[0.017935076609460844,0.013377015661724188]]","[[0.4950189788584356,0.4712984964251518],[0.13330283788619218,0.11493928213086393]]","[[1.0,1.0],[1.0,1.0]]","[[7.835230038784168,1.997838395613211],[1.8713245963608778,1.9332416201079334]]","[1.0,1.0]","[7.912826292603104,3.8035618627512897]","[0.00022616095155643523,7.61738379609327e-05]","[0.23859785596529642,0.014361780385176342]","[0.23859785618605436,0.014361780371378969]","[[0.25033900561156097,0.226856705877516],[0.016494855967660746,0.012228704726806393]]","[[0.25033900561156097,0.22685670565675806],[0.016494855967660746,0.01222870469921165]]","[[0.4995703200499217,0.4755019655934087],[0.12813863334832368,0.11024962575347336]]","[[1.0,1.0],[1.0,1.0]]","[[7.851658411379214,1.9988853401607938],[1.8958809269799126,1.979570569815459]]","[1.0,1.0]","[7.923198339674208,3.87448047708582]","[null,null]"
stagewise_residual_simvq_k8x2-2x2_rate047-resume-20260731-101433,134,0.01587982,0.07781246,0.09369228,0.01612645,0.07359704,23.97201414,0.92545392,0.01612645,1,Phase3-微调,1.000000,1.00000000,7.43342323,4608,0.0703125000,0.0468750000,2.5e-05,"[0.2331751419438256,0.015824744941804695]","[0.23317514197142036,0.015824744934906012]","[[0.2446013661722342,0.22174891713592743],[0.01810321677993569,0.013546273046759543]]","[[0.2446013661722342,0.22174891724630638],[0.01810321677993569,0.013546273013990787]]","[[0.4935402804502734,0.4698394447013184],[0.13394478671252727,0.11569175789201701]]","[[1.0,1.0],[1.0,1.0]]","[[7.829103518415381,1.9980875529624798],[1.8809140417310926,1.926206538412306]]","[1.0,1.0]","[7.910221144888136,3.806333111392127]","[0.00022070626088221886,7.510345187458571e-05]","[0.21801984519870193,0.017490685517313302]","[0.21801984597135474,0.017490685482819877]","[[0.22891899998541232,0.2071206901912336],[0.019816513835555976,0.015164857233564059]]","[[0.22891899998541232,0.20712069151578127],[0.019816513835555976,0.015164857212868001]]","[[0.4776809352415579,0.4543059452816292],[0.14036064147949218,0.12267816011552457]]","[[1.0,1.0],[1.0,1.0]]","[[7.828018552285654,1.9990788247850206],[1.9027142454076695,1.9233520852194892]]","[1.0,1.0]","[7.911638786174633,3.825927653136077]","[null,null]"
stagewise_residual_simvq_k8x2-2x2_rate047-resume-20260731-101433,135,0.01585525,0.07793683,0.09379208,0.01683582,0.07546794,23.78715534,0.92425086,0.01612645,0,Phase3-微调,1.000000,1.00000000,7.38220174,4608,0.0703125000,0.0468750000,2.5e-05,"[0.2336370370178311,0.01576083164351682]","[0.23363703704542585,0.015760831638342805]","[[0.24500974916197635,0.2222643245425489],[0.01801742560368169,0.013504237641959831]]","[[0.24500974916197635,0.22226432445976468],[0.01801742560368169,0.01350423761608976]]","[[0.4938810477654139,0.4703113544870306],[0.13363005274699793,0.1155362307611439]]","[[1.0,1.0],[1.0,1.0]]","[[7.827500632074144,1.99815882841746],[1.8755593449981125,1.9297863863132618]]","[1.0,1.0]","[7.909550828403897,3.8045318678573325]","[0.00022211049760732782,7.582150678057655e-05]","[0.22331443749092245,0.018182976247259865]","[0.22331443826357525,0.01818297617137432]","[[0.2342093422457024,0.2124195315219738],[0.020763867065586427,0.015602085380642502]]","[[0.2342093422457024,0.21241953328803734],[0.020763867065586427,0.015602085290959588]]","[[0.48307487280280503,0.45998276185106346],[0.14376425009082866,0.12452214547881374]]","[[1.0,1.0],[1.0,1.0]]","[[7.834490779594139,1.9969624033680669],[1.894299766752455,1.9248535182740953]]","[1.0,1.0]","[7.910721058315701,3.8189497647462067]","[null,null]"
stagewise_residual_simvq_k8x2-2x2_rate047-resume-20260731-101433,136,0.01590211,0.07829062,0.09419273,0.01627400,0.08089741,23.93138593,0.92496322,0.01612645,0,Phase3-微调,1.000000,1.00000000,7.40045876,4608,0.0703125000,0.0468750000,2.5e-05,"[0.23496837146856167,0.015561617472795424]","[0.2349683714961564,0.015561617481418781]","[[0.24634531115492184,0.22359143117511715],[0.017814082191843127,0.013309152620085687]]","[[0.24634531115492184,0.22359143136828033],[0.017814082191843127,0.013309152647680431]]","[[0.4952827298530826,0.4717784803774622],[0.13289907685032598,0.11471740279208731]]","[[1.0,1.0],[1.0,1.0]]","[[7.831319129908526,1.9978463618843645],[1.882298602881255,1.9260394659307267]]","[1.0,1.0]","[7.910858171957511,3.807563851939307]","[0.00022655202960272113,7.500776060051403e-05]","[0.24212486136842656,0.0167468524572474]","[0.24212486103728967,0.016746852491740828]","[[0.2536774029334386,0.23057231914114068],[0.01916057803426628,0.01433312670086269]]","[[0.2536774029334386,0.23057231825810892],[0.01916057803426628,0.01433312668706532]]","[[0.5027697291639116,0.47925524093486643],[0.138059943748845,0.11929621083868874]]","[[1.0,1.0],[1.0,1.0]]","[[7.825800447110777,1.996456914477878],[1.8733731808485807,1.8923187520768907]]","[1.0,1.0]","[7.905329736073812,3.76554375577856]","[null,null]"
stagewise_residual_simvq_k8x2-2x2_rate047-resume-20260731-101433,137,0.01579095,0.07802792,0.09381887,0.01656886,0.07467864,23.85054877,0.92377610,0.01612645,0,Phase3-微调,1.000000,1.00000000,7.74481345,4608,0.0703125000,0.0468750000,2.5e-05,"[0.23386268800607435,0.015826660979332195]","[0.23386268781291114,0.01582666098278154]","[[0.24513847872062966,0.22258689718114005],[0.01810087756840167,0.013552444357493962]]","[[0.24513847872062966,0.22258689690519262],[0.01810087756840167,0.013552444350595275]]","[[0.4940345685791086,0.4706812180302761],[0.1338592063497614,0.1156433154311445]]","[[1.0,1.0],[1.0,1.0]]","[[7.815949666058576,1.9976163802323519],[1.8814498336226853,1.9215071971769686]]","[1.0,1.0]","[7.902635343869528,3.8022783566404272]","[0.00022991416945943556,7.545143724672488e-05]","[0.22472893065876431,0.014242722404499848]","[0.22472893154179607,0.014242722425195906]","[[0.23574506132690995,0.21371279899720794],[0.01649858214099098,0.011986862640413973]]","[[0.23574506132690995,0.21371280021137662],[0.01649858214099098,0.011986862688704773]]","[[0.4847948827125408,0.4615214645862579],[0.12814679830162615,0.1091497614427849]]","[[1.0,1.0],[1.0,1.0]]","[[7.815594309347647,1.9955771896574233],[1.8269307260160093,1.987824868272852]]","[1.0,1.0]","[7.89843307071262,3.8112383506916188]","[null,null]"
stagewise_residual_simvq_k8x2-2x2_rate047-resume-20260731-101433,138,0.01580447,0.07814537,0.09394984,0.01618111,0.07847501,23.95704997,0.92471502,0.01612645,0,Phase3-微调,1.000000,1.00000000,7.63256961,4608,0.0703125000,0.0468750000,2.5e-05,"[0.23450650067793,0.01555867036977024]","[0.23450650053995628,0.015558670362871554]","[[0.24579541360338528,0.22321758709020084],[0.01780042633138321,0.01331691432537304]]","[[0.24579541360338528,0.22321758703501135],[0.01780042633138321,0.013316914335721068]]","[[0.494828752455888,0.47148481022428584],[0.13284973754651017,0.11474640110024699]]","[[1.0,1.0],[1.0,1.0]]","[[7.817057417057178,1.9979358701794236],[1.8867512385050456,1.9278447095994595]]","[1.0,1.0]","[7.903814839433741,3.813925626984349]","[0.00021730443731939885,7.493905068258754e-05]","[0.23591479537663637,0.015205228715031235]","[0.2359147955973943,0.015205228715031235]","[[0.24724743277938277,0.22458215609744744],[0.017315854097682017,0.013094603235798854]]","[[0.24724743277938277,0.22458215687010025],[0.017315854097682017,0.013094603228900168]]","[[0.49642664414865,0.47306271769382335],[0.13120488949395992,0.11399700851352126]]","[[1.0,1.0],[1.0,1.0]]","[[7.816277645252369,1.9986706548266941],[1.911609755622016,1.9802113815590188]]","[1.0,1.0]","[7.904891815891972,3.891155423058404]","[null,null]"
stagewise_residual_simvq_k8x2-2x2_rate047-resume-20260731-101433,139,0.01619282,0.07901820,0.09521102,0.01619356,0.07612909,23.95386566,0.92476453,0.01612645,0,Phase3-微调,1.000000,1.00000000,7.27531440,4608,0.0703125000,0.0468750000,2.5e-05,"[0.23702097499260197,0.01583727250151612]","[0.23702097488222298,0.015837272482544736]","[[0.24838942802614636,0.22565252162792065],[0.01813114948950156,0.013543395460928203]]","[[0.24838942802614636,0.22565252135197322],[0.01813114948950156,0.01354339543333346]]","[[0.49715876739334175,0.47377444169035665],[0.13396173552782448,0.11562133863292358]]","[[1.0,1.0],[1.0,1.0]]","[[7.8199446466234,1.997613544375808],[1.8692713916301726,1.924397552454913]]","[1.0,1.0]","[7.904649098714192,3.792743409562994]","[0.00023922578164072345,8.097402387647889e-05]","[0.22949478858047062,0.014118292079203659]","[0.22949478924274444,0.0141182920585076]","[[0.24083860041918578,0.21815097641061854],[0.01625996887407921,0.01197661513255702]]","[[0.24083860041918578,0.21815097707289235],[0.01625996887407921,0.011976615146354393]]","[[0.4899367868900299,0.46622290787873444],[0.1271681664166627,0.10904567186479215]]","[[1.0,1.0],[1.0,1.0]]","[[7.820810038955123,1.9993097632019607],[1.8509049583364416,1.895007277418066]]","[1.0,1.0]","[7.908441751974601,3.7455555386013453]","[null,null]"
stagewise_residual_simvq_k8x2-2x2_rate047-resume-20260731-101433,140,0.01577826,0.07770599,0.09348425,0.01620925,0.07999416,23.95381705,0.92548846,0.01612645,0,Phase3-微调,1.000000,1.00000000,7.50773688,4608,0.0703125000,0.0468750000,2.5e-05,"[0.23312800143052032,0.015531170997699654]","[0.2331280016236835,0.015531170995974982]","[[0.24438784122467042,0.22186816108447535],[0.017762953631096968,0.013299388297040153]]","[[0.24438784122467042,0.22186816116725958],[0.017762953631096968,0.01329938828151811]]","[[0.4934557000244105,0.4701073682970471],[0.13265924070168425,0.1146131281775457]]","[[1.0,1.0],[1.0,1.0]]","[[7.817462798401161,1.9978828405892408],[1.8800560333110667,1.9182940507376636]]","[1.0,1.0]","[7.903931031403718,3.7975551848058346]","[0.00021717274058674876,7.814771532947715e-05]","[0.23988764208775978,0.016093658145379136]","[0.23988764208775978,0.016093658152277823]","[[0.25142020947403376,0.22835507437034888],[0.01859902971320682,0.013588286508564596]]","[[0.25142020947403376,0.22835507492224374],[0.01859902971320682,0.013588286536159339]]","[[0.5006321644341504,0.47705364293522307],[0.13609817105310934,0.11624842374413102]]","[[1.0,1.0],[1.0,1.0]]","[[7.829486144030535,1.9990383898770367],[1.9076203266779581,1.9007174491882324]]","[1.0,1.0]","[7.912300095734773,3.808253781000773]","[null,null]"
stagewise_residual_simvq_k8x2-2x2_rate047-resume-20260731-101433,141,0.01576956,0.07810342,0.09387297,0.01619264,0.07768394,23.95218347,0.92493926,0.01612645,0,Phase3-微调,1.000000,1.00000000,7.37365890,4608,0.0703125000,0.0468750000,2.5e-05,"[0.23402119977054772,0.015909729720334765]","[0.23402119946700556,0.015909729706537392]","[[0.2452734367163093,0.22276896199694388],[0.018189206258911225,0.013630253094662394]]","[[0.2452734367163093,0.22276896152783324],[0.018189206258911225,0.013630253103285752]]","[[0.4943444620679926,0.4710524809029367],[0.1342506449807573,0.11603652248503986]]","[[1.0,1.0],[1.0,1.0]]","[[7.818110656738281,1.9978225416607327],[1.8765431702136994,1.9197730227752967]]","[1.0,1.0]","[7.9041313824830235,3.7955161072589734]","[0.00021203966634520503,7.667578166985077e-05]","[0.23307495845688714,0.015513663249159301]","[0.23307495801537126,0.015513663269855357]","[[0.2442824900150299,0.22186742767139717],[0.017756343129332417,0.013270983299999326]]","[[0.2442824900150299,0.2218674271195023],[0.017756343129332417,0.013270983299999326]]","[[0.49348958399560716,0.47024824972505924],[0.13292563673522736,0.11483373200451887]]","[[1.0,1.0],[1.0,1.0]]","[[7.816709740956624,1.9981035002955685],[1.908423994205616,1.8845611342677364]]","[1.0,1.0]","[7.903990448845757,3.7928400428206834]","[null,null]"
stagewise_residual_simvq_k8x2-2x2_rate047-resume-20260731-101433,142,0.01580888,0.07799011,0.09379899,0.01636184,0.07778743,23.90602309,0.92324763,0.01612645,0,Phase3-微调,1.000000,1.00000000,7.09289346,4608,0.0703125000,0.0468750000,2.5e-05,"[0.2341202803507999,0.015448072038728881]","[0.23412028057155787,0.01544807202493151]","[[0.2453699759035199,0.22287058369429022],[0.017676731980302268,0.01321941207645944]]","[[0.2453699759035199,0.22287058394264292],[0.017676731980302268,0.01321941204196601]]","[[0.49431421398012726,0.471029107051867],[0.1323512746228112,0.11430151880615287]]","[[1.0,1.0],[1.0,1.0]]","[[7.812252831459046,1.997903279904966],[1.8791485013785185,1.9229420068087402]]","[1.0,1.0]","[7.90133041187569,3.8013052498852766]","[0.00022677082643322475,7.781538770696325e-05]","[0.2347802832170769,0.014139480971627766]","[0.23478028299631895,0.01413948097852645]","[[0.24596417976750268,0.2235963864458932],[0.016142367095583015,0.012136594737293544]]","[[0.24596417976750268,0.2235963863355142],[0.016142367095583015,0.012136594764888287]]","[[0.4951059392204991,0.4719932269167017],[0.1266956122385131,0.10977949124795419]]","[[1.0,1.0],[1.0,1.0]]","[[7.819065570831299,1.9983081296638205],[1.873308374263622,1.9695954313984623]]","[1.0,1.0]","[7.905586468731916,3.84160161724797]","[null,null]"
stagewise_residual_simvq_k8x2-2x2_rate047-resume-20260731-101433,143,0.01585455,0.07825926,0.09411381,0.01633017,0.07699297,23.91314862,0.92344840,0.01612645,0,Phase3-微调,1.000000,1.00000000,7.38194804,4608,0.0703125000,0.0468750000,2.5e-05,"[0.23497762321322052,0.015452020178997406]","[0.23497762343397846,0.015452020173823392]","[[0.2462722061132943,0.22368304045112045],[0.017694795028203064,0.013209245264254234]]","[[0.2462722061132943,0.2236830410582048],[0.017694795028203064,0.013209245255630877]]","[[0.4951188349613437,0.47178483605384824],[0.1324219408824488,0.11424949578940868]]","[[1.0,1.0],[1.0,1.0]]","[[7.818179448445638,1.9980636292033724],[1.8672678505932843,1.921235555410385]]","[1.0,1.0]","[7.904651361041599,3.7875086024955467]","[0.0002265445036755409,7.948914769628943e-05]","[0.23177378762651374,0.014603700875132172]","[0.23177378740575577,0.014603700888929544]","[[0.24301364145897053,0.22053393125534057],[0.016786612915220083,0.012420788710867917]]","[[0.24301364145897053,0.2205339308138247],[0.016786612915220083,0.012420788766057404]]","[[0.49212875255831967,0.4687459080307572],[0.12925709436337154,0.1110999032303139]]","[[1.0,1.0],[1.0,1.0]]","[[7.80475525326199,1.9990155573244448],[1.8686204954429908,1.9234789459793655]]","[1.0,1.0]","[7.899740091959635,3.7916037965703895]","[null,null]"
stagewise_residual_simvq_k8x2-2x2_rate047-resume-20260731-101433,144,0.01583656,0.07850034,0.09433690,0.01616691,0.08201590,23.96163973,0.92533319,0.01612645,0,Phase3-微调,1.000000,1.00000000,7.62038607,4608,0.0703125000,0.0468750000,2.5e-05,"[0.2353283801564464,0.01587271620002058]","[0.23532837999087794,0.015872716187947878]","[[0.24661134718744843,0.2240454132910128],[0.018141036023627276,0.013604396266034907]]","[[0.24661134718744843,0.2240454132358233],[0.018141036023627276,0.013604396240164835]]","[[0.495515068979175,0.4722176728977097],[0.13373673549956747,0.11554302050283662]]","[[1.0,1.0],[1.0,1.0]]","[[7.815419658908137,1.9978318823708427],[1.8880289483953405,1.9281103840580693]]","[1.0,1.0]","[7.902791038265935,3.8154131452242535]","[0.00022524154694649582,8.123350466188707e-05]","[0.24661750429206425,0.015833386164848452]","[0.24661750462320114,0.015833386192443195]","[[0.2582947786207552,0.23494023117754195],[0.018262025548352136,0.01340474671235791]]","[[0.2582947786207552,0.23494023172943682],[0.018262025548352136,0.013404746767547396]]","[[0.5074416864801337,0.483899520944666],[0.13480947387439232,0.1153889376256201]]","[[1.0,1.0],[1.0,1.0]]","[[7.818219891300908,1.998134101761712],[1.866388115176448,1.9288900719748603]]","[1.0,1.0]","[7.90481194390191,3.794642738059715]","[null,null]"
stagewise_residual_simvq_k8x2-2x2_rate047-resume-20260731-101433,145,0.01580313,0.07777313,0.09357625,0.01624822,0.07550037,23.93514715,0.92407029,0.01612645,0,Phase3-微调,1.000000,1.00000000,7.70578324,4608,0.0703125000,0.0468750000,2.5e-05,"[0.23342844178831135,0.015445566180817508]","[0.23342844148476918,0.015445566185991522]","[[0.24465090436515985,0.2222059784664048],[0.01772034143063205,0.01317079085253041]]","[[0.24465090436515985,0.22220597805248365],[0.01772034143063205,0.013170790858566761]]","[[0.49359037081400553,0.47033095939291847],[0.13243339127964443,0.1139816350683018]]","[[1.0,1.0],[1.0,1.0]]","[[7.80691486288,1.9977652434949522],[1.8927889943122864,1.9327934227607868]]","[1.0,1.0]","[7.898358230237608,3.8247939984003705]","[0.0002300087601826009,8.100792526790799e-05]","[0.22904942179167712,0.012551761411682323]","[0.2290494219020561,0.012551761418581008]","[[0.2400628168273855,0.2180360271974846],[0.014661102769551454,0.01044242007450925]]","[[0.2400628168273855,0.21803602741824257],[0.014661102769551454,0.010442420081407935]]","[[0.4892295515095746,0.4661906313013147],[0.1207739167743259,0.10180947107297403]]","[[1.0,1.0],[1.0,1.0]]","[[7.784712689011185,1.9982300396318788],[1.9188855091730754,1.9789020379384359]]","[1.0,1.0]","[7.888036590152317,3.8972612610569706]","[null,null]"
stagewise_residual_simvq_k8x2-2x2_rate047-resume-20260731-101433,146,0.01570698,0.07752201,0.09322899,0.01648793,0.07681611,23.87961636,0.92531044,0.01612645,0,Phase3-微调,1.000000,1.00000000,7.48226663,4608,0.0703125000,0.0468750000,2.5e-05,"[0.2326731903133569,0.015397240356024768]","[0.2326731905065201,0.015397240340502726]","[[0.24380046733551555,0.22154591348436142],[0.01765653464977664,0.013137946024330126]]","[[0.24380046733551555,0.22154591356714567],[0.01765653464977664,0.013137946020880783]]","[[0.49278697735733457,0.4696886169689673],[0.13219240339541877,0.11381197399287313]]","[[1.0,1.0],[1.0,1.0]]","[[7.803405754654496,1.9977273587827329],[1.885126424939544,1.9295641753408643]]","[1.0,1.0]","[7.896502092149523,3.8139761222733393]","[0.00021729493388125709,7.092321573643993e-05]","[0.2306155624213042,0.015195999018571995]","[0.23061556231092523,0.015195999046166737]","[[0.24175534888550088,0.21947577485331782],[0.017333929599435242,0.013058068237646863]]","[[0.24175534888550088,0.2194757749636968],[0.017333929599435242,0.013058068299735034]]","[[0.4908978124459585,0.4676696300506592],[0.13129896096609256,0.11386269055030963]]","[[1.0,1.0],[1.0,1.0]]","[[7.82085340641163,1.9949456153092562],[1.913742282655504,1.9237301817646733]]","[1.0,1.0]","[7.899835060260914,3.8373815836729825]","[null,null]"
stagewise_residual_simvq_k8x2-2x2_rate047-resume-20260731-101433,147,0.01570872,0.07751700,0.09322572,0.01620220,0.07868908,23.95431805,0.92624341,0.01612645,0,Phase3-微调,1.000000,1.00000000,7.60267735,4608,0.0703125000,0.0468750000,2.5e-05,"[0.23277477503374772,0.01527962559937603]","[0.23277477475780028,0.015279625606274716]","[[0.24392998960834963,0.2216195591070034],[0.017511752730718366,0.013047498435264936]]","[[0.24392998960834963,0.2216195589138402],[0.017511752730718366,0.013047498445612964]]","[[0.4929178085040163,0.4697633436432591],[0.13167729081103094,0.11347680556829329]]","[[1.0,1.0],[1.0,1.0]]","[[7.808905368381076,1.9979938637327266],[1.8788784662882487,1.9230886730882857]]","[1.0,1.0]","[7.89982395613635,3.8012039484801114]","[0.00022023855883701428,7.427991445352004e-05]","[0.23712144394715626,0.014683623246296688]","[0.23712144317450345,0.01468362321180326]","[[0.24859537846512264,0.22564750733198943],[0.01685467719755791,0.012512569267440725]]","[[0.24859537846512264,0.2256475062281997],[0.01685467719755791,0.012512569184656496]]","[[0.49776167472203575,0.47416268388430277],[0.12953735104313605,0.11153094426349357]]","[[1.0,1.0],[1.0,1.0]]","[[7.820290674986663,1.9974474809787892],[1.891206564726653,1.9609195038124367]]","[1.0,1.0]","[7.904505390591091,3.8514083562073886]","[null,null]"
stagewise_residual_simvq_k8x2-2x2_rate047-resume-20260731-101433,148,0.01571072,0.07779539,0.09350611,0.01605393,0.07742315,23.99220105,0.92490517,0.01605393,1,Phase3-微调,1.000000,1.00000000,7.79201829,4608,0.0703125000,0.0468750000,2.5e-05,"[0.2336643524467945,0.015280885754705027]","[0.23366435236401029,0.015280885777125755]","[[0.24481873255636957,0.22250997126102448],[0.017507601053350502,0.01305417045261021]]","[[0.24481873255636957,0.2225099712886192],[0.017507601053350502,0.01305417048882831]]","[[0.493707645325749,0.4705979125919165],[0.13170786404775248,0.11355686605804496]]","[[1.0,1.0],[1.0,1.0]]","[[7.801352809093617,1.9975698775715298],[1.8830218807414727,1.925172248813841]]","[1.0,1.0]","[7.895156229866876,3.8074321874865777]","[0.0002243888831192938,7.369424346911222e-05]","[0.23426633466173102,0.013487753051298635]","[0.23426633410983616,0.013487753037501264]","[[0.24542382094595167,0.22310884594917296],[0.015610620282866337,0.011364885881819107]]","[[0.24542382094595167,0.223108845838794],[0.015610620282866337,0.01136488586112305]]","[[0.4945403476556142,0.4714536671285276],[0.12468446382769832,0.10632232521419172]]","[[1.0,1.0],[1.0,1.0]]","[[7.79941067872224,1.9971345301027652],[1.8826241263636836,1.9150755952905725]]","[1.0,1.0]","[7.8933200730217825,3.7974729732230856]","[null,null]"
stagewise_residual_simvq_k8x2-2x2_rate047-resume-20260731-101433,149,0.01570248,0.07785259,0.09355507,0.01688716,0.08374210,23.78170149,0.92434886,0.01605393,0,Phase3-微调,1.000000,1.00000000,7.59923727,4608,0.0703125000,0.0468750000,2.5e-05,"[0.23374949014849133,0.015378795878064852]","[0.23374948998292286,0.015378795855644124]","[[0.24489522270030445,0.22260375732073076],[0.017622585946487055,0.013135005807917979]]","[[0.24489522270030445,0.22260375732073076],[0.017622585946487055,0.013135005759627179]]","[[0.49378541619689376,0.4707004007917863],[0.13209082022033355,0.11387002624019428]]","[[1.0,1.0],[1.0,1.0]]","[[7.801512164539761,1.9975798183017306],[1.8801441245608859,1.91451259387864]]","[1.0,1.0]","[7.895256526381881,3.7939504910398414]","[0.0002206076139878456,7.875597947767582e-05]","[0.25092767079671224,0.017047062868045436]","[0.2509276709070912,0.01704706284734938]","[[0.26263751299292953,0.23921783047693748],[0.019444769255265042,0.014649356260067886]]","[[0.26263751299292953,0.23921783058731644],[0.019444769255265042,0.014649356315257373]]","[[0.5116830028869488,0.4882815151302903],[0.1391456006301774,0.12069978415966034]]","[[1.0,1.0],[1.0,1.0]]","[[7.8149000768308285,1.9975806439364399],[1.8832096779787981,1.8965275949902005]]","[1.0,1.0]","[7.902032675566496,3.7795694298214384]","[null,null]"
stagewise_residual_simvq_k8x2-2x2_rate047-resume-20260731-101433,150,0.01566405,0.07743895,0.09310299,0.01589542,0.07737036,24.03549573,0.92594821,0.01589542,1,Phase3-微调,1.000000,1.00000000,7.48460415,4608,0.0703125000,0.0468750000,2.5e-05,"[0.232407649854819,0.015396975172269676]","[0.23240764963406105,0.015396975186067047]","[[0.24351139882648432,0.22130390024847454],[0.017638647701177332,0.01315530265543472]]","[[0.24351139882648432,0.2213039000277166],[0.017638647701177332,0.013155302665782747]]","[[0.49241588452348,0.46935191684299044],[0.13216756976864957,0.11397888694924337]]","[[1.0,1.0],[1.0,1.0]]","[[7.7985998930754485,1.9975633462270102],[1.8884202899756255,1.92287896739112]]","[1.0,1.0]","[7.8937420306382355,3.810630664119014]","[0.00021904408187967621,7.765465140134135e-05]","[0.2322957843542099,0.015289380904976968]","[0.2322957847957258,0.015289380946369082]","[[0.24323256953998848,0.2213589988372944],[0.017637925243212116,0.012940836408072047]]","[[0.24323256953998848,0.22135899949956822],[0.017637925243212116,0.012940836435666792]]","[[0.4923668048999928,0.4696464999958321],[0.13254791023554624,0.11346961315031405]]","[[1.0,1.0],[1.0,1.0]]","[[7.794049217082836,1.9987450237627382],[1.8658622008782846,1.8823786982783566]]","[1.0,1.0]","[7.8937792636730055,3.7480887218757912]","[null,null]"
stagewise_residual_simvq_k8x2-2x2_rate047-resume-20260731-101433,151,0.01564082,0.07766070,0.09330153,0.01608068,0.07908648,23.98722065,0.92614799,0.01589542,0,Phase3-微调,1.000000,1.00000000,7.62875849,4608,0.0703125000,0.0468750000,2.5e-05,"[0.23298342835020136,0.015530822032855617]","[0.23298342829501187,0.015530822027681603]","[[0.24405781439057103,0.22190904093009453],[0.01778726172116068,0.013274382202265162]]","[[0.24405781439057103,0.22190904073693135],[0.01778726172116068,0.013274382202265162]]","[[0.49297356533783454,0.46999492275494115],[0.1327686158043367,0.11453991046658268]]","[[1.0,1.0],[1.0,1.0]]","[[7.793061422418665,1.9978935232868902],[1.8804636107550727,1.919478423948641]]","[1.0,1.0]","[7.8915795096644645,3.79914963554453]","[0.00022056847506232938,7.889610727000184e-05]","[0.23828823842384197,0.014788487698468897]","[0.23828823820308404,0.014788487684671526]","[[0.24946177491435298,0.227114701712573],[0.01698844946782898,0.012588525963602243]]","[[0.24946177491435298,0.2271147013814361],[0.01698844946782898,0.0125885259360075]]","[[0.4986832274330987,0.47576646871036954],[0.13003769196845866,0.11185555949255273]]","[[1.0,1.0],[1.0,1.0]]","[[7.807702378873472,1.99790066436485],[1.9137728373209635,1.836513923715662]]","[1.0,1.0]","[7.8990255143907335,3.749408119696158]","[null,null]"
stagewise_residual_simvq_k8x2-2x2_rate047-resume-20260731-101433,152,0.01569050,0.07780521,0.09349570,0.01619849,0.07905380,23.95222194,0.92514621,0.01589542,0,Phase3-微调,1.000000,1.00000000,7.69358185,4608,0.0703125000,0.0468750000,2.5e-05,"[0.2336607247039124,0.015315936229847095]","[0.23366072475910188,0.015315936240195125]","[[0.2447758217100744,0.22254562849799792],[0.017562629184168246,0.013069243165146974]]","[[0.2447758217100744,0.22254562847040318],[0.017562629184168246,0.013069243180669016]]","[[0.49370448854234483,0.470675097350721],[0.13196379238808598,0.11370653624611872]]","[[1.0,1.0],[1.0,1.0]]","[[7.791369981235928,1.9977641573658695],[1.877752516887806,1.913146185433423]]","[1.0,1.0]","[7.890484817822775,3.790190393394894]","[0.000221376218447673,7.426175270329286e-05]","[0.23817693922254773,0.014795219215253988]","[0.2381769390017898,0.014795219215253988]","[[0.24930471777915955,0.2270491581272196],[0.016965208775191396,0.012625229682911325]]","[[0.24930471777915955,0.2270491580168406],[0.016965208775191396,0.012625229682911325]]","[[0.49850206794562163,0.4756771864714446],[0.12985861489066372,0.11190513725633974]]","[[1.0,1.0],[1.0,1.0]]","[[7.812026988135444,1.9976526631249323],[1.9131349863829437,1.828444699887876]]","[1.0,1.0]","[7.90072755460386,3.7405146068996853]","[null,null]"
stagewise_residual_simvq_k8x2-2x2_rate047-resume-20260731-101433,153,0.01572487,0.07786675,0.09359162,0.01609245,0.07839622,23.98214500,0.92565544,0.01589542,0,Phase3-微调,1.000000,1.00000000,7.40635347,4608,0.0703125000,0.0468750000,2.5e-05,"[0.23394870214440205,0.015224904032355106]","[0.23394870222718628,0.015224904035804449]","[[0.24505477365520265,0.22284262966778542],[0.017476306748748928,0.012973501234901723]]","[[0.24505477365520265,0.22284263005411184],[0.017476306748748928,0.012973501224553695]]","[[0.4940959504357091,0.471105017485442],[0.13160070440283528,0.11323374217307126]]","[[1.0,1.0],[1.0,1.0]]","[[7.783314526522601,1.9975930549480296],[1.8760531383532064,1.913843161088449]]","[1.0,1.0]","[7.886045922173394,3.7890944330780596]","[0.000223551961055448,7.877707678037243e-05]","[0.23648393209333773,0.014383976002810177]","[0.2364839322037167,0.014383976044202293]","[[0.24774046816207745,0.2252273945896714],[0.016460207021898692,0.012307744949228233]]","[[0.24774046816207745,0.22522739470005035],[0.016460207021898692,0.012307744976822977]]","[[0.496923965215683,0.4737460688308433],[0.12791391484163425,0.11050474560923046]]","[[1.0,1.0],[1.0,1.0]]","[[7.803559522275571,1.999159812927246],[1.8815864430533515,1.9424618968257197]]","[1.0,1.0]","[7.899414161399559,3.82347278241758]","[null,null]"
stagewise_residual_simvq_k8x2-2x2_rate047-resume-20260731-101433,154,0.01562352,0.07733491,0.09295843,0.01617180,0.07941369,23.95986324,0.92546908,0.01589542,0,Phase3-微调,1.000000,1.00000000,7.45303489,4608,0.0703125000,0.0468750000,2.5e-05,"[0.23195862659701594,0.015513079404761945]","[0.231958626376258,0.015513079418559316]","[[0.2429899811192795,0.2209272718263997],[0.01774270717675487,0.013283451607761284]]","[[0.2429899811192795,0.220927271578047],[0.01774270717675487,0.013283451630182012]]","[[0.491931835534396,0.46899346510569256],[0.13252393601945153,0.11447573235189473]]","[[1.0,1.0],[1.0,1.0]]","[[7.792946370442708,1.997816393552003],[1.8826597151932893,1.9167091689727924]]","[1.0,1.0]","[7.891383911945201,3.7987987677256267]","[0.00021259766928980955,7.328806996830045e-05]","[0.23906701814245296,0.015056799503940123]","[0.23906701825283191,0.015056799490142752]","[[0.2503411215764505,0.22779291570186616],[0.017263649155696233,0.01284994977629847]]","[[0.2503411215764505,0.22779291537072924],[0.017263649155696233,0.01284994977629847]]","[[0.49951273423654063,0.4764248700053604],[0.13111186342106926,0.11304453252642244]]","[[1.0,1.0],[1.0,1.0]]","[[7.806654453277588,1.9965543826421102],[1.8928667527657967,1.9124169958962334]]","[1.0,1.0]","[7.895838712762903,3.805150157433969]","[null,null]"
stagewise_residual_simvq_k8x2-2x2_rate047-resume-20260731-101433,155,0.01559442,0.07689356,0.09248798,0.01587722,0.07230919,24.03788938,0.92577086,0.01587722,1,Phase3-微调,1.000000,1.00000000,7.70387308,4608,0.0703125000,0.0468750000,2.5e-05,"[0.2309602801170614,0.015099104933647646]","[0.23096028008946665,0.015099104926748961]","[[0.24196257882372096,0.21995798026522],[0.01732983570718379,0.01286837409629866]]","[[0.24196257882372096,0.21995798037559897],[0.01732983570718379,0.012868374115270045]]","[[0.4908749849156097,0.4679544688374908],[0.1311059464459066,0.11283729586888243]]","[[1.0,1.0],[1.0,1.0]]","[[7.788176519782455,1.9977184138916158],[1.8834424012237125,1.9144666426711612]]","[1.0,1.0]","[7.888762951780248,3.797108412230456]","[0.00021808082466897623,8.004269389790285e-05]","[0.21683041398172026,0.01455898612599682]","[0.21683041376096232,0.014558986070807333]","[[0.2273714178138309,0.20628941070150447],[0.01673669797816762,0.012381274163447045]]","[[0.2273714178138309,0.20628941037036755],[0.01673669797816762,0.012381274094460187]]","[[0.4760546858663912,0.4533876458803813],[0.12907444260738515,0.11093497723340988]]","[[1.0,1.0],[1.0,1.0]]","[[7.801188507786503,1.997109999480071],[1.8767114736415722,1.902758413773996]]","[1.0,1.0]","[7.894169616699219,3.7792851395077176]","[null,null]"
stagewise_residual_simvq_k8x2-2x2_rate047-resume-20260731-101433,156,0.01560708,0.07698689,0.09259397,0.01586461,0.07727529,24.04363959,0.92638113,0.01586461,1,Phase3-微调,1.000000,1.00000000,7.23313194,4608,0.0703125000,0.0468750000,2.5e-05,"[0.23126086076652563,0.015097202422718206]","[0.23126086073893087,0.015097202445138935]","[[0.24227496369017495,0.22024675671149183],[0.017333949609073224,0.012860455202732097]]","[[0.24227496369017495,0.22024675665630233],[0.017333949609073224,0.01286045521394246]]","[[0.49119217588945674,0.46825811415910723],[0.13107448968070526,0.11275463336043888]]","[[1.0,1.0],[1.0,1.0]]","[[7.782825274820681,1.9974824066515322],[1.8750080792992203,1.915405339885641]]","[1.0,1.0]","[7.885586473676893,3.7896435207790797]","[0.00022612960235198477,8.063106433163975e-05]","[0.23282943334844378,0.014451490811727665]","[0.23282943412109658,0.014451490777234236]","[[0.24383029065750264,0.22182857250725782],[0.016684268642630843,0.012218712904938945]]","[[0.24383029065750264,0.22182857405256343],[0.016684268642630843,0.012218712870445516]]","[[0.49299734168582493,0.4701720796249531],[0.12889821545945274,0.11024167730852409]]","[[1.0,1.0],[1.0,1.0]]","[[7.776135232713488,1.9975492768817478],[1.8838349554273817,1.9397692097557915]]","[1.0,1.0]","[7.882342282047978,3.8231044945893466]","[null,null]"
stagewise_residual_simvq_k8x2-2x2_rate047-resume-20260731-101433,157,0.01561091,0.07705425,0.09266516,0.01602911,0.07312728,24.00065889,0.92566124,0.01586461,0,Phase3-微调,1.000000,1.00000000,7.69687479,4608,0.0703125000,0.0468750000,2.5e-05,"[0.23153846319074983,0.015035128093290108]","[0.23153846280442344,0.015035128103638136]","[[0.24250068755613433,0.22057623799752307],[0.017284005124949747,0.012786250956425512]]","[[0.24250068755613433,0.22057623761119666],[0.017284005124949747,0.01278625097108522]]","[[0.4914761413578634,0.468665135955369],[0.13091386112350004,0.11244749509625965]]","[[1.0,1.0],[1.0,1.0]]","[[7.7778846166752,1.9974744458993277],[1.8807165441689668,1.9192298061317867]]","[1.0,1.0]","[7.88307327694363,3.7992797568992334]","[0.00021726452058053972,7.221354882723837e-05]","[0.2204643025442406,0.013542980755920763]","[0.22046430221310367,0.013542980790414192]","[[0.23124768524258224,0.2096809191836251],[0.015559875047593204,0.011526086367666721]]","[[0.23124768524258224,0.20968091863173025],[0.015559875047593204,0.011526086422856208]]","[[0.48008456384694137,0.45708837067639385],[0.12445828975350769,0.10705823666519589]]","[[1.0,1.0],[1.0,1.0]]","[[7.793307064197681,1.9985747478626392],[1.9231230364905463,1.9541128679558082]]","[1.0,1.0]","[7.893068956445765,3.8770559204949273]","[null,null]"
stagewise_residual_simvq_k8x2-2x2_rate047-resume-20260731-101433,158,0.01557726,0.07687751,0.09245477,0.01580261,0.07340517,24.05904733,0.92640012,0.01580261,1,Phase3-微调,1.000000,1.00000000,7.42826999,4608,0.0703125000,0.0468750000,2.5e-05,"[0.23093006900615162,0.01507797665135176]","[0.23093006906134111,0.015077976647902417]","[[0.2419177863057013,0.21994235060281223],[0.01733136815018952,0.012824585093012838]]","[[0.2419177863057013,0.21994235068559648],[0.01733136815018952,0.012824585096462181]]","[[0.490906090758465,0.4680129986118387],[0.1311530236430742,0.11269646859555332]]","[[1.0,1.0],[1.0,1.0]]","[[7.776976195971171,1.9974429393256152],[1.870914657689907,1.9139142085004737]]","[1.0,1.0]","[7.882546098143966,3.7839824076052064]","[0.0002198119176211077,7.736855829568446e-05]","[0.21999595971019179,0.014900579751917609]","[0.21999595971019179,0.014900579745018924]","[[0.23066577116648357,0.2093261480331421],[0.017196995827058952,0.012604163538802553]]","[[0.23066577116648357,0.20932614770200517],[0.017196995827058952,0.01260416354570124]]","[[0.47952252714722243,0.45674487462750185],[0.13087389568487803,0.11197951590573346]]","[[1.0,1.0],[1.0,1.0]]","[[7.759357010876691,1.9991905592106007],[1.8564028369055854,1.9667003357851947]]","[1.0,1.0]","[7.877057866696958,3.8214204982475]","[null,null]"
stagewise_residual_simvq_k8x2-2x2_rate047-resume-20260731-101433,159,0.01552904,0.07671305,0.09224209,0.01601027,0.07756002,24.00497852,0.92621307,0.01580261,0,Phase3-微调,1.000000,1.00000000,7.34970368,4608,0.0703125000,0.0468750000,2.5e-05,"[0.23067980817070713,0.014801963172094137]","[0.2306798080327334,0.01480196317554348]","[[0.2416083909019276,0.2197512246668339],[0.01702562008673946,0.012578306247963121]]","[[0.2416083909019276,0.21975122422531798],[0.01702562008673946,0.012578306241064437]]","[[0.490534019028699,0.46775238293188587],[0.1299940825474483,0.11160906947873257]]","[[1.0,1.0],[1.0,1.0]]","[[7.7710759533776175,1.9974145458804236],[1.8777011030250126,1.9202191792152545]]","[1.0,1.0]","[7.879496247680099,3.797125165992313]","[0.00021897164726935982,7.717137645226171e-05]","[0.23445855522597278,0.013733514039604752]","[0.23445855533635174,0.013733514053402123]","[[0.2455121491794233,0.2234049599479746],[0.01587014049981479,0.011596887641482883]]","[[0.2455121491794233,0.22340495928570075],[0.01587014049981479,0.011596887655280254]]","[[0.4947168937435857,0.4718635298587658],[0.12573379062943987,0.1074141894225721]]","[[1.0,1.0],[1.0,1.0]]","[[7.767936017778185,1.9973381254408094],[1.8993661986456978,1.947477602958679]]","[1.0,1.0]","[7.877762137518989,3.846477757559882]","[null,null]"
stagewise_residual_simvq_k8x2-2x2_rate047-resume-20260731-101433,160,0.01556530,0.07694617,0.09251147,0.01627511,0.07396902,23.93386323,0.92538612,0.01580261,0,Phase3-微调,1.000000,1.00000000,7.36942600,4608,0.0703125000,0.0468750000,2.5e-05,"[0.23110789239958482,0.01511984641008355]","[0.23110789231680057,0.015119846413532893]","[[0.2420702546283051,0.22014552975694338],[0.017343129869550465,0.012896562831614304]]","[[0.2420702546283051,0.22014552986732236],[0.017343129869550465,0.012896562833338976]]","[[0.491017108714139,0.468185403170409],[0.13102166575414162,0.1128224952629319]]","[[1.0,1.0],[1.0,1.0]]","[[7.770071456167433,1.9974630276362102],[1.8768729159125574,1.9212779415978325]]","[1.0,1.0]","[7.879091344939338,3.7974410079143666]","[0.0002179533640392711,7.547703040405328e-05]","[0.2232505722178353,0.013450292635847022]","[0.22325057188669842,0.013450292622049649]","[[0.2340242945485645,0.2124768473483898],[0.015789368500312168,0.011111216654104215]]","[[0.2340242945485645,0.2124768469068739],[0.015789368500312168,0.011111216633408158]]","[[0.48297519154018825,0.46014836253943264],[0.12537190235323376,0.10508436229493882]]","[[1.0,1.0],[1.0,1.0]]","[[7.765056638364439,1.997659938423722],[1.8561474711806685,1.859289366227609]]","[1.0,1.0]","[7.876929201903167,3.715346837926794]","[null,null]"
stagewise_residual_simvq_k8x2-2x2_rate047-resume-20260731-101433,161,0.01553409,0.07717140,0.09270548,0.01590116,0.07023878,24.03356368,0.92560036,0.01580261,0,Phase3-微调,1.000000,1.00000000,7.17650185,4608,0.0703125000,0.0468750000,2.5e-05,"[0.23217686941778218,0.014771605253702512]","[0.23217686939018745,0.014771605248528498]","[[0.2431290896402465,0.22122464831228608],[0.0169962824822438,0.012546927907021234]]","[[0.2431290896402465,0.22122464822950186],[0.0169962824822438,0.012546927927717291]]","[[0.49200412504099034,0.46924606787937656],[0.12985413938208862,0.1114412602175165]]","[[1.0,1.0],[1.0,1.0]]","[[7.780030232888681,1.9975577550905723],[1.8755221682566183,1.9242357638147143]]","[1.0,1.0]","[7.88432926690137,3.798926043510437]","[0.00022634637563088392,7.54225729502246e-05]","[0.21174423871216952,0.013019859225109771]","[0.21174423860179054,0.013019859232008458]","[[0.2219046488956169,0.20158382841834316],[0.015174600599264657,0.010865117757822628]]","[[0.2219046488956169,0.20158382830796417],[0.015174600599264657,0.010865117744025257]]","[[0.47028935904856084,0.44818254863774337],[0.12292052408059438,0.1039421789072178]]","[[1.0,1.0],[1.0,1.0]]","[[7.750942212563974,1.998075661835847],[1.8478322859163638,1.8691254845371952]]","[1.0,1.0]","[7.87058801651001,3.716798434434114]","[null,null]"
stagewise_residual_simvq_k8x2-2x2_rate047-resume-20260731-101433,162,0.01562303,0.07742121,0.09304424,0.01632894,0.08100492,23.92256458,0.92528272,0.01580261,0,Phase3-微调,1.000000,1.00000000,7.47990555,4608,0.0703125000,0.0468750000,2.5e-05,"[0.23277655340455197,0.014971304840097824]","[0.2327765534873362,0.014971304836648483]","[[0.24373926525866543,0.2218138411641121],[0.017221945907092757,0.012720663699804357]]","[[0.24373926525866543,0.22181384127449105],[0.017221945907092757,0.012720663691181]]","[[0.49248067537943524,0.46972856786515976],[0.13057289478127604,0.11205610221734753]]","[[1.0,1.0],[1.0,1.0]]","[[7.778320766378332,1.9970129805582542],[1.873070333401362,1.9249666328783388]]","[1.0,1.0]","[7.882391836025096,3.797104651839645]","[0.0002252494474642272,7.47345581287475e-05]","[0.2446191610009582,0.014596591779479274]","[0.24461916111133716,0.014596591793276645]","[[0.2561225865726118,0.23311573487740975],[0.016825116591321097,0.012368066891751907]]","[[0.2561225865726118,0.23311573443589387],[0.016825116591321097,0.012368066926245336]]","[[0.5052863505151537,0.4820021490255992],[0.12939038359456592,0.11083695358700223]]","[[1.0,1.0],[1.0,1.0]]","[[7.796389989499692,1.9992132328174732],[1.9017319847036291,1.8547422603324608]]","[1.0,1.0]","[7.895881797649242,3.7560809276722096]","[null,null]"
stagewise_residual_simvq_k8x2-2x2_rate047-resume-20260731-101433,163,0.01548594,0.07683125,0.09231719,0.01674982,0.07456046,23.80523035,0.92377968,0.01580261,0,Phase3-微调,1.000000,1.00000000,7.67855515,4608,0.0703125000,0.0468750000,2.5e-05,"[0.23082086162434684,0.015039136938543782]","[0.23082086148637312,0.015039136924746411]","[[0.24173065418446504,0.2199110699472604],[0.017276033083045924,0.012802240756961207]]","[[0.24173065418446504,0.21991106986447617],[0.017276033083045924,0.012802240725917121]]","[[0.49074710806210836,0.4680124569822241],[0.13089517694380548,0.11252921189147014]]","[[1.0,1.0],[1.0,1.0]]","[[7.771859479833532,1.9977074477407668],[1.864324293092445,1.9209679647728248]]","[1.0,1.0]","[7.8804763352429426,3.784278506702847]","[0.00021722787604192963,7.448689757438842e-05]","[0.22628385225931805,0.012309618128670586]","[0.226283852369697,0.012309618142467957]","[[0.23714515920038576,0.2154225437729447],[0.01440035353794142,0.010218882678007638]]","[[0.23714515920038576,0.21542254520787132],[0.01440035353794142,0.010218882671108952]]","[[0.48621909618377684,0.46336042042131775],[0.11975413152465114,0.10080156061384413]]","[[1.0,1.0],[1.0,1.0]]","[[7.775498584464744,1.9983576041680795],[1.8811315801408557,1.9002626728128504]]","[1.0,1.0]","[7.883605748635751,3.7812031533983017]","[null,null]"
stagewise_residual_simvq_k8x2-2x2_rate047-resume-20260731-101433,164,0.01546892,0.07648442,0.09195335,0.01604326,0.08523004,23.99514804,0.92561919,0.01580261,0,Phase3-微调,1.000000,1.00000000,7.50615366,4608,0.0703125000,0.0468750000,2.5e-05,"[0.22997574590974385,0.014774406815154685]","[0.22997574574417537,0.014774406801357314]","[[0.24080617681697564,0.21914531365036966],[0.01700318408785043,0.012545629434666975]]","[[0.24080617681697564,0.21914531307088003],[0.01700318408785043,0.012545629445015005]]","[[0.4896785255935457,0.46706463937406184],[0.1298501788466065,0.11138813528749678]]","[[1.0,1.0],[1.0,1.0]]","[[7.766372528782597,1.9973228732744852],[1.86347253035616,1.9141468975279066]]","[1.0,1.0]","[7.876947428562023,3.7766309910350375]","[0.00021634890659630334,7.693379549925373e-05]","[0.2574484938824618,0.015287624699649987]","[0.25744849344094595,0.015287624706548673]","[[0.26923522651195525,0.24566176136334736],[0.017656619212141744,0.012918630118171374]]","[[0.26923522651195525,0.24566175948690486],[0.017656619212141744,0.012918630118171374]]","[[0.5181045296015563,0.494851479044667],[0.1324607069293658,0.11317050611531293]]","[[1.0,1.0],[1.0,1.0]]","[[7.7848586117779766,1.9990911130551938],[1.9165627302946868,1.7589774449666342]]","[1.0,1.0]","[7.889798863728841,3.6720628950330947]","[null,null]"
stagewise_residual_simvq_k8x2-2x2_rate047-resume-20260731-101433,165,0.01548259,0.07662270,0.09210529,0.01586099,0.07640817,24.04090616,0.92598083,0.01580261,0,Phase3-微调,1.000000,1.00000000,7.51179061,4608,0.0703125000,0.0468750000,2.5e-05,"[0.2304256679283248,0.014766974983460926]","[0.23042566809389325,0.014766974971388225]","[[0.241290908637974,0.2195604259769122],[0.016978883993363492,0.01255506587697676]]","[[0.241290908637974,0.21956042614248064],[0.016978883993363492,0.012555065881288439]]","[[0.49016759185879316,0.46750439582047637],[0.12968544851022737,0.11135367360655908]]","[[1.0,1.0],[1.0,1.0]]","[[7.7676284684075245,1.9972751677036285],[1.8853710443885239,1.91523088283009]]","[1.0,1.0]","[7.877487434281243,3.7999257754396507]","[0.00021829588432511728,7.676428594667987e-05]","[0.22808545176629666,0.016420676248768966]","[0.22808545253894946,0.016420676234971593]","[[0.23897351854377322,0.21719738333313554],[0.01889142896980047,0.013949923507041401]]","[[0.23897351854377322,0.21719738399540936],[0.01889142896980047,0.013949923465649288]]","[[0.488078495087447,0.46525435182783337],[0.13715624643696678,0.11778306905870084]]","[[1.0,1.0],[1.0,1.0]]","[[7.745270248695656,1.9992834400247645],[1.892428708076477,1.973814270231459]]","[1.0,1.0]","[7.870085062804045,3.865314859814114]","[null,null]"
stagewise_residual_simvq_k8x2-2x2_rate047-resume-20260731-101433,166,0.01541457,0.07648122,0.09189579,0.01611180,0.07547772,23.97713285,0.92649679,0.01580261,0,Phase3-微调,1.000000,1.00000000,7.57847922,4608,0.0703125000,0.0468750000,2.5e-05,"[0.22983471654631474,0.01490519324110614]","[0.22983471649112525,0.014905193235932125]","[[0.24066864845377428,0.21900078383860766],[0.017144994542899507,0.012665391863427229]]","[[0.24066864845377428,0.21900078378341817],[0.017144994542899507,0.012665391862564893]]","[[0.48951419244209926,0.4668857905599806],[0.13037557243197054,0.11192466914653779]]","[[1.0,1.0],[1.0,1.0]]","[[7.761695460919981,1.9976332439316644],[1.877415602295487,1.919589204479147]]","[1.0,1.0]","[7.875155166343406,3.796255216775117]","[0.00021541454648454588,7.562511593816992e-05]","[0.22781344928123332,0.013715251852516775]","[0.22781344983312818,0.01371525181112466]","[[0.23875358204046884,0.21687331597010295],[0.015846027385581423,0.011584476333249499]]","[[0.23875358204046884,0.2168733168531347],[0.015846027385581423,0.011584476271161326]]","[[0.4878173642688327,0.4648672607209947],[0.12559254125312522,0.107314581948298]]","[[1.0,1.0],[1.0,1.0]]","[[7.762378268771702,1.9979571881117644],[1.9043867058224149,1.8946568727493287]]","[1.0,1.0]","[7.876158647184019,3.7989655300422953]","[null,null]"
stagewise_residual_simvq_k8x2-2x2_rate047-resume-20260731-101433,167,0.01547876,0.07680930,0.09228806,0.01591862,0.07987892,24.03106466,0.92679693,0.01580261,0,Phase3-微调,1.000000,1.00000000,7.43628103,4608,0.0703125000,0.0468750000,2.5e-05,"[0.23086497780901413,0.014924777130147926]","[0.23086497786420362,0.014924777121524568]","[[0.24174026993137818,0.2199896854934869],[0.01715547549020913,0.01269407870972322]]","[[0.24174026993137818,0.21998968565905536],[0.01715547549020913,0.012694078701099863]]","[[0.4907401737791521,0.4680793105452149],[0.13044052633146444,0.11206872686743737]]","[[1.0,1.0],[1.0,1.0]]","[[7.772744748327467,1.9973232693142362],[1.867898749422144,1.922633468663251]]","[1.0,1.0]","[7.880169786347283,3.7896114587783813]","[0.00021544658978840474,7.58530548409908e-05]","[0.23850079156734325,0.017111751209530564]","[0.23850079200885915,0.017111751223327937]","[[0.249432459142473,0.22756912421297143],[0.019611330654610088,0.014612171736856302]]","[[0.249432459142473,0.22756912564789808],[0.019611330654610088,0.014612171764451044]]","[[0.49859198751272976,0.4761831193058579],[0.1397296678688791,0.12053302040806523]]","[[1.0,1.0],[1.0,1.0]]","[[7.759443004043014,1.9975863695144653],[1.8746992111206056,1.9992312943493877]]","[1.0,1.0]","[7.873945434005172,3.871854130427043]","[null,null]"
stagewise_residual_simvq_k8x2-2x2_rate047-resume-20260731-101433,168,0.01539514,0.07635739,0.09175253,0.01605439,0.07568159,23.98568824,0.92495282,0.01580261,0,Phase3-微调,1.000000,1.00000000,7.69036819,4608,0.0703125000,0.0468750000,2.5e-05,"[0.2295081682227276,0.01483547341733895]","[0.2295081682227276,0.01483547342941165]","[[0.24028310659858915,0.218733229957245],[0.017037077039411222,0.012633869735765512]]","[[0.24028310659858915,0.21873323053673463],[0.017037077039411222,0.012633869771983613]]","[[0.4891058586813785,0.46658713812077485],[0.1299338098615408,0.1117472477119278]]","[[1.0,1.0],[1.0,1.0]]","[[7.759780098773815,1.9970966595190542],[1.8789451605743832,1.9227239198154873]]","[1.0,1.0]","[7.873116597422847,3.801014565979993]","[0.00021389478036629346,7.109848940200647e-05]","[0.22816548623420574,0.014015586163710665]","[0.22816548579268986,0.014015586149913294]","[[0.2386231220430798,0.2177078488800261],[0.016368920901031404,0.01166225143328861]]","[[0.2386231220430798,0.21770784832813123],[0.016368920901031404,0.011662251419491239]]","[[0.48765557253802266,0.46573734128916705],[0.12768896641554656,0.10770887208205682]]","[[1.0,1.0],[1.0,1.0]]","[[7.737521849738227,1.9966209826646029],[1.8619899211106476,1.7856353777426262]]","[1.0,1.0]","[7.860909076973244,3.646719159020318]","[null,null]"
stagewise_residual_simvq_k8x2-2x2_rate047-resume-20260731-101433,169,0.01540239,0.07635734,0.09175973,0.01587410,0.07547824,24.04492248,0.92525951,0.01580261,0,Phase3-微调,1.000000,1.00000000,7.81359365,4608,0.0703125000,0.0468750000,2.5e-05,"[0.22956873153646787,0.014774753376669078]","[0.22956873139849415,0.014774753392191121]","[[0.24037302961504017,0.21876443398219567],[0.01697917684774708,0.012570329815045828]]","[[0.24037302961504017,0.2187644337890325],[0.01697917684774708,0.012570329822806849]]","[[0.4893037310904927,0.466726375343623],[0.1297029717238965,0.11142789856703193]]","[[1.0,1.0],[1.0,1.0]]","[[7.756739174878156,1.997497945582425],[1.8788980543613434,1.9187772269602175]]","[1.0,1.0]","[7.872383459409078,3.796936351281625]","[0.00021663074202714832,7.403438192812718e-05]","[0.22566260507813207,0.015867759894441676]","[0.22566260485737413,0.015867759901340362]","[[0.23615412579642403,0.21517108524287187],[0.018111152912455575,0.01362436688332646]]","[[0.23615412579642403,0.21517108502211393],[0.018111152912455575,0.013624366924718575]]","[[0.4851216364789892,0.4630139664367393],[0.13417362659065812,0.1162658996604107]]","[[1.0,1.0],[1.0,1.0]]","[[7.760101600929543,1.998270254664951],[1.8860836417586715,1.980758787084509]]","[1.0,1.0]","[7.8756193620187265,3.865596045388116]","[null,null]"
stagewise_residual_simvq_k8x2-2x2_rate047-resume-20260731-101433,170,0.01546597,0.07612192,0.09158790,0.01605245,0.08268004,23.99061508,0.92629274,0.01580261,0,Phase3-微调,1.000000,1.00000000,7.67464146,4608,0.0703125000,0.0468750000,2.5e-05,"[0.22849506255653168,0.01509508601286345]","[0.22849506258412644,0.01509508601286345]","[[0.2392900356264026,0.21770008959703976],[0.01730901346438461,0.012881158494942441]]","[[0.2392900356264026,0.217700089569445],[0.01730901346438461,0.012881158532885214]]","[[0.48827453752358757,0.4656686474327688],[0.13099330928590563,0.1128547397752603]]","[[1.0,1.0],[1.0,1.0]]","[[7.756799298745615,1.9969463714846858],[1.876358695824941,1.9201811898637702]]","[1.0,1.0]","[7.871329701388324,3.795789439148373]","[0.00021688888214325912,7.008789190742256e-05]","[0.2492032589735808,0.015372882141835159]","[0.24920325875282287,0.01537288215563253]","[[0.26103940308094026,0.2373671136520527],[0.017595024351720456,0.013150739828469577]]","[[0.26103940308094026,0.23736711321053683],[0.017595024351720456,0.01315073985606432]]","[[0.5101022556976036,0.4863669569845553],[0.13234316232027832,0.11433862315283881]]","[[1.0,1.0],[1.0,1.0]]","[[7.754045331036603,1.9986195899822095],[1.9058329979578654,1.8604161951276992]]","[1.0,1.0]","[7.873232407040066,3.7658857310259783]","[null,null]"
stagewise_residual_simvq_k8x2-2x2_rate047-resume-20260731-101433,171,0.01536803,0.07572554,0.09109357,0.01602665,0.07780840,24.00823340,0.92625710,0.01580261,0,Phase3-微调,1.000000,1.00000000,7.33076565,4608,0.0703125000,0.0468750000,2.5e-05,"[0.22762776409034377,0.01469394767794896]","[0.2276277637316121,0.014693947674499618]","[[0.23839339503535517,0.2168621327314112],[0.016922415806739418,0.012465479481896316]]","[[0.23839339503535517,0.21686213179318994],[0.016922415806739418,0.012465479473272959]]","[[0.487139448357953,0.46454719089799457],[0.12949977882758335,0.11100894828085546]]","[[1.0,1.0],[1.0,1.0]]","[[7.745330230394999,1.9975003955540833],[1.8640314523820525,1.9134989080605684]]","[1.0,1.0]","[7.8665969442438195,3.776520519786411]","[0.00022151269691271915,8.1460883838089e-05]","[0.2331580791208479,0.01582880067742533]","[0.2331580795623638,0.01582880066362796]","[[0.24427180223994785,0.22204435622250593],[0.01819407892309957,0.013463522252385262]]","[[0.24427180223994785,0.22204435655364282],[0.01819407892309957,0.013463522231689206]]","[[0.4934263673093584,0.47038403462480616],[0.13457834439145194,0.1156945988535881]]","[[1.0,1.0],[1.0,1.0]]","[[7.779910200613516,1.9969810009002686],[1.8609813654864276,1.9601725269246983]]","[1.0,1.0]","[7.883129490746392,3.8197674609996652]","[null,null]"
stagewise_residual_simvq_k8x2-2x2_rate047-resume-20260731-101433,172,0.01543677,0.07613842,0.09157519,0.01600918,0.07610444,24.01192023,0.92613769,0.01580261,0,Phase3-微调,1.000000,1.00000000,7.50213859,4608,0.0703125000,0.0468750000,2.5e-05,"[0.22854232247228976,0.015100621752854851]","[0.22854232255507398,0.015100621749405508]","[[0.239326754046811,0.21775789131168966],[0.01735624686849338,0.012844996575128149]]","[[0.239326754046811,0.2177578915876371],[0.01735624686849338,0.012844996575990485]]","[[0.48834262992496846,0.4657567345433765],[0.13100845274273995,0.11249974499698039]]","[[1.0,1.0],[1.0,1.0]]","[[7.753346948270445,1.997373890435254],[1.8804745484281469,1.915839965255172]]","[1.0,1.0]","[7.870433014410513,3.795605786199923]","[0.0002137204317006291,7.617077522405048e-05]","[0.22757956462877768,0.015954639417705713]","[0.22757956396650386,0.015954639431503083]","[[0.23819102611806658,0.2169681011526673],[0.018246203322929366,0.013663075484887318]]","[[0.23819102611806658,0.2169681002696355],[0.018246203322929366,0.013663075519380745]]","[[0.48725295464197793,0.46498322155740524],[0.134583964171233,0.11630660825305515]]","[[1.0,1.0],[1.0,1.0]]","[[7.746437086882414,1.9984743489159478],[1.8901035432462339,1.9099906029524627]]","[1.0,1.0]","[7.86908303366767,3.799951526853773]","[null,null]"
stagewise_residual_simvq_k8x2-2x2_rate047-resume-20260731-101433,173,0.01534859,0.07584651,0.09119509,0.01582403,0.07471314,24.05307036,0.92565886,0.01580261,0,Phase3-微调,1.000000,1.00000000,7.45687520,4608,0.0703125000,0.0468750000,2.5e-05,"[0.22779007164968385,0.01491875640047645]","[0.22779007187044178,0.014918756395302437]","[[0.23851544931530952,0.21706469467392675],[0.017134300940152673,0.01270321182458213]]","[[0.23851544931530952,0.21706469467392675],[0.017134300940152673,0.012703211821132787]]","[[0.48733195828066933,0.4648343394751902],[0.13028834349027388,0.11201760239071316]]","[[1.0,1.0],[1.0,1.0]]","[[7.742540278258147,1.9974848760498896],[1.8871814131736755,1.9254502219182474]]","[1.0,1.0]","[7.865133632553948,3.8119940625296698]","[0.0002185020835895557,7.127287038504922e-05]","[0.22541202417126407,0.013670031381426034]","[0.22541202428164306,0.013670031395223405]","[[0.23604420997478343,0.21477983737433398],[0.01579183228313923,0.011548230452118096]]","[[0.23604420997478343,0.21477983781584986],[0.01579183228313923,0.011548230500408896]]","[[0.48497997478202537,0.4625611035912125],[0.12535919066932466,0.10710358487235175]]","[[1.0,1.0],[1.0,1.0]]","[[7.751341039163095,1.998105514491046],[1.882004564779776,1.8721151210643627]]","[1.0,1.0]","[7.870847461841724,3.7539892002388284]","[null,null]"
stagewise_residual_simvq_k8x2-2x2_rate047-resume-20260731-101433,174,0.01541986,0.07625449,0.09167435,0.01610361,0.07848115,23.98286915,0.92612414,0.01580261,0,Phase3-微调,1.000000,1.00000000,7.44535156,4608,0.0703125000,0.0468750000,2.5e-05,"[0.22916932511660787,0.014845028876637419]","[0.2291693251993921,0.014845028876637419]","[[0.23990521204692347,0.2184334385726187],[0.01709193431392864,0.012598123358286641]]","[[0.23990521204692347,0.21843343860021344],[0.01709193431392864,0.01259812335656197]]","[[0.4887369813742461,0.46628562570722015],[0.13016512602291724,0.11161053100669825]]","[[1.0,1.0],[1.0,1.0]]","[[7.745184967252944,1.9974691691222015],[1.8791149263028746,1.9231830700680062]]","[1.0,1.0]","[7.866457103799891,3.801482700860059]","[0.00021801861401871537,7.528993984225154e-05]","[0.23796755715652748,0.01317212035258611]","[0.23796755704614853,0.013172120345687424]","[[0.2491633893163116,0.22677172267878498],[0.015280526331453412,0.01106371437371881]]","[[0.2491633893163116,0.2267717233410588],[0.015280526331453412,0.011063714380617495]]","[[0.4983427345752716,0.47536634449605586],[0.12331141332785288,0.10484539154503081]]","[[1.0,1.0],[1.0,1.0]]","[[7.766432603200276,1.9953662625065556],[1.8735305194501524,1.7972582958362722]]","[1.0,1.0]","[7.873118792639838,3.66988031246044]","[null,null]"
stagewise_residual_simvq_k8x2-2x2_rate047-resume-20260731-101433,175,0.01530957,0.07582157,0.09113113,0.01576017,0.07578120,24.07203830,0.92635343,0.01576017,1,Phase3-微调,1.000000,1.00000000,7.33346674,4608,0.0703125000,0.0468750000,2.5e-05,"[0.2277851583229171,0.014843859796032862]","[0.2277851585160803,0.014843859802931547]","[[0.238511936587316,0.2170583791754864],[0.01704541485308221,0.012642304680344683]]","[[0.238511936587316,0.217058379644597],[0.01704541485308221,0.01264230467517067]]","[[0.4873794221215778,0.4648765182605496],[0.1299928140723043,0.11181149023274581]]","[[1.0,1.0],[1.0,1.0]]","[[7.742821039976897,1.9971357038727513],[1.8758967841113054,1.921414009950779]]","[1.0,1.0]","[7.864604965845744,3.7966068073555275]","[0.0002110862816253858,6.796086135417918e-05]","[0.22672194529462744,0.015777898841985948]","[0.22672194573614332,0.01577789882818858]","[[0.2374731957912445,0.21597069380459963],[0.0181643337632219,0.013391464010432914]]","[[0.2374731957912445,0.2159706942461155],[0.0181643337632219,0.013391463982838171]]","[[0.4864821548815127,0.4638728497204957],[0.13447783953613704,0.11538404022102003]]","[[1.0,1.0],[1.0,1.0]]","[[7.741248204973009,1.9964180716761837],[1.8655683164243344,1.9512516348450273]]","[1.0,1.0]","[7.8623972751476146,3.8157538767214176]","[null,null]"
stagewise_residual_simvq_k8x2-2x2_rate047-resume-20260731-101433,176,0.01539838,0.07629181,0.09169019,0.01612141,0.07848326,23.96764465,0.92405971,0.01576017,0,Phase3-微调,1.000000,1.00000000,7.13465361,4608,0.0703125000,0.0468750000,2.5e-05,"[0.22927167537035764,0.014862129104289192]","[0.22927167556352085,0.014862129118086563]","[[0.2400177354062045,0.21852561525172656],[0.01708797373532973,0.012636284371493039]]","[[0.2400177354062045,0.21852561561045825],[0.01708797373532973,0.012636284400812454]]","[[0.48896777784382855,0.4664998459595221],[0.13013906374021814,0.11177233638310874]]","[[1.0,1.0],[1.0,1.0]]","[[7.737602406077915,1.9965993035722662],[1.8685175677140553,1.9174499167336359]]","[1.0,1.0]","[7.86088307345355,3.7850075196336816]","[0.00022119841324402605,7.540127574732954e-05]","[0.23623518645763397,0.014911244471591931]","[0.23623518689914985,0.014911244471591931]","[[0.24714330986694052,0.22532706139264283],[0.017365408302457246,0.012457080854585877]]","[[0.24714330986694052,0.22532706205491668],[0.017365408302457246,0.012457080847687192]]","[[0.49632261947349265,0.47385814278214067],[0.131489102045695,0.11128110736608506]]","[[1.0,1.0],[1.0,1.0]]","[[7.725983428955078,1.997071713871426],[1.8817492520367658,1.8906201759974162]]","[1.0,1.0]","[7.855918817166929,3.772268134576303]","[null,null]"
stagewise_residual_simvq_k8x2-2x2_rate047-resume-20260731-101433,177,0.01529126,0.07568491,0.09097617,0.01586307,0.07723175,24.04504273,0.92596063,0.01576017,0,Phase3-微调,1.000000,1.00000000,7.41015870,4608,0.0703125000,0.0468750000,2.5e-05,"[0.22720593329932953,0.01498578721139994]","[0.22720593349249274,0.014985787195877896]","[[0.2378671595895732,0.21654470645719104],[0.017218517329267883,0.012753056978841347]]","[[0.2378671595895732,0.21654470653997526],[0.017218517329267883,0.012753056940898575]]","[[0.4867324582404561,0.4643371108505461],[0.13060868673578457,0.11224447534316116]]","[[1.0,1.0],[1.0,1.0]]","[[7.733447115509598,1.9971251913794765],[1.8841642474686657,1.9160864317858661]]","[1.0,1.0]","[7.859818413522508,3.7994098552951105]","[0.00020975088991690428,8.194738760788891e-05]","[0.23057347160798533,0.016568117671542697]","[0.23057347182874327,0.016568117671542697]","[[0.24146462226355517,0.21968231819294118],[0.019216483955581985,0.013919751284023126]]","[[0.24146462226355517,0.21968231786180425],[0.019216483955581985,0.013919751249529697]]","[[0.49054811089127154,0.46784133270934775],[0.1383794125031542,0.11770904776122836]]","[[1.0,1.0],[1.0,1.0]]","[[7.74015094615795,1.9946206905223705],[1.8374971840116712,1.9929416003050628]]","[1.0,1.0]","[7.858306174808078,3.827174359780771]","[null,null]"
stagewise_residual_simvq_k8x2-2x2_rate047-resume-20260731-101433,178,0.01532477,0.07595915,0.09128392,0.01582386,0.07853082,24.05685899,0.92648084,0.01576017,0,Phase3-微调,1.000000,1.00000000,7.44537532,4608,0.0703125000,0.0468750000,2.5e-05,"[0.22837390463661264,0.014695366356452858]","[0.22837390463661264,0.014695366359902201]","[[0.23903043681272754,0.21771737154987122],[0.016939952935057657,0.012450779730419593]]","[[0.23903043681272754,0.21771737174303443],[0.016939952935057657,0.01245077970282485]]","[[0.4879623118374083,0.4656401702651271],[0.12955205273573045,0.11090453137402181]]","[[1.0,1.0],[1.0,1.0]]","[[7.7361765534789475,1.996732383745688],[1.8707664491953673,1.9168935570451948]]","[1.0,1.0]","[7.860434276086313,3.7866650055955957]","[0.0002202065692000798,8.161901678923406e-05]","[0.23655920845490916,0.014739430274952342]","[0.236559209006804,0.014739430281851026]","[[0.2474931064579222,0.22562530857545357],[0.01704006293029697,0.012438797709290628]]","[[0.2474931064579222,0.2256253089065905],[0.01704006293029697,0.012438797736885372]]","[[0.49662390307143883,0.4741157147619459],[0.13023798316717147,0.11118905312485165]]","[[1.0,1.0],[1.0,1.0]]","[[7.742490454073305,1.9968326489130657],[1.8623877269250375,1.9519445339838664]]","[1.0,1.0]","[7.863847241578279,3.8131846710487647]","[null,null]"
stagewise_residual_simvq_k8x2-2x2_rate047-resume-20260731-101433,179,0.01535345,0.07641280,0.09176625,0.01571576,0.07504476,24.08700065,0.92676763,0.01571576,1,Phase3-微调,1.000000,1.00000000,7.50609729,4608,0.0703125000,0.0468750000,2.5e-05,"[0.22934875181979603,0.015172205608407105]","[0.22934875176460653,0.015172205618755133]","[[0.2400401784589997,0.2186573254565398],[0.017411004170706425,0.012933407053868804]]","[[0.2400401784589997,0.2186573254565398],[0.017411004170706425,0.012933407071115519]]","[[0.4889187706289468,0.4665687876719016],[0.1314090159756166,0.11314527553816636]]","[[1.0,1.0],[1.0,1.0]]","[[7.74132604598999,1.996953527794944],[1.8677679145777668,1.9157039571691443]]","[1.0,1.0]","[7.863481465092412,3.782512323061625]","[0.00021998697505936165,7.76154934337009e-05]","[0.2260146042814961,0.014128623178435697]","[0.22601460461263304,0.014128623157739639]","[[0.236526330753609,0.21550287847165708],[0.016171395406126977,0.01208585083346676]]","[[0.236526330753609,0.215502878802794],[0.016171395406126977,0.012085850812770702]]","[[0.48552018779295464,0.46338308387332494],[0.12683169185011475,0.10955725312232971]]","[[1.0,1.0],[1.0,1.0]]","[[7.731061815332484,1.9968757037763243],[1.8918044796696416,1.951009080145094]]","[1.0,1.0]","[7.858123804021765,3.842271896644875]","[null,null]"
stagewise_residual_simvq_k8x2-2x2_rate047-resume-20260731-101433,180,0.01528214,0.07608226,0.09136440,0.01597705,0.07508534,24.01312256,0.92465744,0.01571576,0,Phase3-微调,1.000000,1.00000000,7.35374856,4608,0.0703125000,0.0468750000,2.5e-05,"[0.22859784833810948,0.014865376163894932]","[0.22859784858646215,0.014865376167344275]","[[0.23923368070412565,0.21796201608247226],[0.017074833817228123,0.012655918491590354]]","[[0.23923368070412565,0.21796201641360918],[0.017074833817228123,0.012655918477792983]]","[[0.48809340204353685,0.4658251117225046],[0.13013703347080283,0.11189954149778243]]","[[1.0,1.0],[1.0,1.0]]","[[7.736146633713334,1.9967584424548679],[1.8716311165580044,1.9132703571407883]]","[1.0,1.0]","[7.860464169360974,3.7841510556362294]","[0.000213608490782833,7.056740912755939e-05]","[0.22520710748654824,0.015065967953867382]","[0.22520710715541134,0.015065967940070011]","[[0.2357134038651431,0.21470081033530058],[0.017366511678254162,0.012765424112202944]]","[[0.2357134038651431,0.21470081000416366],[0.017366511678254162,0.01276542411910163]]","[[0.48467802272902594,0.46251456649215134],[0.1314341828227043,0.11259402102894253]]","[[1.0,1.0],[1.0,1.0]]","[[7.706679651472304,1.9961191724847864],[1.8956206515983298,1.9775713523228964]]","[1.0,1.0]","[7.844233149069327,3.8722608195410833]","[null,null]"
stagewise_residual_simvq_k8x2-2x2_rate047-resume-20260731-101433,181,0.01527689,0.07546346,0.09074035,0.01590972,0.07598731,24.02828621,0.92565725,0.01571576,0,Phase3-微调,1.000000,1.00000000,7.55966218,4608,0.0703125000,0.0468750000,2.5e-05,"[0.2266842690055017,0.014798791446136656]","[0.2266842690606912,0.014798791468557384]","[[0.23727846302919917,0.2160900747058568],[0.016999279628335327,0.012598303209610836]]","[[0.23727846302919917,0.21609007467826208],[0.016999279628335327,0.012598303219958864]]","[[0.48613639253157154,0.4638575431373384],[0.12980649149804205,0.11161030136324741]]","[[1.0,1.0],[1.0,1.0]]","[[7.728894029723273,1.9971866921142296],[1.8777840859360164,1.9169778887872342]]","[1.0,1.0]","[7.857628979506316,3.7939670907126533]","[0.000214385964958368,7.686080013997897e-05]","[0.22961101543020318,0.013548374576149163]","[0.22961101565096115,0.013548374617541279]","[[0.24047080432927168,0.21875122631037677],[0.015690198871824476,0.011406550242531078]]","[[0.24047080432927168,0.21875122675189265],[0.015690198871824476,0.011406550290821878]]","[[0.4895872171278353,0.46689815234254906],[0.12492747615884851,0.10642647229962879]]","[[1.0,1.0],[1.0,1.0]]","[[7.7035813331604,1.99817487222177],[1.889212750505518,1.9523453429893212]]","[1.0,1.0]","[7.846680531678376,3.840963202935678]","[null,null]"
stagewise_residual_simvq_k8x2-2x2_rate047-resume-20260731-101433,182,0.01526960,0.07533602,0.09060562,0.01579844,0.07441201,24.06084896,0.92622220,0.01571576,0,Phase3-微调,1.000000,1.00000000,7.55109208,4608,0.0703125000,0.0468750000,2.5e-05,"[0.22629400444803416,0.014781264840038838]","[0.2262940044756289,0.014781264836589496]","[[0.23689278273118866,0.21569522586133744],[0.016994327596492238,0.012568201979242816]]","[[0.23689278273118866,0.21569522575095848],[0.016994327596492238,0.012568201961996104]]","[[0.4858458314228941,0.46354018747806547],[0.1298595098433671,0.11156214108621633]]","[[1.0,1.0],[1.0,1.0]]","[[7.724292512293215,1.9972603574947074],[1.8750054085696186,1.911538193402467]]","[1.0,1.0]","[7.855435453520881,3.785732207474885]","[0.00020951214235672658,7.641852993805919e-05]","[0.22289331566404413,0.015225115901342144]","[0.22289331555366515,0.015225115915139515]","[[0.23328315085834928,0.21250347903481237],[0.01743822212986372,0.013012009569340281]]","[[0.23328315085834928,0.21250347815178058],[0.01743822212986372,0.013012009548644225]]","[[0.4821432914998796,0.4601121359401279],[0.13174573630094527,0.11372986088196436]]","[[1.0,1.0],[1.0,1.0]]","[[7.727854223604555,1.9973826364234641],[1.908338529975326,1.920915346675449]]","[1.0,1.0]","[7.85749030996252,3.829153389400906]","[null,null]"
stagewise_residual_simvq_k8x2-2x2_rate047-resume-20260731-101433,183,0.01524354,0.07537496,0.09061849,0.01588137,0.07966663,24.03339842,0.92583788,0.01571576,0,Phase3-微调,1.000000,1.00000000,7.40188966,4608,0.0703125000,0.0468750000,2.5e-05,"[0.22665370412998728,0.0145461596203623]","[0.22665370418517677,0.014546159613463614]","[[0.23723357341907642,0.21607383456495072],[0.016761462643949523,0.012330856520889534]]","[[0.23723357341907642,0.21607383412343484],[0.016761462643949523,0.01233085650536749]]","[[0.4860692887946411,0.4638222785459624],[0.12899700686059618,0.11053033624258306]]","[[1.0,1.0],[1.0,1.0]]","[[7.724374918584471,1.99707945033356],[1.8724981272662127,1.913224713228367]]","[1.0,1.0]","[7.855120420455933,3.784973711437649]","[0.00021145971525887337,7.11326419554502e-05]","[0.2395103042876279,0.0154228992967142]","[0.23951030439800686,0.015422899276018143]","[[0.2504443551655169,0.2285762521955702],[0.017693805391037907,0.013151993181694436]]","[[0.2504443551655169,0.22857625208519122],[0.017693805391037907,0.013151993092011522]]","[[0.4996364935680672,0.4772749752910049],[0.13268549458848106,0.11430468123268198]]","[[1.0,1.0],[1.0,1.0]]","[[7.719236246744791,1.9985784221578526],[1.8991047461827597,1.9098924548537644]]","[1.0,1.0]","[7.855448782885516,3.8088929529543276]","[null,null]"
stagewise_residual_simvq_k8x2-2x2_rate047-resume-20260731-101433,184,0.01525186,0.07531672,0.09056858,0.01659454,0.07577296,23.85572463,0.92584875,0.01571576,0,Phase3-微调,1.000000,1.00000000,7.35640156,4608,0.0703125000,0.0468750000,2.5e-05,"[0.22645855695009232,0.014554958500795894]","[0.22645855664655015,0.014554958493897208]","[[0.2370251176257928,0.21589199580528118],[0.01675500889757165,0.012354908066077365]]","[[0.2370251176257928,0.21589199519819682],[0.01675500889757165,0.01235490807125138]]","[[0.4858671297629674,0.46364247727173347],[0.12891932135378872,0.11058179956895334]]","[[1.0,1.0],[1.0,1.0]]","[[7.718474537354928,1.9966776916274318],[1.8793301218085818,1.9142545530089625]]","[1.0,1.0]","[7.851315758846424,3.7929090526368885]","[0.0002189103550335858,7.38086826694834e-05]","[0.2303526430218308,0.012120835034659615]","[0.23035264291145183,0.012120835020862244]","[[0.24122436432926744,0.2194809212728783],[0.014156488887965678,0.010085181112366694]]","[[0.24122436432926744,0.21948092027946756],[0.014156488887965678,0.010085181081322609]]","[[0.49038688010639614,0.46771156787872314],[0.11878822832195847,0.10021717288979777]]","[[1.0,1.0],[1.0,1.0]]","[[7.764202757234926,1.996285206300241],[1.8825714844244499,1.9443859153323704]]","[1.0,1.0]","[7.873790091055411,3.826367090366505]","[null,null]"
stagewise_residual_simvq_k8x2-2x2_rate047-resume-20260731-101433,185,0.01531962,0.07578953,0.09110915,0.01657468,0.07879075,23.86549793,0.92514533,0.01571576,0,Phase3-微调,1.000000,1.00000000,7.40922377,4608,0.0703125000,0.0468750000,2.5e-05,"[0.22777034552009018,0.014756149403681909]","[0.22777034538211646,0.014756149398507895]","[[0.23840647786855698,0.21713421204023892],[0.016977360378950833,0.012534938327519706]]","[[0.23840647786855698,0.2171342120954284],[0.016977360378950833,0.012534938307685985]]","[[0.4871612340763763,0.46484847725541506],[0.12972318615626405,0.11133933860670638]]","[[1.0,1.0],[1.0,1.0]]","[[7.7184542717757045,1.9965211515073422],[1.8779657072491116,1.9155596574147542]]","[1.0,1.0]","[7.851008546793902,3.7926638545813383]","[0.0002200800039039071,8.098699119593086e-05]","[0.23346927927600014,0.01866111335931001]","[0.23346927872410528,0.018661113352411322]","[[0.24438318334243916,0.22255537587183494],[0.021831046086218622,0.015491180487528995]]","[[0.24438318334243916,0.2225553747680452],[0.021831046086218622,0.015491180473731624]]","[[0.493497117139675,0.47088422973950705],[0.14751048308831674,0.12418503711620967]]","[[1.0,1.0],[1.0,1.0]]","[[7.708015932860198,1.9898737368760286],[1.884802571049443,1.956755060619778]]","[1.0,1.0]","[7.832635494514748,3.8408231329034876]","[null,null]"
stagewise_residual_simvq_k8x2-2x2_rate047-resume-20260731-101433,186,0.01518793,0.07537336,0.09056129,0.01574934,0.07863275,24.07566171,0.92661097,0.01571576,0,Phase3-微调,1.000000,1.00000000,7.69484598,4608,0.0703125000,0.0468750000,2.5e-05,"[0.2267236292362213,0.014471119098986188]","[0.22672362970533194,0.014471119095536845]","[[0.23726462937063642,0.21618262926737467],[0.01667891520213474,0.012263322937198812]]","[[0.23726462937063642,0.21618263009521696],[0.01667891520213474,0.012263322932024796]]","[[0.4860844138595793,0.4639221136768659],[0.12862584546760278,0.11018241559741673]]","[[1.0,1.0],[1.0,1.0]]","[[7.710680872422677,1.9966019877681025],[1.8790045775749065,1.9208521026152152]]","[1.0,1.0]","[7.847214100978992,3.799064971341027]","[0.00021152679297234433,7.776508792731976e-05]","[0.23821774500387685,0.013407044692171945]","[0.23821774456236097,0.013407044692171945]","[[0.2491600282766201,0.22727546261416542],[0.015527878598206573,0.01128621077923863]]","[[0.2491600282766201,0.22727546117923877],[0.015527878598206573,0.011286210799934688]]","[[0.4983058748421846,0.47585905702025805],[0.12431707658149578,0.10590481625662909]]","[[1.0,1.0],[1.0,1.0]]","[[7.686994711558024,1.9972541402887416],[1.9018540488349067,1.957142953519468]]","[1.0,1.0]","[7.836428137178774,3.8585389684747766]","[null,null]"
stagewise_residual_simvq_k8x2-2x2_rate047-resume-20260731-101433,187,0.01525067,0.07532727,0.09057793,0.01563960,0.07490857,24.10168038,0.92615376,0.01563960,1,Phase3-微调,1.000000,1.00000000,7.70851921,4608,0.0703125000,0.0468750000,2.5e-05,"[0.22663547471165657,0.01441177535733139]","[0.22663547465646708,0.014411775360780733]","[[0.2371933866430212,0.2160775624215603],[0.016610101118890774,0.012213449481943691]]","[[0.2371933866430212,0.21607756233877606],[0.016610101118890774,0.01221344948625537]]","[[0.4859993126657274,0.46379890607462987],[0.12835954122797208,0.10995414556452522]]","[[1.0,1.0],[1.0,1.0]]","[[7.705526804924011,1.996715905931261],[1.8657312523435663,1.911078648655503]]","[1.0,1.0]","[7.844811024489226,3.7759675401228447]","[0.00021654162030447171,7.462871645758342e-05]","[0.22471908077045724,0.014988340803042606]","[0.22471908121197312,0.014988340809941292]","[[0.235040972188667,0.21439718935224744],[0.017233854601228678,0.012742826949667047]]","[[0.235040972188667,0.21439718968338436],[0.017233854601228678,0.012742826984160476]]","[[0.4839907189210256,0.4621949749964255],[0.1309818950516206,0.11256258564966697]]","[[1.0,1.0],[1.0,1.0]]","[[7.7108319812350805,1.9975098574603045],[1.8603232083497223,1.9274880877247562]]","[1.0,1.0]","[7.8490765430309155,3.7871150811513266]","[null,null]"
stagewise_residual_simvq_k8x2-2x2_rate047-resume-20260731-101433,188,0.01516050,0.07504462,0.09020512,0.01581542,0.07462381,24.05452046,0.92589378,0.01563960,0,Phase3-微调,1.000000,1.00000000,7.70159165,4608,0.0703125000,0.0468750000,2.5e-05,"[0.22575041373018864,0.01439238044053868]","[0.22575041342664648,0.01439238041639328]","[[0.23626663571706524,0.2152341913845804],[0.016570462362357864,0.012214298432485924]]","[[0.23626663571706524,0.21523419069471184],[0.016570462362357864,0.01221429838936914]]","[[0.48520913190311854,0.4630538938222108],[0.12817255995339819,0.10990264199122235]]","[[1.0,1.0],[1.0,1.0]]","[[7.709755435696355,1.9963722268740336],[1.8775133199161953,1.9164405827169064]]","[1.0,1.0]","[7.846290970731665,3.7932254358574196]","[0.00021279309162141376,7.196531275136901e-05]","[0.22321523240319005,0.015580971269971794]","[0.223215232623948,0.015580971256174423]","[[0.23358773357338375,0.21284272880465896],[0.01804703176021576,0.013114910676247545]]","[[0.23358773357338375,0.21284272924617484],[0.01804703176021576,0.0131149106486528]]","[[0.4824879268805186,0.4605088037473184],[0.1340764355880243,0.11422524082439917]]","[[1.0,1.0],[1.0,1.0]]","[[7.713019929108796,1.9960007411462288],[1.8724432450753672,1.917091198320742]]","[1.0,1.0]","[7.847228159727874,3.789173620718497]","[null,null]"
stagewise_residual_simvq_k8x2-2x2_rate047-resume-20260731-101433,189,0.01753288,0.07660958,0.09414246,0.01582656,0.07158268,24.05473054,0.92518477,0.01563960,0,Phase3-微调,1.000000,1.00000000,7.65958613,4608,0.0703125000,0.0468750000,2.5e-05,"[0.22983270339943745,0.015317958783082388]","[0.22983270334424796,0.015317958776183702]","[[0.24079904768753935,0.2188663588353881],[0.017592316548581476,0.013043600970154836]]","[[0.24079904768753935,0.21886635880779337],[0.017592316548581476,0.013043600956357464]]","[[0.48944039515875004,0.4665691485559499],[0.13162413974878964,0.11309431242170158]]","[[1.0,1.0],[1.0,1.0]]","[[7.723091887544703,1.9962481805571803],[1.8641065420927825,1.9169902666851326]]","[1.0,1.0]","[7.85280745294359,3.780022708574931]","[0.0003116575983801374,9.164102854507898e-05]","[0.215402176645067,0.013662406464141828]","[0.21540217675544598,0.013662406450344456]","[[0.22584528580859856,0.20495906836456723],[0.015668442017502254,0.011656370807301116]]","[[0.22584528580859856,0.2049590681438093],[0.015668442017502254,0.011656370786605058]]","[[0.4744189335240258,0.4518931578706812],[0.1247838087103985,0.10750945773389604]]","[[1.0,1.0],[1.0,1.0]]","[[7.697668319278293,1.9974473750149762],[1.8634952280256483,1.8618740761721575]]","[1.0,1.0]","[7.842252738387496,3.7252641801480895]","[null,null]"
stagewise_residual_simvq_k8x2-2x2_rate047-resume-20260731-101433,190,0.01516573,0.07382866,0.08899439,0.01561887,0.07350814,24.11571481,0.92662935,0.01561887,1,Phase3-微调,1.000000,1.00000000,7.42737827,4608,0.0703125000,0.0468750000,2.5e-05,"[0.2209264067036134,0.015325305138335184]","[0.22092640656563972,0.015325305152132556]","[[0.23149606825576888,0.2103567449858895],[0.017506858960001006,0.013143751300284985]]","[[0.23149606825576888,0.21035674493070003],[0.017506858960001006,0.013143751303734326]]","[[0.4802295959658093,0.45771754097055506],[0.1316326572249333,0.1138577088161751]]","[[1.0,1.0],[1.0,1.0]]","[[7.706728872546443,1.9961879719186713],[1.8675664906148557,1.9133650444172048]]","[1.0,1.0]","[7.844387471234357,3.7800569900759946]","[0.00020480649481113586,7.223303481354109e-05]","[0.22068833002337704,0.014537711324239219]","[0.22068833035451393,0.014537711303543161]","[[0.2310918512167754,0.21028480849884174],[0.016672070876315788,0.01240335167558105]]","[[0.2310918512167754,0.2102848090507366],[0.016672070876315788,0.012403351654884992]]","[[0.47993010701956573,0.45776308532114385],[0.12878084442129842,0.11098314451950568]]","[[1.0,1.0],[1.0,1.0]]","[[7.717631993470369,1.9970965403097647],[1.8788093390288176,1.8431619732468216]]","[1.0,1.0]","[7.851726171705458,3.7216896657590515]","[null,null]"
stagewise_residual_simvq_k8x2-2x2_rate047-resume-20260731-101433,191,0.01513018,0.07388715,0.08901732,0.01587132,0.07382061,24.04005508,0.92634611,0.01561887,0,Phase3-微调,1.000000,1.00000000,7.33822635,4608,0.0703125000,0.0468750000,2.5e-05,"[0.22153004148492106,0.01490882679440633]","[0.2215300410709999,0.014908826792681658]","[[0.23199668027184628,0.21106340247723793],[0.017107552757348727,0.012710100793521162]]","[[0.23199668027184628,0.21106340187015357],[0.017107552757348727,0.01271010080386919]]","[[0.48072429895401003,0.4584627714422014],[0.13018954905370872,0.11204512738795191]]","[[1.0,1.0],[1.0,1.0]]","[[7.702757149272495,1.9966707814622808],[1.8764441949349862,1.9141738492029685]]","[1.0,1.0]","[7.843309966723124,3.7897434375904226]","[0.000207012474506714,7.48701660827296e-05]","[0.22160029013951618,0.014625649892345622]","[0.22160028958762135,0.014625649906142995]","[[0.23199599771587937,0.21120458179050022],[0.01696351256083559,0.012287787106577996]]","[[0.23199599771587937,0.21120458035557357],[0.01696351256083559,0.012287787106577996]]","[[0.4808819874569222,0.45877744246412205],[0.12986592253049214,0.11040370436730208]]","[[1.0,1.0],[1.0,1.0]]","[[7.717238581622088,1.995095298908375],[1.8658392526485301,1.9076100729129932]]","[1.0,1.0]","[7.847593275705973,3.7731214735243057]","[null,null]"
stagewise_residual_simvq_k8x2-2x2_rate047-resume-20260731-101433,192,0.01516974,0.07475761,0.08992735,0.01622920,0.07382390,23.94270582,0.92559371,0.01561887,0,Phase3-微调,1.000000,1.00000000,7.37658852,4608,0.0703125000,0.0468750000,2.5e-05,"[0.22487843972113397,0.014345910550198621]","[0.2248784400522709,0.014345910539850593]","[[0.23543358445167542,0.21432329454907664],[0.016509642565829888,0.012182178499211592]]","[[0.23543358445167542,0.21432329488021357],[0.016509642565829888,0.012182178492312906]]","[[0.48416845224521776,0.46188617492163625],[0.1279127383535659,0.10971990336698514]]","[[1.0,1.0],[1.0,1.0]]","[[7.7066742693936385,1.9967285348309411],[1.880060910957831,1.911473552385966]]","[1.0,1.0]","[7.84541097746955,3.790616190875018]","[0.00021929429996008466,7.500801221559178e-05]","[0.2225719001558092,0.013664563158871951]","[0.2225719001558092,0.013664563117479836]","[[0.2329520277403019,0.21219177190904265],[0.015921325864339315,0.011407800343025614]]","[[0.2329520277403019,0.21219177224017954],[0.015921325864339315,0.011407800301633499]]","[[0.48184003940335024,0.4598149264300311],[0.12587665871337608,0.10645410738609455]]","[[1.0,1.0],[1.0,1.0]]","[[7.714097383287218,1.9974722226460775],[1.9399829352343525,1.8065701890874792]]","[1.0,1.0]","[7.850670390658909,3.744110762631452]","[null,null]"
stagewise_residual_simvq_k8x2-2x2_rate047-resume-20260731-101433,193,0.01514453,0.07485993,0.09000446,0.01551225,0.07590039,24.14024141,0.92625246,0.01551225,1,Phase3-微调,1.000000,1.00000000,7.09819601,4608,0.0703125000,0.0468750000,2.5e-05,"[0.22482387702222223,0.014727898521555795]","[0.22482387702222223,0.014727898568121924]","[[0.23532347814352425,0.21432427521105166],[0.016897400616909617,0.012558396399469563]]","[[0.23532347814352425,0.21432427532143064],[0.016897400616909617,0.012558396458970727]]","[[0.484178732169999,0.46201346472457605],[0.12942181691803314,0.11142046005913504]]","[[1.0,1.0],[1.0,1.0]]","[[7.697677783612852,1.9964710376880788],[1.8916901431701802,1.916898430056042]]","[1.0,1.0]","[7.840334709485372,3.807949592449047]","[0.0002123997383697079,7.232002098370921e-05]","[0.22808889868082824,0.014792334115891545]","[0.22808889901196516,0.01479233407449943]","[[0.23866263628005982,0.21751515997780693],[0.017076710977212146,0.012507957220077515]]","[[0.23866263628005982,0.21751516086083872],[0.017076710977212146,0.012507957199381458]]","[[0.48771089381641813,0.4655480490790473],[0.1303318652289885,0.11144900057050917]]","[[1.0,1.0],[1.0,1.0]]","[[7.702811781565348,1.9955112183535542],[1.8737594525019328,1.9935210704803468]]","[1.0,1.0]","[7.841067321212203,3.865351253085666]","[null,null]"
stagewise_residual_simvq_k8x2-2x2_rate047-resume-20260731-101433,194,0.01510619,0.07466587,0.08977207,0.01587238,0.07791125,24.04346252,0.92615809,0.01551225,0,Phase3-微调,1.000000,1.00000000,7.52936138,4608,0.0703125000,0.0468750000,2.5e-05,"[0.22429303929761604,0.014637756356279607]","[0.224293039407995,0.014637756342482235]","[[0.23470975541406208,0.21387632293281733],[0.016832985594454737,0.012442527074125354]]","[[0.23470975541406208,0.2138763232363595],[0.016832985594454737,0.01244252704480594]]","[[0.48343838298762287,0.46142001930210325],[0.12916804839063573,0.11089783395054163]]","[[1.0,1.0],[1.0,1.0]]","[[7.697558704128972,1.996425278098495],[1.8735408869054582,1.9113012896643744]]","[1.0,1.0]","[7.840182348533913,3.7839650056980276]","[0.00021295587166268552,7.424765275640379e-05]","[0.23468849118109103,0.014627521692050827]","[0.23468849217450177,0.014627521685152143]","[[0.24550706567587677,0.2238699159136525],[0.016838673398726516,0.012416370012969882]]","[[0.24550706567587677,0.2238699166863053],[0.016838673398726516,0.01241636998537514]]","[[0.49468336745544716,0.4723320497406854],[0.1294131655383993,0.11103609342266012]]","[[1.0,1.0],[1.0,1.0]]","[[7.712936090540003,1.9948257976108128],[1.894497921731737,1.8914876540501913]]","[1.0,1.0]","[7.844883169951262,3.785882195719966]","[null,null]"
stagewise_residual_simvq_k8x2-2x2_rate047-resume-20260731-101433,195,0.01515391,0.07487833,0.09003224,0.01579376,0.07560573,24.06053531,0.92683650,0.01551225,0,Phase3-微调,1.000000,1.00000000,7.59412097,4608,0.0703125000,0.0468750000,2.5e-05,"[0.22506965006943103,0.014541010844038317]","[0.22506965009702576,0.014541010874220066]","[[0.23549141304360496,0.21464788643298327],[0.016744212412999736,0.012337809185393983]]","[[0.23549141304360496,0.21464788668133594],[0.016744212412999736,0.01233780923023544]]","[[0.4842441966688191,0.46225486083163153],[0.1288483671706032,0.11046074297693041]]","[[1.0,1.0],[1.0,1.0]]","[[7.701812824496517,1.9966581220980044],[1.8853739886372178,1.9139969680044386]]","[1.0,1.0]","[7.842805235474198,3.79862178740678]","[0.00021300962820263253,7.503416436520638e-05]","[0.2297215739885966,0.012216771966605275]","[0.22972157365745968,0.012216771939010532]","[[0.24036582984306193,0.21907731736147845],[0.014181156021853289,0.010252387849269089]]","[[0.24036582984306193,0.2190773171407205],[0.014181156021853289,0.010252387832022376]]","[[0.4894837359587351,0.46725499674125953],[0.11880294018321567,0.10095161398251852]]","[[1.0,1.0],[1.0,1.0]]","[[7.709902816348606,1.995002348334701],[1.8572003797248557,1.9447682795701204]]","[1.0,1.0]","[7.843684881704825,3.8008617295159235]","[null,null]"
stagewise_residual_simvq_k8x2-2x2_rate047-resume-20260731-101433,196,0.01516448,0.07495824,0.09012272,0.01577816,0.07390379,24.06657867,0.92563225,0.01551225,0,Phase3-微调,1.000000,1.00000000,7.64031127,4608,0.0703125000,0.0468750000,2.5e-05,"[0.22529450271416593,0.01457185761106235]","[0.22529450260378697,0.014571857590366293]","[[0.23576370383854264,0.21482530112067857],[0.01676773585172163,0.012375979347120005]]","[[0.23576370383854264,0.21482530131384178],[0.01676773585172163,0.012375979338496648]]","[[0.4846800948182742,0.4626004618075159],[0.12894621027840508,0.11064763763160618]]","[[1.0,1.0],[1.0,1.0]]","[[7.698100125348127,1.9964314178184226],[1.890889670892998,1.9194033638194756]]","[1.0,1.0]","[7.840472674369812,3.809649569458432]","[0.000205826533339051,7.273543375992665e-05]","[0.22183522030159278,0.014656916605653587]","[0.22183522041197176,0.014656916619450958]","[[0.2320919242170122,0.21157851406821498],[0.017054292062918346,0.01225954112769277]]","[[0.2320919242170122,0.2115785151720047],[0.017054292062918346,0.012259541134591457]]","[[0.4809424287743039,0.45914358430438573],[0.13033532334698572,0.1104339799395314]]","[[1.0,1.0],[1.0,1.0]]","[[7.697018927114981,1.9961093699490582],[1.855052775806851,1.890119246200279]]","[1.0,1.0]","[7.839298117602313,3.744909221154672]","[null,null]"
stagewise_residual_simvq_k8x2-2x2_rate047-resume-20260731-101433,197,0.01509876,0.07474234,0.08984110,0.01580507,0.07567777,24.05913966,0.92655535,0.01551225,0,Phase3-微调,1.000000,1.00000000,7.29969700,4608,0.0703125000,0.0468750000,2.5e-05,"[0.2248544334537453,0.014321051415538898]","[0.22485443317779788,0.014321051413814227]","[[0.23522235574545683,0.21448651088608636],[0.016502814132858205,0.012139288696494919]]","[[0.23522235574545683,0.21448651047216521],[0.016502814132858205,0.012139288689596234]]","[[0.48395757145351836,0.46206903082353096],[0.12794607694226282,0.10961584813064999]]","[[1.0,1.0],[1.0,1.0]]","[[7.704843282699585,1.996551062884154],[1.8814851864620492,1.9122852601386882]]","[1.0,1.0]","[7.844141368512754,3.7930906185397397]","[0.00020822999614648763,7.037306648406364e-05]","[0.22772584932821768,0.014443001613296844]","[0.22772584910745974,0.01444300162019553]","[[0.2383640608301869,0.21708763749511154],[0.016791057835022608,0.012094945288090794]]","[[0.2383640608301869,0.21708763738473255],[0.016791057835022608,0.012094945301888165]]","[[0.4874821760036327,0.4651712077635306],[0.12932453994397763,0.10969710614946153]]","[[1.0,1.0],[1.0,1.0]]","[[7.7225301177413375,1.9952117990564417],[1.8472860698346738,1.8592993895212808]]","[1.0,1.0]","[7.850518240752043,3.706431187523736]","[null,null]"
stagewise_residual_simvq_k8x2-2x2_rate047-resume-20260731-101433,198,0.01511576,0.07461277,0.08972852,0.01573209,0.07416784,24.07660972,0.92544803,0.01551225,0,Phase3-微调,1.000000,1.00000000,7.49913110,4608,0.0703125000,0.0468750000,2.5e-05,"[0.2243749986368197,0.014385855503173338]","[0.22437499860922497,0.014385855508347352]","[[0.2347522472065908,0.21399775039818553],[0.016587592271605025,0.012184118673515817]]","[[0.2347522472065908,0.2139977500118591],[0.016587592271605025,0.012184118682139174]]","[[0.4834598369620465,0.461529429477674],[0.12831171395050156,0.1098537002172735]]","[[1.0,1.0],[1.0,1.0]]","[[7.695086759108084,1.996449441159213],[1.8752477495758622,1.9106976100692044]]","[1.0,1.0]","[7.838964804896602,3.7851881707156148]","[0.00021387847807124706,7.151654402116913e-05]","[0.2241271381024961,0.013209951199867107]","[0.22412713821287508,0.01320995117917105]","[[0.2345361399429816,0.21371813593087374],[0.015259146538597565,0.01116075573006162]]","[[0.2345361399429816,0.21371813637238962],[0.015259146538597565,0.011160755723162934]]","[[0.4834859371185303,0.4614756034480201],[0.12322545487571646,0.10531952386652982]]","[[1.0,1.0],[1.0,1.0]]","[[7.709396111523664,1.9972805862073546],[1.8579751217806781,1.9197541334010937]]","[1.0,1.0]","[7.847891630949797,3.7771110852559406]","[null,null]"
stagewise_residual_simvq_k8x2-2x2_rate047-resume-20260731-101433,199,0.01512763,0.07452849,0.08965613,0.01557553,0.07502468,24.12152474,0.92713387,0.01551225,0,Phase3-微调,1.000000,1.00000000,7.71467182,4608,0.0703125000,0.0468750000,2.5e-05,"[0.22406171662388025,0.014429455262574333]","[0.22406171665147498,0.014429455266023676]","[[0.2344261855162956,0.21369724803500706],[0.01666063356075298,0.012198276918691893]]","[[0.2344261855162956,0.21369724773146487],[0.01666063356075298,0.012198276920416565]]","[[0.4831240344930578,0.4612071577045653],[0.1284376422426215,0.10975386392739084]]","[[1.0,1.0],[1.0,1.0]]","[[7.689618365852921,1.9959408186100147],[1.8615397429024731,1.9224611282348634]]","[1.0,1.0]","[7.835170382040518,3.782971915933821]","[0.00021587376551771606,7.63215866417913e-05]","[0.22309513478367418,0.016983826079026418]","[0.22309513445253726,0.01698382610662116]","[[0.23329555855857,0.21289470946347272],[0.0195800904115593,0.014387561587823762]]","[[0.23329555855857,0.21289470891157786],[0.0195800904115593,0.014387561629215876]]","[[0.4821901513470544,0.4605757567617628],[0.13955055867080335,0.11951912150338843]]","[[1.0,1.0],[1.0,1.0]]","[[7.6839215384589306,1.9936835721687034],[1.8891902084703798,1.9834011122032449]]","[1.0,1.0]","[7.827857494354248,3.8713795432338007]","[null,null]"
stagewise_residual_simvq_k8x2-2x2_rate047-resume-20260731-101433,200,0.01508155,0.07447380,0.08955535,0.01573843,0.07438584,24.07652562,0.92597102,0.01551225,0,Phase3-微调,1.000000,1.00000000,7.63816789,4608,0.0703125000,0.0468750000,1.25e-05,"[0.22380680356312682,0.014509367289159586]","[0.22380680364591105,0.0145093672943336]","[[0.23414939964811007,0.2134642075057383],[0.016713598710312336,0.01230513583265107]]","[[0.23414939964811007,0.21346420769890148],[0.016713598710312336,0.012305135836100413]]","[[0.48287093799423286,0.46098752214952754],[0.12874748127328026,0.11034276346089664]]","[[1.0,1.0],[1.0,1.0]]","[[7.688159092267354,1.9962637815210553],[1.8690935443948817,1.916419389071288]]","[1.0,1.0]","[7.835070043139988,3.7846623142560323]","[0.00021195417176824303,7.370964665117046e-05]","[0.22413103569436957,0.013903638410071532]","[0.22413103536323264,0.01390363844456496]","[[0.23453732397821214,0.213724747410527],[0.01594912367010558,0.011858153156936169]]","[[0.23453732397821214,0.213724747300148],[0.01594912367010558,0.01185815317073354]]","[[0.48346480307755646,0.46145980843791257],[0.12597616612911225,0.1085469095243348]]","[[1.0,1.0],[1.0,1.0]]","[[7.685189123506899,1.9938423359835589],[1.8852151367399428,1.8826449208789402]]","[1.0,1.0]","[7.82881514231364,3.7677399670636214]","[null,null]"
