run_id,epoch,train_recon,train_vq,train_total,val_recon,val_vq,val_psnr,val_ms_ssim,best_val_recon,is_best,phase,channel_prob,channel_usage_ratio,mean_channel_snr,source_bits_per_image,source_bpp,transmission_ratio,learning_rate,train_rq_codebook_loss_per_scale,train_rq_commitment_loss_per_scale,train_rq_codebook_per_depth,train_rq_commitment_per_depth,train_rq_residual_norm_per_depth,train_rq_usage_per_depth,train_rq_perplexity_per_depth,train_rq_aggregate_usage_per_scale,train_rq_aggregate_perplexity_per_scale,train_rq_projection_grad_norm_per_scale,val_rq_codebook_loss_per_scale,val_rq_commitment_loss_per_scale,val_rq_codebook_per_depth,val_rq_commitment_per_depth,val_rq_residual_norm_per_depth,val_rq_usage_per_depth,val_rq_perplexity_per_depth,val_rq_aggregate_usage_per_scale,val_rq_aggregate_perplexity_per_scale,val_rq_projection_grad_norm_per_scale
residual_simvq_k4-2_d4-4_rate094-20260727-142121,1,0.69445509,0.06758878,0.76204388,0.05692638,0.05790568,18.97844245,0.80561905,0.05692638,1,Phase1-拓荒,0.000000,0.00000000,,9216,0.1406250000,0.0937500000,5e-05,"[0.16078493985588904,0.02774958590183545]","[0.16078493991107853,0.027749585929430193]","[[0.20521531781112706,0.15814588250661338,0.1430104147090956,0.1367681437758384],[0.0347334920928848,0.027079658979481017,0.0249690939327357,0.02421609832715519]]","[[0.20521531781112706,0.15814588247901865,0.1430104145159324,0.1367681436240673],[0.0347334920928848,0.02707965879149183,0.024969093920663,0.024216098378895334]]","[[0.449065966297079,0.39183075902638614,0.3720135694300687,0.3639813771402394],[0.16604922193068045,0.14088552322376657,0.13522687405347825,0.13428189993180611]]","[[1.0,1.0,1.0,0.9958333333333333],[1.0,1.0,0.9990740740740741,0.9935185185185185]]","[[3.2549139848461857,3.7094748987091912,3.1232696617091142,2.8012543347146774],[1.9202480455239614,1.7474614315562778,1.4379574488710474,1.4024712408030475]]","[1.0,1.0]","[3.7330920899355853,1.777008291747835]","[0.00199768461537099,0.001264066878152166]","[0.16230861864708088,0.01149477910388399]","[0.16230861886783882,0.011494779083187934]","[[0.2161261820130878,0.15461064328749974,0.1415708742207951,0.1369267753980778],[0.019049703288409443,0.009843480704283272,0.008589320916130587,0.008496611203170485]]","[[0.2161261820130878,0.15461064394977359,0.14157087444155306,0.13692677594997266],[0.019049703288409443,0.009843480752574072,0.008589320888535843,0.008496611182474427]]","[[0.4642947828328168,0.39210684652681704,0.3750851606881177,0.36887058681911894],[0.13795689046382903,0.09911219902612545,0.09262037994684996,0.09214054964206837]]","[[1.0,1.0,1.0,0.9944444444444445],[1.0,1.0,1.0,1.0]]","[[3.5897149880727133,3.6566772072403517,2.8095969977202238,2.6422703124858713],[1.973671653535631,1.8804651066108986,1.598050597861961,1.5712982416152954]]","[1.0,1.0]","[3.725102013128775,1.8584269435317429]","[null,null]"
residual_simvq_k4-2_d4-4_rate094-20260727-142121,2,0.06293401,0.05549993,0.11843394,0.04737821,0.04280273,19.27884723,0.81807792,0.04737821,1,Phase1-拓荒,0.000000,0.00000000,,9216,0.1406250000,0.0937500000,5e-05,"[0.15455827765442706,0.011520746557248964]","[0.15455827746126388,0.011520746550350278]","[[0.21391435025466812,0.14846521945739233,0.13123731607640232,0.1246162247326639],[0.019811436069991303,0.010124837257899344,0.00830919633326293,0.007837516448839947]]","[[0.21391435025466812,0.14846521959536604,0.13123731629716026,0.1246162244429191],[0.019811436069991303,0.010124837263935694,0.008309196339299281,0.007837516433317903]]","[[0.4611324464833295,0.38316557423936,0.3598361803425683,0.35052612335593614],[0.14009122783663097,0.10013447181770095,0.09080203120355253,0.08828281492546752]]","[[1.0,1.0,0.9740740740740741,0.8541666666666666],[1.0,1.0,1.0,1.0]]","[[3.7037907410551,3.3181871745321487,2.7322460223127294,2.644234757511704],[1.9768342283036975,1.8743035301014228,1.6066022985511357,1.580680207411448]]","[1.0,1.0]","[3.61228673281493,1.8546325224417228]","[0.0009098506523986105,0.0003440161922804287]","[0.10803036016446572,0.014469182132570832]","[0.10803036005408675,0.014469182125672147]","[[0.16383298304345872,0.10071692417065302,0.08576218171252145,0.08180935062743999],[0.030356396127630164,0.011621440560729415,0.008093479537853488,0.007805411962585317]]","[[0.16383298304345872,0.10071692422584251,0.0857621818780899,0.08180935068262948],[0.030356396127630164,0.011621440567628101,0.00809347952750546,0.007805411921193202]]","[[0.4044372867654871,0.31686994742464136,0.2923520357520492,0.28556887948954546],[0.17420527912952283,0.10773480181340818,0.08993877365633293,0.08834001708913733]]","[[1.0,1.0,0.9666666666666667,0.75],[1.0,1.0,1.0,1.0]]","[[3.702346247213858,3.224837725250809,2.7088033146328394,2.635315748497292],[1.9480828859187937,1.9686583527812251,1.7634611659579806,1.6719918065600925]]","[1.0,1.0]","[3.585820692556876,1.93422238473539]","[null,null]"
residual_simvq_k4-2_d4-4_rate094-20260727-142121,3,0.05389903,0.04842611,0.10232514,0.04084218,0.05140833,20.14254899,0.84098592,0.04084218,1,Phase1-拓荒,0.000000,0.00000000,,9216,0.1406250000,0.0937500000,5e-05,"[0.13176610789917134,0.011598727155338835]","[0.13176610783018447,0.011598727153614163]","[[0.19867123881423915,0.12597606565665315,0.105187824058036,0.09722930130169348],[0.02193936480174738,0.010025607475459023,0.0075104790593118025,0.006919457095123276]]","[[0.19867123881423915,0.1259760655462742,0.10518782429259133,0.0972293013913764],[0.02193936480174738,0.010025607465973332,0.007510479050688445,0.006919457098572618]]","[[0.4447397079180788,0.3538317124600764,0.32324132676477785,0.3108188362861121],[0.14743252890529457,0.09970293561065638,0.0863997933489305,0.08298525117613652]]","[[1.0,1.0,0.9634259259259259,0.7893518518518519],[1.0,1.0,1.0,1.0]]","[[3.7637501345740425,3.182902579395859,2.689421615777192,2.629636809119472],[1.9809992604785496,1.9122992859946357,1.679752936186614,1.670545647320924]]","[1.0,1.0]","[3.5616960207621258,1.8863244555614613]","[0.0007110338400471611,0.0003241046283585968]","[0.14503198503344147,0.009737334565983878]","[0.14503198442635712,0.009737334559085193]","[[0.2274326311217414,0.13781332003849525,0.11270738713167332,0.1021745991927606],[0.01893234108057287,0.00856738146049557,0.006048464854420336,0.005401150851200024]]","[[0.2274326311217414,0.13781331992811627,0.11270738619345205,0.10217459913757113],[0.01893234108057287,0.00856738146049557,0.006048464833724278,0.005401150827054624]]","[[0.4764773607254028,0.3705412577699732,0.33496293800848503,0.3189258641666836],[0.13755058866960032,0.0924853832633407,0.07773694848572767,0.07347922976370211]]","[[1.0,1.0,0.9314814814814815,0.75],[1.0,1.0,1.0,1.0]]","[[3.774979903962877,3.1463629404703775,2.687986057775992,2.6309363577100964],[1.9949179728825888,1.9335780885484484,1.7378651159780998,1.7534488086347226]]","[1.0,1.0]","[3.547399953559593,1.9010348487783362]","[null,null]"
residual_simvq_k4-2_d4-4_rate094-20260727-142121,4,0.04699927,0.04551303,0.09251230,0.03474092,0.04620399,20.78613255,0.85762394,0.03474092,1,Phase1-拓荒,0.000000,0.00000000,,9216,0.1406250000,0.0937500000,5e-05,"[0.12230991402433979,0.01166588956731613]","[0.12230991414851612,0.011665889544895402]","[[0.19102047723200585,0.11716895208314614,0.09496848584601172,0.08608173976341883],[0.02308946268943449,0.009961433769031256,0.007114434066332049,0.006498227506462071]]","[[0.19102047723200585,0.11716895211074087,0.09496848588740384,0.08608173980481094],[0.02308946268943449,0.009961433758683226,0.007114434056846356,0.006498227505599735]]","[[0.4361943425403701,0.3414236616757181,0.3072918364847148,0.29258205553999656],[0.151310178540923,0.0994022214440284,0.0841300490691706,0.08047692290058843]]","[[1.0,1.0,0.9296296296296296,0.7509259259259259],[1.0,1.0,1.0,1.0]]","[[3.800115255514781,3.1551047616534764,2.6804346640904746,2.639344597304309],[1.9805506158758093,1.9354533016681672,1.722549565633138,1.7224852873219385]]","[1.0,1.0]","[3.548019578280272,1.9092124075801284]","[0.0006007763093900091,0.00031993364117860674]","[0.12531366309633962,0.011269551853614826]","[0.12531366331709756,0.011269551819121397]","[[0.19484444315786714,0.12117956788451584,0.09742851571904289,0.0878021240234375],[0.021610287011221602,0.00943020809855726,0.007142917028869744,0.006894795058502092]]","[[0.19484444315786714,0.12117956799489481,0.09742851555347443,0.0878021240234375],[0.021610287011221602,0.009430208091658574,0.007142917032319086,0.006894795041255377]]","[[0.4409828631966202,0.34750363363160025,0.3114816634743302,0.29570047369709723],[0.14695709513293373,0.09704358770891472,0.0844916429232668,0.08302738810027087]]","[[1.0,1.0,0.9611111111111111,0.75],[1.0,1.0,1.0,1.0]]","[[3.819954513620447,3.1936914867824977,2.7143646628768354,2.683285446520205],[1.981853297021654,1.9437190038186531,1.7315602894182558,1.7642533814465557]]","[1.0,1.0]","[3.570620953595197,1.920279403086062]","[null,null]"
residual_simvq_k4-2_d4-4_rate094-20260727-142121,5,0.04288802,0.04309852,0.08598654,0.06199922,0.04782571,18.83477861,0.82799407,0.03474092,0,Phase1-拓荒,0.000000,0.00000000,,9216,0.1406250000,0.0937500000,5e-05,"[0.11443918812330123,0.01173803206809141]","[0.11443918828886968,0.011738032050844695]","[[0.17976332569011935,0.11057609138941324,0.08825972341001034,0.07915761143107106],[0.02375586355725924,0.009930763577318025,0.006934212516406896,0.006331288513589512]]","[[0.17976332569011935,0.11057609147219746,0.08825972343760508,0.07915761140347631],[0.02375586355725924,0.009930763565245327,0.006934212514682224,0.006331288508415498]]","[[0.4232483531589861,0.3316927041168566,0.2962573402733715,0.28059770876058826],[0.15367835779432898,0.09937415549324619,0.08312130944320449,0.07946088343030877]]","[[1.0,1.0,0.912962962962963,0.750462962962963],[1.0,1.0,1.0,1.0]]","[[3.8245733389148007,3.1736330067669902,2.7307040338163024,2.7003878642011574],[1.9805359114099432,1.9510325904245729,1.764994313319524,1.7766726491627869]]","[1.0,1.0]","[3.5685035701151246,1.9279363241460588]","[0.0005394598429794078,0.0002892400803493392]","[0.12645115902026494,0.013295563627724294]","[0.12645115907545443,0.013295563607028237]","[[0.20814994010660384,0.11914489583836661,0.0941647340854009,0.08434506621625688],[0.025774013692582094,0.010981910130767911,0.008252035543598511,0.008174295088759175]]","[[0.20814994010660384,0.11914489616950354,0.0941647340854009,0.08434506632663585],[0.025774013692582094,0.010981910130767911,0.008252035533250482,0.008174295040468375]]","[[0.45600442047472356,0.34483284861953173,0.3064826073469939,0.29006057492008913],[0.16051853553012566,0.10474597370183027,0.09083033093699702,0.09040828816316746]]","[[1.0,1.0,1.0,0.7648148148148148],[1.0,1.0,1.0,1.0]]","[[3.711756232932762,3.475757690712258,2.8005894519664625,2.6867422015578657],[1.9961757350850988,1.964122650358412,1.8834773823066995,1.85285888866142]]","[1.0,1.0]","[3.642506083735713,1.945413198294463]","[null,null]"
residual_simvq_k4-2_d4-4_rate094-20260727-142121,6,0.04263529,0.04256919,0.08520448,0.03235608,0.04285930,20.97958223,0.86097678,0.03235608,1,Phase1-拓荒,0.000000,0.00000000,,9216,0.1406250000,0.0937500000,5e-05,"[0.1129959692005758,0.01161272281056477]","[0.11299596935234688,0.011612722809702434]","[[0.1778152764947326,0.10933615374896262,0.086972251424083,0.07786019420320237],[0.023054993754528737,0.009836104501004297,0.007047827090826575,0.006511965714808967]]","[[0.1778152764947326,0.1093361537075705,0.08697225133440009,0.07786019436877083],[0.023054993754528737,0.009836104511352325,0.007047827089101904,0.006511965717395975]]","[[0.42087132704478725,0.3296689236053714,0.2939063015083472,0.27811926081776617],[0.1510594801356395,0.09866170634826024,0.08356406459653819,0.08037437382671568]]","[[1.0,1.0,0.9106481481481481,0.75],[1.0,1.0,1.0,1.0]]","[[3.819722311585038,3.1943964331238357,2.762803244590759,2.732041191171717],[1.9792688111464183,1.9343070445237336,1.7252358911214052,1.7318438914087084]]","[1.0,1.0]","[3.589349032772912,1.9115178642449555]","[0.0005575003122363274,0.00035993339525130407]","[0.11850760336275454,0.009321073428900154]","[0.11850760336275454,0.009321073422001468]","[[0.1848096145523919,0.11462484791322991,0.09186949856855252,0.08272645396214945],[0.017254642624821927,0.008266264024294085,0.006089635603819732,0.005673751297096411]]","[[0.1848096145523919,0.11462484791322991,0.09186949867893149,0.08272645418290739],[0.017254642624821927,0.008266264013946057,0.006089635607269075,0.005673751272951011]]","[[0.4294206360975901,0.3379099812772539,0.30240201309875203,0.286957507332166],[0.13130145851108763,0.09084015091260274,0.07799615103889394,0.075310310335071]]","[[1.0,1.0,0.8222222222222222,0.75],[1.0,1.0,1.0,1.0]]","[[3.8357068097149885,3.1077811470738164,2.7958083170431633,2.7579295193707503],[1.988961473217717,1.9009985738330417,1.6673484669791327,1.7072135828159474]]","[1.0,1.0]","[3.58418809749462,1.8838519255320232]","[null,null]"
residual_simvq_k4-2_d4-4_rate094-20260727-142121,7,0.03940718,0.04125903,0.08066621,0.03051251,0.04281960,21.25527402,0.87190413,0.03051251,1,Phase1-拓荒,0.000000,0.00000000,,9216,0.1406250000,0.0937500000,5e-05,"[0.1101668898706083,0.010931009804416034]","[0.11016688982921619,0.010931009802691363]","[[0.1702837064586304,0.10707179811541681,0.08591588803187565,0.07739616619354045],[0.02204235447915616,0.009082936157506926,0.006510192818974179,0.006088555762026873]]","[[0.1702837064586304,0.10707179822579578,0.08591588796288879,0.0773961658830996],[0.02204235447915616,0.009082936161818603,0.006510192808626151,0.006088555756852859]]","[[0.41190418667263456,0.32630748351415,0.2921902928363394,0.2773553253599891],[0.1478489262914216,0.09494601615049221,0.08049110299735157,0.0779163400746054]]","[[1.0,1.0,0.9115740740740741,0.7509259259259259],[1.0,1.0,1.0,1.0]]","[[3.8425619783224882,3.1898946007092794,2.7627006976692763,2.7385510047276815],[1.9818477246496413,1.9351824630189824,1.7129274582421339,1.7230675730440352]]","[1.0,1.0]","[3.578098872414342,1.9072604722446866]","[0.0005056611255524869,0.0002691625678481715]","[0.1166432319967835,0.010189737972837907]","[0.1166432316656466,0.010189738014230022]","[[0.17786860057601223,0.11420737433212774,0.09184376420798125,0.08265318624951222],[0.020463258414356797,0.008060120328984878,0.006162904630656596,0.006072668320740815]]","[[0.17786860057601223,0.11420737339390649,0.09184376393203382,0.0826531864978649],[0.020463258414356797,0.008060120322086193,0.006162904641004624,0.006072668348335557]]","[[0.42107933980447276,0.33700082853988367,0.30201239585876466,0.2864806076994649],[0.14302579076201827,0.08972783712325273,0.07848638246456782,0.07792179628654762]]","[[1.0,1.0,0.8796296296296297,0.75],[1.0,1.0,1.0,1.0]]","[[3.838426877834179,3.1691737828431306,2.773548313423439,2.7738923690937183],[1.9735175327018455,1.9446682832859181,1.689934993673254,1.7236082792282104]]","[1.0,1.0]","[3.5847996588106508,1.9133611131597448]","[null,null]"
residual_simvq_k4-2_d4-4_rate094-20260727-142121,8,0.03587766,0.04130899,0.07718665,0.02845330,0.04591832,21.54431836,0.88052969,0.02845330,1,Phase1-拓荒,0.000000,0.00000000,,9216,0.1406250000,0.0937500000,5e-05,"[0.11066386443045405,0.010762446859196105]","[0.11066386445804878,0.010762446861783112]","[[0.167617385779266,0.10785405328152356,0.08764069173485041,0.07954332526359294],[0.02184905336169457,0.008945601427479199,0.0063479706662258615,0.005907161689915315]]","[[0.167617385779266,0.10785405350228151,0.08764069171415435,0.07954332515321395],[0.02184905336169457,0.008945601430928542,0.0063479706662258615,0.005907161678704951]]","[[0.4086971812226154,0.3275188207074448,0.2951101274678001,0.28116221643156475],[0.14728550244536665,0.0942426967262118,0.07947761021830417,0.07672301388725086]]","[[1.0,1.0,0.9171296296296296,0.75],[1.0,1.0,1.0,1.0]]","[[3.8388067929833025,3.1952548693727563,2.7657342010074193,2.743270338906182],[1.981800996374201,1.9481897087008864,1.7477683546366516,1.7649148479655936]]","[1.0,1.0]","[3.580684041976929,1.9224838799900479]","[0.00046213424879910974,0.0002619488540707001]","[0.11849520300273542,0.01422171191898761]","[0.11849520289235645,0.014221711905190238]","[[0.17702100431477583,0.115218728615178,0.09497493141227298,0.08676614628897773],[0.029409154849471868,0.012135495997413441,0.008202337901349421,0.007139858665565649]]","[[0.17702100431477583,0.11521872878074646,0.09497493146746247,0.08676614623378824],[0.029409154849471868,0.012135496038805555,0.00820233793584285,0.007139858682812364]]","[[0.4202979290926898,0.33883167836401196,0.307528586740847,0.2939419287222403],[0.17145601643456354,0.11006243758731418,0.09051611285518717,0.08447792966056752]]","[[1.0,1.0,0.9574074074074074,0.75],[1.0,1.0,1.0,1.0]]","[[3.825639032434534,3.2144273351739954,2.771123684777154,2.7369393595942744],[1.9844923990744132,1.9649613601190072,1.7591478471402768,1.7485916473247387]]","[1.0,1.0]","[3.589461029900445,1.927060854876483]","[null,null]"
residual_simvq_k4-2_d4-4_rate094-20260727-142121,9,0.03593336,0.04246472,0.07839807,0.02884893,0.04212425,21.50043715,0.87687851,0.02845330,0,Phase1-拓荒,0.000000,0.00000000,,9216,0.1406250000,0.0937500000,5e-05,"[0.11437750083428842,0.010754795895061559]","[0.11437750054454363,0.010754795876090174]","[[0.169703804563593,0.11172158217264547,0.09212163289388021,0.0839629822721084],[0.0218342503187833,0.0090070486103219,0.0063058831858345205,0.005872001197982441]]","[[0.169703804563593,0.11172158215884809,0.09212163267312226,0.0839629822721084],[0.0218342503187833,0.009007048611184237,0.0063058831858345205,0.005872001192808427]]","[[0.41117778177614567,0.3332650628906709,0.3025005207569511,0.2888144583889732],[0.14729626905862933,0.09458666051979418,0.07923823904108118,0.07651384419037235]]","[[1.0,1.0,0.9449074074074074,0.7513888888888889],[1.0,1.0,1.0,1.0]]","[[3.8440644564451993,3.2073246545261807,2.763982814329642,2.7284945019969236],[1.9828257384123626,1.9549352199942978,1.771742511678625,1.7906161025718406]]","[1.0,1.0]","[3.581499836621461,1.930930835450137]","[0.00047387447805333606,0.0002838058356347675]","[0.11512432308108718,0.009836636925185169]","[0.11512432330184513,0.009836636904489111]","[[0.17130341364277735,0.1120968438408993,0.09251153722957328,0.08458549308556097],[0.019929121227727997,0.007825701635468888,0.005883553993232824,0.005708170589059591]]","[[0.17130341364277735,0.11209684373052031,0.0925115375607102,0.08458549352707687],[0.019929121227727997,0.007825701649266261,0.005883553979435453,0.005708170589059591]]","[[0.4134391197451839,0.33425676933041326,0.3035780125194126,0.2902978120026765],[0.14113503043298367,0.08839547910072186,0.0766846129739726,0.07554475074564969]]","[[1.0,1.0,0.9296296296296296,0.75],[1.0,1.0,1.0,1.0]]","[[3.802440238881994,3.2005037113472268,2.770975277158949,2.748317367059213],[1.9795318488721494,1.966443255212572,1.7868053718849464,1.8325593188956932]]","[1.0,1.0]","[3.5926498695656104,1.9457817280734027]","[null,null]"
residual_simvq_k4-2_d4-4_rate094-20260727-142121,10,0.03370890,0.04334882,0.07705773,0.03634005,0.04451408,20.42887773,0.86428876,0.02845330,0,Phase1-拓荒,0.000000,0.00000000,,9216,0.1406250000,0.0937500000,5e-05,"[0.11768515421836465,0.010515539133403863]","[0.11768515425975676,0.010515539135128536]","[[0.17039084906379381,0.11526550345674709,0.09648360149176033,0.08860066295084026],[0.021374430284938878,0.008814735798579124,0.006129416518982638,0.005743573798315116]]","[[0.17039084906379381,0.11526550341535498,0.09648360175391038,0.08860066280596786],[0.021374430284938878,0.008814735808064815,0.0061294165267436595,0.005743573794003438]]","[[0.4120072039741057,0.33850544337873106,0.3095737312954885,0.29667038166964493],[0.14588410720505096,0.09365279742137149,0.07817181973821587,0.07571029107051867]]","[[1.0,1.0,0.9425925925925925,0.75],[1.0,1.0,1.0,1.0]]","[[3.8484147010026155,3.201539936330583,2.7542110372472695,2.714429803247805],[1.984045320528525,1.9647720963866622,1.8034517557532699,1.8214840628482678]]","[1.0,1.0]","[3.5718298497023406,1.9424737245948227]","[0.0004259296293808061,0.00024732946974297565]","[0.11751405105546668,0.012465500327999946]","[0.11751405133141411,0.012465500327999946]","[[0.16570519749765042,0.1162076731522878,0.09806196137710854,0.09008137009761952],[0.02787613646575698,0.01066472276493355,0.006122207731284477,0.005198934198253685]]","[[0.16570519749765042,0.11620767320747728,0.09806196154267699,0.09008137048394592],[0.02787613646575698,0.010664722792528294,0.006122207727835134,0.005198934198253685]]","[[0.4065636575222015,0.34024217658572725,0.31245154892956767,0.29946281954094217],[0.1669397242643215,0.1032178924591453,0.07821274570844791,0.07209048552645578]]","[[1.0,1.0,0.924074074074074,0.75],[1.0,1.0,1.0,1.0]]","[[3.8544820962128816,3.170453640266701,2.727492901130959,2.698284629539207],[1.935954831264637,1.994623304296423,1.9122967808334916,1.819895542109454]]","[1.0,1.0]","[3.5547238915054886,1.9813608390313608]","[null,null]"
residual_simvq_k4-2_d4-4_rate094-20260727-142121,11,0.03373201,0.04599988,0.07973189,0.02648181,0.04228146,21.81995512,0.88672466,0.02648181,1,Phase1-拓荒,0.000000,0.00000000,,9216,0.1406250000,0.0937500000,5e-05,"[0.1249018215884765,0.011148892484467338]","[0.12490182156088175,0.011148892494815368]","[[0.17776806829152283,0.12247316284036194,0.10363081656396389,0.09573523805097298],[0.022135610247237814,0.009438232342816062,0.006702430901566038,0.006319296158229311]]","[[0.17776806829152283,0.1224731630611199,0.1036308165087744,0.09573523805787167],[0.022135610247237814,0.009438232355751097,0.006702430884319323,0.006319296164265661]]","[[0.42085864163107345,0.3489562346427529,0.3208683851968359,0.30840465026321234],[0.14811882950641492,0.09667429903315174,0.0815771075034583,0.07928553398836542]]","[[1.0,1.0,0.9532407407407407,0.75],[1.0,1.0,1.0,1.0]]","[[3.8425587910192984,3.2083774345892446,2.7614941857479236,2.7241010648232917],[1.98181807729933,1.9507723106278314,1.7636401587062411,1.7766954287334724]]","[1.0,1.0]","[3.5778887386675233,1.9272625547868234]","[0.00048335582277677194,0.00031016487881532626]","[0.1144221951564153,0.010439237455526988]","[0.11442219537717324,0.010439237448628302]","[[0.16168294228889324,0.111907722166291,0.09541351315048006,0.08868460357189178],[0.020452060343490706,0.008901657226185003,0.0063927271058438,0.006010505308707555]]","[[0.16168294228889324,0.1119077217799646,0.09541351342642748,0.08868460357189178],[0.020452060343490706,0.008901657222735662,0.0063927271127424854,0.006010505250068726]]","[[0.40178102056185405,0.33415339213830453,0.3085114240646362,0.29744698758478516],[0.14297272585056447,0.09427113036314647,0.07991161368511342,0.07751033399943952]]","[[1.0,1.0,0.924074074074074,0.75],[1.0,1.0,1.0,1.0]]","[[3.8508956997482864,3.178865323243318,2.7545706113179524,2.715815044332434],[1.9936943707642731,1.91622724003262,1.6721685550830983,1.6706963088777331]]","[1.0,1.0]","[3.5653433711440474,1.8782393764566492]","[null,null]"
residual_simvq_k4-2_d4-4_rate094-20260727-142121,12,0.03292191,0.04763945,0.08056135,0.02662424,0.05115430,21.81734399,0.88721351,0.02648181,0,Phase1-拓荒,0.000000,0.00000000,,9216,0.1406250000,0.0937500000,5e-05,"[0.1306467610100905,0.010899732693063992]","[0.13064676113426685,0.01089973270168735]","[[0.18210826874883088,0.12846114145660842,0.10991851866107297,0.10209911521524191],[0.021808945127176467,0.009085622440195746,0.0064964689961117175,0.0062078941199514605]]","[[0.18210826874883088,0.12846114163597425,0.10991851874385719,0.10209911513245767],[0.021808945127176467,0.009085622429847718,0.006496469003872739,0.006207894131161825]]","[[0.4258446689557146,0.3573003410741135,0.33038620841172006,0.31843711915943357],[0.14728482762972514,0.09506251556729829,0.08045837451462393,0.07869714775847064]]","[[1.0,1.0,0.9518518518518518,0.7509259259259259],[1.0,1.0,1.0,1.0]]","[[3.8472079784781843,3.19980010677267,2.7591521792941625,2.7177561115335536],[1.9836585451055455,1.9482881117750097,1.7583383372536412,1.7765202325803262]]","[1.0,1.0]","[3.5727523185588694,1.9244622349739076]","[0.0004478923736314755,0.00026303841625324113]","[0.14344506285808706,0.010124346751857687]","[0.14344506258213963,0.010124346751857687]","[[0.19778477240491796,0.1412089350046935,0.12187866496819037,0.11290787800594612],[0.02059954782878911,0.00794402890390268,0.005995588177056224,0.005958222070087989]]","[[0.19778477240491796,0.14120893505988297,0.12187866507856934,0.11290787756443024],[0.02059954782878911,0.00794402890390268,0.005995588142562795,0.005958222104581418]]","[[0.44425005669947026,0.3751794664948075,0.34849143381471986,0.33542329183331243],[0.14349677584789416,0.08906716533281185,0.0774143933697983,0.07717998535544784]]","[[1.0,1.0,0.9907407407407407,0.7518518518518519],[1.0,1.0,1.0,1.0]]","[[3.828412070097747,3.279678222868178,2.769600258933173,2.7066962701302986],[1.9840840445624457,1.9731580522325305,1.8212139262093439,1.8614259560902913]]","[1.0,1.0]","[3.5966732360698557,1.9541743605225175]","[null,null]"
residual_simvq_k4-2_d4-4_rate094-20260727-142121,13,0.03171708,0.04983886,0.08155594,0.03073847,0.04546719,21.17002261,0.88451286,0.02648181,0,Phase1-拓荒,0.000000,0.00000000,,9216,0.1406250000,0.0937500000,5e-05,"[0.138420696625555,0.010531826097414725]","[0.1384206963909997,0.010531826100001732]","[[0.18844457828888186,0.13640850659597803,0.11832510479898364,0.11050459498332607],[0.021089884023078615,0.008853205733208193,0.006240833188510603,0.00594338130430077]]","[[0.18844457828888186,0.13640850640281482,0.11832510497834947,0.11050459456940492],[0.021089884023078615,0.008853205730621186,0.006240833179887246,0.005943381291365734]]","[[0.43334195111636764,0.36837690682322893,0.34298871126439834,0.331464288742454],[0.14489849387771553,0.09383517084298311,0.07883742995284222,0.076979350740159]]","[[1.0,1.0,0.9666666666666667,0.7509259259259259],[1.0,1.0,1.0,1.0]]","[[3.848513102531433,3.2033026571627015,2.7599636753400167,2.7147386930606983],[1.98415424713382,1.9654741101794773,1.8072292901851512,1.8304374204741585]]","[1.0,1.0]","[3.5712255040804544,1.9445096848187624]","[0.00043551944806865693,0.0002658762994542485]","[0.1266139151321517,0.0094405519189658]","[0.12661391496658325,0.00944055193276317]","[[0.17267401328793278,0.12456940053789704,0.10817253843501762,0.10103970594980098],[0.01988650528645074,0.007502779333541791,0.005291827502487986,0.005081095411959622]]","[[0.17267401328793278,0.12456940108979189,0.10817253837982814,0.10103970600499047],[0.01988650528645074,0.0075027793300924475,0.005291827478342586,0.0050810954223076505]]","[[0.4151717459713971,0.3524875208183571,0.32841849437466375,0.3174066144007224],[0.14099717725206304,0.08657618010485614,0.0727277958282718,0.07126795219050513]]","[[1.0,1.0,0.9777777777777777,0.7518518518518519],[1.0,1.0,1.0,1.0]]","[[3.830318069458008,3.24865853521559,2.734220091501872,2.6858215932492855],[1.9744643290837607,1.9902530829111735,1.8831849398436369,1.9070677421711109]]","[1.0,1.0]","[3.582697054191872,1.9775753462756123]","[null,null]"
residual_simvq_k4-2_d4-4_rate094-20260727-142121,14,0.03110714,0.05181226,0.08291941,0.02497850,0.05658040,22.06958327,0.89408680,0.02497850,1,Phase1-拓荒,0.000000,0.00000000,,9216,0.1406250000,0.0937500000,5e-05,"[0.14546993616278525,0.010164651852446022]","[0.14546993624556948,0.01016465186279405]","[[0.1951645046748497,0.14354834862881236,0.12554447474303068,0.11762241726672208],[0.020269235768527898,0.008563842135481536,0.006043264912268906,0.0057822646176511495]]","[[0.1951645046748497,0.14354834868400185,0.1255444745498675,0.11762241733570894],[0.020269235768527898,0.008563842125995844,0.006043264903645549,0.005782264608165456]]","[[0.4408467322036072,0.37772507833109964,0.353138211203946,0.34181929926077526],[0.14204125607179272,0.09228207673187609,0.07756834101897699,0.0759154738927329]]","[[1.0,1.0,0.961574074074074,0.7509259259259259],[1.0,1.0,1.0,1.0]]","[[3.855142925403736,3.2034434764473527,2.7582604902761956,2.7121799672091447],[1.986475017114922,1.963411192982285,1.803350094733415,1.822390451475426]]","[1.0,1.0]","[3.569043562588868,1.9412182399520168]","[0.0004521956503190773,0.0002501153328450056]","[0.160702500961445,0.010177392098638747]","[0.16070250085106602,0.010177392112436118]","[[0.21042494619334184,0.15922023631908275,0.14082932615721666,0.1323354962799284],[0.01979107224830875,0.008640730015381619,0.006317513812057398,0.005960252298111165]]","[[0.21042494619334184,0.15922023709173555,0.14082932588126923,0.13233549677663378],[0.01979107224830875,0.008640730008482932,0.006317513822405426,0.005960252273965765]]","[[0.4582016545313376,0.39840232774063394,0.37463187884401394,0.36316244999567665],[0.14065716498427921,0.09290155266170148,0.07944830462888434,0.07717205479189201]]","[[1.0,1.0,0.9537037037037037,0.7518518518518519],[1.0,1.0,1.0,1.0]]","[[3.868930202060276,3.18447481084753,2.7611489154674387,2.7235579208091454],[1.988609496752421,1.9688035735377558,1.836457817642777,1.8732777198155721]]","[1.0,1.0]","[3.5588064034779867,1.9545626084009806]","[null,null]"
residual_simvq_k4-2_d4-4_rate094-20260727-142121,15,0.03073755,0.05411824,0.08485579,0.02504680,0.05018748,22.08732256,0.89261163,0.02497850,0,Phase1-拓荒,0.000000,0.00000000,,9216,0.1406250000,0.0937500000,5e-05,"[0.15182225876660257,0.010678053984453005]","[0.15182225891837367,0.010678053968930961]","[[0.20082718354684334,0.1499189148898478,0.13219955420052565,0.12434338248438305],[0.02128840170248791,0.009013253939338028,0.00633923447759891,0.006071325650231706]]","[[0.20082718354684334,0.14991891469668459,0.13219955375900974,0.12434338258096465],[0.02128840170248791,0.00901325393071467,0.00633923447759891,0.0060713256381590055]]","[[0.44726043547745103,0.38611397472796616,0.3624747195729503,0.3515341363571308],[0.145453561152573,0.09456843671699365,0.07932953561345736,0.07768456582669858]]","[[1.0,1.0,0.9662037037037037,0.7518518518518519],[1.0,1.0,1.0,1.0]]","[[3.8521379426673605,3.2036229689915974,2.7587225048630324,2.7104079829321965],[1.9855258303659933,1.9678532454702589,1.8172821146470528,1.8382831162876554]]","[1.0,1.0]","[3.56822407996213,1.9470983375001836]","[0.00046124909473561546,0.0002641971895139216]","[0.13922949769982584,0.010685222326881356]","[0.13922949775501534,0.010685222340678728]","[[0.1859552322714417,0.13748559615126363,0.12052442343146713,0.11295274269801599],[0.021697196888702888,0.00869840207958111,0.006194026702670036,0.006151263502047017]]","[[0.1859552322714417,0.13748559565455826,0.12052442403855147,0.11295274275320548],[0.021697196888702888,0.008698402134770597,0.006194026699220693,0.006151263529641761]]","[[0.4307117923542305,0.37017693210531166,0.34653125405311586,0.3354765609458641],[0.14727942491019214,0.0932130539306888,0.07867639103421459,0.07841308276962351]]","[[1.0,1.0,0.9444444444444444,0.75],[1.0,1.0,1.0,1.0]]","[[3.8527623494466146,3.1929932241086605,2.7453501330481633,2.706252030973081],[1.9865449649316294,1.973298735971804,1.8422227002956248,1.864517295802081]]","[1.0,1.0]","[3.571067048885204,1.956283073955112]","[null,null]"
residual_simvq_k4-2_d4-4_rate094-20260727-142121,16,0.03025095,0.05640329,0.08665424,0.02438437,0.05721854,22.17339249,0.89024965,0.02438437,1,Phase1-拓荒,0.000000,0.00000000,,9216,0.1406250000,0.0937500000,5e-05,"[0.1591725888489573,0.010658967658808386]","[0.159172588986931,0.010658967686403129]","[[0.2079542649840867,0.1573483194603964,0.1396377840389808,0.13174998544984393],[0.021268337480378922,0.009048476935088359,0.006277184284947537,0.00604187178477231]]","[[0.2079542649840867,0.15734831929482795,0.13963778402518343,0.13174998549123604],[0.021268337480378922,0.009048476958371424,0.006277184292708558,0.006041871789083989]]","[[0.45517368035184014,0.39564142768029814,0.3726172293225924,0.36193927697561407],[0.14544259556741626,0.09483011599492144,0.07901199230993236,0.07755050380472783]]","[[1.0,1.0,0.961574074074074,0.750462962962963],[1.0,1.0,1.0,1.0]]","[[3.8514489112076937,3.203136683393408,2.757939247731809,2.711201310157776],[1.9883627838558622,1.9674545407295227,1.8292520410484738,1.8482137004534402]]","[1.0,1.0]","[3.568139182638239,1.9482480905674122]","[0.00045772083537519426,0.00026692796535725293]","[0.16152005813739917,0.010789636081015621]","[0.16152005824777815,0.010789636087914308]","[[0.2093588861050429,0.15998701806421634,0.14219678033281255,0.13453754672297724],[0.023325730391122675,0.008745059595201854,0.005704637813485331,0.005383116603587513]]","[[0.2093588861050429,0.1599870178434584,0.1421967808847074,0.13453754672297724],[0.023325730391122675,0.008745059584853826,0.005704637806586645,0.005383116593239484]]","[[0.4571246862411499,0.3994803168155529,0.3765747277824967,0.3663032664193047],[0.15270889257943188,0.09348046768594671,0.07550760049510885,0.0733503606584337]]","[[1.0,1.0,0.924074074074074,0.75],[1.0,1.0,1.0,1.0]]","[[3.8393454004217076,3.173311048083835,2.7538682884640164,2.711936369648686],[1.9847470504266245,1.9868939055336847,1.891387614497432,1.8733218299018013]]","[1.0,1.0]","[3.5631198600486473,1.9697851543073301]","[null,null]"
residual_simvq_k4-2_d4-4_rate094-20260727-142121,17,0.02962047,0.05837428,0.08799475,0.02367714,0.07095611,22.34126980,0.89942617,0.02367714,1,Phase1-拓荒,0.000000,0.00000000,,9216,0.1406250000,0.0937500000,5e-05,"[0.16544877591508406,0.010674460811747446]","[0.1654487755977445,0.010674460808298102]","[[0.21382749204834303,0.16370381518370575,0.1460777809360513,0.13818601556122304],[0.02134395268469773,0.009091400302498153,0.006249796932873627,0.006012693202743928]]","[[0.21382749204834303,0.1637038148249741,0.14607778081187495,0.13818601531287034],[0.02134395268469773,0.009091400291287789,0.006249796928561948,0.0060126932070556065]]","[[0.46152417643202676,0.4035270416074329,0.38109616620673076,0.37065867334604263],[0.1457420149197181,0.09505675366079366,0.0788485785463342,0.07737888499266571]]","[[1.0,1.0,0.961574074074074,0.750462962962963],[1.0,1.0,1.0,1.0]]","[[3.8527120815383062,3.2018454759209245,2.757594276799096,2.711271263493432],[1.9882130516899956,1.9726537205554822,1.84257597150626,1.8604303472571904]]","[1.0,1.0]","[3.566323184084009,1.9538070808958123]","[0.0004641619337673075,0.0002556048898474762]","[0.20850737392902374,0.009276092852707262]","[0.20850737381864476,0.009276092852707262]","[[0.26117284507663163,0.20784502967640206,0.18759915795591142,0.17741245914388587],[0.018162220095594723,0.007932137083952073,0.005608759265117071,0.005401254779900666]]","[[0.26117284507663163,0.20784502923488618,0.1875991580662904,0.17741246035805455],[0.018162220095594723,0.00793213709085076,0.0056087592754651,0.0054012547730019796]]","[[0.5105537845028771,0.45532253472893325,0.43253632761813976,0.4206266573181859],[0.13472545787140175,0.08898984513900898,0.07485066790271688,0.07346971934592282]]","[[1.0,1.0,0.987037037037037,0.7537037037037037],[1.0,1.0,1.0,1.0]]","[[3.8456432589778196,3.2247366022180626,2.758276128768921,2.7059890694088407],[1.9859886761064882,1.9783825388661138,1.8473310338126288,1.878101565219738]]","[1.0,1.0]","[3.5722627728073686,1.9608794812802914]","[null,null]"
residual_simvq_k4-2_d4-4_rate094-20260727-142121,18,0.02934238,0.05869137,0.08803375,0.02303317,0.07583685,22.43271880,0.89783678,0.02303317,1,Phase1-拓荒,0.000000,0.00000000,,9216,0.1406250000,0.0937500000,5e-05,"[0.16666241949079214,0.010574975256221714]","[0.16666241976673957,0.010574975248460692]","[[0.21456895478897625,0.1649794715974066,0.1474849874774615,0.1396162630231292],[0.021133497928234712,0.009029594583747287,0.006180435664848321,0.005956372761822961]]","[[0.21456895478897625,0.16497947162500134,0.14748498740847463,0.13961626340945563],[0.021133497928234712,0.009029594563913565,0.006180435663985985,0.005956372778207339]]","[[0.4623889214462704,0.4051719245535356,0.3829977943389504,0.37263362882313905],[0.1450268192147767,0.0947317133071246,0.0783938686604853,0.07699651567748299]]","[[1.0,1.0,0.961574074074074,0.7513888888888889],[1.0,1.0,1.0,1.0]]","[[3.8573064384637057,3.2032268762588503,2.759943501596098,2.7137043670371725],[1.988649425903956,1.974319350277936,1.8524467565395213,1.8662408669789632]]","[1.0,1.0]","[3.5658161295784843,1.9567949515801888]","[0.0004432252200786024,0.00024805105280797257]","[0.2226585053735309,0.010009711380634043]","[0.22265850482163607,0.010009711415127472]","[[0.2743493257849305,0.2221578166440681,0.2020505643553204,0.19207631250222523],[0.019304956895885645,0.008411058459292959,0.006179008205179815,0.006143821938032353]]","[[0.2743493257849305,0.22215781609217325,0.20205056501759422,0.1920763115088145],[0.019304956895885645,0.00841105848343836,0.006179008229325215,0.006143821962177753]]","[[0.5231716372348644,0.4706321625797837,0.4487862730467761,0.43757205693810075],[0.13891298594298185,0.09165043306571466,0.07856582977153637,0.07835245794720119]]","[[1.0,1.0,0.9685185185185186,0.75],[1.0,1.0,1.0,1.0]]","[[3.841089677810669,3.19502149687873,2.7650772130047834,2.718560655028732],[1.9845723302276046,1.9773376058649135,1.8165444321102566,1.8476368497919153]]","[1.0,1.0]","[3.572529005121302,1.953170402844747]","[null,null]"
residual_simvq_k4-2_d4-4_rate094-20260727-142121,19,0.02821802,0.06146470,0.08968273,0.02436124,0.06701309,22.19153177,0.89633432,0.02303317,0,Phase1-拓荒,0.000000,0.00000000,,9216,0.1406250000,0.0937500000,5e-05,"[0.17554981849259801,0.010568613295132916]","[0.17554981854778748,0.010568613293408243]","[[0.22307933919407702,0.17399593038415467,0.1565061418960492,0.14861786282724804],[0.021039319233278984,0.009047276318866622,0.006208477334843742,0.005979380255599541]]","[[0.22307933919407702,0.1739959305221284,0.15650614188225181,0.1486178632825613],[0.021039319233278984,0.009047276322315964,0.0062084773288073915,0.00597938025991122]]","[[0.47139083163605794,0.416026798442558,0.39447405476261066,0.38440387033753926],[0.14471755004315465,0.0948018975969818,0.07854564228543529,0.07713617675558285]]","[[1.0,1.0,0.9643518518518519,0.7509259259259259],[1.0,1.0,1.0,1.0]]","[[3.8561405142148337,3.2033910548245466,2.7613403810395134,2.7185906604484273],[1.9889780150519476,1.973685939665194,1.8505070085878725,1.867006915586966]]","[1.0,1.0]","[3.568147160388805,1.956340479850769]","[0.0004324661752670417,0.00023869131354903975]","[0.19749705647980725,0.008472418257345756]","[0.19749705647980725,0.008472418222852328]","[[0.24755125950883936,0.19655111465189193,0.17745009152977556,0.16843575967682733],[0.01665401564290126,0.0070216719302590245,0.005112898991339736,0.0051010861302967425]]","[[0.24755125950883936,0.19655111487264987,0.1774500917505335,0.16843576022872217],[0.01665401564290126,0.007021671916461653,0.005112898984441051,0.0051010860958033135]]","[[0.497069212463167,0.44278967049386764,0.42068205917323076,0.4098571746437638],[0.12902010668207098,0.08375651582523629,0.07148510526727747,0.07140999386707941]]","[[1.0,1.0,0.9851851851851852,0.7518518518518519],[1.0,1.0,1.0,1.0]]","[[3.856243548569856,3.1852050551661737,2.7660395463307696,2.7180722289615207],[1.9879994542510422,1.9748456169057775,1.8504044400321114,1.887572334430836]]","[1.0,1.0]","[3.5482093316537364,1.9607076503612377]","[null,null]"
residual_simvq_k4-2_d4-4_rate094-20260727-142121,20,0.02800666,0.06240463,0.09041130,0.02310044,0.06065559,22.45314428,0.89944326,0.02303317,0,Phase1-拓荒,0.000000,0.00000000,,9216,0.1406250000,0.0937500000,5e-05,"[0.17860599460977095,0.010544417267320333]","[0.17860599480293415,0.01054441726559566]","[[0.22554733024703133,0.17713430039584638,0.15979001101244378,0.1519523362180701],[0.021137801124886783,0.009038497364424445,0.006135916501214659,0.005865453889903923]]","[[0.22554733024703133,0.17713430069938854,0.15979001123320175,0.15195233599731214],[0.021137801124886783,0.009038497352351745,0.00613591650293933,0.0058654538761065515]]","[[0.47396186065894585,0.4197337833267671,0.3985634197791417,0.38866305064272],[0.14505654294733647,0.09477168311951337,0.07809970356799938,0.07641347993027281]]","[[1.0,1.0,0.9671296296296297,0.75],[1.0,1.0,1.0,1.0]]","[[3.85601253023854,3.202374114372112,2.7621422816205907,2.718077126255742],[1.9892272589383302,1.9777483677422558,1.867088179235105,1.8840343636495096]]","[1.0,1.0]","[3.5655864123944885,1.9619809408982596]","[0.0004346292194019986,0.00022717745931138914]","[0.17281430231200323,0.010641788380841415]","[0.17281430264314016,0.010641788360145357]","[[0.21847965551747217,0.17111490103933547,0.15435131131498903,0.1473113449083434],[0.021796922854803228,0.009393250790459138,0.00601921955951386,0.005357759949509744]]","[[0.21847965551747217,0.17111490159123033,0.1543513110390416,0.14731134441163804],[0.021796922854803228,0.009393250776661767,0.006019219549165832,0.005357759925364344]]","[[0.46697075587731823,0.41312220052436543,0.39232011945159345,0.3832738860889717],[0.1475952794154485,0.09684728019767337,0.07754042446613311,0.07316234724389183]]","[[1.0,1.0,0.9555555555555556,0.75],[1.0,1.0,1.0,1.0]]","[[3.8464709564491555,3.1937000468925194,2.7547327518463134,2.708911422446922],[1.9870040964197229,1.9902131115948711,1.902567908498976,1.8919667968043574]]","[1.0,1.0]","[3.5676998950816965,1.9740242993390118]","[null,null]"
residual_simvq_k4-2_d4-4_rate094-20260727-142121,21,0.02747569,0.06315343,0.09062911,0.02488656,0.07746055,22.09661308,0.89659402,0.02303317,0,Phase2-退火(0%),0.000000,0.00000000,,9216,0.1406250000,0.0937500000,5e-05,"[0.1810713982830445,0.010509784926694852]","[0.18107139825544977,0.010509784943941567]","[[0.22762389227196023,0.17962059734596147,0.16241778763080084,0.15462331560750803],[0.021019493876439,0.009021884868680326,0.006138186903532457,0.005859573974481059]]","[[0.22762389227196023,0.17962059720798776,0.16241778800332987,0.15462331529016848],[0.021019493876439,0.009021884885064706,0.006138186888872749,0.005859573974481059]]","[[0.4760920919753887,0.42259990484626203,0.40176039945196224,0.3920038573167942],[0.14467076653683628,0.09466924217564088,0.07808554961725518,0.07634779176226368]]","[[1.0,1.0,0.9666666666666667,0.750462962962963],[1.0,1.0,1.0,1.0]]","[[3.8606767270300124,3.2030394117037457,2.7671826243400575,2.7230915047504283],[1.989730821053187,1.9782104008727603,1.867061326459602,1.8800764543038828]]","[1.0,1.0]","[3.567465341974188,1.9617401365880613]","[0.0004235712990824444,0.00022912783160454302]","[0.20632748040888044,0.020773148281430755]","[0.20632748040888044,0.02077314832282287]","[[0.2574203582825484,0.20590318860831083,0.1858642033956669,0.17612217410846992],[0.0305664984440362,0.01984100058260891,0.016728409421112804,0.015956684753850654]]","[[0.2574203582825484,0.20590318827717394,0.18586420361642483,0.17612217443960684],[0.0305664984440362,0.019841000672291827,0.016728409331429887,0.015956684753850654]]","[[0.5067558414406247,0.4530540358137201,0.43038865636896206,0.4189568941239957],[0.17447999428819727,0.14022110650936762,0.12859808190001382,0.12560379466524832]]","[[1.0,1.0,0.9648148148148148,0.75],[1.0,1.0,1.0,1.0]]","[[3.874084038204617,3.2044461250305174,2.7633355299631757,2.7181557761298287],[1.9907766412805628,1.972782998614841,1.8329006919154414,1.8887093120151095]]","[1.0,1.0]","[3.565483515350907,1.9561532894770304]","[null,null]"
residual_simvq_k4-2_d4-4_rate094-20260727-142121,22,0.02722462,0.06456042,0.09178503,0.02284231,0.07120527,22.47956236,0.90412703,0.02284231,1,Phase2-退火(2%),0.000000,0.00000000,,9216,0.1406250000,0.0937500000,5e-05,"[0.1852664075653862,0.010753074796283962]","[0.18526640773095465,0.010753074794559291]","[[0.2317488365151264,0.18391113499248468,0.1666334641476472,0.15877219565488673],[0.02153840111396103,0.009274798534224155,0.006278377815356685,0.005920721709521281]]","[[0.2317488365151264,0.18391113471653725,0.16663346417524197,0.15877219586184732],[0.02153840111396103,0.00927479853939817,0.006278377805870992,0.005920721716419966]]","[[0.4804936335042671,0.42777946679680434,0.40710808883110683,0.3973873710742703],[0.14647530513229193,0.09601009672990551,0.07898922448080999,0.07673522952806067]]","[[1.0,1.0,0.9652777777777778,0.75],[1.0,1.0,1.0,1.0]]","[[3.857622170448303,3.2007856121769658,2.76364012559255,2.7208972568865177],[1.9892749287464,1.9781927826227965,1.8697498729935398,1.8828174889087677]]","[1.0,1.0]","[3.5633873171276518,1.9627481520175933]","[0.000427926551654107,0.0002092307484619798]","[0.20817713251820316,0.009922550218524756]","[0.20817713284934009,0.009922550204727385]","[[0.2565600784840407,0.2078612399322015,0.18882385370907961,0.17946335761635393],[0.01984265205208902,0.008545528590265248,0.005740723020776555,0.005561297290303089]]","[[0.2565600784840407,0.2078612400425805,0.18882385315718475,0.17946335827862775],[0.01984265205208902,0.00854552856956919,0.005740723017327211,0.0055612972661576885]]","[[0.5059809925379577,0.45529945691426593,0.4339033305644989,0.42300857460057295],[0.14082523849275377,0.09238961283807401,0.07573290544527549,0.07454828531653793]]","[[1.0,1.0,0.95,0.75],[1.0,1.0,1.0,1.0]]","[[3.8729266396275275,3.1865394715909603,2.768489115326493,2.724725836294669],[1.9935502537974605,1.978279474929527,1.8782929446962144,1.8957999229431153]]","[1.0,1.0]","[3.563111246956719,1.963104408758658]","[null,null]"
residual_simvq_k4-2_d4-4_rate094-20260727-142121,23,0.02654771,0.06581511,0.09236282,0.02142209,0.06904842,22.75857104,0.90721920,0.02142209,1,Phase2-退火(3%),0.000000,0.00000000,,9216,0.1406250000,0.0937500000,5e-05,"[0.1899447133005769,0.010506940879686563]","[0.18994471327298218,0.010506940875374885]","[[0.23603932399440694,0.1886807509318546,0.171471344417444,0.1635874336930337],[0.021113938139751553,0.00904259165679967,0.006091698186679019,0.005779535388056603]]","[[0.23603932399440694,0.1886807509870441,0.17147134450022822,0.16358743376202053],[0.021113938139751553,0.009042591657662006,0.006091698193577705,0.0057795353811579174]]","[[0.4848533335659239,0.4332258562798853,0.41292154242595036,0.40331703810780134],[0.14501245510247018,0.094831656333473,0.07785132011329686,0.07586493609404123]]","[[1.0,1.0,0.9634259259259259,0.7518518518518519],[1.0,1.0,1.0,1.0]]","[[3.860844153386575,3.2012502829233807,2.7659031249858717,2.721834322258278],[1.9908967744421076,1.9809649648489775,1.8848283112049102,1.8971873645429258]]","[1.0,1.0]","[3.563900664117601,1.966864053187547]","[0.00041954144447421037,0.00021102779818546778]","[0.2001233212373875,0.010592349742849668]","[0.20012332212041925,0.010592349742849668]","[[0.2485530964754246,0.19880432883898416,0.18074794842137232,0.17238791562892772],[0.021503555885067693,0.00915461445434226,0.006119252844817109,0.005591975683691325]]","[[0.2485530964754246,0.19880432861822622,0.18074794941478306,0.17238791706385437],[0.021503555885067693,0.009154614468139631,0.006119252844817109,0.005591975694039354]]","[[0.4980737107771414,0.4453253134533211,0.4245858415409371,0.41465321448114184],[0.1466063975184052,0.0956121125155025,0.07816863026883868,0.07472945341357479]]","[[1.0,1.0,0.975925925925926,0.7518518518518519],[1.0,1.0,1.0,1.0]]","[[3.853440503720884,3.2259889602661134,2.7846825546688505,2.729049903375131],[1.9864390125981084,1.9859057029088338,1.8822392755084567,1.87784134193703]]","[1.0,1.0]","[3.573486128559819,1.9682937313009192]","[null,null]"
residual_simvq_k4-2_d4-4_rate094-20260727-142121,24,0.02619349,0.06664390,0.09283738,0.02178482,0.07297284,22.72052709,0.90745943,0.02142209,0,Phase2-退火(5%),0.000000,0.00000000,,9216,0.1406250000,0.0937500000,5e-05,"[0.19299828106606448,0.010390862569005952]","[0.19299828098328026,0.010390862565556611]","[[0.2391097050022196,0.19175757017952424,0.17452902513797636,0.16659682186113464],[0.020835267262602295,0.008935405090623707,0.006044068778175171,0.005748709169630375]]","[[0.2391097050022196,0.19175757028990323,0.17452902520696323,0.16659682199910836],[0.020835267262602295,0.008935405075101665,0.006044068781624514,0.005748709178253732]]","[[0.48814846956067615,0.4369273981562367,0.4167672844396697,0.40718211316400105],[0.14408603328521605,0.09427732432054149,0.07755816215994181,0.07568640163927166]]","[[1.0,1.0,0.9629629629629629,0.7509259259259259],[1.0,1.0,1.0,1.0]]","[[3.8653942470197324,3.199152876712658,2.767176878893817,2.7239373639777855],[1.9905795340184813,1.980800024006102,1.8821149079887955,1.8939848186793151]]","[1.0,1.0]","[3.5628618580323677,1.9660423702663845]","[0.00042289936924741294,0.00020841221727028756]","[0.2104853461186091,0.011809095795507785]","[0.21048534633936705,0.01180909575411567]","[[0.2604614782112616,0.2095961736308204,0.19046203946625745,0.1814216951529185],[0.023327793705242652,0.010133021780186229,0.007060577792839871,0.006714989907211728]]","[[0.2604614782112616,0.20959617252703067,0.19046203913512053,0.18142169537367644],[0.023327793705242652,0.010133021780186229,0.007060577744549071,0.006714989876167642]]","[[0.5099537648536541,0.4573601570394304,0.4359549652647089,0.4254860147281929],[0.15268788514313875,0.10058366027143266,0.08396852573862783,0.08190239033213369]]","[[1.0,1.0,0.9851851851851852,0.7518518518518519],[1.0,1.0,1.0,1.0]]","[[3.856670787599352,3.2319237656063504,2.782631077589812,2.733402799676966],[1.9889504582793625,1.9848504931838424,1.8904000847427933,1.9120738718244765]]","[1.0,1.0]","[3.579847362306383,1.972225511515582]","[null,null]"
residual_simvq_k4-2_d4-4_rate094-20260727-142121,25,0.02577649,0.06707438,0.09285087,0.02378522,0.05379976,22.27192166,0.89682146,0.02142209,0,Phase2-退火(7%),0.000000,0.00000000,,9216,0.1406250000,0.0937500000,5e-05,"[0.1946882752356706,0.010318834947732588]","[0.19468827529086008,0.010318834946007917]","[[0.24060775127123904,0.19346557850087132,0.17628525485871016,0.16839451592553545],[0.020698876218456362,0.008846377136392726,0.005993358776214774,0.005736727569752407]]","[[0.24060775127123904,0.19346557844568182,0.17628525532782077,0.16839451592553545],[0.020698876218456362,0.008846377131218712,0.005993358786562803,0.0057367275839809466]]","[[0.4896152493578416,0.4388066681446853,0.41880191404510425,0.4093184897193202],[0.14361157602182142,0.09380962542361683,0.07723675134281317,0.07560661139863509]]","[[1.0,1.0,0.9731481481481481,0.7513888888888889],[1.0,1.0,1.0,1.0]]","[[3.866214453732526,3.201312217005977,2.769619036603857,2.729237245630335],[1.9905842235794773,1.980529134803348,1.8783345721386098,1.8909125374423132]]","[1.0,1.0]","[3.5655588706334433,1.96506951296771]","[0.0004004641614975063,0.00019805301709749511]","[0.15527137799395455,0.008735093905555982]","[0.15527137760762816,0.008735093909005323]","[[0.19639354800736464,0.15337622474741053,0.13878848514071218,0.13252725352843603],[0.017981625472505886,0.00737782802639736,0.004960348157005178,0.0046205738421391555]]","[[0.19639354800736464,0.15337622419551566,0.1387884850303332,0.1325272531972991],[0.017981625472505886,0.007377828019498675,0.004960348170802549,0.0046205738317911275]]","[[0.44277282268912704,0.3911825910762504,0.37208349969651966,0.3635953274038103],[0.13406252408469166,0.08584464219985184,0.07039592100514305,0.06795315367204172]]","[[1.0,1.0,0.9259259259259259,0.75],[1.0,1.0,1.0,1.0]]","[[3.8786726651368317,3.1626939420346862,2.7619370107297545,2.7274747477637398],[1.9823174670890527,1.987974879476759,1.8835482447235672,1.8882016649952642]]","[1.0,1.0]","[3.5605253908369274,1.9721221102608575]","[null,null]"
residual_simvq_k4-2_d4-4_rate094-20260727-142121,26,0.02538340,0.06818365,0.09356706,0.02266388,0.06515332,22.48766280,0.90301759,0.02142209,0,Phase2-退火(8%),0.000000,0.00000000,,9216,0.1406250000,0.0937500000,5e-05,"[0.19878261995812258,0.01012438470583961]","[0.19878262006850153,0.010124384721361653]","[[0.24460572763173669,0.19763778823393363,0.18039066378993016,0.17249629803829722],[0.020310425960148374,0.008667706509327723,0.005882278801355925,0.005637127447321459]]","[[0.24460572763173669,0.19763778831671786,0.18039066391410652,0.1724962976657682],[0.020310425960148374,0.008667706498979695,0.005882278807392275,0.005637127452495473]]","[[0.4934616574534663,0.4432778509678664,0.4234050045962687,0.4140318363353058],[0.14226943908466233,0.09286590646262523,0.07649811715991409,0.07491507746831134]]","[[1.0,1.0,0.9643518518518519,0.7509259259259259],[1.0,1.0,1.0,1.0]]","[[3.865654527699506,3.197331393648077,2.7699473358966684,2.7314674293553387],[1.9900768193933698,1.9828735252221426,1.887368893402594,1.899173206311685]]","[1.0,1.0]","[3.562350179972472,1.968536925536615]","[0.000422520316162802,0.00018793854255313313]","[0.1895520461930169,0.009880997288834166]","[0.18955204519960617,0.009880997309530223]","[[0.23420172521361599,0.1882848056378188,0.17152766618463727,0.1641939882878904],[0.018775122102212022,0.008918153535988595,0.006170732490028496,0.005659980761508147]]","[[0.23420172521361599,0.188284804865166,0.17152766552236345,0.16419398817751144],[0.018775122102212022,0.00891815357738071,0.006170732500376525,0.0056599808063496045]]","[[0.4833288908004761,0.43321365625770003,0.41344081428315904,0.40451472357467366],[0.13696164819929335,0.09432624114884271,0.0784224679072698,0.07510786089632246]]","[[1.0,1.0,0.9703703703703703,0.75],[1.0,1.0,1.0,1.0]]","[[3.8589344642780445,3.1968845667662444,2.779846115465517,2.7468036828217683],[1.9963360804098624,1.9716794826366284,1.8767576641506618,1.9036004198922052]]","[1.0,1.0]","[3.5629976113637287,1.9588820457458496]","[null,null]"
residual_simvq_k4-2_d4-4_rate094-20260727-142121,27,0.03199453,0.06064582,0.09264036,0.02078989,0.06192713,22.87801291,0.90759849,0.02078989,1,Phase2-退火(10%),0.000000,0.00000000,,9216,0.1406250000,0.0937500000,5e-05,"[0.17366881887945865,0.01073569244256726]","[0.17366881905882448,0.010735692435668574]","[[0.223581638297549,0.17242016534286517,0.1537155631929636,0.14495790622852467],[0.021529114037683164,0.009225575010188752,0.0062327566625619375,0.005955323800272136]]","[[0.223581638297549,0.17242016519109407,0.15371556382764268,0.1449579062561194],[0.021529114037683164,0.009225575015362766,0.006232756670322959,0.005955323785612429]]","[[0.4711229165395101,0.41298462334606384,0.38957073820961846,0.37813397353446043],[0.1463663695173131,0.09569421749975947,0.07867613294058376,0.07696813538118645]]","[[1.0,1.0,0.9546296296296296,0.750462962962963],[1.0,1.0,1.0,1.0]]","[[3.866409605520743,3.204098374755294,2.769205758306715,2.725437526349668],[1.9898965868684981,1.9831662813822428,1.8896669268608093,1.9040929472004926]]","[1.0,1.0]","[3.559890361626943,1.9694901583371338]","[0.0005424520233646036,0.00021892389572544576]","[0.17879184352027044,0.010197351203748473]","[0.17879184352027044,0.010197351231343216]","[[0.2239055069508376,0.17742430887840413,0.1606609841187795,0.15317657363635523],[0.020553110829657977,0.008657649645788803,0.005874513031018001,0.005704131236092912]]","[[0.2239055069508376,0.1774243086576462,0.16066098439472692,0.15317657396749215],[0.020553110829657977,0.008657649673383545,0.005874513062062087,0.00570413124644094]]","[[0.47264234865153276,0.42059527149906867,0.40019317622537964,0.39076891475253633],[0.1433280082764449,0.0929883657782166,0.07659557875659731,0.07548996524678336]]","[[1.0,1.0,0.937037037037037,0.75],[1.0,1.0,1.0,1.0]]","[[3.854957596460978,3.1984711435106066,2.770091129232336,2.7364335342689796],[1.988457484598513,1.9845921216187654,1.8769248768135354,1.8789166582955255]]","[1.0,1.0]","[3.5731096108754477,1.9662016462396692]","[null,null]"
residual_simvq_k4-2_d4-4_rate094-20260727-142121,28,0.02507117,0.06572154,0.09079271,0.02351823,0.06924443,22.36646018,0.90245394,0.02078989,0,Phase2-退火(12%),0.000000,0.00000000,,9216,0.1406250000,0.0937500000,5e-05,"[0.19065668130362476,0.0104348221388473]","[0.19065668124843527,0.010434822164717372]","[[0.23691604187091192,0.18943830816834062,0.17206803482991678,0.16420433906217416],[0.020965611446579848,0.008913712863189479,0.006050207327051019,0.005809756887524768]]","[[0.23691604187091192,0.18943830852707227,0.17206803518864844,0.16420433863445563],[0.020965611446579848,0.00891371286491415,0.0060502073305003625,0.005809756884075425]]","[[0.48570340281283414,0.43402479108836917,0.4135582654012574,0.40399633982667216],[0.14449719022269603,0.09412768748071458,0.0775346192634768,0.0760239919854535]]","[[1.0,1.0,0.95,0.750462962962963],[1.0,1.0,1.0,1.0]]","[[3.865075014697181,3.194639868206448,2.7738073998027377,2.7419310009038007],[1.9901105174311886,1.9825284032909958,1.8847636428144243,1.8964240586316143]]","[1.0,1.0]","[3.5652490593768933,1.9678553327366157]","[0.00039454754824638024,0.0001843244137624559]","[0.20306624615633928,0.009831466215352217]","[0.20306624626671826,0.009831466236048275]","[[0.2506930700054875,0.20191970412377958,0.18400045533974965,0.17565175305913996],[0.019519654288887977,0.008176693706600754,0.00575526744403221,0.005874249190781955]]","[[0.2506930700054875,0.2019197035718847,0.18400045611240246,0.17565175416292966],[0.019519654288887977,0.008176693730746155,0.0057552674612789245,0.005874249194231298]]","[[0.5002161763332508,0.4488139521192621,0.42840072093186554,0.4185720538651502],[0.13967237682254227,0.09033855911758211,0.07576944077456439,0.07657458004024294]]","[[1.0,1.0,0.9722222222222222,0.7518518518518519],[1.0,1.0,1.0,1.0]]","[[3.834057292231807,3.2022327370113794,2.783305784508034,2.739990128411187],[1.9937869416342842,1.9844559537039863,1.9010279107976842,1.9235927414011071]]","[1.0,1.0]","[3.570957581202189,1.972670770574499]","[null,null]"
residual_simvq_k4-2_d4-4_rate094-20260727-142121,29,0.02479042,0.06739778,0.09218820,0.02117326,0.07175308,22.79044548,0.90771538,0.02078989,0,Phase2-退火(13%),0.000000,0.00000000,,9216,0.1406250000,0.0937500000,5e-05,"[0.19683989079462158,0.010089114932688298]","[0.1968398908222163,0.010089114943898662]","[[0.24269895120351404,0.1957485363991172,0.17841415562563473,0.1704979170665697],[0.020289948632664704,0.008640842645911983,0.005818856792972871,0.005606811532440285]]","[[0.24269895120351404,0.1957485370337963,0.1784141555428505,0.17049791673543277],[0.020289948632664704,0.008640842643324976,0.005818856784349514,0.005606811539338971]]","[[0.49174589641668176,0.4413979682105559,0.42133124790809773,0.4118782057806298],[0.14219050403270456,0.09269530334406428,0.07606070467995273,0.07470524280711456]]","[[1.0,1.0,0.9583333333333334,0.7513888888888889],[1.0,1.0,1.0,1.0]]","[[3.866158566210005,3.195258680537895,2.7748954984876844,2.7405367528950726],[1.990450903442171,1.9851902573196976,1.8999778224362267,1.9130581941869524]]","[1.0,1.0]","[3.5631387454492076,1.9726691409393593]","[0.00039974612240998626,0.0001807356473903012]","[0.21288401561754722,0.008960263824297323]","[0.21288401517603134,0.008960263807050608]","[[0.25993105184148857,0.21238434403030962,0.1940385933275576,0.18518206929719006],[0.017258646808288716,0.007333516991800732,0.00551219435615672,0.005736696916735834]]","[[0.25993105184148857,0.21238434380955165,0.19403859244452581,0.18518206852453725],[0.017258646808288716,0.007333516978003361,0.00551219435615672,0.005736696930533206]]","[[0.5092666813620814,0.46021832823753356,0.43985621840865524,0.4297055692584426],[0.13132104520444518,0.08552602435703631,0.07412312715141861,0.07564232724684256]]","[[1.0,1.0,0.9629629629629629,0.7518518518518519],[1.0,1.0,1.0,1.0]]","[[3.875235939025879,3.1950353269223815,2.775719490757695,2.7463715800532587],[1.9854639150478222,1.9914232280519273,1.9058829501823142,1.9425024650715015]]","[1.0,1.0]","[3.5629973499863237,1.9822490533192954]","[null,null]"
residual_simvq_k4-2_d4-4_rate094-20260727-142121,30,0.02488138,0.06824862,0.09313000,0.02125782,0.07155442,22.78153589,0.90571923,0.02078989,0,Phase2-退火(15%),0.000000,0.00000000,,9216,0.1406250000,0.0937500000,5e-05,"[0.1990228809416294,0.01047173195466813]","[0.19902288121757683,0.010471731935696746]","[[0.2448018262507739,0.1979201211421578,0.18065483175494051,0.17271474423231903],[0.020983890092207327,0.009039682361159335,0.0060634304329545965,0.005799924716767338]]","[[0.2448018262507739,0.1979201215284842,0.18065483178253527,0.17271474432890063],[0.020983890092207327,0.009039682364608679,0.006063430429505253,0.005799924710730988]]","[[0.49369592627993336,0.4436354187351686,0.4237571421596739,0.414339009920756],[0.14460635321835677,0.09480364107423359,0.07761978893368332,0.07596411655346552]]","[[1.0,1.0,0.9671296296296297,0.750462962962963],[1.0,1.0,1.0,1.0]]","[[3.8685335322662637,3.1954909474761397,2.7728808526639583,2.735916182729933],[1.9914990149162435,1.9837602734565736,1.9011852028193297,1.9111755190072237]]","[1.0,1.0]","[3.5610878427823383,1.9714307420783572]","[0.00040620328102334126,0.00019127245506954043]","[0.21122261263706066,0.009595426441066795]","[0.21122261407198728,0.009595426447965481]","[[0.25793252995720617,0.21024832637221724,0.19250231307965737,0.18420728147029877],[0.019173844903707504,0.008107547434391798,0.005577934340194419,0.00552237886176617]]","[[0.25793252995720617,0.2102483269241121,0.1925023133004153,0.18420728235333053],[0.019173844903707504,0.008107547437841141,0.0055779343091503335,0.005522378823823399]]","[[0.5073562059137556,0.45795483964460865,0.4381712818587268,0.42863219733591434],[0.13842728524296372,0.08997705573285067,0.07463236964411206,0.07427157522351653]]","[[1.0,1.0,0.9648148148148148,0.7518518518518519],[1.0,1.0,1.0,1.0]]","[[3.8763911688769306,3.202593391912955,2.7713834903858325,2.7296941704220243],[1.991051161730731,1.9888393834785179,1.904777133906329,1.9298529907509132]]","[1.0,1.0]","[3.559995328055488,1.9770392267792314]","[null,null]"
residual_simvq_k4-2_d4-4_rate094-20260727-142121,31,0.02429710,0.06905986,0.09335697,0.02156879,0.07889058,22.77857533,0.90969530,0.02078989,0,Phase2-退火(17%),0.000000,0.00000000,,9216,0.1406250000,0.0937500000,5e-05,"[0.20265450198893195,0.010002032093082865]","[0.20265450232006885,0.010002032084459508]","[[0.24801859695602346,0.20160003958476913,0.18445114334700285,0.1765482275988217],[0.020214069377699935,0.008554505152386371,0.005723266226791398,0.005516287449022962]]","[[0.24801859695602346,0.20160003958476913,0.18445114384370823,0.17654822737806372],[0.020214069377699935,0.008554505146350021,0.005723266215581033,0.0055162874266022335]]","[[0.4970828080618823,0.4479305859517168,0.4283879752512331,0.419109962604664],[0.14197033232560866,0.09229126391863382,0.07549757866395844,0.07415757964330691]]","[[1.0,1.0,0.9662037037037037,0.7509259259259259],[1.0,1.0,1.0,1.0]]","[[3.8728709295943933,3.1954580982526144,2.772805348149052,2.7371300454492924],[1.990773171407205,1.9862912635008494,1.9033860990294704,1.9163380689091152]]","[1.0,1.0]","[3.5606304420365227,1.9739063333581994]","[0.00038559395042183395,0.00016965184849040168]","[0.23601950208346048,0.008962019001720127]","[0.2360195024145974,0.008962019008618814]","[[0.2862164510620965,0.23548597207775823,0.21613321911405634,0.20624236630068885],[0.018122628413968615,0.007560265602336989,0.0051011213549861205,0.005064060356192015]]","[[0.2862164510620965,0.23548597152586337,0.21613321867254046,0.20624236751485753],[0.018122628413968615,0.007560265619583704,0.005101121351536777,0.005064060380337415]]","[[0.5343363554389389,0.48452901619452016,0.46415294342570834,0.4534095859086072],[0.13457431583492843,0.08687846456412916,0.07136000665249648,0.0711154031532782]]","[[1.0,1.0,0.9796296296296296,0.7518518518518519],[1.0,1.0,1.0,1.0]]","[[3.854824733734131,3.206291862770363,2.7853896070409703,2.7372732868901006],[1.9919876531318381,1.9840032789442275,1.900320362161707,1.9144398512663665]]","[1.0,1.0]","[3.5691473607663755,1.9721003196857594]","[null,null]"
residual_simvq_k4-2_d4-4_rate094-20260727-142121,32,0.02424401,0.06968690,0.09393091,0.02023754,0.07354845,23.01294405,0.91102811,0.02023754,1,Phase2-退火(18%),0.000000,0.00000000,,9216,0.1406250000,0.0937500000,5e-05,"[0.20498519211455626,0.00991535741508145]","[0.20498519241809846,0.009915357424567143]","[[0.2505582997368442,0.20390552403750242,0.1867092999043288,0.17876764484853655],[0.02006397525159021,0.008458450770316024,0.005655320824762048,0.005483682725268105]]","[[0.2505582997368442,0.20390552406509718,0.18670930034584468,0.17876764523486297],[0.02006397525159021,0.00845845076945369,0.005655320829073726,0.005483682732166792]]","[[0.49957656026990327,0.4504381417676255,0.4309572230334635,0.4216908691657914],[0.14142154688360514,0.09174137169288264,0.07502365516567672,0.07392018674700349]]","[[1.0,1.0,0.9625,0.7518518518518519],[1.0,1.0,1.0,1.0]]","[[3.8723850108959055,3.195858543448978,2.7730018938029253,2.737163628472222],[1.9923059317800733,1.9849324720877188,1.9006395119207877,1.9151359756787618]]","[1.0,1.0]","[3.559818559222751,1.9722430306452292]","[0.00040224381618490616,0.0001840587128956233]","[0.21587436309567204,0.010723302989370293]","[0.2158743621022613,0.010723302989370293]","[[0.262042525962547,0.21471532605312488,0.19739964505036672,0.18933995233641732],[0.02176711846280981,0.00918749848863593,0.0060356907615507095,0.005902904113409696]]","[[0.262042525962547,0.21471532605312488,0.197399643946577,0.18933995233641732],[0.02176711846280981,0.009187498516230672,0.006035690799493481,0.0059029041168590386]]","[[0.5113296837718398,0.46272148821089004,0.4436344948079851,0.4344854059042754],[0.14749381685698473,0.09578671665103347,0.07763107115471804,0.07678538996864248]]","[[1.0,1.0,0.9796296296296296,0.7518518518518519],[1.0,1.0,1.0,1.0]]","[[3.8607690193034983,3.2026423648551656,2.776824461972272,2.7445375318880436],[1.988388306123239,1.9928687899201005,1.9260119641268696,1.9204980002509222]]","[1.0,1.0]","[3.5633490050280536,1.9812369426091512]","[null,null]"
residual_simvq_k4-2_d4-4_rate094-20260727-142121,33,0.02386199,0.06971174,0.09357373,0.02026636,0.07786834,22.98889676,0.91014850,0.02023754,0,Phase2-退火(20%),0.000000,0.00000000,,9216,0.1406250000,0.0937500000,5e-05,"[0.20588773522112105,0.009549907997629985]","[0.2058877353315,0.009549908001079327]","[[0.2512475717122908,0.2048678413309433,0.18769218527056553,0.17974334113575793],[0.019406112098928403,0.008133399871143478,0.005421352110096012,0.005238767828861321]]","[[0.2512475717122908,0.20486784163448546,0.18769218543613397,0.17974334119094743],[0.019406112098928403,0.008133399879766835,0.0054213521083713405,0.00523876784093402]]","[[0.5003095535768403,0.4515596734704795,0.43215462653725234,0.4229059683503928],[0.1390705137755032,0.08993912288160236,0.07342927898797724,0.07223844097720253]]","[[1.0,1.0,0.9638888888888889,0.7518518518518519],[1.0,1.0,1.0,1.0]]","[[3.873400812678867,3.195511319019176,2.774737841111642,2.7420559194352894],[1.9916472059709054,1.9865050468179914,1.908073933477755,1.9202799298145152]]","[1.0,1.0]","[3.56200973810973,1.9748315864139132]","[0.0003900263539603825,0.00016649123766641154]","[0.23017078781569444,0.010559937896000014]","[0.23017078737417856,0.010559937909797385]","[[0.27805829533824217,0.2292452950168539,0.2109639245050925,0.20241563629221032],[0.021414367150929238,0.009056856624644111,0.006005166419264343,0.005763361478845278]]","[[0.27805829533824217,0.2292452942442011,0.2109639236220607,0.20241563585069444],[0.021414367150929238,0.009056856624644111,0.006005166457207114,0.005763361454699878]]","[[0.5267696314387851,0.478195724663911,0.4587008716883483,0.4493142198633265],[0.14628792681075908,0.09509201965950154,0.0774371224421042,0.07587998663937603]]","[[1.0,1.0,0.9851851851851852,0.7518518518518519],[1.0,1.0,1.0,1.0]]","[[3.8690678684799757,3.2127638110408077,2.786537539517438,2.742086062607942],[1.9889991875048036,1.9913210674568458,1.9157396404831497,1.9211419026056926]]","[1.0,1.0]","[3.5709651540826868,1.9793375209525779]","[null,null]"
residual_simvq_k4-2_d4-4_rate094-20260727-142121,34,0.02657100,0.06691320,0.09348420,0.02312373,0.05876521,22.45193511,0.90413215,0.02023754,0,Phase2-退火(22%),0.000000,0.00000000,,9216,0.1406250000,0.0937500000,5e-05,"[0.19669288598276952,0.009773463745497995]","[0.19669288601036425,0.009773463751534345]","[[0.24317413002804475,0.1955924307582555,0.178064355392147,0.1699406277940229],[0.019861133960593077,0.008361906247834365,0.005549522010712988,0.005321292645142724]]","[[0.24317413002804475,0.19559243052370018,0.17806435522657854,0.16994062819414668],[0.019861133960593077,0.008361906241798014,0.005549522004676638,0.005321292651179074]]","[[0.49171492369086656,0.440421822225606,0.419983548146707,0.41019116778064657],[0.14062057874268954,0.09114547189739015,0.07425739340208194,0.07277017524810853]]","[[1.0,1.0,0.9662037037037037,0.7532407407407408],[1.0,1.0,1.0,1.0]]","[[3.876111654440562,3.1979779777703463,2.776157855546033,2.737484500143263],[1.9913618990668545,1.986433791451984,1.9090837783283658,1.9228687838271812]]","[1.0,1.0]","[3.5590912505432413,1.9753272069825067]","[0.000492012870947494,0.0001752991710317373]","[0.1667111971863994,0.011964942445909536]","[0.1667111967448835,0.011964942466605592]","[[0.2113523973359002,0.16488886486600945,0.14875941977456764,0.14184410588608848],[0.025705198308935872,0.010141979592541853,0.006251706576181783,0.005760885233542433]]","[[0.2113523973359002,0.16488886464525151,0.14875941927786226,0.14184410505824618],[0.025705198308935872,0.010141979620136597,0.006251706552036383,0.005760885243890462]]","[[0.4592450903521644,0.4054920774919015,0.385111826216733,0.3760638232584353],[0.16029010271584546,0.10064847861175184,0.07902052385939493,0.07586819639912358]]","[[1.0,1.0,0.9314814814814815,0.75],[1.0,1.0,1.0,1.0]]","[[3.874437900825783,3.189182899616383,2.7707631287751373,2.721197393205431],[1.9801829090824834,1.9967876972975553,1.9543953621828998,1.9427483143629851]]","[1.0,1.0]","[3.564672357064706,1.9913264080330177]","[null,null]"
residual_simvq_k4-2_d4-4_rate094-20260727-142121,35,0.02351901,0.06788721,0.09140622,0.02312870,0.06631782,22.40323189,0.90651387,0.02023754,0,Phase2-退火(23%),0.000000,0.00000000,,9216,0.1406250000,0.0937500000,5e-05,"[0.1994460502984347,0.01007151328354936]","[0.1994460502984347,0.010071513278375346]","[[0.24490269728832775,0.1984153264236671,0.18119268091740431,0.17327349606763434],[0.020354660907415327,0.008609659060904825,0.005759267418438361,0.0055624656767273946]]","[[0.24490269728832775,0.1984153261753144,0.18119268105537803,0.17327349616421595],[0.020354660907415327,0.008609659076426869,0.005759267417576026,0.005562465674140387]]","[[0.49373715972458876,0.4441339380763195,0.42433607125723805,0.41496044844388963],[0.14239602083409275,0.09250472258362505,0.07566178332048434,0.07441757698025968]]","[[1.0,1.0,0.9587962962962963,0.7541666666666667],[1.0,1.0,1.0,1.0]]","[[3.877817313759415,3.1910404832274826,2.772019093566471,2.738958250593256],[1.9917009088728164,1.9870906046143284,1.9063271387859626,1.9205183567824187]]","[1.0,1.0]","[3.5580972322711237,1.9748940454588997]","[0.00037542977267919383,0.00016834066937345023]","[0.19377183340213916,0.010440675272709794]","[0.19377183296062328,0.010440675272709794]","[[0.23861858933060257,0.1928648030316388,0.17570530396920664,0.16789863407611846],[0.02083694667175964,0.008992837804059187,0.006006756214493955,0.005926160238407276]]","[[0.23861858933060257,0.1928648027005019,0.1757053029757959,0.1678986344072554],[0.02083694667175964,0.008992837810957874,0.006006756204145926,0.005926160255653991]]","[[0.48794928590456643,0.43856510983573066,0.41856795924681206,0.40917338221161453],[0.14428436358769733,0.09473202167837708,0.07742354544224563,0.07693129921400989]]","[[1.0,1.0,0.9296296296296296,0.7518518518518519],[1.0,1.0,1.0,1.0]]","[[3.8754460635008634,3.1624253979435673,2.776486810048421,2.746064313252767],[1.9961969905429415,1.9850348499086168,1.9091493995101363,1.9358972699553878]]","[1.0,1.0]","[3.538587181656449,1.9734819959711145]","[null,null]"
residual_simvq_k4-2_d4-4_rate094-20260727-142121,36,0.02355239,0.06979502,0.09334741,0.02049730,0.06288937,22.99703292,0.91179233,0.02023754,0,Phase2-退火(25%),0.000000,0.00000000,,9216,0.1406250000,0.0937500000,5e-05,"[0.2056953080136467,0.01008500378596148]","[0.20569530812402567,0.01008500377388878]","[[0.25092324860118054,0.2046952325436804,0.18754144459962846,0.17962130749667132],[0.02040389863325766,0.00862727915454242,0.005742435597952593,0.00556640164512727]]","[[0.25092324860118054,0.20469523251608565,0.1875414445168442,0.17962130785540298],[0.02040389863325766,0.008627279163165778,0.005742435603126607,0.0055664016554752985]]","[[0.49988133636889637,0.45123175349500444,0.4318331354194217,0.4226148804028829],[0.14259701989315174,0.09262536729651469,0.07555732348312934,0.07443685989688945]]","[[1.0,1.0,0.961574074074074,0.7560185185185185],[1.0,1.0,1.0,1.0]]","[[3.877191080870452,3.1926169488165113,2.7744624897285743,2.7430088453822665],[1.9928545422024198,1.986540448003345,1.906797268876323,1.919637116017165]]","[1.0,1.0]","[3.559628826159018,1.973972310622533]","[0.00037144343624715006,0.00015483634372988794]","[0.18068141451588385,0.011751180976905204]","[0.18068141484702074,0.011751180976905204]","[[0.22409162433059127,0.17920814929185092,0.16321128319810937,0.15621459886983588],[0.023354252110476845,0.010110784563477393,0.007013514810414226,0.006526172499137896]]","[[0.22409162433059127,0.17920814984374575,0.16321128319810937,0.15621459964248868],[0.023354252110476845,0.010110784542781335,0.007013514841458312,0.006526172506036582]]","[[0.47291073114783677,0.4227938623340042,0.40345153322926275,0.3947154736077344],[0.15277324528605848,0.10047347617370112,0.08368447583030772,0.08073873839996479]]","[[1.0,1.0,0.9481481481481482,0.7518518518518519],[1.0,1.0,1.0,1.0]]","[[3.858816420590436,3.1828005490479647,2.7787522192354555,2.7463947614034017],[1.9925985698346738,1.9891079876157973,1.9118050910808422,1.9390250161842064]]","[1.0,1.0]","[3.5680311255984836,1.97869544117539]","[null,null]"
residual_simvq_k4-2_d4-4_rate094-20260727-142121,37,0.02724231,0.06841198,0.09565429,0.02120639,0.06295954,22.77916252,0.91128977,0.02023754,0,Phase2-退火(27%),0.000000,0.00000000,,9216,0.1406250000,0.0937500000,5e-05,"[0.20036418090264002,0.010704311186930647]","[0.2003641808750453,0.01070431118865532]","[[0.24879580934842427,0.19909569019520723,0.1809470957076108,0.17261812685540429],[0.021353539941763436,0.009163338210675175,0.006287578509741083,0.006012787938945823]]","[[0.24879580934842427,0.19909569044355993,0.18094709577659765,0.1726181268967964],[0.021353539941763436,0.009163338214986855,0.00628757851836444,0.006012787942395166]]","[[0.49709325195462617,0.4439810969211437,0.42291980584462485,0.4129285816241194],[0.14546245132331495,0.09503301965693632,0.07870687144222083,0.07713478624268814]]","[[1.0,1.0,0.9532407407407407,0.7546296296296297],[1.0,1.0,1.0,1.0]]","[[3.861657921914701,3.2150382982359993,2.7866911548155326,2.7580357878296464],[1.9911383182914169,1.9662984876720995,1.8487857809773198,1.8532216162593276]]","[1.0,1.0]","[3.5800720519489713,1.9505727851832355]","[0.0004888675864128379,0.00021827588378881856]","[0.18403829612113812,0.010057065684210371]","[0.18403829623151707,0.010057065711805114]","[[0.2309759227214036,0.18277623543032892,0.16511932401745408,0.15728170805507236],[0.02057724864118629,0.008267228595084615,0.005837981251102907,0.00554580424601833]]","[[0.2309759227214036,0.18277623509919202,0.16511932462453843,0.1572817079446934],[0.02057724864118629,0.008267228574388557,0.005837981251102907,0.005545804266714387]]","[[0.48006509873602127,0.42691637034769414,0.40573232858269304,0.39599462107375816],[0.14340280791123708,0.09085530384823128,0.07635701480838987,0.07443733574063689]]","[[1.0,1.0,0.9074074074074074,0.7518518518518519],[1.0,1.0,1.0,1.0]]","[[3.8610774834950763,3.202359531543873,2.803127878683585,2.8003307854687725],[1.9816967054649635,1.9828469064500598,1.8667996300591363,1.878016721760785]]","[1.0,1.0]","[3.5947377893659804,1.9669588636468958]","[null,null]"
residual_simvq_k4-2_d4-4_rate094-20260727-142121,38,0.02300974,0.06959183,0.09260157,0.01924429,0.07714180,23.20513360,0.91310123,0.01924429,1,Phase2-退火(28%),0.000000,0.00000000,,9216,0.1406250000,0.0937500000,5e-05,"[0.2052440467256087,0.01016494071593991]","[0.20524404691877188,0.010164940721113925]","[[0.2515592076988132,0.2042115779110679,0.18659564545033155,0.17860975489020348],[0.020314621242384114,0.008557510031904612,0.005970468637705953,0.005817162881053432]]","[[0.2515592076988132,0.20421157744195725,0.18659564536754733,0.1786097551661509],[0.020314621242384114,0.008557510020694247,0.005970468630807267,0.005817162875879418]]","[[0.5006666909765314,0.45085288164792237,0.43089192780079666,0.4215661586434753],[0.14230592283937665,0.09228571554025014,0.07709469837998903,0.07615175819783299]]","[[1.0,1.0,0.9393518518518519,0.7518518518518519],[1.0,1.0,1.0,1.0]]","[[3.8652801407708064,3.1888939707367507,2.8063471365858006,2.8126047244778385],[1.9885828916673307,1.977389266755846,1.8504786811493061,1.8634256122288881]]","[1.0,1.0]","[3.5892320222324794,1.9577197496537808]","[0.0003510975173277849,0.00015582594353165608]","[0.23121470190860607,0.009110132901480904]","[0.23121470235012195,0.009110132922176961]","[[0.27820979908660604,0.2304871956507365,0.21235610180430942,0.2038057106512564],[0.018329226956875236,0.007401143031677714,0.005257226509490499,0.005452934918166311]]","[[0.27820979908660604,0.23048719587149444,0.21235610092127766,0.20380571043049847],[0.018329226956875236,0.0074011430627218,0.005257226512939842,0.005452934935413025]]","[[0.52690064796695,0.479476648789865,0.460200572013855,0.4508453565615195],[0.1353300639876613,0.08593873646524218,0.07242762882400441,0.07379149551744814]]","[[1.0,1.0,0.9685185185185186,0.7518518518518519],[1.0,1.0,1.0,1.0]]","[[3.8598970501511185,3.2016701998534027,2.8048864488248473,2.8030408223470054],[1.9871154502586081,1.9831179468720048,1.8515612522761027,1.8815166446897718]]","[1.0,1.0]","[3.5910769109372738,1.963563483732718]","[null,null]"
residual_simvq_k4-2_d4-4_rate094-20260727-142121,39,0.02309849,0.07198080,0.09507928,0.01942565,0.06470569,23.16213016,0.91291857,0.01924429,0,Phase2-退火(30%),0.000000,0.00000000,,9216,0.1406250000,0.0937500000,5e-05,"[0.21315635056407364,0.010107172632382975]","[0.21315635039850517,0.010107172634969982]","[[0.2588843857800519,0.21217168059062075,0.1947792340207983,0.18679009856725182],[0.020265110280295765,0.008548488122997461,0.0059041689408736095,0.0057109230629133955]]","[[0.2588843857800519,0.21217168092175767,0.19477923399320354,0.18679009845687283],[0.020265110280295765,0.008548488134207825,0.005904168960707331,0.0057109230629133955]]","[[0.5078860779051427,0.4595708647811854,0.44026629637788844,0.43113907829478937],[0.1421183859032613,0.09220157740292725,0.07662580269906256,0.0754196792151089]]","[[1.0,1.0,0.9541666666666667,0.7564814814814815],[1.0,1.0,1.0,1.0]]","[[3.8714498140193796,3.1945679280492993,2.799648874777335,2.794653622309367],[1.9900982346799638,1.9812584353817835,1.8761150711112553,1.8898547580948581]]","[1.0,1.0]","[3.582694669564565,1.9655021484251376]","[0.0003750682460290759,0.00015580347639183013]","[0.19060596338024846,0.009677785234870733]","[0.1906059636010064,0.009677785221073362]","[[0.23365675387559115,0.18951896594630346,0.17334587441550361,0.16590226038738534],[0.018926462310331838,0.008245944083426838,0.005907412439032837,0.0056313219687177075]]","[[0.23365675387559115,0.18951896572554552,0.17334587452588257,0.1659022601666274],[0.018926462310331838,0.00824594409722421,0.005907412401090066,0.005631321965268364]]","[[0.4828130684517048,0.4346937707176915,0.41569423101566455,0.4066747616838526],[0.13750555471137718,0.09070357746548123,0.07676804965292966,0.07497453926889985]]","[[1.0,1.0,0.95,0.7518518518518519],[1.0,1.0,1.0,1.0]]","[[3.866836600833469,3.184161353994299,2.8034044248086434,2.799973539069847],[1.9951341770313404,1.9744925719720345,1.8772907654444377,1.9040875487857394]]","[1.0,1.0]","[3.577747502150359,1.9620471398035686]","[null,null]"
residual_simvq_k4-2_d4-4_rate094-20260727-142121,40,0.02262028,0.07311889,0.09573916,0.01988199,0.07531011,23.06188991,0.91111641,0.01924429,0,Phase2-退火(32%),0.000000,0.00000000,,9216,0.1406250000,0.0937500000,5e-05,"[0.21793234375891862,0.009533519663468555]","[0.21793234392448707,0.009533519663468555]","[[0.26342852664766486,0.21699645604800294,0.19969077019227877,0.19161362043685384],[0.0192014090164944,0.00808736650204217,0.005506541564439734,0.005338761509672083]]","[[0.26342852664766486,0.21699645566167655,0.19969077057860515,0.19161362051963807],[0.0192014090164944,0.008087366507216184,0.005506541585135791,0.005338761507947412]]","[[0.5122024993101756,0.4646238429678811,0.4456361015637716,0.43652488815563695],[0.1383488270005694,0.08966805552718816,0.07398380064577968,0.07291426672427742]]","[[1.0,1.0,0.9606481481481481,0.7620370370370371],[1.0,1.0,1.0,1.0]]","[[3.8704875005616084,3.195566060366454,2.7941343837314183,2.7846490939458213],[1.9917436948528997,1.9818806752010627,1.886704722157231,1.900589332094899]]","[1.0,1.0]","[3.5785985527215183,1.9675876396673697]","[0.00037886219843467526,0.00014378080743511048]","[0.22432791690031686,0.009899661000128146]","[0.22432791612766406,0.009899661007026831]","[[0.2692920011502725,0.2235164615843031,0.206262234405235,0.19824096814349845],[0.01997820115475743,0.008243637945916918,0.00582373678960182,0.0055530680240028435]]","[[0.2692920011502725,0.22351646147392415,0.2062622340740981,0.1982409675916036],[0.01997820115475743,0.008243637980410346,0.0058237367965005065,0.0055530680240028435]]","[[0.5183179691985801,0.4720926777080253,0.453472015592787,0.4445727242363824],[0.14127003020710416,0.09068918918017987,0.07622285192763364,0.07445698628822962]]","[[1.0,1.0,0.9222222222222223,0.7611111111111111],[1.0,1.0,1.0,1.0]]","[[3.8701316250695124,3.1702724191877576,2.8030973275502524,2.7904443952772353],[1.9873834557003445,1.9895899657849911,1.9137960513432821,1.932096959926464]]","[1.0,1.0]","[3.572043153974745,1.9803860938107525]","[null,null]"
residual_simvq_k4-2_d4-4_rate094-20260727-142121,41,0.02251809,0.07382899,0.09634708,0.01966273,0.07531701,23.10434042,0.91098965,0.01924429,0,Phase2-退火(33%),0.000000,0.00000000,,9216,0.1406250000,0.0937500000,5e-05,"[0.2205982344294036,0.009392728506483965]","[0.22059823478813526,0.009392728505621629]","[[0.26643976566416244,0.21966565579727845,0.20223259669211174,0.19405491861204308],[0.018928813489360943,0.007994548290864462,0.005413413788536908,0.005234138414056765]]","[[0.26643976566416244,0.21966565623879433,0.20223259669211174,0.1940549186396378],[0.018928813489360943,0.007994548290864462,0.005413413783362894,0.005234138420093115]]","[[0.5151467380148393,0.46751331096446075,0.4485110200665615,0.4393479351092268],[0.13735122087377089,0.08915931201643414,0.0733656314443107,0.07220555129978391]]","[[1.0,1.0,0.961574074074074,0.7615740740740741],[1.0,1.0,1.0,1.0]]","[[3.8757421723118535,3.196591447900843,2.793596174981859,2.778629552434992],[1.991240382415277,1.9854626955809416,1.9016124332392657,1.9143582229261045]]","[1.0,1.0]","[3.5758040097024706,1.9730780572802933]","[0.0003841422039571356,0.0001510099574362458]","[0.22688006504818245,0.008480622629738517]","[0.22688006515856143,0.008480622615941145]","[[0.2732816053761376,0.22611666719118753,0.20824652203807123,0.1998754648146806],[0.017236561162604226,0.007091327480695866,0.004823159502336273,0.004771442100819614]]","[[0.2732816053761376,0.22611666686005064,0.2082465225899661,0.19987546470430162],[0.017236561162604226,0.007091327470347837,0.004823159502336273,0.004771442124965014]]","[[0.5221272422207727,0.47480815450350444,0.4556230637762282,0.446378583378262],[0.1312319314038312,0.0841343773735894,0.0693887323141098,0.06903379421543192]]","[[1.0,1.0,0.9703703703703703,0.7777777777777778],[1.0,1.0,1.0,1.0]]","[[3.8709061587298357,3.207870144314236,2.7860499364358406,2.765268405278524],[1.9926218377219307,1.9847165196030228,1.8960971337777597,1.9101978266680681]]","[1.0,1.0]","[3.578895143226341,1.9709024976800988]","[null,null]"
residual_simvq_k4-2_d4-4_rate094-20260727-142121,42,0.02216508,0.07440155,0.09656663,0.02328727,0.07402178,22.40418807,0.90972995,0.01924429,0,Phase2-退火(35%),0.000000,0.00000000,,9216,0.1406250000,0.0937500000,5e-05,"[0.2230807735412209,0.009093437430069403]","[0.22308077337565246,0.00909343743265641]","[[0.26870004046294427,0.22219213727447723,0.20480891983542177,0.1966219934048476],[0.018391489806688494,0.007745405198592278,0.005202383565268031,0.005034470960877284]]","[[0.26870004046294427,0.2221921369985298,0.20480891980782703,0.19662199315649492],[0.018391489806688494,0.007745405189106586,0.005202383570873213,0.005034470950098087]]","[[0.5173255481653743,0.47019300543599657,0.4513557912574874,0.4422407798745014],[0.13536388904408173,0.08773582541832217,0.07190317414287063,0.07079023361482002]]","[[1.0,1.0,0.9675925925925926,0.7615740740740741],[1.0,1.0,1.0,1.0]]","[[3.87622803317176,3.1941305500489694,2.7925042633657102,2.7797329041692946],[1.992276974298336,1.9859401945714596,1.904327721507461,1.9163144709887328]]","[1.0,1.0]","[3.575746777322557,1.9735312865840065]","[0.0003741493349715947,0.0001513179151852792]","[0.21389373827863623,0.013924833021506116]","[0.21389373827863623,0.013924833055999545]","[[0.25850841270552744,0.21253353820906745,0.19597883191373613,0.1885541695135611],[0.025874853548076417,0.013145335025533483,0.008955129101458523,0.007724014307475753]]","[[0.25850841270552744,0.21253353865058333,0.195978832465631,0.18855416852015036],[0.025874853548076417,0.013145334949647938,0.008955129101458523,0.007724014324722466]]","[[0.5078153959027043,0.4603101480890203,0.4419803462646626,0.4335284588513551],[0.16041501826710172,0.11378183960914612,0.09347092216765439,0.08671594659487407]]","[[1.0,1.0,0.95,0.7648148148148148],[1.0,1.0,1.0,1.0]]","[[3.865619014810633,3.1764959935788757,2.8064482653582536,2.7887550565931534],[1.996432234622814,1.9743643389807808,1.8697641019467954,1.8681873162587483]]","[1.0,1.0]","[3.5799630094457555,1.9536362718652796]","[null,null]"
residual_simvq_k4-2_d4-4_rate094-20260727-142121,43,0.02881823,0.06546424,0.09428246,0.01906021,0.07678846,23.24273916,0.91549884,0.01906021,1,Phase2-退火(37%),0.000000,0.00000000,,9216,0.1406250000,0.0937500000,5e-05,"[0.19302900850220964,0.01007543541232331]","[0.19302900826765432,0.010075435409736303]","[[0.2414395658782235,0.19194859549127244,0.17354149172703426,0.16518637902206845],[0.02025589015921233,0.008583212680942207,0.005818883702158928,0.005643754947447666]]","[[0.2414395658782235,0.1919485959051936,0.1735414914648842,0.1651863791462448],[0.02025589015921233,0.008583212693014906,0.0058188837069017745,0.005643754941842484]]","[[0.48974637113235614,0.4357730950470324,0.41384760257270603,0.40351549718115065],[0.1413695184720887,0.09135191782757088,0.07517228477668983,0.07440687935385439]]","[[1.0,1.0,0.9574074074074074,0.7532407407407408],[1.0,1.0,1.0,1.0]]","[[3.8717909658396685,3.1981312486860487,2.7878642868112635,2.7650582123685767],[1.992171128149386,1.9814245530852566,1.8897293541166518,1.903430437379413]]","[1.0,1.0]","[3.570797049999237,1.9676124221748776]","[0.00048241859301385745,0.00016876072650794178]","[0.22993626517278176,0.009665394891743307]","[0.22993626495202382,0.00966539488484462]","[[0.27733103390093206,0.2292776432302263,0.21096755762894948,0.20216882317154497],[0.01945573493010468,0.008042224979511015,0.005605948254190109,0.005557671448008882]]","[[0.27733103390093206,0.22927764311984733,0.2109675579600864,0.202168823061166],[0.01945573493010468,0.008042224976061671,0.005605948247291424,0.005557671451458224]]","[[0.5260590506924523,0.47819474516091526,0.4586675977265393,0.44900294763070564],[0.13941079687189173,0.08955882020570614,0.07477385837722708,0.07448236876063877]]","[[1.0,1.0,0.9611111111111111,0.75],[1.0,1.0,1.0,1.0]]","[[3.8746973549878154,3.1974738385942247,2.796520725886027,2.7818529005403874],[1.990819463023433,1.9833329183083994,1.8803750303056506,1.9056951611130326]]","[1.0,1.0]","[3.580236639799895,1.968809535768297]","[null,null]"
residual_simvq_k4-2_d4-4_rate094-20260727-142121,44,0.02210294,0.07382235,0.09592529,0.01910876,0.07727204,23.24075865,0.91571108,0.01906021,0,Phase2-退火(38%),0.000000,0.00000000,,9216,0.1406250000,0.0937500000,5e-05,"[0.22096244499639228,0.00944479226169211]","[0.22096244524474498,0.00944479226341678]","[[0.26678348992157863,0.22003411755517677,0.2025737524860435,0.19445841665621158],[0.019173941457713093,0.007997802990764656,0.005376806825451139,0.005230617637452842]]","[[0.26678348992157863,0.22003411785871893,0.20257375309312786,0.19445841684937476],[0.019173941457713093,0.007997802999388013,0.005376806828900482,0.005230617625380142]]","[[0.5156500341163741,0.46808531598912345,0.44906308971069475,0.43996818209135974],[0.1382480334352564,0.08917579719865763,0.07309080237453734,0.07213853348598435]]","[[1.0,1.0,0.9643518518518519,0.7569444444444444],[1.0,1.0,1.0,1.0]]","[[3.8761244751788952,3.191101003576208,2.7917005861247026,2.7781558531301993],[1.9909252716435326,1.9848369863298205,1.901241089238061,1.9166918615500133]]","[1.0,1.0]","[3.5727048224873013,1.9731550987120028]","[0.00036057570336938457,0.00012975370291314902]","[0.23113459635663916,0.009980991772479481]","[0.23113459602550224,0.009980991765580795]","[[0.27858762122966624,0.23039571565610392,0.21215861461780688,0.20339643381260059],[0.01938353752096494,0.00840886900615361,0.006111151652617587,0.00602040881704953]]","[[0.27858762122966624,0.23039571587686186,0.21215861550083867,0.20339643447487443],[0.01938353752096494,0.008408868995805582,0.006111151642269558,0.0060204087756574156]]","[[0.5272054007759801,0.4793199360370636,0.45992348392804466,0.4503294381830427],[0.13917527563042112,0.09162837730513679,0.07811910973654854,0.07755525272201609]]","[[1.0,1.0,0.9666666666666667,0.7574074074074074],[1.0,1.0,1.0,1.0]]","[[3.8683723891222916,3.204060098859999,2.7946636252933077,2.780119770544547],[1.9928218338224624,1.9767503570627283,1.8620750798119439,1.9058957029272008]]","[1.0,1.0]","[3.5828904187237773,1.9631307151582507]","[null,null]"
residual_simvq_k4-2_d4-4_rate094-20260727-142121,45,0.02198273,0.07504945,0.09703217,0.01956836,0.06637984,23.12244998,0.91102933,0.01906021,0,Phase2-退火(40%),0.000000,0.00000000,,9216,0.1406250000,0.0937500000,5e-05,"[0.22482652197833414,0.009582320737859442]","[0.2248265217575762,0.009582320749069806]","[[0.2704814427152828,0.22392200444031646,0.20651798162747312,0.19838465904747998],[0.019510112726991928,0.008085921415369268,0.005434559229588895,0.005298689474282717]]","[[0.2704814427152828,0.22392200510259028,0.20651798162747312,0.19838465852317988],[0.019510112726991928,0.008085921414506932,0.005434559234762909,0.005298689482043739]]","[[0.5189635843590453,0.4719379445468938,0.45315006066251684,0.4441321708537914],[0.13947873060350066,0.08970852755010128,0.07354629626152692,0.07267550755016229]]","[[1.0,1.0,0.9629629629629629,0.7675925925925926],[1.0,1.0,1.0,1.0]]","[[3.8763297058917856,3.1912855633982904,2.7943097573739513,2.7825326994613366],[1.9929519439185108,1.9839053001668718,1.8992694358030955,1.917680322461658]]","[1.0,1.0]","[3.5737568325466578,1.9716988378100926]","[0.00037543221796686004,0.0001406961185811842]","[0.19973528473465532,0.007925135642290115]","[0.19973528396200252,0.007925135604347345]","[[0.2421910164532838,0.1986523457147457,0.18273399748184063,0.1753637800614039],[0.01597482804208994,0.0065825914653639,0.0045582477244789955,0.004584875078526912]]","[[0.2421910164532838,0.19865234516285085,0.1827339972610827,0.17536377950950904],[0.01597482804208994,0.006582591468813243,0.004558247727928338,0.004584875057830855]]","[[0.49150806952405857,0.4450046868235977,0.4267634963547742,0.4180708203050825],[0.12634586642185847,0.08107261961257016,0.06746372828880946,0.06767630946856958]]","[[1.0,1.0,0.95,0.7555555555555555],[1.0,1.0,1.0,1.0]]","[[3.8877683233331752,3.1784027364518908,2.7823009490966797,2.77095655158714],[1.9922676572093256,1.9828638474146525,1.8847891304228042,1.913219278830069]]","[1.0,1.0]","[3.5660634500009043,1.969466139652111]","[null,null]"
residual_simvq_k4-2_d4-4_rate094-20260727-142121,46,0.02152722,0.07499712,0.09652435,0.01954920,0.07746851,23.18003806,0.91499425,0.01906021,0,Phase2-退火(42%),0.000000,0.00000000,,9216,0.1406250000,0.0937500000,5e-05,"[0.22638557246989674,0.008592774492205569]","[0.22638557241470725,0.008592774505140606]","[[0.2717791924873988,0.2255253606648357,0.2081948939986803,0.2000428413765298],[0.017549616136346702,0.007279244383486609,0.0048322284348412525,0.004710008784335244]]","[[0.2717791924873988,0.2255253606096462,0.2081948939434908,0.20004284161108513],[0.017549616136346702,0.007279244378312595,0.0048322284292360695,0.004710008778730062]]","[[0.5202709643377198,0.4736894580501097,0.4550513478340926,0.4460477001689099],[0.13228613248577825,0.08511869301674542,0.06936088158162655,0.06852780013448662]]","[[1.0,1.0,0.9652777777777778,0.7675925925925926],[1.0,1.0,1.0,1.0]]","[[3.883334532048967,3.192411112785339,2.790506965584225,2.777117637351707],[1.992890191078186,1.9869906498326195,1.9100080262731622,1.924512352987572]]","[1.0,1.0]","[3.570330042750747,1.9756798062059615]","[0.00036166452094524477,0.000118840728336417]","[0.23496921294265324,0.008166324716337301]","[0.2349692122803794,0.008166324699090587]","[[0.28091572180942254,0.23404347973841208,0.2165699941140634,0.20834765213507192],[0.016584222101502948,0.006745182350277901,0.004685307997796271,0.004650586232956912]]","[[0.28091572180942254,0.23404348073182282,0.2165699933414106,0.20834765202469296],[0.016584222101502948,0.006745182353727243,0.004685308001245614,0.004650586222608884]]","[[0.5294250152729175,0.4831293276062718,0.46471307829574304,0.45580912055792633],[0.1287111903782244,0.08201190674746478,0.06833698710909596,0.06811584052112367]]","[[1.0,1.0,0.9907407407407407,0.7648148148148148],[1.0,1.0,1.0,1.0]]","[[3.8814236323038735,3.214665416434959,2.7887142799518725,2.771789483670835],[1.9917656236224703,1.9891959428787231,1.9143875351658575,1.9313618704124733]]","[1.0,1.0]","[3.57668222144798,1.978555762326276]","[null,null]"
residual_simvq_k4-2_d4-4_rate094-20260727-142121,47,0.02174453,0.07542800,0.09717253,0.01894293,0.07821448,23.28863822,0.91631991,0.01894293,1,Phase2-退火(43%),0.000000,0.00000000,,9216,0.1406250000,0.0937500000,5e-05,"[0.22732897972067198,0.00896210328641313]","[0.22732897991383516,0.008962103273478095]","[[0.27294532444190095,0.22643034041479781,0.209050951787719,0.200889300637775],[0.01831669170512921,0.007609296319316383,0.005051818428802545,0.004870606606170811]]","[[0.27294532444190095,0.22643033994568718,0.20905095206366645,0.20088930091372242],[0.01831669170512921,0.007609296312417697,0.005051818417592181,0.004870606609188986]]","[[0.5212819984113729,0.4745256549782223,0.4558708682104393,0.44687524443423304],[0.13515348422030607,0.08704868559208181,0.0709401073417178,0.06968743007768083]]","[[1.0,1.0,0.9694444444444444,0.7685185185185185],[1.0,1.0,1.0,1.0]]","[[3.880854665791547,3.191853168717137,2.7881027866292882,2.7715770562489825],[1.9919895724014,1.988470667159116,1.916969340156626,1.93077701109427]]","[1.0,1.0]","[3.568893740353761,1.9780876658580921]","[0.0003867127214713643,0.00013480307773163617]","[0.2363599467056769,0.008889179880282393]","[0.2363599473679507,0.008889179894079764]","[[0.2833075980345408,0.23547074916186156,0.21761988037162358,0.2090415598065765],[0.018207181024330634,0.007515470742213505,0.004945849937697252,0.004888217547839438]]","[[0.2833075980345408,0.23547075004489335,0.21761988048200254,0.20904155991695544],[0.018207181024330634,0.007515470756010877,0.00494584994804528,0.004888217558187467]]","[[0.5316154857476553,0.4845275287274961,0.4657615628507402,0.4564909531010522],[0.13488928940561082,0.08662082707440412,0.07026511027857109,0.06987605663361372]]","[[1.0,1.0,0.975925925925926,0.7611111111111111],[1.0,1.0,1.0,1.0]]","[[3.8772595864755135,3.195813756518894,2.797521453433567,2.7728847627286557],[1.993399688049599,1.98415984665906,1.8931830044145936,1.9029656516181097]]","[1.0,1.0]","[3.57120585264983,1.9686192353566487]","[null,null]"
residual_simvq_k4-2_d4-4_rate094-20260727-142121,48,0.02153590,0.07579992,0.09733581,0.02086411,0.07806768,22.84991542,0.91033892,0.01894293,0,Phase2-退火(45%),0.000000,0.00000000,,9216,0.1406250000,0.0937500000,5e-05,"[0.2286626764193729,0.008965841687663838]","[0.22866267639177817,0.00896584167300413]","[[0.27403632212016316,0.22776285840405358,0.210488160368469,0.20236336395696358],[0.01835977009808024,0.00758375253925031,0.005025146580387459,0.004894697313904073]]","[[0.27403632212016316,0.2277628580177272,0.210488160478848,0.2023633638465846],[0.01835977009808024,0.007583752548736003,0.005025146573488773,0.004894697317353415]]","[[0.5225395927826564,0.47617150456817064,0.4576913117810532,0.44876397196893336],[0.13532578020736022,0.08689282219167109,0.07072795237655993,0.06984698005296566]]","[[1.0,1.0,0.9712962962962963,0.7763888888888889],[1.0,1.0,1.0,1.0]]","[[3.881180213557349,3.192818259751355,2.785050912256594,2.766419597025271],[1.9920813041704672,1.9879081933586686,1.9176007292888784,1.933370167237741]]","[1.0,1.0]","[3.5652693810286347,1.9782205714119805]","[0.0003624505526709577,0.00012713337061237933]","[0.23630544752986343,0.00871685115551507]","[0.2363054476402424,0.00871685115551507]","[[0.28351946749069074,0.23617679885140172,0.2174069188259266,0.20811860263347626],[0.018415940359786706,0.007318877373580579,0.004659451806434878,0.0044731349580817755]]","[[0.28351946749069074,0.23617679995519145,0.21740691750137894,0.20811860395802392],[0.018415940359786706,0.007318877377029923,0.004659451806434878,0.004473134978777832]]","[[0.5316713754777556,0.4850943092946653,0.4653710409446999,0.4553269017625738],[0.13567429184913635,0.08551052709420522,0.06823805692019286,0.06686924160630614]]","[[1.0,1.0,0.9592592592592593,0.7648148148148148],[1.0,1.0,1.0,1.0]]","[[3.8831397515756114,3.183749407309073,2.773698149787055,2.7594414816962347],[1.9803928401735094,1.997241912064729,1.9540177972228439,1.9528697676128812]]","[1.0,1.0]","[3.573557980855306,1.9923644542694092]","[null,null]"
residual_simvq_k4-2_d4-4_rate094-20260727-142121,49,0.02137464,0.07502121,0.09639585,0.01883398,0.08049588,23.29981349,0.91750051,0.01883398,1,Phase2-退火(47%),0.000000,0.00000000,,9216,0.1406250000,0.0937500000,5e-05,"[0.2262756847397045,0.008994907844397756]","[0.2262756842981886,0.008994907846984763]","[[0.27177749082997993,0.22540463427150692,0.20804700307823992,0.19987360953732772],[0.018400900933408626,0.0075805919494962805,0.005048915531693233,0.004949222795268589]]","[[0.27177749082997993,0.2254046338851805,0.20804700280229252,0.19987360978568042],[0.018400900933408626,0.007580591956394966,0.00504891553643608,0.0049492228064789544]]","[[0.5202407606222011,0.4735392595882769,0.45486120559551096,0.44582813100682367],[0.1354108908524116,0.08682283694269481,0.07086467704287282,0.07022261393980847]]","[[1.0,1.0,0.9708333333333333,0.774537037037037],[1.0,1.0,1.0,1.0]]","[[3.8817342978936655,3.191390287434613,2.787985434355559,2.774740292407848],[1.992066772999587,1.9872653663158417,1.909085747047707,1.9251232727810188]]","[1.0,1.0]","[3.5698664201630486,1.9757662256558737]","[0.000369955022701847,0.0001310071632663797]","[0.2441881568343551,0.008738263623995914]","[0.2441881568343551,0.008738263637793285]","[[0.29041464394993255,0.24341864740407027,0.22567614681190915,0.2172431883988557],[0.017748115749822723,0.007477135228476039,0.004903386636740632,0.0048244165187632596]]","[[0.29041464394993255,0.24341864806634408,0.22567614614963533,0.2172431883988557],[0.017748115749822723,0.00747713524227341,0.004903386640189974,0.004824416549807345]]","[[0.5382856216695574,0.492694855177844,0.47436576816770765,0.4654206238411091],[0.13316141466299694,0.08637920811220452,0.0699458232080495,0.069408112819548]]","[[1.0,1.0,0.9685185185185186,0.7759259259259259],[1.0,1.0,1.0,1.0]]","[[3.884178246392144,3.188580615432174,2.7979434931719744,2.77604598292598],[1.9945119857788085,1.9854066716300116,1.901477313041687,1.9221704544844451]]","[1.0,1.0]","[3.564898716961896,1.972320148679945]","[null,null]"
residual_simvq_k4-2_d4-4_rate094-20260727-142121,50,0.02489377,0.07093275,0.09582651,0.01900996,0.06880040,23.25129597,0.91615463,0.01883398,0,Phase2-退火(48%),0.000000,0.00000000,,9216,0.1406250000,0.0937500000,5e-05,"[0.21250932965841557,0.009544256675333061]","[0.21250932976879455,0.009544256671883718]","[[0.25891937889434674,0.21156780476923343,0.1939304634514782,0.18561966960076934],[0.01952908708093067,0.00809858727907003,0.005330051952559087,0.005219300289603847]]","[[0.25891937889434674,0.21156780474163867,0.19393046334109926,0.18561966943520086],[0.01952908708093067,0.00809858729545441,0.005330051944366898,0.005219300290035015]]","[[0.5073691713037314,0.4580337835130868,0.4382509889426055,0.4286291343194467],[0.13936613574624063,0.08962638685824695,0.07274806981699335,0.07205065796496692]]","[[1.0,1.0,0.9675925925925926,0.7791666666666667],[1.0,1.0,1.0,1.0]]","[[3.878778253661262,3.1973600259533637,2.7877649788503294,2.7654995194187872],[1.9922089397907257,1.9880636367532942,1.9176652594848915,1.9329346400720102]]","[1.0,1.0]","[3.5683841506640115,1.9779974065445087]","[0.0004631562434682295,0.00014179176619277483]","[0.20307047543702303,0.01126865868077234]","[0.2030704751058861,0.01126865866697497]","[[0.24959756433963776,0.20215841984307326,0.184420101068638,0.17610581870432254],[0.021649989982446036,0.010005467122903577,0.006817904411366692,0.006601273002861827]]","[[0.24959756433963776,0.2021584203949681,0.1844201006271221,0.1761058184835646],[0.021649989982446036,0.010005467095308834,0.006817904411366692,0.006601272964919055]]","[[0.49896772305170695,0.44890481012838857,0.4287094365667414,0.4189338311001107],[0.1470613773222323,0.09988885273536047,0.08242340319686466,0.0811360048475089]]","[[1.0,1.0,0.9722222222222222,0.7703703703703704],[1.0,1.0,1.0,1.0]]","[[3.8949246335912635,3.191085225564462,2.7844390780837447,2.756162809442591],[1.992777571854768,1.9877684266478928,1.9020950335043447,1.9165079938040839]]","[1.0,1.0]","[3.5605277838530363,1.973795524349919]","[null,null]"
residual_simvq_k4-2_d4-4_rate094-20260727-142121,51,0.02096826,0.07244189,0.09341015,0.01952454,0.07838602,23.13969886,0.91597409,0.01883398,0,Phase2-退火(50%),0.000000,0.00000000,,9216,0.1406250000,0.0937500000,5e-05,"[0.2184013138214747,0.008941813792033052]","[0.21840131409742214,0.008941813799794073]","[[0.26407427390416466,0.21749132987525727,0.2000915384678929,0.19194811248668917],[0.018262321327778476,0.007626149238570145,0.004990308761976108,0.004888475563428882]]","[[0.26407427390416466,0.21749132979247304,0.20009153888181405,0.1919481128178261],[0.018262321327778476,0.007626149256679195,0.004990308770168297,0.004888475566015889]]","[[0.5127561505745959,0.46506634729879875,0.4459887756241692,0.4368114212596858],[0.13488451708798055,0.08706970441120643,0.07042228703697523,0.06974390338140506]]","[[1.0,1.0,0.9638888888888889,0.7712962962962963],[1.0,1.0,1.0,1.0]]","[[3.8870244057090195,3.1849065630524245,2.780025851285016,2.7594522056756197],[1.9927046599211515,1.9893084563590862,1.9257226857874128,1.9396926663540028]]","[1.0,1.0]","[3.55935652785831,1.9803308694450943]","[0.00035132031571939243,0.0001291428815218549]","[0.23813528915246326,0.008466656316347696]","[0.23813528893170532,0.008466656319797039]","[[0.2845407639388685,0.23710832706204168,0.2195062811727877,0.21138578167668096],[0.01737144443861864,0.00743276962182588,0.00463239683907617,0.004430014252041777]]","[[0.2845407639388685,0.23710832717242064,0.21950628205581948,0.21138578255971271],[0.01737144443861864,0.00743276959768048,0.004632396842525513,0.004430014265839149]]","[[0.5327600680015705,0.4861932655175527,0.46775882641474403,0.4590274347199334],[0.13174375527434878,0.08613331886353316,0.06798964272494669,0.0665104390570411]]","[[1.0,1.0,0.9685185185185186,0.7574074074074074],[1.0,1.0,1.0,1.0]]","[[3.877289233384309,3.1895680162641735,2.7965600808461506,2.778633892977679],[1.9950661721052947,1.9905729214350383,1.9335907061894735,1.932084474740205]]","[1.0,1.0]","[3.568633441571836,1.9795279679475006]","[null,null]"
residual_simvq_k4-2_d4-4_rate094-20260727-142121,52,0.02082278,0.07489050,0.09571328,0.01890740,0.07117355,23.28807943,0.91490511,0.01883398,0,Phase2-退火(52%),0.000000,0.00000000,,9216,0.1406250000,0.0937500000,5e-05,"[0.22697823646443863,0.008542491477500233]","[0.2269782366576018,0.008542491466289869]","[[0.27256288440139204,0.22604734748601912,0.2087098458022983,0.20059286877512933],[0.017599722168718777,0.0072195370681583885,0.004722180390402813,0.004628526019708564]]","[[0.27256288440139204,0.22604734732045068,0.20870984588508254,0.2005928686371556],[0.017599722168718777,0.007219537069020724,0.004722180389971645,0.004628526025313746]]","[[0.5210524663329125,0.47427642350947413,0.4556564308978893,0.44670113054690536],[0.13249057045689336,0.08477479905166008,0.06856322056027474,0.06792235794580645]]","[[1.0,1.0,0.9671296296296297,0.774074074074074],[1.0,1.0,1.0,1.0]]","[[3.8857016890137284,3.1887169502399586,2.780676954763907,2.7622896371064365],[1.993974933580116,1.9895229279994964,1.927301190296809,1.9416070326610848]]","[1.0,1.0]","[3.561980910212905,1.9803261357325095]","[0.000357417699814067,0.00011273409769543193]","[0.21450926782908264,0.008929945342242718]","[0.21450926705642984,0.008929945314647974]","[[0.25925750070148046,0.21338792785450264,0.19665805907161146,0.18873358225380932],[0.018432342674997118,0.007424004814001145,0.004955982575537982,0.004907450952601654]]","[[0.25925750070148046,0.21338792708184984,0.19665805984426427,0.18873358181229344],[0.018432342674997118,0.007424004800203774,0.004955982558291268,0.004907450931905596]]","[[0.5085462943271354,0.461240205499861,0.44275381101502315,0.4337443819752446],[0.13571590737060266,0.08608978898436935,0.07034146730546598,0.07001375406980515]]","[[1.0,1.0,0.9722222222222222,0.7685185185185185],[1.0,1.0,1.0,1.0]]","[[3.882255474726359,3.1936523508142542,2.781794786453247,2.7691405843805383],[1.9911843185071592,1.9947103844748604,1.940281589825948,1.9657636730759231]]","[1.0,1.0]","[3.5680173079172772,1.9887948548352277]","[null,null]"
residual_simvq_k4-2_d4-4_rate094-20260727-142121,53,0.02079014,0.07510411,0.09589426,0.01829614,0.08351616,23.42970770,0.91880717,0.01829614,1,Phase2-退火(53%),0.000000,0.00000000,,9216,0.1406250000,0.0937500000,5e-05,"[0.22809173061891838,0.008346429746598005]","[0.22809173053613416,0.008346429753496691]","[[0.27362718146156384,0.22721854920188586,0.20985401750162797,0.2016671730412377],[0.017283061072575275,0.0070131250941712,0.004578344911526613,0.004511187789547774]]","[[0.27362718146156384,0.22721854925707535,0.20985401728087003,0.20166717306883247],[0.017283061072575275,0.007013125101932221,0.004578344917131795,0.004511187792134782]]","[[0.5217917995872321,0.47520398718339424,0.45659985619562643,0.44760286614850714],[0.13126918132658358,0.083537698675085,0.06749997229349834,0.06704727161537719]]","[[1.0,1.0,0.975925925925926,0.7791666666666667],[1.0,1.0,1.0,1.0]]","[[3.8852978074992146,3.1882798623155666,2.7842130691916855,2.769083574524632],[1.993304787962525,1.9887721640092355,1.9202658419255858,1.936393067130336]]","[1.0,1.0]","[3.563751859135098,1.978923930282946]","[0.00037040858824858094,0.00010927255803094508]","[0.25314610501130425,0.009617458408077558]","[0.2531461044594094,0.009617458366685443]","[[0.30105956649338755,0.25251183874077265,0.23399263907361914,0.22502037242606834],[0.019893743456513794,0.008171109796536189,0.005287723119060199,0.005117257239503993]]","[[0.30105956649338755,0.2525118392926675,0.2339926391839981,0.22502037275720527],[0.019893743456513794,0.008171109744796047,0.005287723098364141,0.005117257208459907]]","[[0.5480453226301405,0.5017886501771432,0.48299785521295335,0.4736470383626443],[0.14099523999072888,0.0903173804835037,0.07264748480584886,0.07148842441814918]]","[[1.0,1.0,0.9907407407407407,0.7907407407407407],[1.0,1.0,1.0,1.0]]","[[3.874945149598298,3.2051855016637734,2.7896112583301687,2.7696597116964834],[1.9944355196423,1.9881172365612454,1.9242882746237295,1.934402264489068]]","[1.0,1.0]","[3.5682890786064996,1.9782476407510263]","[null,null]"
residual_simvq_k4-2_d4-4_rate094-20260727-142121,54,0.02805981,0.07005561,0.09811542,0.01892188,0.06556868,23.27616680,0.91557062,0.01829614,0,Phase2-退火(55%),0.000000,0.00000000,,9216,0.1406250000,0.0937500000,5e-05,"[0.21056813135467195,0.009386075031081284]","[0.21056813125809035,0.009386075029356612]","[[0.2580345139735275,0.2093245769402495,0.19158045922716457,0.18333297356687211],[0.019070232242207837,0.008044580603018403,0.0053101751168637915,0.005119311980282267]]","[[0.2580345139735275,0.20932457688506004,0.19158045908919089,0.18333297378763005],[0.019070232242207837,0.008044580613366431,0.00531017511729496,0.005119311986749785]]","[[0.5052966719976177,0.45378116076743163,0.43348132360864566,0.42376193503538767],[0.13597794255172765,0.0871673824334586,0.07079064414181091,0.07023550621751282]]","[[1.0,1.0,0.9652777777777778,0.7782407407407408],[1.0,1.0,1.0,1.0]]","[[3.8834806543809397,3.193459553188748,2.7810546927981905,2.749150382147895],[1.9940478320474977,1.9828312001846455,1.915831211319676,1.9328577544954089]]","[1.0,1.0]","[3.558408870078899,1.9742568155129752]","[0.0005497079089292567,0.00015307856324566442]","[0.1972486067701269,0.008669762454788994]","[0.1972486067701269,0.00866976246168768]","[[0.24447263655839144,0.19593776618992842,0.17833866134837822,0.1702453590101666],[0.01837381291444655,0.007119836078749763,0.004583889152854681,0.0046015114937391546]]","[[0.24447263655839144,0.1959377657484125,0.17833866201065204,0.17024535878940864],[0.01837381291444655,0.007119836120141877,0.004583889145955995,0.00460151150063784]]","[[0.493821339474784,0.44193866915173,0.42158135065325986,0.41191118558247886],[0.1355164415306515,0.08433716942866644,0.06767841323658272,0.06781944356582782]]","[[1.0,1.0,0.9648148148148148,0.774074074074074],[1.0,1.0,1.0,1.0]]","[[3.891200992796156,3.1774094652246547,2.75041312818174,2.702926445007324],[1.9947016362790708,1.9898996891798797,1.9254312541749743,1.9383627185115109]]","[1.0,1.0]","[3.5424536104555484,1.9793297149516917]","[null,null]"
residual_simvq_k4-2_d4-4_rate094-20260727-142121,55,0.02046616,0.07091042,0.09137658,0.01868121,0.07334027,23.36998710,0.91798402,0.01829614,0,Phase2-退火(57%),0.000000,0.00000000,,9216,0.1406250000,0.0937500000,5e-05,"[0.21459796759817334,0.008592111680277244]","[0.21459796721184696,0.008592111674240894]","[[0.26067590023632403,0.21349985149723513,0.1961143818994363,0.1881017374081744],[0.01788652930236249,0.007165402436146029,0.004662268046134462,0.004654246785557242]]","[[0.26067590023632403,0.2134998507797718,0.19611438154070465,0.18810173768412183],[0.01788652930236249,0.00716540243010968,0.004662268041822784,0.004654246794611768]]","[[0.509583864002316,0.46092276981583347,0.4416745760926494,0.43254851290473234],[0.13359313645848522,0.08449918700865021,0.06816691658287137,0.06814676340393445]]","[[1.0,1.0,0.9740740740740741,0.7638888888888888],[1.0,1.0,1.0,1.0]]","[[3.8909744161146658,3.1812002204082632,2.761792344517178,2.7261536492241754],[1.9944650204093368,1.990170783025247,1.9325564322648225,1.9486729211277432]]","[1.0,1.0]","[3.5450550525276747,1.98209401567777]","[0.0003414744292698473,0.0001017839192172687]","[0.22240275122501232,0.00857171735001935]","[0.22240275144577026,0.00857171730172855]","[[0.26852642750298533,0.22150256236394247,0.20396520992120107,0.19561680489116245],[0.0179119856407245,0.007191008853691595,0.004642633314209956,0.004541241253415744]]","[[0.26852642750298533,0.22150256203280555,0.203965210252338,0.19561680378737273],[0.0179119856407245,0.007191008826096853,0.004642633300412584,0.004541241243067715]]","[[0.5175288259983063,0.46989390850067136,0.4508662784541095,0.4415454932936916],[0.13379862187085328,0.08475576639175415,0.06810683983343618,0.06737042466799419]]","[[1.0,1.0,0.9629629629629629,0.7648148148148148],[1.0,1.0,1.0,1.0]]","[[3.888548398900915,3.174978902604845,2.7717647040331803,2.7457455193554914],[1.996012372440762,1.9841730356216432,1.910842733029966,1.9259958788200662]]","[1.0,1.0]","[3.5517116105114974,1.9723514654018262]","[null,null]"
residual_simvq_k4-2_d4-4_rate094-20260727-142121,56,0.02019026,0.07328518,0.09347545,0.01843381,0.07402268,23.38625485,0.91830952,0.01829614,0,Phase2-退火(58%),0.000000,0.00000000,,9216,0.1406250000,0.0937500000,5e-05,"[0.22274674108182943,0.008305301168002188]","[0.22274674102663994,0.008305301167139853]","[[0.2682293470535013,0.2217378034911774,0.20451883462568124,0.19650097799797853],[0.017194610980718776,0.006966109767866631,0.0045553003567167455,0.004505183368800553]]","[[0.2682293470535013,0.2217378036843406,0.2045188347912497,0.19650097783241008],[0.017194610980718776,0.006966109762692617,0.004555300364908935,0.004505183369231721]]","[[0.5169140559655648,0.46976915310930323,0.45109614464971753,0.4421621956207134],[0.13098373530363594,0.08330722052465986,0.06737034986554473,0.06703635923978356]]","[[1.0,1.0,0.9662037037037037,0.7694444444444445],[1.0,1.0,1.0,1.0]]","[[3.890435951285892,3.1811390859109383,2.7697761398774605,2.745322115332992],[1.9942013970127812,1.9878428366449143,1.9229687891624592,1.9369622892803615]]","[1.0,1.0]","[3.5498131623974554,1.9781257852360055]","[0.00035601554800113834,0.00010786769258562277]","[0.22627772313577157,0.007478727058817943]","[0.2262777230253926,0.007478727062267286]","[[0.2721298602996049,0.22544180187914106,0.2079245626926422,0.19961466998965652],[0.015288062697207486,0.006133851191649834,0.00417443335539213,0.004318560925484808]]","[[0.2721298602996049,0.22544180198952005,0.2079245615888525,0.1996146704311724],[0.015288062697207486,0.006133851181301806,0.004174433388160886,0.004318560942731522]]","[[0.5210167774447688,0.4740864747100406,0.45525346619111523,0.4460639496644338],[0.12360045744313133,0.07826468409211547,0.06456840695054443,0.06568828103718934]]","[[1.0,1.0,0.9740740740740741,0.7611111111111111],[1.0,1.0,1.0,1.0]]","[[3.877484044322261,3.187307101708871,2.77868810583044,2.7638358592987062],[1.9957415960453175,1.9775183730655246,1.8739596243257877,1.9018851439158122]]","[1.0,1.0]","[3.56222770302384,1.9617804845174154]","[null,null]"
residual_simvq_k4-2_d4-4_rate094-20260727-142121,57,0.02020969,0.07402362,0.09423331,0.01787230,0.07419792,23.52127968,0.91946008,0.01787230,1,Phase2-退火(60%),0.000000,0.00000000,,9216,0.1406250000,0.0937500000,5e-05,"[0.22505935841688404,0.00844017026807975]","[0.22505935849966827,0.008440170261181063]","[[0.27067765596288224,0.22410271164995652,0.20676795387709582,0.19868910976306156],[0.017349914140585395,0.007119627321932327,0.004698752730015528,0.004592386696108237]]","[[0.27067765596288224,0.22410271134641435,0.20676795351836416,0.1986891101769827],[0.017349914140585395,0.0071196273469400625,0.004698752731309031,0.004592386694814734]]","[[0.5192217702115024,0.4721955423553785,0.4534852264104066,0.444528405699465],[0.13153798387006477,0.08418929157433687,0.06839710345698727,0.0676544024022641]]","[[1.0,1.0,0.9685185185185186,0.7754629629629629],[1.0,1.0,1.0,1.0]]","[[3.8904871101732605,3.18567317282712,2.777676402197944,2.758404256679394],[1.993406065305074,1.9883824209372203,1.9206212445541664,1.9335059951852869]]","[1.0,1.0]","[3.5563797253149527,1.978308947439547]","[0.00035225913328489425,0.00010791255089888755]","[0.22728314145847603,0.007250144663784239]","[0.22728314167923397,0.007250144660334896]","[[0.27221515002074065,0.22654727708410333,0.2093045992983712,0.20106553777500435],[0.0145401566668793,0.005932254509793388,0.004232007275438971,0.004296160102994354]]","[[0.27221515002074065,0.2265472771944823,0.20930459940875018,0.2010655378853833],[0.0145401566668793,0.005932254471850616,0.004232007284062328,0.004296160085747639]]","[[0.5211284211388341,0.47528698709275985,0.456804582145479,0.4477239343855116],[0.1204915385555338,0.07684705025619931,0.06487078821217572,0.06540719519058863]]","[[1.0,1.0,0.9666666666666667,0.7703703703703704],[1.0,1.0,1.0,1.0]]","[[3.8939267688327366,3.1775218504446525,2.7822001987033422,2.767090493661386],[1.993399363093906,1.9894986823753074,1.9216736281359637,1.955851913381506]]","[1.0,1.0]","[3.557484828101264,1.982311114558467]","[null,null]"
residual_simvq_k4-2_d4-4_rate094-20260727-142121,58,0.01996409,0.07376222,0.09372630,0.01839426,0.07126259,23.42560048,0.91949586,0.01787230,0,Phase2-退火(62%),0.000000,0.00000000,,9216,0.1406250000,0.0937500000,5e-05,"[0.2249121128546971,0.008043602728974765]","[0.22491211335140246,0.008043602719489071]","[[0.270464350917825,0.22395155625762764,0.20666126643342,0.19857127521600987],[0.016513446292460515,0.006779259476051839,0.004460574511904269,0.004421130522947621]]","[[0.270464350917825,0.22395155634041186,0.20666126717847808,0.19857127551955206],[0.016513446292460515,0.006779259461392131,0.004460574517509451,0.0044211305173424385]]","[[0.5188963307826607,0.47191242272103273,0.45324675032386075,0.44427840836622096],[0.12830342897386462,0.08206344837391819,0.06651975118589622,0.0662745070954164]]","[[1.0,1.0,0.9606481481481481,0.7754629629629629],[1.0,1.0,1.0,1.0]]","[[3.8921315603786044,3.1824157750165023,2.773518779542711,2.7523368424839445],[1.9936608325552057,1.9893753744937754,1.9272320508956908,1.942583461381771]]","[1.0,1.0]","[3.5523353788587784,1.9805009027322134]","[0.00036310786295130296,0.00010640502971202498]","[0.21555217526577136,0.009027556009176705]","[0.21555217504501342,0.009027556002278019]","[[0.26110226732713204,0.21422887499685642,0.19727492917467046,0.18960261929918218],[0.018171897447771496,0.007679574122583425,0.005101836541736567,0.005156915634870529]]","[[0.26110226732713204,0.21422887477609848,0.1972749293954284,0.18960261896804528],[0.018171897447771496,0.007679574122583425,0.005101836538287225,0.005156915621073158]]","[[0.5102934179482637,0.4620728468453443,0.44336508247587414,0.4346611104629658],[0.1347496740244053,0.08754490658088966,0.07133989543826491,0.07175246604062893]]","[[1.0,1.0,0.9722222222222222,0.7722222222222223],[1.0,1.0,1.0,1.0]]","[[3.860074417679398,3.19533377400151,2.781641815326832,2.7532650770964446],[1.9918548787081682,1.9936998711691962,1.9339864633701467,1.9428358316421508]]","[1.0,1.0]","[3.5677441950197575,1.9842106783831561]","[null,null]"
residual_simvq_k4-2_d4-4_rate094-20260727-142121,59,0.01998311,0.07370774,0.09369085,0.01886945,0.07971824,23.31667071,0.91796547,0.01787230,0,Phase2-退火(63%),0.000000,0.00000000,,9216,0.1406250000,0.0937500000,5e-05,"[0.22468122748865021,0.008183084160123985]","[0.2246812273506765,0.008183084167022672]","[[0.2701006694248429,0.2237124843729867,0.20649080915307558,0.1984209449202926],[0.01688586392232941,0.006824579101952689,0.004511362050780681,0.004510531467126889]]","[[0.2701006694248429,0.2237124843729867,0.20649080920826507,0.198420945306619],[0.01688586392232941,0.006824579096778675,0.004511362051643018,0.004510531474887911]]","[[0.51858056584994,0.4717018587169824,0.4531084794137213,0.444160660052741],[0.1297756645552538,0.08242356877911974,0.06701893383568083,0.0670584666715176]]","[[1.0,1.0,0.9648148148148148,0.7773148148148148],[1.0,1.0,1.0,1.0]]","[[3.895748174632037,3.1817172081382186,2.77397486810331,2.754671498581215],[1.9935545877174095,1.987342064248191,1.9154508502395065,1.9334138815049773]]","[1.0,1.0]","[3.552865966161092,1.9768209132883283]","[0.00036588426753749245,0.00010515766632832109]","[0.24355801200425184,0.00844417076419901]","[0.24355801167311492,0.008444170767648352]","[[0.28927669591373867,0.24265918356400948,0.22528534023850053,0.2170108273073479],[0.017568522933180685,0.0068349914487313345,0.004559394054942661,0.004813774312949843]]","[[0.28927669591373867,0.24265918301211464,0.2252853399073636,0.21701082752810585],[0.017568522933180685,0.006834991462528706,0.004559394051493318,0.004813774316399185]]","[[0.5372227885104992,0.49191470212406585,0.47394390062049585,0.4651610705587599],[0.13249419585422234,0.0825987336812196,0.0674575457142459,0.0693394014680827]]","[[1.0,1.0,0.9796296296296296,0.7814814814814814],[1.0,1.0,1.0,1.0]]","[[3.8913331861849185,3.1929175270928276,2.7719325012630884,2.755004519003409],[1.990030809685036,1.993091838448136,1.9205514528133252,1.922442169542666]]","[1.0,1.0]","[3.559259248662878,1.9804286771350437]","[null,null]"
residual_simvq_k4-2_d4-4_rate094-20260727-142121,60,0.04871078,0.07002328,0.11873407,0.02572634,0.03921327,21.99336201,0.88894368,0.01787230,0,Phase2-退火(65%),0.000000,0.00000000,,9216,0.1406250000,0.0937500000,5e-05,"[0.210845945333993,0.009798930946703035]","[0.21084594532019563,0.009798930944116028]","[[0.26213088979323707,0.20931629105298608,0.19031303360782287,0.18162356389479506],[0.0193487703403527,0.008480248839973852,0.005748616363335814,0.005618088174594083]]","[[0.26213088979323707,0.2093162909426071,0.19031303400794666,0.1816235629979659],[0.0193487703403527,0.008480248839111516,0.0057486163637669825,0.005618088175887587]]","[[0.5035077866028856,0.4457443740632799,0.4228155590869762,0.41188225713041093],[0.13582717232682087,0.08797851402174543,0.07218910425349519,0.07238460386654845]]","[[1.0,0.9990740740740741,0.9638888888888889,0.7680555555555556],[1.0,1.0,1.0,1.0]]","[[3.856955137959233,3.2074860087147465,2.7859411491288077,2.752206309194918],[1.9905929210009399,1.9705667387556147,1.8870809707376692,1.9076321736530022]]","[1.0,1.0]","[3.5689632760153875,1.9618150658077664]","[0.0007693967528380367,0.00019020045355891516]","[0.11370029057617541,0.0087275470710463]","[0.11370029090731232,0.008727547098641042]","[[0.16957225678143678,0.11030582001915684,0.0912371043253828,0.08368597990936703],[0.017382541961140103,0.007067898716087695,0.005115180321175743,0.0053445670650237136]]","[[0.16957225678143678,0.11030582035029377,0.09123710482208817,0.08368598051645137],[0.017382541961140103,0.007067898757479809,0.005115180334973115,0.005344567061574371]]","[[0.4113701961658619,0.3316220572701207,0.3015432569715712,0.2888230345867298],[0.13179982155561448,0.08401676681306627,0.07148270071656615,0.07308263955292878]]","[[1.0,1.0,0.9407407407407408,0.75],[1.0,1.0,1.0,1.0]]","[[3.828382728717945,3.226138063713356,2.7619226914865,2.7200476628762704],[1.994563517747102,1.9708896354392722,1.8402011703561854,1.9084793647130331]]","[1.0,1.0]","[3.58392175745081,1.9567176324349862]","[null,null]"
residual_simvq_k4-2_d4-4_rate094-20260727-142121,61,0.02093868,0.06313396,0.08407264,0.01839848,0.07450421,23.42213108,0.92017810,0.01787230,0,Phase2-退火(67%),0.000000,0.00000000,,9216,0.1406250000,0.0937500000,5e-05,"[0.19068209664137276,0.008509937017569663]","[0.19068209642061482,0.00850993702015667]","[[0.2389495849609375,0.18921279773392058,0.17129254941311148,0.16327345277424213],[0.017637207997203978,0.006997434192992471,0.004617728414100216,0.004787377264195433]]","[[0.2389495849609375,0.18921279762354162,0.1712925493027325,0.16327345273285002],[0.017637207997203978,0.006997434187818456,0.0046177284158248864,0.004787377269369447]]","[[0.4875152350023941,0.4331525949416337,0.41182043430981813,0.4019431378554415],[0.1326163710957324,0.08347030802181474,0.06779933304836352,0.06905450929922086]]","[[1.0,1.0,0.9481481481481482,0.7560185185185185],[1.0,1.0,1.0,1.0]]","[[3.885708396964603,3.170024449736984,2.755181011888716,2.726889055746573],[1.9943339241875542,1.9887180900132215,1.9263447410530514,1.9423035862269225]]","[1.0,1.0]","[3.5433320500232557,1.9797282691355105]","[0.000396275309995636,0.00010669385393258482]","[0.22678031689590877,0.00872486193353931]","[0.2267803164543929,0.00872486193353931]","[[0.27552591904445933,0.2253820945819219,0.2072072578801049,0.19900599894700227],[0.01818536778015119,0.007161055819165927,0.004623302558643951,0.004929721486513262]]","[[0.27552591904445933,0.22538209358851116,0.20720725699707312,0.1990059988366233],[0.01818536778015119,0.007161055826064613,0.004623302544846579,0.004929721479614576]]","[[0.5242527023509697,0.47400476513085543,0.4544455722526268,0.4453636626402537],[0.1348025659720103,0.08454541696442498,0.0679205944692647,0.07016649047533671]]","[[1.0,1.0,0.9814814814814815,0.7648148148148148],[1.0,1.0,1.0,1.0]]","[[3.8662515181082266,3.206521247934412,2.7774905575646294,2.745515881644355],[1.9925020809526797,1.9931405323523061,1.9425839547757748,1.943168686054371]]","[1.0,1.0]","[3.5675593588087295,1.9847443889688563]","[null,null]"
residual_simvq_k4-2_d4-4_rate094-20260727-142121,62,0.01955767,0.07142676,0.09098443,0.01781861,0.07861104,23.53408169,0.91911886,0.01781861,1,Phase2-退火(68%),0.000000,0.00000000,,9216,0.1406250000,0.0937500000,5e-05,"[0.21778544353114235,0.00818748048213483]","[0.21778544355873708,0.008187480489895852]","[[0.2635484646867823,0.21677914317007418,0.19942037148608102,0.19139379214633395],[0.016838395893918695,0.006823578187161021,0.004530381594560351,0.0045575661278605736]]","[[0.2635484646867823,0.21677914358399533,0.19942037137570204,0.1913937922567129],[0.016838395893918695,0.006823578185436351,0.004530381590248672,0.004557566133896924]]","[[0.512463249652474,0.4645605792050008,0.44550169148930796,0.43643867241011725],[0.12952788741224341,0.08235687739043324,0.06709240461803145,0.06735051345356084]]","[[1.0,1.0,0.9564814814814815,0.762962962962963],[1.0,1.0,1.0,1.0]]","[[3.8900492279617875,3.173802180201919,2.769520975925304,2.752297048215513],[1.9933099525946159,1.988946364323298,1.9222466393753335,1.9397748567439892]]","[1.0,1.0]","[3.547752954341747,1.979431849938852]","[0.00034271738043537844,9.822513073703265e-05]","[0.2409914281633165,0.008023209135151572]","[0.24099142672838988,0.008023209155847628]","[[0.2886938504598759,0.2402310014874847,0.2219842087339472,0.21305664545959896],[0.016452349915548607,0.006718793442403829,0.004465339548402915,0.0044563535531913796]]","[[0.2886938504598759,0.24023100082521084,0.2219842086235682,0.21305664391429335],[0.016452349915548607,0.006718793494143972,0.004465339558750943,0.00445635357733678]]","[[0.5366500768396589,0.4894119512151789,0.4704203581368482,0.4608653733023891],[0.12819441005035684,0.08184209366639456,0.06669213368936822,0.06666448303946743]]","[[1.0,1.0,0.9777777777777777,0.7666666666666667],[1.0,1.0,1.0,1.0]]","[[3.8883140087127686,3.1822667404457374,2.766966065654048,2.743522204293145],[1.9914296547571817,1.9953280528386435,1.9461348480648464,1.9607478327221342]]","[1.0,1.0]","[3.5547800046426277,1.988910396893819]","[null,null]"
residual_simvq_k4-2_d4-4_rate094-20260727-142121,63,0.01933713,0.07170906,0.09104619,0.01814986,0.07074589,23.45637892,0.91921060,0.01781861,0,Phase2-退火(70%),0.000000,0.00000000,,9216,0.1406250000,0.0937500000,5e-05,"[0.2194867541392644,0.007678650627430114]","[0.21948675436002238,0.007678650627430114]","[[0.26502206383479965,0.2184878334403038,0.2012376074437742,0.19319951092755352],[0.015888394901735915,0.00637811041885504,0.004203308961371443,0.004244788114360913]]","[[0.26502206383479965,0.21848783349549328,0.20123760766453214,0.19319951067920085],[0.015888394901735915,0.006378110429203069,0.004203308974737647,0.004244788110480402]]","[[0.5136871985815189,0.4661549968300042,0.44729037400748994,0.43825531121757294],[0.12589446932629303,0.0796864847894068,0.06468267854027174,0.06505031651230873]]","[[1.0,1.0,0.9597222222222223,0.7689814814814815],[1.0,1.0,1.0,1.0]]","[[3.8933270445576422,3.176693730884128,2.771893299508978,2.7536261231810957],[1.993638245264689,1.9891886485947503,1.923902944944523,1.9409098049004874]]","[1.0,1.0]","[3.5498111994178205,1.979752188037943]","[0.0003500934483815433,9.595047992189831e-05]","[0.216288987353996,0.007767584430122817]","[0.21628898746437497,0.007767584430122817]","[[0.2608748741723873,0.21531502460991894,0.1984142999958109,0.19055175251430936],[0.016203031847598377,0.006553497496578429,0.004210548913451256,0.004103259249003949]]","[[0.2608748741723873,0.21531502571370867,0.1984142999958109,0.1905517527350673],[0.016203031847598377,0.006553497537970543,0.004210548910001914,0.004103259235206578]]","[[0.510174274886096,0.46336615615420873,0.4447715637860475,0.43587144326280663],[0.1272511170970069,0.08089858056218535,0.06484414661924044,0.06402700110166161]]","[[1.0,1.0,0.9611111111111111,0.7574074074074074],[1.0,1.0,1.0,1.0]]","[[3.899446372632627,3.15955051139549,2.770837727299443,2.750726592099225],[1.993437815595556,1.9883830300083867,1.9030135922961764,1.9134537043394866]]","[1.0,1.0]","[3.5326973667851203,1.9731879048877292]","[null,null]"
residual_simvq_k4-2_d4-4_rate094-20260727-142121,64,0.01916913,0.07200009,0.09116922,0.01778225,0.06605853,23.54493125,0.91971223,0.01778225,1,Phase2-退火(72%),0.000000,0.00000000,,9216,0.1406250000,0.0937500000,5e-05,"[0.22067233834553648,0.00758021912727229]","[0.2206723386766734,0.007580219128134626]","[[0.2660005601743857,0.21973873525857926,0.20250559029755769,0.19444446714112051],[0.01565718761196843,0.0063380490867765964,0.0041754941283552735,0.00415014554746449]]","[[0.2660005601743857,0.21973873487225284,0.20250559035274718,0.19444446722390474],[0.01565718761196843,0.006338049097986961,0.004175494127492938,0.004150145544446315]]","[[0.5148264539462549,0.4677032141221894,0.4489213947896604,0.4398852726375615],[0.12496189223947349,0.07942262307085372,0.06446112243941536,0.06431709309281022]]","[[1.0,1.0,0.9689814814814814,0.7680555555555556],[1.0,1.0,1.0,1.0]]","[[3.895551793222074,3.1766687861195315,2.772264486330527,2.7542777286635505],[1.9935074146147127,1.991316505935457,1.9332948040079188,1.9486774056046097]]","[1.0,1.0]","[3.5496409539823177,1.983209929201338]","[0.0003376150326167354,9.169072566658509e-05]","[0.19990013396298445,0.008951037032184778]","[0.19990013462525827,0.008951037025286091]","[[0.2423948281341129,0.19827803516829456,0.18287997908062406,0.1760476936896642],[0.018735916567621407,0.00769751953581969,0.004793901231001925,0.004576810849485574]]","[[0.2423948281341129,0.19827803627208426,0.1828799796325189,0.17604769512459084],[0.018735916567621407,0.007697519539269032,0.004793901248248639,0.004576810828789517]]","[[0.49176079410093804,0.44464084572262236,0.42699398619157297,0.41894704478758354],[0.1368317849106259,0.08766212938008484,0.06916824799996835,0.0676040537931301]]","[[1.0,1.0,0.9611111111111111,0.7574074074074074],[1.0,1.0,1.0,1.0]]","[[3.89490109373022,3.1710932819931594,2.771614150647764,2.754213566250271],[1.9908698655940869,1.9943068477842543,1.9374651511510212,1.9295773523825186]]","[1.0,1.0]","[3.5518977447792337,1.9837712164278383]","[null,null]"
residual_simvq_k4-2_d4-4_rate094-20260727-142121,65,0.02137820,0.06874253,0.09012073,0.01802719,0.07068741,23.52226752,0.92038783,0.01778225,0,Phase2-退火(73%),0.000000,0.00000000,,9216,0.1406250000,0.0937500000,5e-05,"[0.20981688231781678,0.008020436555078184]","[0.20981688206946408,0.008020436561114534]","[[0.2562698678561935,0.20867407079096192,0.1912467257016235,0.18307686435679596],[0.016472314311950294,0.006743978450281752,0.004439521836617065,0.004425931422695242]]","[[0.2562698678561935,0.2086740706529882,0.19124672572921825,0.1830768649638803],[0.016472314311950294,0.006743978454593431,0.004439521834461225,0.004425931418383563]]","[[0.5047615595437862,0.45497768857964765,0.43534320526652864,0.4258476140874404],[0.12764562222140807,0.0812902327902891,0.0660030269926345,0.066149700736558]]","[[1.0,1.0,0.9675925925925926,0.7620370370370371],[1.0,1.0,1.0,1.0]]","[[3.8930772225062054,3.1758858645403825,2.7614283287966694,2.7295665312696387],[1.9941124704149034,1.9875887190854107,1.9171085578423959,1.9372599407478615]]","[1.0,1.0]","[3.5402846998638577,1.9772899446664034]","[0.00043869524732279523,0.00010708907077598807]","[0.21744125386079152,0.006914574766738547]","[0.21744125419192845,0.006914574763289204]","[[0.26310178383632943,0.21638784529986205,0.19910011203200728,0.19117527339193557],[0.014101466350257396,0.005653481889102194,0.0038652822202830403,0.004038068517628644]]","[[0.26310178383632943,0.2163878462932728,0.19910011103859654,0.19117527295041967],[0.014101466350257396,0.005653481892551537,0.0038652822340804116,0.004038068522802658]]","[[0.5123134646150801,0.46447490762781213,0.44549425928680986,0.43654203878508674],[0.11870335754421023,0.07512227550700859,0.062115480695609696,0.0635067371306596]]","[[1.0,1.0,0.9648148148148148,0.7537037037037037],[1.0,1.0,1.0,1.0]]","[[3.893160442069725,3.167524853459111,2.7654738673457393,2.7420468083134404],[1.991636589721397,1.990821001264784,1.8988427992220278,1.9421011721646344]]","[1.0,1.0]","[3.54273004355254,1.9788959723931772]","[null,null]"
residual_simvq_k4-2_d4-4_rate094-20260727-142121,66,0.01904494,0.07131098,0.09035591,0.01891051,0.06872429,23.28968851,0.91903026,0.01778225,0,Phase2-退火(75%),0.000000,0.00000000,,9216,0.1406250000,0.0937500000,5e-05,"[0.21863516748503403,0.00764796333215027]","[0.21863516712630238,0.0076479633338749405]","[[0.2640116108512437,0.21762757099888944,0.20044618712531195,0.1924553002472277],[0.01586237171733821,0.006364795957105579,0.004182449128496012,0.004182236376477198]]","[[0.2640116108512437,0.217627570722942,0.20044618662860658,0.19245530068874359],[0.01586237171733821,0.006364795967453608,0.00418244912892718,0.0041822363803577095]]","[[0.5127280164096091,0.4652529482488279,0.44642936614928425,0.43743203966705885],[0.1257775405904761,0.07959278555655921,0.06452655000957074,0.06457344747527882]]","[[1.0,1.0,0.9689814814814814,0.7597222222222222],[1.0,1.0,1.0,1.0]]","[[3.8978367341889277,3.1707273536258276,2.760908485783471,2.736364577876197],[1.9940384844938914,1.9914395689964295,1.9334643319801048,1.951389561759101]]","[1.0,1.0]","[3.5390942524980615,1.9834347038357347]","[0.000338866978994769,8.778050720745037e-05]","[0.2073895075806865,0.010022563935705909]","[0.20738950735992856,0.010022563935705909]","[[0.2513935918057406,0.20603153573142158,0.18981696367263795,0.18231593867142995],[0.02069127035361749,0.009046066228162359,0.005400060206927635,0.004952858767851636]]","[[0.2513935918057406,0.2060315356210426,0.18981696334150103,0.18231593822991407],[0.02069127035361749,0.009046066228162359,0.005400060189680921,0.004952858726459521]]","[[0.500747561234015,0.4531829255598563,0.43494575332712243,0.4262682225969103],[0.14379712873035008,0.09504052797953287,0.07341785243263951,0.07033238306089684]]","[[1.0,1.0,0.9629629629629629,0.7555555555555555],[1.0,1.0,1.0,1.0]]","[[3.8974618788118716,3.170687694902773,2.76237803918344,2.7380892011854385],[1.9948085210941455,1.991006154484219,1.947807792381004,1.9389003974420054]]","[1.0,1.0]","[3.541842797950462,1.983045940928989]","[null,null]"
residual_simvq_k4-2_d4-4_rate094-20260727-142121,67,0.02104066,0.06651108,0.08755174,0.01752891,0.06648374,23.62013809,0.92230607,0.01752891,1,Phase2-退火(77%),0.000000,0.00000000,,9216,0.1406250000,0.0937500000,5e-05,"[0.20296699722056036,0.008001452435187444]","[0.20296699733093934,0.008001452445535472]","[[0.24921838414889794,0.20184371981907773,0.18450232546914508,0.17630355801019404],[0.016671554613168594,0.00669701872565956,0.004316315247194359,0.0043209210089925265]]","[[0.24921838414889794,0.20184371970869877,0.18450232528977925,0.17630355857588625],[0.016671554613168594,0.0066970187239348885,0.00431631525711122,0.00432092102235873]]","[[0.49806663951388114,0.44791239737360566,0.4281269097217807,0.41847880129460935],[0.12868832491890148,0.08137885729471843,0.0653609924018383,0.06550749674163482]]","[[1.0,1.0,0.9694444444444444,0.7643518518518518],[1.0,1.0,1.0,1.0]]","[[3.89922218631815,3.170197922212106,2.7471786101659137,2.708592046190191],[1.994413882273215,1.992612866781376,1.9487917802951955,1.9624897680900715]]","[1.0,1.0]","[3.5276817048037494,1.9869000675501647]","[0.0003973454836038096,0.00010069438161129559]","[0.20419182148244647,0.006937403897582381]","[0.20419182181358336,0.006937403911379752]","[[0.24862477602782074,0.20301532447338105,0.18639262042663715,0.17873456257360953],[0.014362838236546075,0.005681329817269687,0.003806974883708689,0.003898472654529744]]","[[0.24862477602782074,0.20301532491489693,0.1863926214200479,0.17873456290474646],[0.014362838236546075,0.005681329855212459,0.003806974880259346,0.003898472663153101]]","[[0.4980231521306214,0.44989724335847076,0.4310445666313171,0.4220985311049002],[0.11976796708725117,0.07524234177889648,0.061571058134237924,0.06234774327388516]]","[[1.0,1.0,0.9703703703703703,0.7592592592592593],[1.0,1.0,1.0,1.0]]","[[3.897807488618074,3.1643356482187905,2.745092674537941,2.715683998884978],[1.9931159416834514,1.9944185398243093,1.9412911026566118,1.960569198043258]]","[1.0,1.0]","[3.5278587111720334,1.9872224092483521]","[null,null]"
residual_simvq_k4-2_d4-4_rate094-20260727-142121,68,0.01890683,0.06892249,0.08782932,0.01776327,0.06649236,23.54672226,0.91937889,0.01752891,0,Phase2-退火(78%),0.000000,0.00000000,,9216,0.1406250000,0.0937500000,5e-05,"[0.211039891452701,0.007818141095857654]","[0.21103989156307998,0.007818141093270645]","[[0.2563357549960966,0.21000536125567223,0.19292897041197177,0.18488947776732623],[0.016120722462181693,0.006558487059858938,0.004304280413176726,0.004289074279626624]]","[[0.2563357549960966,0.21000536164199865,0.1929289708810824,0.1848894777259341],[0.016120722462181693,0.0065584870529602525,0.004304280417919573,0.004289074277901953]]","[[0.505293459141696,0.4571239916262803,0.4380694698956278,0.42883532328738105],[0.1267231914870165,0.08070568748646312,0.065369980023415,0.06532547392502978]]","[[1.0,1.0,0.9675925925925926,0.7606481481481482],[1.0,1.0,1.0,1.0]]","[[3.904066703937672,3.166348527978968,2.7508724610010784,2.7199795643488565],[1.9936601005218648,1.9930944937246817,1.9410620049194054,1.957185392247306]]","[1.0,1.0]","[3.5299064843742936,1.9858297683574535]","[0.0003346408398539535,9.302795686852295e-05]","[0.20370154369760443,0.007458085080401765]","[0.20370154402874135,0.0074580850873004504]","[[0.24551614346327605,0.20240349891009154,0.1869243167064808,0.17996222023610717],[0.015717842671330327,0.00628436831412492,0.0038755831412143177,0.0039545460241950225]]","[[0.24551614346327605,0.2024034986893336,0.1869243167064808,0.1799622196842123],[0.015717842671330327,0.006284368317574262,0.003875583149837675,0.003954546020745679]]","[[0.49483726421991986,0.44915495183732773,0.4315992130173577,0.42349011544828064],[0.125318772704513,0.07919368346532187,0.062179923830208955,0.06283727514523046]]","[[1.0,1.0,0.9425925925925925,0.7574074074074074],[1.0,1.0,1.0,1.0]]","[[3.8997552889364737,3.1393420378367107,2.7511667905030426,2.7305185830151593],[1.9950848084908945,1.990631761374297,1.9255500113522566,1.936357357766893]]","[1.0,1.0]","[3.5282405694325765,1.979164648939062]","[null,null]"
residual_simvq_k4-2_d4-4_rate094-20260727-142121,69,0.01893474,0.06871850,0.08765324,0.01748414,0.06679455,23.61750485,0.92152352,0.01748414,1,Phase2-退火(80%),0.000000,0.00000000,,9216,0.1406250000,0.0937500000,5e-05,"[0.2106179561328005,0.007734356915440273]","[0.21061795643634265,0.007734356914577936]","[[0.2558877143319006,0.20958502651364716,0.1925208412386753,0.18447824344038963],[0.015989622872115836,0.0064492437479741595,0.004240387048641289,0.004258173821424996]]","[[0.2558877143319006,0.20958502689997355,0.19252084126627003,0.18447824349557912],[0.015989622872115836,0.006449243756597517,0.004240387053384135,0.004258173813663975]]","[[0.5045736661663762,0.45633551323855365,0.4372670529065309,0.4280210781980444],[0.12626215483027475,0.0800658258712954,0.0649110763023297,0.06510551761559866]]","[[1.0,1.0,0.9643518518518519,0.762962962962963],[1.0,1.0,1.0,1.0]]","[[3.9027593003378973,3.163503991232978,2.7490516035645096,2.7176937765545315],[1.9939389919793165,1.9912599570221372,1.9365648258615422,1.9541424108876122]]","[1.0,1.0]","[3.527531883451674,1.9837114380465612]","[0.0003587095602092126,9.197482443057567e-05]","[0.2047325297638222,0.007508351750395916]","[0.20473252998458014,0.007508351753845259]","[[0.24956362225391246,0.20355043267762218,0.1867677245978956,0.1790483386428268],[0.015448572900560167,0.00619423583632818,0.004143633552033592,0.004246964497077796]]","[[0.24956362225391246,0.20355043322951705,0.1867677252601694,0.17904833875320575],[0.015448572900560167,0.0061942358466762085,0.004143633567555635,0.004246964476381739]]","[[0.49893453297791657,0.4504559104089384,0.43144400782055325,0.4224367682580595],[0.1242262652626744,0.07859818880204801,0.06427213505462363,0.06510243746969435]]","[[1.0,1.0,0.9722222222222222,0.7592592592592593],[1.0,1.0,1.0,1.0]]","[[3.901885488298204,3.1682501828228986,2.744909819850215,2.7082090077576813],[1.9932409789827135,1.9933056716565734,1.9270773437288073,1.943914884991116]]","[1.0,1.0]","[3.5309006885245995,1.9827253120916861]","[null,null]"
residual_simvq_k4-2_d4-4_rate094-20260727-142121,70,0.01848721,0.06928825,0.08777546,0.01743814,0.08018550,23.63644278,0.92254373,0.01743814,1,Phase2-退火(82%),0.000000,0.00000000,,9216,0.1406250000,0.0937500000,5e-05,"[0.2128279234248179,0.007516461835863689]","[0.21282792350760213,0.007516461836726026]","[[0.2577365495816425,0.21180095609139513,0.19487795988442722,0.1868962291352175],[0.015526353743755154,0.0062748841889616516,0.0041266488187291,0.004137960528627176]]","[[0.2577365495816425,0.21180095589823192,0.19487796029834836,0.18689622905243325],[0.015526353743755154,0.006274884170852602,0.004126648814417422,0.004137960517847979]]","[[0.5065673597432949,0.4589506655931473,0.4401541964323432,0.4310361495172536],[0.124445396868719,0.07903375734609586,0.06409189326481687,0.06422577082282967]]","[[1.0,1.0,0.962037037037037,0.7560185185185185],[1.0,1.0,1.0,1.0]]","[[3.9040992909007604,3.160598252879249,2.7454880988156356,2.714393096058457],[1.994472991095649,1.9912655547813134,1.935854313550172,1.9541073474619124]]","[1.0,1.0]","[3.525243271280218,1.9836552809785915]","[0.0003373441006664911,8.416872264610397e-05]","[0.24765889909532335,0.007550451701024064]","[0.2476588989849444,0.007550451704473407]","[[0.2965195048738409,0.24704245295789506,0.22823014115845716,0.21884349396935215],[0.015576946907849224,0.006323998807756989,0.004144391738292244,0.004156469050104972]]","[[0.2965195048738409,0.24704245339941094,0.22823014038580436,0.21884349430048908],[0.015576946907849224,0.0063239988284530466,0.0041443917607129725,0.004156469062177671]]","[[0.5438928635032089,0.4963181142453794,0.47700907124413383,0.46709586646821766],[0.12475302125568744,0.07943530016475253,0.06429682404354767,0.0644154560510759]]","[[1.0,1.0,0.9907407407407407,0.7574074074074074],[1.0,1.0,1.0,1.0]]","[[3.901798211203681,3.1789643358301234,2.7522309056034793,2.712474826530174],[1.994823944127118,1.9890521853058427,1.9173072558862192,1.9344673739539253]]","[1.0,1.0]","[3.5336540010240345,1.977498968442281]","[null,null]"
residual_simvq_k4-2_d4-4_rate094-20260727-142121,71,0.01850175,0.06965502,0.08815677,0.01850117,0.07527451,23.38367102,0.92064809,0.01743814,0,Phase2-退火(83%),0.000000,0.00000000,,9216,0.1406250000,0.0937500000,5e-05,"[0.21417655288069337,0.007473861184661035]","[0.2141765527151249,0.007473861192422057]","[[0.25928843120733897,0.21311543821184722,0.19614489315836517,0.18815744722055064],[0.015450906341343567,0.0062457805249357115,0.00410093227961894,0.004097825486247463]]","[[0.25928843120733897,0.21311543873614736,0.19614489302039145,0.18815744735852435],[0.015450906341343567,0.006245780530972062,0.004100932283068283,0.0040978254858162946]]","[[0.5081336634026633,0.4604154908546695,0.44162247914958885,0.4325268816064905],[0.12409782187530288,0.07879876883493529,0.06385692049645715,0.06389102061037664]]","[[1.0,1.0,0.9657407407407408,0.7569444444444444],[1.0,1.0,1.0,1.0]]","[[3.9048095071757283,3.159153683097274,2.7409817620559975,2.7089266931569136],[1.992424562242296,1.9925123267703586,1.9385295082021643,1.9592481961956731]]","[1.0,1.0]","[3.521860158001935,1.9858623690075345]","[0.00035053643762323727,8.750936846169039e-05]","[0.23002408864321533,0.009303715983750644]","[0.23002408864321533,0.009303715969953273]","[[0.27677584599565574,0.22915816196688898,0.2113799315911752,0.20278241170777214],[0.018969221675285586,0.00811162611676587,0.005255047483714643,0.004878968693729904]]","[[0.27677584599565574,0.22915816174613104,0.2113799308185224,0.202782412370046],[0.018969221675285586,0.008111626089171127,0.0052550475044106995,0.004878968690280561]]","[[0.5254213887232321,0.4779459288826695,0.45898872348997327,0.44955663129135415],[0.1376563741101159,0.08994867873412592,0.07238262052889223,0.06977259351147545]]","[[1.0,1.0,0.975925925925926,0.7537037037037037],[1.0,1.0,1.0,1.0]]","[[3.902496904797024,3.1633071811110884,2.7506177566669607,2.7195434199439155],[1.9913457296512744,1.9932135387703225,1.931544801040932,1.9466386168091385]]","[1.0,1.0]","[3.540203737329554,1.984505382290593]","[null,null]"
residual_simvq_k4-2_d4-4_rate094-20260727-142121,72,0.01841885,0.06997866,0.08839751,0.02387326,0.05432262,22.69945277,0.90399629,0.01743814,0,Phase2-退火(85%),0.000000,0.00000000,,9216,0.1406250000,0.0937500000,5e-05,"[0.2152356759817512,0.0075617789644403036]","[0.2152356760369407,0.007561778972201325]","[[0.26012382634260034,0.21420417634977235,0.1972803874010289,0.18933431514435345],[0.01556692128414633,0.0063404626385481265,0.004174226374986271,0.004165505385026335]]","[[0.26012382634260034,0.21420417657053029,0.19728038695951303,0.18933431518574556],[0.01556692128414633,0.006340462649758492,0.004174226382316125,0.004165505379421153]]","[[0.5089591846973808,0.4616183030384558,0.44293241600195565,0.43391451957049193],[0.12460169932908483,0.07942336269274906,0.06444146853216269,0.06443182897098639]]","[[1.0,1.0,0.9657407407407408,0.7574074074074074],[1.0,1.0,1.0,1.0]]","[[3.906843845932572,3.1543989106460852,2.7419202623543915,2.7125767019059923],[1.9934219024799489,1.9921978378737415,1.9387784233799688,1.959024461331191]]","[1.0,1.0]","[3.520204962182928,1.9853368211675573]","[0.0003391287880798767,8.242918066167072e-05]","[0.15905886667746086,0.012846531008404714]","[0.15905886711897674,0.012846531008404714]","[[0.1974419660038418,0.1570497716466586,0.14360115864762554,0.13814256881122236],[0.02483554474181599,0.012140397899956615,0.007760982677616455,0.006649198414136966]]","[[0.1974419660038418,0.1570497719777955,0.14360115914433091,0.1381425690871698],[0.02483554474181599,0.0121403978585645,0.007760982691413827,0.006649198414136966]]","[[0.44393428321237915,0.39582937713022587,0.37847846503610966,0.3712239490614997],[0.15749019461649436,0.11000941197077434,0.08789922285962988,0.08138155026568307]]","[[1.0,1.0,0.9037037037037037,0.7555555555555555],[1.0,1.0,1.0,1.0]]","[[3.895369905895657,3.1260246241534198,2.731339523527357,2.7046093764128507],[1.9892645880028053,1.9951420254177517,1.920992139533714,1.9228721521518848]]","[1.0,1.0]","[3.518523410514549,1.9819117113395974]","[null,null]"
residual_simvq_k4-2_d4-4_rate094-20260727-142121,73,0.01841934,0.07028674,0.08870608,0.01719868,0.07109569,23.69400451,0.92234201,0.01719868,1,Phase2-退火(87%),0.000000,0.00000000,,9216,0.1406250000,0.0937500000,5e-05,"[0.21661318761331064,0.007327394598784546]","[0.21661318769609486,0.007327394601371553]","[[0.26185128901291777,0.21556383901172213,0.19850951721546828,0.19052810183277838],[0.014836459525826353,0.006186944942197038,0.004165828240069526,0.004120345580977974]]","[[0.26185128901291777,0.2155638389841274,0.19850951738103673,0.19052810170860202],[0.014836459525826353,0.006186944937885359,0.004165828246537044,0.0041203455818403095]]","[[0.5106091462903553,0.46303399834367964,0.44426512249090055,0.4352375813656383],[0.12151755861662052,0.07829809484106523,0.06425629663108676,0.0639986747185941]]","[[1.0,1.0,0.9638888888888889,0.7560185185185185],[1.0,1.0,1.0,1.0]]","[[3.9053922450100935,3.154324413228918,2.741554891621625,2.7149399911915815],[1.9933274271311583,1.987040169813015,1.9076000761102747,1.9315517765504342]]","[1.0,1.0]","[3.523323450706623,1.9757256788236124]","[0.00036205307920614293,8.744340515039329e-05]","[0.21895327921266908,0.007546704524645099]","[0.21895327965418498,0.007546704528094442]","[[0.26549745003382363,0.21779392262299854,0.20036719827740282,0.19215454194280837],[0.015788005526970933,0.006140973456893806,0.004057116478819538,0.004200722361673359]]","[[0.26549745003382363,0.21779392229186165,0.20036719882929765,0.19215454227394527],[0.015788005526970933,0.006140973494836578,0.004057116470196181,0.004200722392717445]]","[[0.5145690767853348,0.46590082203900374,0.4468253992221974,0.43757180085888614],[0.12559190469759482,0.07828509597866623,0.06363075477657494,0.06476954594254494]]","[[1.0,1.0,0.9777777777777777,0.7611111111111111],[1.0,1.0,1.0,1.0]]","[[3.90545026284677,3.161928676675867,2.747497482653017,2.7183040142059327],[1.994133506880866,1.9867661326019852,1.9005085759692721,1.9194263140360515]]","[1.0,1.0]","[3.5259165940461337,1.9725957261191474]","[null,null]"
residual_simvq_k4-2_d4-4_rate094-20260727-142121,74,0.01876936,0.06932277,0.08809212,0.01933208,0.06625399,23.19682965,0.92170326,0.01719868,0,Phase2-退火(88%),0.000000,0.00000000,,9216,0.1406250000,0.0937500000,5e-05,"[0.2133679065439436,0.007580551406782534]","[0.2133679065439436,0.007580551399883849]","[[0.2590641709941405,0.21234853811286114,0.19506408198288194,0.1869948338303301],[0.015333875492905024,0.006353521583325885,0.004298844046597541,0.004335964412031764]]","[[0.2590641709941405,0.2123485384164033,0.19506408178971874,0.18699483385792484],[0.015333875492905024,0.006353521573840192,0.00429884404487287,0.0043359644133252676]]","[[0.5079515138709987,0.4596297986529492,0.44044578042295246,0.4312272473065941],[0.1235515693547549,0.07938311599470951,0.06528671150682148,0.065669717391332]]","[[1.0,1.0,0.9657407407407408,0.7560185185185185],[1.0,1.0,1.0,1.0]]","[[3.9026245337945444,3.1564986829404478,2.75351868779571,2.737312345151548],[1.9937796034194806,1.9844085110558405,1.8979875200324587,1.9223817814279485]]","[1.0,1.0]","[3.5320470262456825,1.971807997977292]","[0.0003662917857851695,8.625104552535319e-05]","[0.20428761199668602,0.006918056440298204]","[0.20428761210706498,0.0069180564368488615]","[[0.24987903149039656,0.20313415891594358,0.1860682440024835,0.1780690132467835],[0.014362364841832054,0.005681667942553759,0.0037343206435993866,0.0038938722521480586]]","[[0.24987903149039656,0.20313415990935432,0.1860682440024835,0.17806901346754145],[0.014362364841832054,0.00568166795635113,0.003734320641874715,0.003893872233176673]]","[[0.4992763720176838,0.4500238173537784,0.4306651969750722,0.42130759998604106],[0.1197990498609013,0.0753148979610867,0.061059534439334165,0.06236789306556737]]","[[1.0,1.0,0.9537037037037037,0.7518518518518519],[1.0,1.0,1.0,1.0]]","[[3.8969856792026096,3.1490631880583586,2.7535396063769304,2.7343396999217844],[1.9941859660325227,1.989611554145813,1.9176507128609552,1.9471643032851043]]","[1.0,1.0]","[3.5298948023054333,1.9799898818687156]","[null,null]"
residual_simvq_k4-2_d4-4_rate094-20260727-142121,75,0.01794327,0.07058699,0.08853025,0.01773995,0.07090368,23.57992997,0.92082079,0.01719868,0,Phase2-退火(90%),0.000000,0.00000000,,9216,0.1406250000,0.0937500000,5e-05,"[0.2179917599040049,0.007169629526497037]","[0.21799175998678913,0.007169629526497037]","[[0.2631463184952736,0.21695428118109703,0.19991762028248222,0.19194881733920838],[0.014518199555782808,0.005986017293158781,0.004061075542725761,0.004113225537973146]]","[[0.2631463184952736,0.21695428140185496,0.19991762017210324,0.19194881755996634],[0.014518199555782808,0.005986017299195131,0.004061075537551746,0.004113225539266649]]","[[0.5119946781131957,0.4646584455061842,0.44596704945520116,0.43697975515215487],[0.1203403577208519,0.07717424915344627,0.06354716710608314,0.06400490563914732]]","[[1.0,1.0,0.9578703703703704,0.7537037037037037],[1.0,1.0,1.0,1.0]]","[[3.9064802280178776,3.1501630730099146,2.7421285258399117,2.723245386282603],[1.9936767926922552,1.9865133002952293,1.9035440422870495,1.9325999032568049]]","[1.0,1.0]","[3.5240555811811376,1.9751154795840935]","[0.00033303612575831786,7.167170938878876e-05]","[0.21897734138700697,0.007194938448568185]","[0.21897734227003873,0.007194938434770814]","[[0.26464297396165354,0.217607824338807,0.20077563645663085,0.1928829292456309],[0.014411419112649228,0.005941138778709703,0.004127950662816012,0.004299245159038239]]","[[0.26464297396165354,0.21760782522183877,0.20077563711890467,0.1928829303494206],[0.014411419112649228,0.005941138789057732,0.0041279506610913405,0.004299245145240867]]","[[0.5137278342688525,0.4657026639691106,0.4472869720723894,0.43840717717453287],[0.11992685447136561,0.0768281313556212,0.06396531666870471,0.06535952852831947]]","[[1.0,1.0,0.987037037037037,0.7592592592592593],[1.0,1.0,1.0,1.0]]","[[3.8955721343005143,3.1700918868735983,2.7426743030548097,2.711656769999751],[1.991365702946981,1.9883413217685841,1.8863255483132821,1.9177455283977367]]","[1.0,1.0]","[3.5369732644822864,1.9731144790296202]","[null,null]"
residual_simvq_k4-2_d4-4_rate094-20260727-142121,76,0.01783565,0.07025705,0.08809270,0.01771084,0.06872990,23.55894145,0.92083354,0.01719868,0,Phase2-退火(92%),0.000000,0.00000000,,9216,0.1406250000,0.0937500000,5e-05,"[0.2171466109101419,0.007085499691742438]","[0.21714661093773666,0.007085499688293095]","[[0.2620919924367357,0.21605513992684858,0.19919097103454447,0.1912483391938386],[0.014361519297515904,0.005941500890724085,0.004005741906197121,0.004033236538439437]]","[[0.2620919924367357,0.21605513998203807,0.19919097106213923,0.1912483391938386],[0.014361519297515904,0.005941500890724085,0.004005741897142596,0.004033236539301773]]","[[0.5108413541206607,0.4635517428870554,0.4450162282144582,0.43604654896038547],[0.11966987121160384,0.07685328502621916,0.06307977969171824,0.06335594752734458]]","[[1.0,1.0,0.9671296296296297,0.7537037037037037],[1.0,1.0,1.0,1.0]]","[[3.909259499443902,3.146094479384246,2.7322251200675964,2.705235418125435],[1.9941322827780688,1.9885303287594407,1.9164999277503403,1.9427764634291331]]","[1.0,1.0]","[3.5149775999563713,1.9786243047979144]","[0.0003461943406296928,7.375986964251314e-05]","[0.2124777109534652,0.006884293196101983]","[0.21247771073270727,0.006884293189203298]","[[0.2568481440897341,0.21160152168185623,0.19485523170895047,0.1866059457814252],[0.014054000577716916,0.005591518304276246,0.0038722973644595457,0.004019356515534498]]","[[0.2568481440897341,0.21160152168185623,0.19485523215046635,0.18660594666445696],[0.014054000577716916,0.005591518290478874,0.003872297366184217,0.004019356489664426]]","[[0.5061095853646597,0.4592345988308942,0.44064694245656333,0.43122000517668546],[0.11846371431041647,0.07461546620836965,0.06206628175245391,0.06328170821070671]]","[[1.0,1.0,0.9703703703703703,0.7555555555555555],[1.0,1.0,1.0,1.0]]","[[3.9076557724564163,3.1480789714389377,2.7232062569370976,2.6884962611728245],[1.9907633940378824,1.9931208548722443,1.9143459011007238,1.9391345651061447]]","[1.0,1.0]","[3.510970550113254,1.9816649145550198]","[null,null]"
residual_simvq_k4-2_d4-4_rate094-20260727-142121,77,0.01765998,0.07025031,0.08791030,0.01735148,0.07357584,23.66520749,0.92387560,0.01719868,0,Phase2-退火(93%),0.000000,0.00000000,,9216,0.1406250000,0.0937500000,5e-05,"[0.2173480426547704,0.006987147987820208]","[0.21734804298590732,0.0069871479852332006]","[[0.26241264136301146,0.21619665161878973,0.19935402365194427,0.19142885525469427],[0.014060336889492141,0.005908136210335349,0.0039921623788325596,0.0039879564157066245]]","[[0.26241264136301146,0.21619665170157398,0.19935402365194427,0.1914288553374785],[0.014060336889492141,0.005908136201711992,0.0039921623762455526,0.003987956416568961]]","[[0.5111396081469677,0.4636941855704343,0.44519074023873717,0.4362463184528881],[0.11840056636267238,0.07660699790274655,0.06293141981931748,0.06297314471944615]]","[[1.0,1.0,0.9629629629629629,0.7541666666666667],[1.0,1.0,1.0,1.0]]","[[3.912373165289561,3.1427036135284987,2.723142620810756,2.6921243323220145],[1.9941413248026814,1.9888309129962214,1.921311347352134,1.9434711032443577]]","[1.0,1.0]","[3.507878875732422,1.9792689274858546]","[0.00034896504407192375,7.486229741247101e-05]","[0.22807692929550452,0.0069053890700969435]","[0.2280769294058835,0.006905389087343657]","[[0.2746008368553939,0.22669044931729634,0.20951271564872176,0.20150371491909028],[0.01381173989287129,0.005914911772641871,0.003993723424220527,0.0039011811992774406]]","[[0.2746008368553939,0.22669044920691736,0.20951271675251149,0.20150371502946923],[0.01381173989287129,0.0059149118036859565,0.003993723425945198,0.0039011811854800693]]","[[0.5233897100996088,0.4754175477557712,0.45701603602480007,0.44820047859792356],[0.11744763486915165,0.07677108805488657,0.06304773081232,0.06234871314631568]]","[[1.0,1.0,0.9740740740740741,0.7555555555555555],[1.0,1.0,1.0,1.0]]","[[3.9011023609726516,3.1539630430716055,2.7266043239169653,2.692266075699418],[1.9934245842474478,1.9918540248164425,1.92075898470702,1.9483796260975026]]","[1.0,1.0]","[3.512660579328184,1.9821490526199341]","[null,null]"
residual_simvq_k4-2_d4-4_rate094-20260727-142121,78,0.01759619,0.07022590,0.08782209,0.01703854,0.06889327,23.73324164,0.92365572,0.01703854,1,Phase2-退火(95%),0.000000,0.00000000,,9216,0.1406250000,0.0937500000,5e-05,"[0.21738375245972916,0.006989648309536278]","[0.21738375251491865,0.006989648304362264]","[[0.2626126637337384,0.21618079584505823,0.1993092758236108,0.19143226989717396],[0.013934134214219672,0.00595682174295049,0.004044014972168952,0.004023622217398413]]","[[0.2626126637337384,0.21618079559670556,0.1993092757822187,0.1914322699247687],[0.013934134214219672,0.005956821729153119,0.004044014970444281,0.0040236222221412595]]","[[0.511310333399861,0.4636532462857388,0.44511507550875345,0.43622630580707833],[0.1177829156457274,0.07681321286492877,0.06322536716168678,0.0631548928303851]]","[[1.0,1.0,0.9611111111111111,0.7518518518518519],[1.0,1.0,1.0,1.0]]","[[3.912685004428581,3.138268938329485,2.71984096677215,2.6892693356231407],[1.9938455632439367,1.9901797133463401,1.9267519880224158,1.9499818128568154]]","[1.0,1.0]","[3.5059396421467817,1.9818535603858807]","[0.00034823068220888405,7.888967828269718e-05]","[0.21314876609378391,0.00696161367620031]","[0.213148765652268,0.0069616136899976816]","[[0.2586797184414334,0.211934937371148,0.1949956616869679,0.18698474720672326],[0.013873356159914424,0.005947737785539141,0.004023316873375465,0.004002043730751784]]","[[0.2586797184414334,0.21193493726076904,0.19499566212848382,0.1869847465444494],[0.013873356159914424,0.005947737785539141,0.00402331690441955,0.0040020437479984985]]","[[0.5079766750335694,0.45966241580468636,0.4408715870645311,0.4317247825640219],[0.11767616525844292,0.07690538648102019,0.06318048898268629,0.06306862141247149]]","[[1.0,1.0,0.9537037037037037,0.7537037037037037],[1.0,1.0,1.0,1.0]]","[[3.9012682791109436,3.1381902429792614,2.718632765169497,2.688519084012067],[1.9939289958388717,1.9905250946680704,1.91375016812925,1.9454605287975735]]","[1.0,1.0]","[3.5082236819797092,1.9799109918099862]","[null,null]"
residual_simvq_k4-2_d4-4_rate094-20260727-142121,79,0.02157044,0.06678632,0.08835677,0.01773671,0.06445463,23.56697124,0.92073562,0.01703854,0,Phase2-退火(97%),0.000000,0.00000000,,9216,0.1406250000,0.0937500000,5e-05,"[0.2064074985407017,0.007072975101915222]","[0.20640749836133587,0.007072975097603544]","[[0.2530017578215511,0.20503530812760193,0.18782181654263425,0.1797711122505091],[0.014084409601572487,0.006054953424501474,0.004102411535051134,0.0040501257059750734]]","[[0.2530017578215511,0.20503530781026238,0.18782181669440534,0.17977111179519584],[0.014084409601572487,0.006054953415878117,0.004102411522547266,0.004050125703819234]]","[[0.5015500817585874,0.45093707232563585,0.4313281755204554,0.42185918738444644],[0.11815721079431198,0.07711844104859564,0.06342690898864357,0.06324415251060768]]","[[1.0,1.0,0.9583333333333334,0.7518518518518519],[1.0,1.0,1.0,1.0]]","[[3.9040927909038685,3.1370978395144147,2.717866149655095,2.681377340687646],[1.9938333328123445,1.9875348488489786,1.9253529610457243,1.9504946026537153]]","[1.0,1.0]","[3.500598652716036,1.979794743988249]","[0.0004645797002012841,8.489778064931334e-05]","[0.19893465472592248,0.007084042537543508]","[0.19893465494668042,0.007084042530644823]","[[0.247280596031083,0.1974143342839347,0.17965120938089157,0.17139247677944325],[0.013620831410366076,0.006019674024234215,0.004382786860137626,0.004312877908900932]]","[[0.247280596031083,0.19741433406317677,0.17965121037430234,0.17139247744171707],[0.013620831410366076,0.00601967401733553,0.004382786830818212,0.0043128779192489605]]","[[0.49664202597406176,0.44360001550780404,0.4231305045110208,0.41329766202855994],[0.11642683623013673,0.07696090368209062,0.06547692558831639,0.06507321024934451]]","[[1.0,1.0,0.9666666666666667,0.7555555555555555],[1.0,1.0,1.0,1.0]]","[[3.907772744143451,3.131595237166793,2.6928744386743615,2.646754754031146],[1.9925766927224617,1.996362222565545,1.9480957463935569,1.9800913987336335]]","[1.0,1.0]","[3.490729104148017,1.9921067864806563]","[null,null]"
residual_simvq_k4-2_d4-4_rate094-20260727-142121,80,0.01709947,0.06683034,0.08392980,0.01688177,0.06559401,23.76988663,0.92364169,0.01688177,1,Phase2-退火(98%),0.000000,0.00000000,,9216,0.1406250000,0.0937500000,5e-05,"[0.20692311572255911,0.006820298327753941]","[0.20692311580534334,0.006820298327753941]","[[0.25276378205528965,0.20548688562379944,0.18862773392487456,0.1808140605688095],[0.013214660905025623,0.005879620848982422,0.004104492151074939,0.0040824193541926365]]","[[0.25276378205528965,0.20548688518228353,0.1886277340352535,0.1808140601824831],[0.013214660905025623,0.005879620857605779,0.004104492141589247,0.00408241935548614]]","[[0.5018610678337239,0.45226462224015485,0.4332355459531148,0.4241566880985543],[0.11468714842641795,0.07623986947453684,0.06357890232293695,0.06349625608159436]]","[[1.0,1.0,0.9481481481481482,0.7513888888888889],[1.0,1.0,1.0,1.0]]","[[3.9137228669943633,3.123247144398866,2.6913003157686304,2.651515323585934],[1.993902807103263,1.9901105191972521,1.9187654649769819,1.948211759991116]]","[1.0,1.0]","[3.484865403175354,1.9804740766684215]","[0.00030116405695379295,6.71580909544934e-05]","[0.20393906003899046,0.0058640423817215145]","[0.20393906037012735,0.005864042371373486]","[[0.2487778110636605,0.2025297816152926,0.18607790425971701,0.17837074332767064],[0.01115772090162392,0.005050347058999318,0.003613560810616171,0.003634540615948262]]","[[0.2487778110636605,0.20252978106339772,0.18607790492199086,0.17837074332767064],[0.01115772090162392,0.005050347067622675,0.003613560812340842,0.003634540612498919]]","[[0.4981833623515235,0.4493685389006579,0.43069298024530767,0.42168077605741994],[0.10546783987018797,0.07074217379645065,0.059751159725365814,0.06001294288370344]]","[[1.0,1.0,0.9444444444444444,0.75],[1.0,1.0,1.0,1.0]]","[[3.91086947299816,3.117459182386045,2.6895512845781115,2.6570446385277644],[1.992547427283393,1.9909778374212759,1.9134807842749137,1.951744149349354]]","[1.0,1.0]","[3.4873648519869205,1.9819244879263418]","[null,null]"
residual_simvq_k4-2_d4-4_rate094-20260727-142121,81,0.01689171,0.07112994,0.08802166,0.01761317,0.09114378,23.61658398,0.92423195,0.01688177,0,Phase3-微调,0.000000,0.00000000,,9216,0.1406250000,0.0937500000,5e-05,"[0.22103231557541422,0.0065835011398626695]","[0.22103231538225104,0.006583501138137999]","[[0.266745434563469,0.2196046207514074,0.20280107875113135,0.19497812564174336],[0.012354728872715322,0.005826467414886725,0.004136697909173866,0.004016110255313969]]","[[0.266745434563469,0.21960462028229677,0.20280107888910506,0.1949781252278222],[0.012354728872715322,0.0058264674140243895,0.004136697912623209,0.004016110251864625]]","[[0.5155600962263567,0.4675853081323482,0.44928081664774155,0.44052645332283447],[0.11086217278131733,0.07581114604793213,0.06373326915695711,0.06289268856247267]]","[[1.0,1.0,0.9574074074074074,0.7509259259259259],[1.0,1.0,1.0,1.0]]","[[3.9158436395503857,3.120693001040706,2.6924778726365832,2.6557357876389114],[1.9937677831561478,1.990000468050992,1.9215660196763498,1.9496967081670409]]","[1.0,1.0]","[3.484236670864953,1.9811251176728142]","[0.00031156572642632657,6.510842814956656e-05]","[0.2836775961849425,0.007982484296102215]","[0.2836775965160794,0.0079824843030009]","[[0.33500650701699436,0.28320993880430856,0.26344911787245007,0.25304481939033224],[0.014613832036654154,0.0074534878376181475,0.005194578412920236,0.004668038674733705]]","[[0.33500650701699436,0.28320994001847727,0.26344911831396595,0.2530448195007112],[0.014613832036654154,0.007453487841067491,0.005194578402572208,0.004668038679907719]]","[[0.5779751702591225,0.5312640499185632,0.5123483604855008,0.5021241664886474],[0.1206350905475793,0.08588098740136182,0.07153961633642515,0.06785044327930168]]","[[1.0,1.0,0.9740740740740741,0.7555555555555555],[1.0,1.0,1.0,1.0]]","[[3.918755282296075,3.1290807512071397,2.6959441820780436,2.6551633534608063],[1.9935937095571448,1.996648692201685,1.961329326806245,1.9759387343018144]]","[1.0,1.0]","[3.4887198236253525,1.99269822968377]","[null,null]"
residual_simvq_k4-2_d4-4_rate094-20260727-142121,82,0.01689169,0.07088158,0.08777327,0.01691137,0.06923219,23.76379339,0.92264733,0.01688177,0,Phase3-微调,0.025000,0.03518519,8.40466392,9216,0.1406250000,0.0937500000,5e-05,"[0.22013412391146023,0.006686916776622335]","[0.22013412363551282,0.006686916773172992]","[[0.26571425166394974,0.21870612532452302,0.2019674636837509,0.19414865431134348],[0.0123959645215008,0.005989702452508802,0.004269219741345969,0.004092780291533995]]","[[0.26571425166394974,0.2187061250485756,0.20196746360096668,0.19414865411818027],[0.0123959645215008,0.005989702454233473,0.004269219750831663,0.00409278029455217]]","[[0.5144731433303268,0.46652592718601227,0.4482548575710367,0.43949221924499227],[0.11097478626502885,0.07676744040929609,0.06463208683524971,0.063364248122606]]","[[1.0,1.0,0.9453703703703704,0.750462962962963],[1.0,1.0,1.0,1.0]]","[[3.9158020593501903,3.115623281178651,2.686828875541687,2.6504651559723746],[1.9949429366323683,1.9901536592730769,1.928706242861571,1.9549342627878543]]","[1.0,1.0]","[3.4806034052813493,1.9823104560375213]","[0.00032723683414385757,7.066466312911264e-05]","[0.21491482986344232,0.006628187776853641]","[0.2149148303049582,0.006628187783752327]","[[0.2600494820762564,0.21330031973344307,0.1969250394238366,0.1893844778890963],[0.012214734563948932,0.005961532635545289,0.0042530168072079065,0.004083467071393022]]","[[0.2600494820762564,0.21330031973344307,0.1969250386511838,0.18938447810985423],[0.012214734563948932,0.005961532652792003,0.004253016793410535,0.004083467071393022]]","[[0.509365361045908,0.461200961139467,0.44311306101304515,0.43455170856581793],[0.11028316506633053,0.07672068769181216,0.06459641459363478,0.06336644106992968]]","[[1.0,1.0,0.9629629629629629,0.75],[1.0,1.0,1.0,1.0]]","[[3.9225897912625913,3.1075042936537,2.6811183788158277,2.650727325015598],[1.9963017251756456,1.9890317448863277,1.9114430436381586,1.9435753416132044]]","[1.0,1.0]","[3.473818298622414,1.9772530087718256]","[null,null]"
residual_simvq_k4-2_d4-4_rate094-20260727-142121,83,0.01689481,0.07101929,0.08791410,0.01754452,0.06681503,23.59951246,0.92083517,0.01688177,0,Phase3-微调,0.050000,0.05185185,5.88246850,9216,0.1406250000,0.0937500000,5e-05,"[0.2205097394409003,0.0067519833463140656]","[0.22050973902697915,0.0067519833463140656]","[[0.2660925193793244,0.21904713547340146,0.20235703979377392,0.19454226074395356],[0.01238748694045676,0.006086934033643316,0.0043746894764437995,0.004158822902805965]]","[[0.2660925193793244,0.2190471348663171,0.2023570395178265,0.19454226088192728],[0.01238748694045676,0.006086934021139448,0.0043746894686827785,0.004158822899787791]]","[[0.5149157321011578,0.46698212849873083,0.4487821952060417,0.44002997108079767],[0.11089105139727946,0.07728691804740163,0.06528853540895162,0.06373919045759571]]","[[1.0,1.0,0.9606481481481481,0.750462962962963],[1.0,1.0,1.0,1.0]]","[[3.9168495213543926,3.109870315039599,2.679186525609758,2.6437188064610515],[1.9948134263356527,1.990925391294338,1.9334656174536105,1.9597253459471244]]","[1.0,1.0]","[3.4758134740370292,1.9838083194361793]","[0.00032098057797864184,7.255683708872649e-05]","[0.20692596038182576,0.0068821202963590625]","[0.20692596038182576,0.006882120317055119]","[[0.24956875929126032,0.2053387306354664,0.18995555098410005,0.18284079962306551],[0.012715215760248678,0.00629638044025611,0.004429643558062337,0.004087241494131309]]","[[0.24956875929126032,0.20533873107698228,0.18995555065296316,0.18284079940230757],[0.012715215760248678,0.00629638041611071,0.004429643539090951,0.0040872414906819666]]","[[0.4989228239765874,0.4524291393933473,0.43511896398332384,0.42689738869667054],[0.11242125343393397,0.07866926198756254,0.06569679509158488,0.0631531887308315]]","[[1.0,1.0,0.9259259259259259,0.75],[1.0,1.0,1.0,1.0]]","[[3.920429473453098,3.091764291127523,2.6781676557328966,2.6502385245429143],[1.9957058244281345,1.9929238080978393,1.9416291051440768,1.960941153102451]]","[1.0,1.0]","[3.4674258708953856,1.9857225471072726]","[null,null]"
residual_simvq_k4-2_d4-4_rate094-20260727-142121,84,0.01694738,0.07046646,0.08741384,0.01686530,0.07602036,23.77404094,0.92406900,0.01686530,1,Phase3-微调,0.075000,0.08518519,7.71283971,9216,0.1406250000,0.0937500000,5e-05,"[0.21871728350718816,0.006775379568959276]","[0.2187172834795934,0.006775379568959276]","[[0.26423705485132004,0.21722028488638223,0.20061116270996907,0.19280062810414367],[0.012372577585348928,0.006144446860222767,0.004424519663141971,0.004159974142978037]]","[[0.26423705485132004,0.21722028494157172,0.2006111631238902,0.19280062821452265],[0.012372577585348928,0.0061444468515994095,0.0044245196540874466,0.004159974148152051]]","[[0.5130323331113215,0.46493066378213743,0.4467401106600408,0.4379531512657801],[0.11082420151818681,0.07767190673147087,0.06568984749416511,0.06376784908136836]]","[[1.0,1.0,0.95,0.7509259259259259],[1.0,1.0,1.0,1.0]]","[[3.919321395732738,3.1032819275502805,2.673450509707133,2.637483067424209],[1.9954732243661528,1.9915017430429105,1.9391734624350512,1.9639159195952944]]","[1.0,1.0]","[3.470597936488964,1.9851933655915437]","[0.00032722799514885994,7.059495399146355e-05]","[0.23600258628527324,0.00726257798227447]","[0.2360025859541363,0.007262577975375785]","[[0.28265831812664316,0.23480642173025343,0.21748651840068675,0.20905908500706707],[0.013107861992385653,0.006658657402214076,0.004815703314832515,0.004468089183447537]]","[[0.28265831812664316,0.2348064221717693,0.2174865186214447,0.2090590837928984],[0.013107861992385653,0.006658657374619334,0.004815703321731201,0.0044680891627514804]]","[[0.5309286223517524,0.4837638587863357,0.4655401845773061,0.4564342114660475],[0.11421891136301889,0.08109593308634228,0.06880247468749683,0.06633362196109913]]","[[1.0,1.0,0.9518518518518518,0.7518518518518519],[1.0,1.0,1.0,1.0]]","[[3.9167299305951153,3.101241044644956,2.665914293571755,2.6329370110123245],[1.995631089033904,1.9930323697902539,1.9390842314119692,1.9585143398355556]]","[1.0,1.0]","[3.468100485978303,1.985237193107605]","[null,null]"
residual_simvq_k4-2_d4-4_rate094-20260727-142121,85,0.01684984,0.07058767,0.08743751,0.01786373,0.07384712,23.52309839,0.91937047,0.01686530,0,Phase3-微调,0.100000,0.10000000,6.35169336,9216,0.1406250000,0.0937500000,5e-05,"[0.21887598828309113,0.007004560438778114]","[0.2188759881589148,0.00700456043532877]","[[0.2643258876546665,0.21735892527633244,0.20079461790069386,0.19302452054840546],[0.012592801955287104,0.006391323153878113,0.004661174820028935,0.004372941787113194]]","[[0.2643258876546665,0.2173589251935482,0.20079461755575956,0.19302452052081073],[0.012592801955287104,0.006391323146979428,0.00466117481701076,0.0043729417750404944]]","[[0.5132297520284299,0.4651862904429436,0.44704833405989186,0.4383102910386191],[0.11175510879192087,0.07913540946664634,0.06734765116125345,0.06530915301431109]]","[[1.0,1.0,0.9435185185185185,0.7513888888888889],[1.0,1.0,1.0,1.0]]","[[3.920570530273296,3.096925191084544,2.666663099659814,2.6315296795633105],[1.9955014672544267,1.9918901798901734,1.943567062969561,1.9646164134696678]]","[1.0,1.0]","[3.464348479553505,1.9857518408033583]","[0.0003216103703986543,7.69034551484327e-05]","[0.22602031429608663,0.010290467987457912]","[0.22602031308191795,0.010290467990907255]","[[0.2720414678255717,0.224225350662514,0.20774933210125676,0.200065102842119],[0.01733388868333013,0.009808931979178278,0.007300405280181655,0.006718645927806696]]","[[0.2720414678255717,0.224225350662514,0.20774933143898291,0.20006510162795033],[0.01733388868333013,0.00980893196883025,0.007300405280181655,0.0067186459295313665]]","[[0.5208787355158064,0.47275268303023443,0.45501426568737735,0.4465236716800266],[0.13081522197635084,0.09751956551163285,0.08353766509228283,0.08014919421187154]]","[[1.0,1.0,0.9685185185185186,0.7518518518518519],[1.0,1.0,1.0,1.0]]","[[3.9203945725052445,3.1036310761063186,2.6607159420296,2.622077978981866],[1.993785928796839,1.9973372009065415,1.965772451294793,1.9704622604228832]]","[1.0,1.0]","[3.4680616113874647,1.9927990666142217]","[null,null]"
residual_simvq_k4-2_d4-4_rate094-20260727-142121,86,0.01689615,0.07052469,0.08742084,0.01697851,0.08160345,23.76012981,0.92410844,0.01686530,0,Phase3-微调,0.125000,0.12777778,7.74443994,9216,0.1406250000,0.0937500000,5e-05,"[0.21849879009856119,0.0071802231991939525]","[0.21849878973982953,0.0071802232017809595]","[[0.2639439285353378,0.21692032560154242,0.20046541069944698,0.19266549344691966],[0.01271357523208415,0.006605071975866816,0.004858174437605258,0.004544070992549812]]","[[0.2639439285353378,0.21692032532559502,0.20046541017514688,0.19266549339173017],[0.01271357523208415,0.006605071984490173,0.004858174446659784,0.00454407098910047]]","[[0.5127707183912948,0.46463766705106807,0.4466082055811529,0.4378315508365631],[0.11212846796821666,0.08020111959841517,0.06846935857363322,0.06628517761688542]]","[[1.0,1.0,0.9462962962962963,0.7509259259259259],[1.0,1.0,1.0,1.0]]","[[3.9215278541600265,3.0903422156969707,2.6558203087912666,2.620333940894515],[1.9957359442004452,1.991319242230168,1.9433489954030072,1.9663563587047435]]","[1.0,1.0]","[3.4588212896276405,1.985635671129933]","[0.00034559120023105707,8.048334045135426e-05]","[0.2533270774064241,0.007803969361163952]","[0.25332707751680306,0.007803969364613294]","[[0.3018024891614914,0.25199996751767617,0.23413484659459854,0.22537100436510862],[0.013969904763831033,0.007203090846262596,0.005193936266005039,0.004848945530614367]]","[[0.3018024891614914,0.2519999674072972,0.23413484758800931,0.22537100469624555],[0.013969904763831033,0.007203090811769167,0.005193936266005039,0.0048489455426870675]]","[[0.5486947955908599,0.5012596993534654,0.48313176654003287,0.47400545235033387],[0.1178730798540292,0.08426735781961017,0.07135603963224976,0.06900940835475922]]","[[1.0,1.0,0.937037037037037,0.7518518518518519],[1.0,1.0,1.0,1.0]]","[[3.916213708453708,3.091097210071705,2.6623443303284824,2.6289461118203623],[1.9972217127128884,1.993495864338345,1.955341097160622,1.9755413355650726]]","[1.0,1.0]","[3.4595705173633715,1.988866795433892]","[null,null]"
residual_simvq_k4-2_d4-4_rate094-20260727-142121,87,0.01684970,0.07139965,0.08824935,0.01827300,0.06783500,23.43711194,0.92239735,0.01686530,0,Phase3-微调,0.150000,0.17407407,7.81779622,9216,0.1406250000,0.0937500000,5e-05,"[0.22128883956207168,0.007190047802955464]","[0.22128883967245067,0.007190047793469771]","[[0.2666850309405062,0.21967303035435853,0.2032889965231772,0.19550830098213973],[0.012747562106664258,0.006611946139795085,0.004857730324362853,0.004542952625477618]]","[[0.2666850309405062,0.21967303049233225,0.2032889964127982,0.1955083010925187],[0.012747562106664258,0.006611946147556106,0.004857730321775846,0.004542952628495792]]","[[0.5154914791937227,0.4676517183581988,0.4498207799262471,0.4411263746795831],[0.11226637980176343,0.08020717802423018,0.06841206399516928,0.0662368438448067]]","[[1.0,1.0,0.9388888888888889,0.7513888888888889],[1.0,1.0,1.0,1.0]]","[[3.923189236499645,3.082618899698611,2.6449266186466924,2.6088400425734344],[1.9963644425074258,1.9917445023854574,1.9494330794722945,1.971062762428213]]","[1.0,1.0]","[3.449841311684361,1.986973003104881]","[0.0003284991034349703,7.424089535224656e-05]","[0.21119870797351556,0.005873284785559884]","[0.2111987074216207,0.005873284809705284]","[[0.25857447374750064,0.20931676272992736,0.1924588472754867,0.1844447452712942],[0.010649400280305633,0.005209465416286279,0.0038517264769998964,0.0037825470100398416]]","[[0.25857447374750064,0.20931676350258016,0.19245884771700258,0.18444474516091525],[0.010649400280305633,0.005209465436982336,0.0038517264994206253,0.0037825470117645132]]","[[0.5079944266213311,0.4569463389891165,0.4381308970627961,0.42891228552217836],[0.10300866878694959,0.0717963358870259,0.06162361817227469,0.06114488715926806]]","[[1.0,1.0,0.9685185185185186,0.7518518518518519],[1.0,1.0,1.0,1.0]]","[[3.9089359795605696,3.103632566663954,2.6588334295484755,2.6242203995033546],[1.9961988281320642,1.982283752935904,1.9490108993318347,1.9842110015727856]]","[1.0,1.0]","[3.4671515376479536,1.9827662688714487]","[null,null]"
residual_simvq_k4-2_d4-4_rate094-20260727-142121,88,0.01684940,0.07059874,0.08744814,0.01692526,0.08035892,23.76918599,0.92457201,0.01686530,0,Phase3-微调,0.175000,0.20370370,7.40619646,9216,0.1406250000,0.0937500000,5e-05,"[0.21872263404506223,0.007193335908879009]","[0.2187226338243043,0.007193335895943973]","[[0.264314887534689,0.21705728639607078,0.20063921693298553,0.19287914185336344],[0.012783309465481176,0.006602995858217279,0.004852540772063312,0.004534497488445292]]","[[0.264314887534689,0.21705728595455487,0.20063921720893294,0.19287914160501074],[0.012783309465481176,0.0066029958573549435,0.004852540769476305,0.004534497482408942]]","[[0.5130805307516345,0.46471656091787195,0.4467306376055435,0.4380025262633959],[0.11255970971175917,0.08038658305864643,0.06866314516713222,0.06644472868216258]]","[[1.0,1.0,0.9472222222222222,0.75],[1.0,1.0,1.0,1.0]]","[[3.924684237992322,3.07544022710235,2.635133119424184,2.5984379680068406],[1.9957269021758326,1.992237988445494,1.9494336664676666,1.9689506502063185]]","[1.0,1.0]","[3.443457421550044,1.987218600732309]","[0.00034912161885316623,7.571749350534918e-05]","[0.24902089337507885,0.008127638921831493]","[0.24902089337507885,0.008127638925280836]","[[0.2984986705912484,0.24755970493510918,0.22949382055688788,0.2205313750991115],[0.014181231410691032,0.007626413688477543,0.005642156047677553,0.0050607543783607305]]","[[0.2984986705912484,0.24755970427283533,0.22949381989461404,0.2205313754302484],[0.014181231410691032,0.007626413695376228,0.005642156049402223,0.0050607543783607305]]","[[0.5457107517454359,0.4968529385549051,0.4783491596027657,0.46891794447545654],[0.11878574865835684,0.08678792908235833,0.0744822065587397,0.07055565902480372]]","[[1.0,1.0,0.9629629629629629,0.7518518518518519],[1.0,1.0,1.0,1.0]]","[[3.9239764867005524,3.088512153978701,2.639652292816727,2.6002436408290155],[1.996577763557434,1.9942814826965332,1.962471718258328,1.9770584079954359]]","[1.0,1.0]","[3.4547093903576886,1.9907354443161576]","[null,null]"
residual_simvq_k4-2_d4-4_rate094-20260727-142121,89,0.01675699,0.07127425,0.08803124,0.01687787,0.07472234,23.78242512,0.92430127,0.01686530,0,Phase3-微调,0.200000,0.20370370,7.10430111,9216,0.1406250000,0.0937500000,5e-05,"[0.22069844862929097,0.007379142483006473]","[0.2206984489052384,0.007379142483868809]","[[0.26584921379884086,0.21903506390474461,0.2028120801680618,0.1950974367558956],[0.012957528331834408,0.0067998243426835095,0.005048729284425024,0.004710487879088355]]","[[0.26584921379884086,0.2190350641530973,0.2028120800576828,0.1950974373353852],[0.012957528331834408,0.006799824351738035,0.00504872929736006,0.004710487876501348]]","[[0.5145231771800253,0.4667937109867732,0.4491116988438147,0.44048640198177763],[0.11322892095755648,0.0813936617984264,0.06981589589957837,0.06750633989081338]]","[[1.0,1.0,0.9361111111111111,0.7509259259259259],[1.0,1.0,1.0,1.0]]","[[3.926858534194805,3.0648775506902624,2.626147315237257,2.5883231379367686],[1.9960458483960895,1.992351585626602,1.9516666688300945,1.9689664361653505]]","[1.0,1.0]","[3.4347958308679085,1.987475406240534]","[0.000329836702386038,7.462867142917444e-05]","[0.23225004496397794,0.006861446242503546]","[0.2322500444120831,0.006861446225256832]","[[0.27780497107240887,0.23074946502844493,0.21420880478841287,0.20623693488262318],[0.01223887192706267,0.006294050698892938,0.004590546520840791,0.0043223156041845125]]","[[0.27780497107240887,0.23074946502844493,0.21420880434689699,0.20623693488262318],[0.01223887192706267,0.006294050712690309,0.004590546519116119,0.004322315590387141]]","[[0.5263671590222253,0.47958678956385015,0.4620408669666008,0.45336415259926405],[0.11032042602698008,0.07872980661966182,0.06701689693662856,0.06509019884246367]]","[[1.0,1.0,0.9351851851851852,0.75],[1.0,1.0,1.0,1.0]]","[[3.9262639699158846,3.055992329562152,2.617165540765833,2.5783723937140572],[1.9953493886523777,1.9931432980078239,1.9401034620073108,1.9506022559271918]]","[1.0,1.0]","[3.431228568818834,1.9843641572528414]","[null,null]"
residual_simvq_k4-2_d4-4_rate094-20260727-142121,90,0.02326010,0.07100710,0.09426720,0.01688910,0.07203842,23.76758652,0.92379977,0.01686530,0,Phase3-微调,0.225000,0.21296296,8.07503394,9216,0.1406250000,0.0937500000,5e-05,"[0.217313382981552,0.009909325347419966]","[0.21731338324370209,0.009909325450900253]","[[0.26646686944144743,0.21518468155905052,0.19794264891081387,0.18965933171135407],[0.016189810494823313,0.009535911110988646,0.007312475681235945,0.0065991040517541545]]","[[0.26646686944144743,0.21518468211094538,0.19794264895220598,0.18965933186312517],[0.016189810494823313,0.009535911209294918,0.007312475674337259,0.006599103996564669]]","[[0.5120393205572058,0.4586441084190651,0.43917299994715936,0.4295207941421756],[0.1164134921161113,0.08440783817183088,0.07212458790314419,0.06921186273986543]]","[[1.0,1.0,0.9365740740740741,0.7513888888888889],[1.0,1.0,1.0,1.0]]","[[3.9143091281255087,3.0775165134006075,2.6313533200158012,2.588249416263015],[1.9894718401961857,1.9684457143147787,1.9444413706108377,1.9582673267081931]]","[1.0,1.0]","[3.446171550839036,1.9725830170843337]","[0.0005870444475914593,0.00012997503820399826]","[0.22393904902316905,0.006583879377554964]","[0.22393904935430597,0.006583879394801678]","[[0.268489063889892,0.22233329790609854,0.20637086254579048,0.19856297031596856],[0.011470174520379968,0.00609806717235457,0.00453074034648361,0.004236535465827695]]","[[0.268489063889892,0.22233329856837236,0.20637086309768535,0.19856297119900032],[0.011470174520379968,0.006098067189601285,0.0045307403447589385,0.004236535488248423]]","[[0.5175632805735977,0.47088635122334516,0.45364736517270404,0.44498966181719746],[0.10675079425175985,0.07743479427364137,0.06653186918960677,0.06438763199581041]]","[[1.0,1.0,0.9277777777777778,0.75],[1.0,1.0,1.0,1.0]]","[[3.919390591868648,3.0321944890198886,2.6152252073641176,2.575457055480392],[1.9971636207015426,1.995705877410041,1.9694131665759615,1.9848178978319522]]","[1.0,1.0]","[3.4183296592147263,1.9928545068811487]","[null,null]"
residual_simvq_k4-2_d4-4_rate094-20260727-142121,91,0.01666439,0.07747939,0.09414378,0.01673478,0.07744555,23.80878750,0.92376036,0.01673478,1,Phase3-微调,0.250000,0.23888889,7.42456963,9216,0.1406250000,0.0937500000,5e-05,"[0.2402978860117771,0.007636153104680556]","[0.24029788603937186,0.007636153107267563]","[[0.2857899734267482,0.2384561273234862,0.22233428497005392,0.21461115989972043],[0.013170094286195106,0.007076439818505336,0.005323078580355893,0.004974999663816696]]","[[0.2857899734267482,0.23845612748905465,0.22233428472170122,0.2146111599273152],[0.013170094286195106,0.007076439808157307,0.005323078591135089,0.00497499966899071]]","[[0.5336831664045651,0.48730390778294314,0.4704959602267654,0.46225104100174375],[0.1139455748790944,0.08269820058097442,0.0712804107685332,0.06894243234009655]]","[[1.0,1.0,0.9328703703703703,0.75],[1.0,1.0,1.0,1.0]]","[[3.9315141315813418,3.0482266381934835,2.5990712452817846,2.5596278331897877],[1.9958825012048085,1.9945142337569484,1.962770496474372,1.976684883568022]]","[1.0,1.0]","[3.418636154686963,1.9908386025163862]","[0.0003392070585202115,7.387766783756013e-05]","[0.24024710964273524,0.007578638699595575]","[0.240247110525767,0.007578638685798203]","[[0.2859958497462449,0.23823892087848098,0.2221164842446645,0.21463718370155052],[0.013116124686267642,0.007079650916986995,0.005223738171022247,0.004895040920625131]]","[[0.2859958497462449,0.23823892109923892,0.22211648501731732,0.21463718458458228],[0.013116124686267642,0.007079650944581738,0.005223738167572905,0.004895040922349801]]","[[0.5341318201135706,0.4873855712237182,0.47057582316575225,0.46258992795591003],[0.11406072356082775,0.08324976938742179,0.07115340873047157,0.06893208628451383]]","[[1.0,1.0,0.9407407407407408,0.75],[1.0,1.0,1.0,1.0]]","[[3.932033408129657,3.0452107782717106,2.5859669155544704,2.5443038940429688],[1.9944749187540125,1.9951836789095843,1.950225939574065,1.9613320315325702]]","[1.0,1.0]","[3.4055163824999775,1.9884700889940614]","[null,null]"
residual_simvq_k4-2_d4-4_rate094-20260727-142121,92,0.01959550,0.07448074,0.09407623,0.01719072,0.07114268,23.69437173,0.92388773,0.01673478,0,Phase3-微调,0.275000,0.29814815,7.83087544,9216,0.1406250000,0.0937500000,5e-05,"[0.22982054013344977,0.008517814281879477]","[0.22982054032661298,0.008517814293089841]","[[0.27793920534076516,0.22764352129565346,0.21080875886535203,0.20289067518379952],[0.01426417105400038,0.008075224521518168,0.0060865762251153315,0.005645285235907607]]","[[0.27793920534076516,0.22764352170957458,0.2108087588377573,0.20289067512861006],[0.01426417105400038,0.008075224549975247,0.0060865762844009115,0.005645285205725856]]","[[0.5260778564545844,0.4757181292330777,0.4576261180970404,0.44889825196177874],[0.11265735409601971,0.08101283884434789,0.06889081051642144,0.06735901717372515]]","[[1.0,1.0,0.9393518518518519,0.75],[1.0,1.0,1.0,1.0]]","[[3.920082677735223,3.062145629635564,2.60441558625963,2.560412370275568],[1.9824586336259489,1.9558330315130728,1.9194896441918832,1.9356951817318244]]","[1.0,1.0]","[3.431066639776583,1.9585727155208588]","[0.0004799310469092301,0.00010892300396234431]","[0.22148574005674432,0.0061708483913982355]","[0.22148574005674432,0.00617084840864495]","[[0.26729684262364,0.21906912481343305,0.20333957539664374,0.19623741507530212],[0.01169332510067357,0.005665450229275006,0.003762960991028834,0.0035616571997740755]]","[[0.26729684262364,0.21906912426153818,0.20333957661081242,0.1962374144130283],[0.01169332510067357,0.005665450218926977,0.0037629610324209487,0.0035616572083974327]]","[[0.516388104138551,0.46736913897373056,0.4502503130171034,0.4423257624661481],[0.10801912424740968,0.07506971381328724,0.06111574308187873,0.059513339703833615]]","[[1.0,1.0,0.912962962962963,0.75],[1.0,1.0,1.0,1.0]]","[[3.9133369004284893,3.032416852315267,2.5793999618954127,2.5415633360544843],[1.9976010075321904,1.9937255276574029,1.970674090915256,1.9771051336217809]]","[1.0,1.0]","[3.4172315738819266,1.9905277667222199]","[null,null]"
residual_simvq_k4-2_d4-4_rate094-20260727-142121,93,0.01667743,0.07486446,0.09154189,0.01690928,0.07032389,23.76334715,0.92238296,0.01673478,0,Phase3-微调,0.300000,0.27592593,7.43920702,9216,0.1406250000,0.0937500000,5e-05,"[0.23270630309427226,0.006859955282157494]","[0.23270630287351432,0.006859955277845815]","[[0.27822832630740274,0.23072656511708542,0.21472552449063018,0.20714479157770121],[0.012340902866519711,0.0063426903194609896,0.004537794323362134,0.0042184335296042265]]","[[0.27822832630740274,0.2307265652274644,0.21472552473898288,0.20714479130175378],[0.012340902866519711,0.0063426903194609896,0.004537794327673813,0.004218433538227584]]","[[0.5266902257998785,0.47947298404243255,0.46251473890410527,0.4542784946936148],[0.11079970385741304,0.07914243468117935,0.06676643400418537,0.06442847936931584]]","[[1.0,1.0,0.9314814814814815,0.75],[1.0,1.0,1.0,1.0]]","[[3.935348652910303,3.033833890049546,2.5792644496317263,2.5373491750823125],[1.9952614336102097,1.9932473127488737,1.9656324510221128,1.9669051550052785]]","[1.0,1.0]","[3.405135241261235,1.9893356994346336]","[0.0003182725871738512,6.236638301339149e-05]","[0.21805013042909127,0.006986314072101205]","[0.2180501298771964,0.006986314072101205]","[[0.2626128171329145,0.21571543238781116,0.20049681906346922,0.19337544717170574],[0.0124434195458889,0.006385966197208122,0.004659529107933243,0.004456341270081423]]","[[0.2626128171329145,0.21571543205667426,0.2004968178493005,0.19337544650943192],[0.0124434195458889,0.0063859662248028646,0.004659529106208571,0.004456341275255437]]","[[0.5119255564830921,0.46387756157804416,0.4471972410325651,0.4391919829227306],[0.11127465240381382,0.0793780678400287,0.06761634352582473,0.06620059289314129]]","[[1.0,1.0,0.9074074074074074,0.75],[1.0,1.0,1.0,1.0]]","[[3.9219942393126312,3.038556118364687,2.5843766777603716,2.547432546262388],[1.9953860017988416,1.9932561812577425,1.9496895516360249,1.9607677450886478]]","[1.0,1.0]","[3.4234601303383156,1.987142425996286]","[null,null]"
residual_simvq_k4-2_d4-4_rate094-20260727-142121,94,0.01668020,0.07383209,0.09051228,0.01851706,0.06863298,23.40452913,0.92138210,0.01673478,0,Phase3-微调,0.325000,0.29629630,7.26514565,9216,0.1406250000,0.0937500000,5e-05,"[0.22881033271551132,0.007452345452340389]","[0.22881033254994287,0.007452345460963746]","[[0.27378888342667507,0.22697167777352864,0.21102642982646272,0.2034543387591839],[0.013022327785276705,0.006854225856389989,0.0051141665601688955,0.00481866153034692]]","[[0.27378888342667507,0.22697167818744976,0.21102642971608374,0.20345433834526275],[0.013022327785276705,0.0068542258796730525,0.005114166564911742,0.004818661529915752]]","[[0.5224106904533175,0.47548879981040953,0.4584381910385909,0.45014113872139544],[0.1135467456722701,0.08178213206982171,0.07033617034278535,0.06833884687059455]]","[[1.0,1.0,0.9300925925925926,0.750462962962963],[1.0,1.0,1.0,1.0]]","[[3.936064545755033,3.0344752890092357,2.5814513877586083,2.5379797679406626],[1.9952378065497787,1.9908835927645365,1.9512165266054649,1.9613076428572336]]","[1.0,1.0]","[3.4056125150786505,1.9858327163590326]","[0.00031849368541669615,6.914432813708252e-05]","[0.2142377860016293,0.005387735549636461]","[0.21423778622238723,0.005387735556535147]","[[0.2587951354406498,0.21249687119766517,0.1966995088038621,0.18895963077191955],[0.010002754580367494,0.004640258131203828,0.003545247658190352,0.0033626816804624266]]","[[0.2587951354406498,0.21249687141842313,0.19669950792083032,0.18895963132381438],[0.010002754580367494,0.004640258158798571,0.003545247661639695,0.0033626816804624266]]","[[0.5080831576276709,0.4602784165629634,0.4428085764249166,0.43401156067848207],[0.09981360358220559,0.06770232352945539,0.05909842953637794,0.057602522163479414]]","[[1.0,1.0,0.9296296296296296,0.7518518518518519],[1.0,1.0,1.0,1.0]]","[[3.9368370427025687,3.0356231053670246,2.577497399294818,2.5332740483460605],[1.9820308146653351,1.9976350236822058,1.9858978933758207,1.9871864336508291]]","[1.0,1.0]","[3.4096974637773303,1.9993263668484158]","[null,null]"
residual_simvq_k4-2_d4-4_rate094-20260727-142121,95,0.01660205,0.07082519,0.08742724,0.01695047,0.07535061,23.75652254,0.92211369,0.01673478,0,Phase3-微调,0.350000,0.34444444,7.23031926,9216,0.1406250000,0.0937500000,5e-05,"[0.21911078492800395,0.007529834106874963]","[0.2191107850935724,0.007529834112911312]","[[0.2637895020069899,0.21735819084224878,0.20144232748835175,0.19385311937442531],[0.013103787135332823,0.00690717216865677,0.0051916246871567436,0.004916752300535639]]","[[0.2637895020069899,0.21735819070427506,0.2014423273227833,0.19385311965037275],[0.013103787135332823,0.006907172165207427,0.005191624697073604,0.0049167522944992895]]","[[0.5127419455183877,0.4652522513711894,0.4478483301621896,0.4393305835348588],[0.11376190941642832,0.08183301649987698,0.07055728652824958,0.06874389660855135]]","[[1.0,1.0,0.9310185185185185,0.750462962962963],[1.0,1.0,1.0,1.0]]","[[3.9370411577048126,3.0325365455062303,2.5833488976513896,2.539001049818816],[1.9955600809167933,1.9901785808580894,1.9457115122565516,1.9590731839338937]]","[1.0,1.0]","[3.4037261066613373,1.9845465103785196]","[0.0003124279978726042,6.97556176806689e-05]","[0.23341731793350642,0.007704639365827596]","[0.2334173173816116,0.007704639379624967]","[[0.2802232592194169,0.23208554751343197,0.21495200583228358,0.20640845475373445],[0.013259190217488342,0.007095394738846355,0.005384196078887692,0.005079776464306094]]","[[0.2802232592194169,0.2320855466304002,0.21495200561152564,0.20640845453297652],[0.013259190217488342,0.007095394749194383,0.005384196089235721,0.005079776497074851]]","[[0.5286676854998977,0.4809983626559929,0.4628695529920083,0.4535803395288962],[0.1147341000813025,0.08345013669243566,0.07246029644652649,0.07044725837530913]]","[[1.0,1.0,0.9333333333333333,0.7537037037037037],[1.0,1.0,1.0,1.0]]","[[3.9325644069247776,3.0250432632587576,2.5864342230337636,2.543774806128608],[1.9977476596832275,1.980955023235745,1.929013474782308,1.9485281440946791]]","[1.0,1.0]","[3.401964616775513,1.9761706202118485]","[null,null]"
residual_simvq_k4-2_d4-4_rate094-20260727-142121,96,0.01657424,0.06902481,0.08559905,0.01673640,0.06550347,23.80268306,0.92389522,0.01673478,0,Phase3-微调,0.375000,0.37222222,7.18978381,9216,0.1406250000,0.0937500000,5e-05,"[0.21337291363764693,0.007506488495575333]","[0.2133729133616995,0.007506488500749348]","[[0.25775024355561643,0.2116596539263372,0.1958242668321839,0.1882574891326604],[0.013087609760394251,0.0068908729659462415,0.005154413716971047,0.004893057484231475]]","[[0.25775024355561643,0.21165965376076876,0.19582426710813133,0.1882574889946867],[0.013087609760394251,0.006890872991816313,0.00515441373249309,0.004893057476901622]]","[[0.5068464370237457,0.45912756036829067,0.4415776937648102,0.4329692942124826],[0.11374718252983358,0.0818462722900289,0.07043630360039296,0.06873208748659602]]","[[1.0,1.0,0.9222222222222223,0.750462962962963],[1.0,1.0,1.0,1.0]]","[[3.9363623588173478,3.0245100763108996,2.5772744010995936,2.5320137227023087],[1.9959374317416438,1.9895301931434208,1.9493124032462086,1.9617838003017285]]","[1.0,1.0]","[3.397560457830076,1.9849249287887856]","[0.00030915750911743897,7.246252138833774e-05]","[0.2035789156401599,0.0060321923759248525]","[0.2035789156401599,0.006032192369026167]","[[0.24709379264601955,0.20202600768318882,0.18636228232472032,0.17883358222466927],[0.011017784759126327,0.00538325301302528,0.0038993424115081627,0.00382838921311001]]","[[0.24709379264601955,0.20202600724167294,0.18636228177282546,0.17883358233504826],[0.011017784759126327,0.005383253026822651,0.0038993424115081627,0.003828389197587967]]","[[0.4964474187956916,0.44877632149943597,0.43099553187688194,0.4222052764009546],[0.1047302113087089,0.07288860513104332,0.06185512821431513,0.06137500788878512]]","[[1.0,1.0,0.9314814814814815,0.7518518518518519],[1.0,1.0,1.0,1.0]]","[[3.9359433933540626,3.0130668269263374,2.577633024145056,2.5272846575136536],[1.997215250686363,1.9885102775361803,1.945666836809229,1.9637934702414053]]","[1.0,1.0]","[3.3908191945817734,1.9840044498443603]","[null,null]"
residual_simvq_k4-2_d4-4_rate094-20260727-142121,97,0.01654255,0.06740219,0.08394475,0.01706408,0.06873082,23.80123028,0.92364594,0.01673478,0,Phase3-微调,0.400000,0.40185185,7.63153514,9216,0.1406250000,0.0937500000,5e-05,"[0.20807410031557083,0.0076129149041931935]","[0.20807410026038134,0.007612914908504872]","[[0.25215347944586364,0.20642686464168408,0.19063457647959392,0.18308148003286787],[0.013152995926362496,0.0070242414276839955,0.005277220985455507,0.004997201294086322]]","[[0.25215347944586364,0.20642686461408932,0.19063457656237814,0.18308147995008361],[0.013152995926362496,0.00702424140871261,0.00527722097683215,0.0049972012902058105]]","[[0.5012470801671346,0.453345311846998,0.4356149271682457,0.426903952492608],[0.11401092012723286,0.0826406187205403,0.07127467470450534,0.06943131397581763]]","[[1.0,1.0,0.9236111111111112,0.75],[1.0,1.0,1.0,1.0]]","[[3.9361650069554646,3.0188139412138195,2.574104901596352,2.529221452607049],[1.996183036433326,1.990775873042919,1.953165273313169,1.966299377988886]]","[1.0,1.0]","[3.392702916374913,1.9863330918329734]","[0.00030910948841698916,7.188681808690523e-05]","[0.21239982633679003,0.007538781394423158]","[0.21239982655754797,0.007538781366828415]","[[0.2584925727711784,0.21059108619336728,0.19423340128527747,0.186282244876579],[0.012876988395496652,0.007003601245513117,0.005259738743512167,0.005014797162126612]]","[[0.2584925727711784,0.21059108608298832,0.1942334004022457,0.1862822452077159],[0.012876988395496652,0.00700360120067166,0.005259738733164139,0.005014797110386469]]","[[0.5078210687195813,0.45825002833648965,0.4400656207844063,0.43096896763201115],[0.11298623029832487,0.08276576648155848,0.0714046057175707,0.06982167385242603]]","[[1.0,1.0,0.9407407407407408,0.7518518518518519],[1.0,1.0,1.0,1.0]]","[[3.930358413413719,3.033337093282629,2.5728360917833117,2.5225433120021115],[1.9978778000231143,1.985583042215418,1.934195453149301,1.950450665862472]]","[1.0,1.0]","[3.3980634318457708,1.97839898886504]","[null,null]"
residual_simvq_k4-2_d4-4_rate094-20260727-142121,98,0.01656344,0.06633152,0.08289496,0.01798642,0.06924144,23.62467104,0.92385326,0.01673478,0,Phase3-微调,0.425000,0.43333333,7.74932161,9216,0.1406250000,0.0937500000,5e-05,"[0.20457552613483534,0.007685340023427098]","[0.20457552599686163,0.007685340032050455]","[[0.24868761193421152,0.2028705787603502,0.18712974163117232,0.17961417237917582],[0.013291018914983228,0.007081519579514861,0.005320169213141694,0.005048652295523357]]","[[0.24868761193421152,0.20287057859478175,0.1871297414931986,0.17961417202044416],[0.013291018914983228,0.007081519597192744,0.005320169231250744,0.005048652303284379]]","[[0.4977746249349029,0.4494038244640386,0.43157028241289985,0.4228205010846809],[0.11456124931573868,0.08290115032621004,0.07148650430004906,0.06974492182748185]]","[[1.0,1.0,0.9125,0.750462962962963],[1.0,1.0,1.0,1.0]]","[[3.936150947765068,3.0132993358152884,2.565879539207176,2.5201207452350194],[1.9960552756433134,1.9894028670257993,1.9496126349325533,1.9621494975354936]]","[1.0,1.0]","[3.3879318171077304,1.9846613380644056]","[0.0003103829116972284,7.564760480986647e-05]","[0.2124465972185135,0.009125997388252505]","[0.21244659732889246,0.009125997374455134]","[[0.25692764542720936,0.2108893370186841,0.19490084681246017,0.18706855751849988],[0.016393215340320712,0.008503964125972104,0.005989665175891585,0.005617144886680223]]","[[0.25692764542720936,0.2108893359148944,0.1949008470332181,0.18706855840153164],[0.016393215340320712,0.008503964112174732,0.005989665155195527,0.005617144848737452]]","[[0.5062557955582937,0.4585522746598279,0.44080221873742564,0.43186135777720697],[0.12778683050915046,0.09172581053442425,0.07676496238068298,0.07439076635572646]]","[[1.0,1.0,0.9296296296296296,0.7518518518518519],[1.0,1.0,1.0,1.0]]","[[3.944630640524405,2.9843830974013716,2.57016544342041,2.5376023592772308],[1.99346316213961,1.9953910085890028,1.95963837923827,1.9477776518574468]]","[1.0,1.0]","[3.382683614448265,1.9885119526474564]","[null,null]"
residual_simvq_k4-2_d4-4_rate094-20260727-142121,99,0.01668556,0.06498190,0.08166746,0.01713929,0.06124733,23.70544867,0.92293746,0.01673478,0,Phase3-微调,0.450000,0.44444444,7.98672767,9216,0.1406250000,0.0937500000,5e-05,"[0.19997634829746352,0.007965743903036195]","[0.19997634807670558,0.007965743915108894]","[[0.24327419761706282,0.19845855716201993,0.18280872866787293,0.1753639080596191],[0.01365496986028221,0.007361632485925737,0.0055675855466958,0.005278787660171036]]","[[0.24327419761706282,0.1984585571344252,0.18280872778484114,0.17536390816999806],[0.01365496986028221,0.007361632504465955,0.005567585545833464,0.005278787665345051]]","[[0.49239169149487105,0.4445633852923358,0.42663237458025965,0.4178632347672074],[0.11570197659786101,0.0838704561262771,0.07235470634229757,0.07051824249879078]]","[[1.0,1.0,0.9212962962962963,0.75],[1.0,1.0,1.0,1.0]]","[[3.939376479608041,2.9801535584308483,2.5580444777453386,2.5173996377874306],[1.9956214706103006,1.9866131835513645,1.9366473562187618,1.948295348882675]]","[1.0,1.0]","[3.375320551130507,1.9802432046996223]","[0.00031717290074555893,7.877991520049196e-05]","[0.18755148240813502,0.008439982834237593]","[0.18755148262889296,0.008439982834237593]","[[0.22882581518756018,0.18566889928446875,0.17113789275840477,0.16457332129831667],[0.013902672069768111,0.008006515050375904,0.00610977177232228,0.005740972339279122]]","[[0.22882581518756018,0.18566889928446875,0.1711378930895417,0.1645733211879377],[0.013902672069768111,0.008006515029679846,0.006109771791293665,0.005740972328931093]]","[[0.4777430872122447,0.4302286942799886,0.4130266754715531,0.40504100808390864],[0.11733957606333273,0.08847753389014137,0.07694570046884042,0.07463895667482305]]","[[1.0,1.0,0.9,0.75],[1.0,1.0,1.0,1.0]]","[[3.933652967876858,2.973738917598018,2.557228183746338,2.519464715321859],[1.9973263237211438,1.951151591760141,1.8799091144844338,1.9027433121645891]]","[1.0,1.0]","[3.3826828974264638,1.9486786400830305]","[null,null]"
residual_simvq_k4-2_d4-4_rate094-20260727-142121,100,0.01803469,0.06376777,0.08180246,0.01934962,0.06155525,23.17170411,0.91164889,0.01673478,0,Phase3-微调,0.475000,0.50370370,7.08230890,9216,0.1406250000,0.0937500000,2.5e-05,"[0.19635504561441916,0.007701811680777206]","[0.1963550458351771,0.007701811683364213]","[[0.24009347908474782,0.1948093824364521,0.17902341371885053,0.17149391017026372],[0.013378751096833083,0.007055135931026329,0.005312673901897613,0.005060685723502603]]","[[0.24009347908474782,0.19480938251923632,0.17902341404998745,0.1714939105565901],[0.013378751096833083,0.007055135905156257,0.0053126739075027955,0.005060685723933771]]","[[0.4889738274945153,0.44024680858408966,0.42197775581368696,0.41301527591767134],[0.11484337366289563,0.08267001780784793,0.07142232150115349,0.06984547937495841]]","[[1.0,1.0,0.9217592592592593,0.75],[1.0,1.0,1.0,1.0]]","[[3.9419277235313697,2.9704978483694573,2.542010734257875,2.4905065055246705],[1.995772820490378,1.981091562465385,1.9211011513515754,1.937654341812487]]","[1.0,1.0]","[3.3642341830112317,1.9745459424124823]","[0.00035402918120208026,8.1938905409347e-05]","[0.19215984245141346,0.004816949788343024]","[0.19215984278255038,0.004816949753849595]","[[0.24323253841311843,0.18994437169145656,0.17192056554335136,0.16354189647568596],[0.009097415277803386,0.004031176582254745,0.0029192110558074933,0.0032199960408939255]]","[[0.24323253841311843,0.1899443719122145,0.17192056443956164,0.16354189625492802],[0.009097415277803386,0.00403117657535606,0.002919211045459465,0.0032199959891537826]]","[[0.4925520963139004,0.4351183855975116,0.4139249163645285,0.4037265689284713],[0.09531921981661408,0.06337729386157459,0.05390391620220961,0.05665923301820402]]","[[1.0,1.0,0.937037037037037,0.75],[1.0,1.0,1.0,1.0]]","[[3.920637881314313,3.0443733674508553,2.6199719499658656,2.5707505385080975],[1.9977551318981028,1.963266219916167,1.8715883572896321,1.8934776394455521]]","[1.0,1.0]","[3.4323913397612396,1.9531741822207416]","[null,null]"
residual_simvq_k4-2_d4-4_rate094-20260727-142121,101,0.01628023,0.06481253,0.08109276,0.01606741,0.06701450,23.98668510,0.92748844,0.01606741,1,Phase3-微调,0.500000,0.47407407,7.30415120,9216,0.1406250000,0.0937500000,2.5e-05,"[0.2007399855112588,0.006660105896837734]","[0.20073998559404302,0.006660105895113062]","[[0.24452593467301792,0.19901053709564387,0.18332162692590995,0.17610184486817432],[0.01204910884887256,0.005946730743421035,0.004317609670882423,0.004326974207328425]]","[[0.24452593467301792,0.1990105368748859,0.18332162736742585,0.1761018447302006],[0.01204910884887256,0.00594673074428337,0.004317609678643445,0.00432697421250244]]","[[0.49375568843550155,0.4452758382315989,0.42732079376777016,0.418829619774112],[0.10905837997518204,0.0758791229515164,0.06423596703895816,0.06452792642155179]]","[[1.0,1.0,0.9254629629629629,0.750462962962963],[1.0,1.0,1.0,1.0]]","[[3.949167497952779,2.960762584650958,2.5312368309056317,2.4782154749940943],[1.9959453401742158,1.9892869448220287,1.9435240692562528,1.9601641328246504]]","[1.0,1.0]","[3.3561143654364125,1.9839552086812478]","[0.0002563717744865075,5.1557254504654406e-05]","[0.20725054685716277,0.007195839127180753]","[0.20725054762981557,0.00719583912373141]","[[0.2499469143372995,0.20560434769701075,0.19029322719132458,0.1831576986445321],[0.013020209781825543,0.006437712797412166,0.0047053653884817056,0.004620068589294399]]","[[0.2499469143372995,0.20560434769701075,0.19029322807435636,0.18315769897566903],[0.013020209781825543,0.006437712787064137,0.00470536540572842,0.004620068537554255]]","[[0.49937128557099236,0.4528135511610243,0.4356014262746882,0.42736536264419556],[0.11386894981066385,0.07976134987892929,0.06803646175949662,0.06750803984425686]]","[[1.0,1.0,0.9277777777777778,0.75],[1.0,1.0,1.0,1.0]]","[[3.9503182428854484,2.9450041382401078,2.5094973440523503,2.4524747018460875],[1.9956792566511365,1.9900816926249751,1.93672748848244,1.9595558943571867]]","[1.0,1.0]","[3.337765089670817,1.9841597733674226]","[null,null]"
residual_simvq_k4-2_d4-4_rate094-20260727-142121,102,0.01589704,0.06849188,0.08438892,0.01613464,0.07032828,23.96748381,0.92683331,0.01606741,0,Phase3-微调,0.525000,0.51481481,8.00658836,9216,0.1406250000,0.0937500000,2.5e-05,"[0.21132864830670534,0.007845382010391741]","[0.21132864869303172,0.007845382000906048]","[[0.25373301059007647,0.2096887268953853,0.19447358336161685,0.18741927111038456],[0.013775218414418675,0.007093014128730391,0.005305904238829734,0.0052073911707675846]]","[[0.25373301059007647,0.20968872719892748,0.19447358394110645,0.1874192711379793],[0.013775218414418675,0.00709301410070448,0.005305904246159588,0.005207391172492256]]","[[0.5030182604988416,0.4571437713172701,0.44021223424761385,0.4321618315798265],[0.11688325363728735,0.0833213643481334,0.07179418094456196,0.07125884106865636]]","[[1.0,1.0,0.9199074074074074,0.750462962962963],[1.0,1.0,1.0,1.0]]","[[3.9571681411178026,2.936953627621686,2.505037084773735,2.4469074328740437],[1.995940374886548,1.9871171094753124,1.9323789832768616,1.9560517946879068]]","[1.0,1.0]","[3.3299474014176265,1.9814893883687479]","[0.00024388808650891642,5.6334437299988673e-05]","[0.2169712296238652,0.00807927460582168]","[0.21697122995500212,0.008079274602372337]","[[0.25958460028524755,0.21555908819039662,0.20001423215424574,0.19272699808632887],[0.014120975592070156,0.00736007793220105,0.005445456128843404,0.005390588725330653]]","[[0.25958460028524755,0.21555908852153355,0.20001423369955135,0.19272699896936063],[0.014120975592070156,0.007360077894258278,0.005445456135742091,0.005390588716707296]]","[[0.5089398344357808,0.4636877371205224,0.44663268614698337,0.4384298205375671],[0.1183878951602512,0.08489257323521154,0.07266595783057037,0.07244715878257045]]","[[1.0,1.0,0.9018518518518519,0.75],[1.0,1.0,1.0,1.0]]","[[3.9550698633547183,2.927023753413448,2.50265381247909,2.4501965664051197],[1.9972207493252225,1.97963046586072,1.9044287884676898,1.9226384781025074]]","[1.0,1.0]","[3.3279162036048042,1.9691300913139627]","[null,null]"
residual_simvq_k4-2_d4-4_rate094-20260727-142121,103,0.01586746,0.07023844,0.08610590,0.01614925,0.07228741,23.96594357,0.92736457,0.01606741,0,Phase3-微调,0.550000,0.53148148,7.67151062,9216,0.1406250000,0.0937500000,2.5e-05,"[0.2167190017523589,0.00804400821302638]","[0.2167190021386853,0.008044008213888716]","[[0.2588446984136546,0.21511930875756122,0.19996572258295836,0.19294627703450346],[0.013988916110247374,0.0072775394953269925,0.005519851731326155,0.005389725433283106]]","[[0.2588446984136546,0.21511930911629287,0.19996572263814785,0.19294627722766663],[0.013988916110247374,0.007277539501363343,0.005519851725720973,0.0053897254367324485]]","[[0.5080360494829991,0.4630052645449285,0.44636674109432434,0.43847215628182445],[0.11755474437442091,0.08401380774599534,0.07278839077938486,0.0720665372632168]]","[[1.0,1.0,0.9217592592592593,0.75],[1.0,1.0,1.0,1.0]]","[[3.9575902938842775,2.9296102590031095,2.4997141219951486,2.4414994601850157],[1.9959512381641953,1.9854379331624066,1.9256277912192874,1.9508490215848993]]","[1.0,1.0]","[3.324036767747667,1.9791505455970764]","[0.00024772816247638766,6.0251484903885826e-05]","[0.22306784435554786,0.008251876008041479]","[0.2230678442451689,0.008251876011490822]","[[0.265228952743389,0.2215994428705286,0.2063076247771581,0.1991353576933896],[0.014422715324218627,0.007553645771824651,0.005632771956906826,0.005398370925750997]]","[[0.265228952743389,0.22159944298090758,0.20630762422526325,0.19913535868680035],[0.014422715324218627,0.007553645792520708,0.005632771939660112,0.005398370906779612]]","[[0.514422070980072,0.4701218092883075,0.4535884177243268,0.4456431757520746],[0.11981058374599174,0.08636771076255374,0.0744119518884906,0.07292347448291601]]","[[1.0,1.0,0.9092592592592592,0.75],[1.0,1.0,1.0,1.0]]","[[3.9544005906140365,2.9246342288123235,2.495925544809412,2.437476573167024],[1.9949425741478248,1.9903233837198329,1.9376012510723537,1.9599169218981707]]","[1.0,1.0]","[3.320577142856739,1.9847658863774051]","[null,null]"
residual_simvq_k4-2_d4-4_rate094-20260727-142121,104,0.01586659,0.07062623,0.08649282,0.01630401,0.07283644,23.92850013,0.92702861,0.01606741,0,Phase3-微调,0.575000,0.59814815,7.59122409,9216,0.1406250000,0.0937500000,2.5e-05,"[0.21791566759347916,0.008088268545732177]","[0.21791566773145288,0.008088268542282836]","[[0.25993881628469184,0.21630735248327254,0.20119296762126462,0.1942235350056931],[0.014113372374601939,0.0073148929263913524,0.00553558632619334,0.005389222470802014]]","[[0.25993881628469184,0.21630735237289359,0.2011929675384804,0.1942235351436668],[0.014113372374601939,0.007314892932427702,0.005535586337403705,0.005389222474251356]]","[[0.5091330946043685,0.4643107368438332,0.4477635729644034,0.43994869142770765],[0.11821596636264413,0.08449082636722811,0.07320865945959533,0.0723450656566355]]","[[1.0,1.0,0.9185185185185185,0.75],[1.0,1.0,1.0,1.0]]","[[3.9589905782982155,2.925883413244177,2.498644971847534,2.4417953076186003],[1.9957761170687498,1.9868183584124954,1.9299814182299155,1.9560846754798182]]","[1.0,1.0]","[3.3205722786762095,1.98115815365756]","[0.00025030296282137795,5.954056524657332e-05]","[0.2250716280054163,0.008004972107570481]","[0.22507162789503735,0.008004972100671795]","[[0.26701858474148643,0.2235919569377546,0.2084063399721075,0.20126963003917978],[0.013829787041026134,0.007313869645198186,0.005545588979428565,0.005330642711164223]]","[[0.26701858474148643,0.2235919580415443,0.20840633986172852,0.20126962981842184],[0.013829787041026134,0.0073138696486475295,0.005545588955283165,0.00533064270771488]]","[[0.5161551733811697,0.4722282080738633,0.45588714789461204,0.44802203487466885],[0.11727731023673658,0.0849024717454557,0.07374428085706852,0.07238110488763562]]","[[1.0,1.0,0.9018518518518519,0.75],[1.0,1.0,1.0,1.0]]","[[3.9573543142389367,2.917444432223285,2.4971319445857296,2.444767876024599],[1.9976986867410165,1.9830519146389431,1.9292275004916721,1.9610099412776805]]","[1.0,1.0]","[3.3219366285536025,1.9793399960906417]","[null,null]"
residual_simvq_k4-2_d4-4_rate094-20260727-142121,105,0.01590017,0.07087799,0.08677816,0.01635589,0.07200724,23.92198157,0.92749018,0.01606741,0,Phase3-微调,0.600000,0.65740741,7.34898340,9216,0.1406250000,0.0937500000,2.5e-05,"[0.21864216355261978,0.008167406283663931]","[0.21864216371818826,0.00816740626986656]","[[0.2607615509242923,0.21704265693271602,0.20188453630716713,0.19487990988073525],[0.01426064248231274,0.007381675125065225,0.005586256176078071,0.00544105125375575]]","[[0.2607615509242923,0.21704265696031075,0.20188453627957237,0.1948799100463037],[0.01426064248231274,0.007381675125065225,0.005586256187719603,0.005441051261516771]]","[[0.5099240497306541,0.4650820686309426,0.44851550923453437,0.44067520835885293],[0.11889246491094431,0.0849639684099842,0.07364386849243332,0.07280061765125505]]","[[1.0,1.0,0.9087962962962963,0.75],[1.0,1.0,1.0,1.0]]","[[3.959326743196558,2.9212727440728083,2.49346894732228,2.43660223086675],[1.995836670972683,1.9862327255584575,1.9294549650616115,1.9562365392843881]]","[1.0,1.0]","[3.316143814722697,1.9806680818398794]","[0.00026094751212642426,6.111797348509114e-05]","[0.22235206972669672,0.008071096869254554]","[0.22235206972669672,0.008071096862355869]","[[0.2651724398136139,0.22048586165463482,0.20529926628978165,0.1984507072854925],[0.014246091205212806,0.007303753864296056,0.0054707536836051274,0.005263788653192697]]","[[0.2651724398136139,0.22048586165463482,0.20529926772470827,0.19845070684397662],[0.014246091205212806,0.007303753829802628,0.005470753676706442,0.005263788654917368]]","[[0.5143802483876546,0.46894924486124956,0.4524895164701674,0.4448888319510001],[0.11905300644812761,0.08485989233961812,0.07326153988639514,0.07194956960501495]]","[[1.0,1.0,0.9203703703703704,0.75],[1.0,1.0,1.0,1.0]]","[[3.953064454043353,2.928776024006031,2.49761190061216,2.4378989025398536],[1.9932015392515394,1.995123936511852,1.95275783362212,1.9672234782466183]]","[1.0,1.0]","[3.3173207618572094,1.9901205433739557]","[null,null]"
residual_simvq_k4-2_d4-4_rate094-20260727-142121,106,0.01586828,0.07081687,0.08668515,0.01598724,0.07255359,24.00728113,0.92764754,0.01598724,1,Phase3-微调,0.625000,0.59629630,7.22776325,9216,0.1406250000,0.0937500000,2.5e-05,"[0.21849648350918735,0.008117492851387296]","[0.21849648342640313,0.008117492840176932]","[[0.2604171958234575,0.2169288103779157,0.2018132453991307,0.19482668064258718],[0.0141874175949919,0.0073528843940477125,0.0055456829516010156,0.005383986339438707]]","[[0.2604171958234575,0.2169288101847525,0.20181324561988867,0.19482668116688728],[0.0141874175949919,0.007352884388011363,0.005545682945564665,0.0053839863575477565]]","[[0.5096256564612742,0.465005436429271,0.44848161604669357,0.44065915224728763],[0.11866284473626702,0.08490478746868946,0.07348240015821325,0.07252091521190272]]","[[1.0,1.0,0.913425925925926,0.750462962962963],[1.0,1.0,1.0,1.0]]","[[3.9616118576791552,2.9147242272341694,2.489711456828647,2.432253940017135],[1.9963093362472675,1.9871219959523942,1.9371271508711356,1.9598130003169731]]","[1.0,1.0]","[3.310062367827804,1.9822877446810405]","[0.0002509900867826892,5.821380664033145e-05]","[0.2237544819160744,0.00841699388154127]","[0.2237544814745585,0.00841699388154127]","[[0.2666429170855769,0.2222511613810504,0.20671539107958475,0.19940846065680187],[0.014446984493622073,0.007722253152341755,0.005849145376985824,0.005649592363517041]]","[[0.2666429170855769,0.2222511617121873,0.20671539163147962,0.19940846098793877],[0.014446984493622073,0.0077222531247470114,0.00584914534939108,0.005649592335922299]]","[[0.5157838649219937,0.4707990962046164,0.4540224485927158,0.4459356489004912],[0.11983550764896252,0.08717756933636135,0.07563711366167775,0.07442405314909087]]","[[1.0,1.0,0.9111111111111111,0.75],[1.0,1.0,1.0,1.0]]","[[3.956387339697944,2.919270278789379,2.4979783976519547,2.445944330427382],[1.9971959352493287,1.986572555259422,1.929601090925711,1.9536390516493056]]","[1.0,1.0]","[3.3158713941220883,1.9797833628124661]","[null,null]"
residual_simvq_k4-2_d4-4_rate094-20260727-142121,107,0.01589366,0.07063838,0.08653204,0.01611516,0.06838234,23.97322849,0.92738958,0.01598724,0,Phase3-微调,0.650000,0.65555556,7.59086382,9216,0.1406250000,0.0937500000,2.5e-05,"[0.2178293680427251,0.008213459214850984]","[0.21782936768399344,0.008213459228648357]","[[0.25972236466628534,0.21626739918633744,0.201155810692796,0.19417189734953422],[0.014383099381639449,0.007405135738318441,0.005587408883945533,0.005478192842134309]]","[[0.25972236466628534,0.2162673985792531,0.20115581102393293,0.19417189679763935],[0.014383099381639449,0.007405135751253477,0.00558740888480787,0.005478192840840806]]","[[0.5089526723932337,0.46430698296538103,0.44776094335096855,0.43992713551830365],[0.11942920877977654,0.0851087885874289,0.0736404605899696,0.0730627832658313]]","[[1.0,1.0,0.9087962962962963,0.750462962962963],[1.0,1.0,1.0,1.0]]","[[3.9628323510841086,2.9096171855926514,2.4845877091089883,2.4281641002054566],[1.9964812397956848,1.9868463275609194,1.9312649718037358,1.9580297302316736]]","[1.0,1.0]","[3.3059398342061925,1.9812600674452605]","[0.00025358966073933215,6.235171667615051e-05]","[0.21110521720515357,0.007718278471104525]","[0.21110521698439563,0.007718278467655182]","[[0.2537337902519438,0.20909283690982394,0.19416426519552868,0.18742997425573843],[0.013825039489677659,0.0068143090129726466,0.005116030939475253,0.005117734221534597]]","[[0.2537337902519438,0.20909283724096087,0.19416426541628662,0.18742997348308563],[0.013825039489677659,0.006814308995725932,0.0051160309584466395,0.005117734214635911]]","[[0.5031240732581527,0.45662229436415214,0.4399935245513916,0.43230621373211897],[0.11728310176619777,0.08192450012321825,0.07078450294556442,0.07092800468758301]]","[[1.0,1.0,0.9222222222222223,0.75],[1.0,1.0,1.0,1.0]]","[[3.9567294756571454,2.920557299366704,2.4830878540321635,2.422073401345147],[1.9969729723753753,1.9865792998561154,1.9254786067538792,1.9661064545313518]]","[1.0,1.0]","[3.3124641595063387,1.9817607826656765]","[null,null]"
residual_simvq_k4-2_d4-4_rate094-20260727-142121,108,0.01587997,0.07051522,0.08639519,0.01613894,0.07352405,23.96866396,0.92768230,0.01598724,0,Phase3-微调,0.675000,0.73888889,7.50572193,9216,0.1406250000,0.0937500000,2.5e-05,"[0.21737902241724508,0.008269691185301378]","[0.2173790221137029,0.008269691184439041]","[[0.25930792405097575,0.2157690371628161,0.20069857007927364,0.1937405548989773],[0.014571731015005045,0.00740169872512558,0.005592686042655259,0.005512648861838022]]","[[0.25930792405097575,0.21576903658332647,0.20069857052078954,0.1937405545954351],[0.014571731015005045,0.007401698740647623,0.005592686051709784,0.0055126488704613785]]","[[0.5085388000364657,0.46376457264026005,0.44724769007276605,0.43943550161741396],[0.12009984693593449,0.08486204891707058,0.07340212035924196,0.07302805684092972]]","[[1.0,1.0,0.899074074074074,0.75],[1.0,1.0,1.0,1.0]]","[[3.963257854514652,2.8989431028012875,2.476575360474763,2.4221353464656405],[1.996300329764684,1.984822791373288,1.9257833176188999,1.9525802155335745]]","[1.0,1.0]","[3.297835100138629,1.978998151311168]","[0.00025950773886978385,5.918560990452264e-05]","[0.22689774952552938,0.008379201235732547]","[0.22689774952552938,0.008379201235732547]","[[0.2698949101898405,0.2253063773667371,0.2098588569296731,0.20253084776578126],[0.015053953002724383,0.007531216016246213,0.005544900697552495,0.005386735224682424]]","[[0.2698949101898405,0.2253063764837053,0.20985885726081,0.20253084666199153],[0.015053953002724383,0.0075312160438409555,0.005544900692378481,0.00538673521950841]]","[[0.5189432459848898,0.47405600260805203,0.45749500658777026,0.4494458790178652],[0.1224387804667155,0.08625424289041095,0.07382469138613454,0.07285108712536317]]","[[1.0,1.0,0.9185185185185185,0.75],[1.0,1.0,1.0,1.0]]","[[3.965675119117454,2.9031579158924243,2.4773428863949247,2.422807384420324],[1.994517359027156,1.988121090994941,1.9230389374273795,1.9453389635792484]]","[1.0,1.0]","[3.29117303247805,1.9803203264872233]","[null,null]"
residual_simvq_k4-2_d4-4_rate094-20260727-142121,109,0.01582800,0.07061489,0.08644289,0.01611611,0.07175267,23.97318767,0.92781313,0.01598724,0,Phase3-微调,0.700000,0.70370370,7.42903736,9216,0.1406250000,0.0937500000,2.5e-05,"[0.21765138531724612,0.008316271076910197]","[0.21765138540003034,0.008316271089845234]","[[0.25924575811734907,0.21609837978526397,0.2011027654563939,0.19415863539885592],[0.014587164920306317,0.007464235554518247,0.0056529243036897645,0.005560759397189099]]","[[0.25924575811734907,0.21609837984045346,0.20110276567715185,0.1941586355092349],[0.014587164920306317,0.007464235572627297,0.005652924319642975,0.005560759396326762]]","[[0.5084514302236063,0.46408826730869435,0.4476670120049406,0.43988028240424615],[0.12012802860527128,0.08520527161933758,0.07380198114724071,0.07334429423704192]]","[[1.0,1.0,0.9046296296296297,0.75],[1.0,1.0,1.0,1.0]]","[[3.9654708482601024,2.887931987091347,2.469204897350735,2.4160323990715873],[1.996170437556726,1.9848991186530502,1.9248004805158685,1.9539543131987254]]","[1.0,1.0]","[3.2866552374981066,1.979146186289964]","[0.0002515927250728796,5.7376265813555047e-05]","[0.22154017278441676,0.008068361619694365]","[0.22154017234290088,0.008068361605896994]","[[0.2636747821613594,0.22015923383059324,0.2048274411095513,0.19749923403616304],[0.014612797406260614,0.007202822939251308,0.0052965733395130546,0.0051612528472173]]","[[0.2636747821613594,0.2201592336098353,0.20482744144068823,0.19749923359464716],[0.014612797406260614,0.007202822925453937,0.005296573330889697,0.005161252802375842]]","[[0.5129193672427425,0.46859750504846925,0.45196295667577674,0.4438124239444733],[0.12065904300521921,0.08440348892300217,0.07222697503036923,0.07138948710980239]]","[[1.0,1.0,0.9,0.75],[1.0,1.0,1.0,1.0]]","[[3.9652236302693686,2.883013372068052,2.459872473610772,2.4033375316196017],[1.997084833957531,1.9877774565308182,1.9365590024877477,1.959172526995341]]","[1.0,1.0]","[3.2801642612174704,1.9822834527051008]","[null,null]"
residual_simvq_k4-2_d4-4_rate094-20260727-142121,110,0.01581317,0.07054965,0.08636282,0.01618283,0.07004011,23.95895770,0.92714638,0.01598724,0,Phase3-微调,0.725000,0.75370370,7.75538588,9216,0.1406250000,0.0937500000,2.5e-05,"[0.21749842117230098,0.008260458330106404]","[0.21749842114470624,0.008260458334418084]","[[0.2589827428537386,0.2159529130215998,0.2009860982497533,0.1940719291291855],[0.014577290883149813,0.007408749787309379,0.005568755004572234,0.005487037569077479]]","[[0.2589827428537386,0.21595291263527341,0.20098609794621114,0.194071929073996],[0.014577290883149813,0.007408749769200329,0.005568754998967052,0.005487037569077479]]","[[0.5082153393714516,0.4639535082159219,0.44755781762025976,0.43980163363394914],[0.12030917324677662,0.0852833017706871,0.07372755611108409,0.07333429292948157]]","[[1.0,1.0,0.8976851851851851,0.75],[1.0,1.0,1.0,1.0]]","[[3.967557676633199,2.882825293805864,2.4641533538147256,2.4117658959494697],[1.9965641268977412,1.9844435400433011,1.926367011555919,1.9553045857835698]]","[1.0,1.0]","[3.2814268946647642,1.9791880152843617]","[0.0002548235392303603,5.893247286992307e-05]","[0.21546195955188185,0.008666386434601412]","[0.215461958999987,0.008666386413905356]","[[0.2567312188722469,0.21385905510849423,0.19904459825268497,0.19221296542220645],[0.014987579595159601,0.007924008255617485,0.005969525021673353,0.005784432724532154]]","[[0.2567312188722469,0.21385905433584143,0.19904459736965321,0.19221296498069057],[0.014987579595159601,0.007924008255617485,0.005969525038920067,0.0057844326865893825]]","[[0.5061361659456183,0.46186366390298916,0.4455587943394979,0.43785631193055047],[0.12210076605832135,0.08839572127218599,0.07652589099274741,0.07543353548756353]]","[[1.0,1.0,0.8962962962962963,0.75],[1.0,1.0,1.0,1.0]]","[[3.9658078564537895,2.8766960038079157,2.4593318762602627,2.4095228883955215],[1.9981230585663408,1.9764724016189574,1.9095438930723403,1.9404151077623721]]","[1.0,1.0]","[3.2777945818724454,1.969989451655635]","[null,null]"
residual_simvq_k4-2_d4-4_rate094-20260727-142121,111,0.01581662,0.07076530,0.08658192,0.01598531,0.07268632,24.01140843,0.92795159,0.01598531,1,Phase3-微调,0.750000,0.78333333,7.68975145,9216,0.1406250000,0.0937500000,2.5e-05,"[0.21811030523644553,0.008338646795083251]","[0.21811030529163503,0.008338646776974202]","[[0.2596300600027597,0.2165384807244495,0.20159322583565006,0.19467945413457022],[0.014737426822453185,0.007448399582601808,0.005607366460134034,0.00556139421813121]]","[[0.2596300600027597,0.21653848133153386,0.20159322572527108,0.19467945402419126],[0.014737426822453185,0.007448399575703122,0.005607366457547026,0.005561394214681867]]","[[0.508872941909013,0.46460858809727207,0.44825931555695003,0.4405140869043492],[0.1209892346351235,0.08551290760989542,0.07396892087051161,0.0738133027045815]]","[[1.0,1.0,0.8939814814814815,0.75],[1.0,1.0,1.0,1.0]]","[[3.9682525789296186,2.874693461700722,2.456773383529098,2.404790731712624],[1.9967488867265206,1.9834187794614722,1.9229911857181126,1.9520947513756928]]","[1.0,1.0]","[3.2736890722204137,1.977672340914055]","[0.00025402236460649876,6.0886725313375115e-05]","[0.22409307956695557,0.008503147973506538]","[0.22409307967733455,0.00850314796315851]","[[0.267120846885222,0.2226518584622277,0.20703088850886733,0.19956872209354684],[0.0149388846354904,0.007588708528352005,0.005753154257588365,0.005731844400159187]]","[[0.267120846885222,0.22265185713768004,0.20703088917114115,0.1995687226454417],[0.0149388846354904,0.007588708518003976,0.005753154250689679,0.005731844377738458]]","[[0.5162206932350442,0.47119790072794315,0.4543412502165194,0.4460864440158561],[0.1219149503994871,0.08648592388188397,0.07512175862987837,0.07512095184237869]]","[[1.0,1.0,0.9074074074074074,0.75],[1.0,1.0,1.0,1.0]]","[[3.961225175857544,2.8785083205611617,2.4588315310301603,2.406361212553801],[1.9978238865181253,1.976871622933282,1.9015543151784826,1.9441342636390968]]","[1.0,1.0]","[3.2760661796287254,1.9704207146609272]","[null,null]"
residual_simvq_k4-2_d4-4_rate094-20260727-142121,112,0.01584198,0.07082233,0.08666431,0.01656115,0.07646366,23.85971128,0.92701678,0.01598531,0,Phase3-微调,0.775000,0.79444444,7.83333541,9216,0.1406250000,0.0937500000,2.5e-05,"[0.21828553599339945,0.008345914852839928]","[0.21828553591061522,0.00834591484680358]","[[0.2597761771469205,0.21673324279211187,0.20177348675551238,0.19485923639602132],[0.014743901270062284,0.007477566987034623,0.005626966694318172,0.00553522446554982]]","[[0.2597761771469205,0.21673324265413815,0.20177348711424403,0.19485923661677926],[0.014743901270062284,0.007477566983585281,0.005626966683538975,0.00553522446166931]]","[[0.5090023632954668,0.4648112938359932,0.44845589261364055,0.44071676510351676],[0.12095118378875432,0.08558518815509698,0.07397491889143432,0.07351641996453205]]","[[1.0,1.0,0.8777777777777778,0.75],[1.0,1.0,1.0,1.0]]","[[3.969841045803494,2.866055694774345,2.4525950467145003,2.4025478464585763],[1.9965907244770615,1.9831952975855933,1.9185000388710587,1.9479527572790782]]","[1.0,1.0]","[3.2665729098849825,1.9766767773363325]","[0.00026008509176554743,6.041214005226384e-05]","[0.2344098292015217,0.010273871570825576]","[0.23440982931190066,0.010273871588072291]","[[0.2765916645526886,0.23298293065141748,0.21769469523871388,0.2103700230518977],[0.017953305857049094,0.009562862871421707,0.007131945459103142,0.006447371940507933]]","[[0.2765916645526886,0.23298293153444927,0.21769469568022976,0.21037002393492946],[0.017953305857049094,0.009562862847276308,0.0071319454556538,0.006447371902565161]]","[[0.525337873785584,0.4820617651497876,0.46595583072415103,0.45805768966674804],[0.1337012435551043,0.09725807993500321,0.08382720511268686,0.07972124925366154]]","[[1.0,1.0,0.9092592592592592,0.75],[1.0,1.0,1.0,1.0]]","[[3.972767593242504,2.8655430405228226,2.4476391085871945,2.3982531989062275],[1.9962030816961218,1.987363087689435,1.9368043148959124,1.9393701924218072]]","[1.0,1.0]","[3.262131992975871,1.9798424146793507]","[null,null]"
residual_simvq_k4-2_d4-4_rate094-20260727-142121,113,0.01578774,0.07061533,0.08640308,0.01619742,0.07133764,23.95053738,0.92700669,0.01598531,0,Phase3-微调,0.800000,0.78888889,7.43767526,9216,0.1406250000,0.0937500000,2.5e-05,"[0.21766695882435197,0.0083021127636096]","[0.21766695890713622,0.008302112768783614]","[[0.2588870300187005,0.21616776224087786,0.20126446110230906,0.19434857970034636],[0.014725595812692687,0.007447833003890183,0.005596315641715019,0.005438706548712043]]","[[0.2588870300187005,0.21616776232366208,0.20126446135066173,0.19434858000388852],[0.014725595812692687,0.007447833014238212,0.005596315657237062,0.005438706560353576]]","[[0.5081641989725607,0.46423549050534213,0.4479203109387998,0.44016612608123706],[0.1208501982882067,0.08537257762142905,0.07374745327979326,0.0728317052470865]]","[[1.0,1.0,0.8907407407407407,0.75],[1.0,1.0,1.0,1.0]]","[[3.9700171726721303,2.8552709248330856,2.446515393698657,2.3975531463269832],[1.9965187821123336,1.9834712737136417,1.9215572520538613,1.949191940051538]]","[1.0,1.0]","[3.2571791035157664,1.977273737942731]","[0.0002529164499584887,6.116685307023106e-05]","[0.22000414960914189,0.008276304302530155]","[0.22000414960914189,0.008276304278384756]","[[0.26284400235723565,0.21860811478561826,0.2030247661802504,0.19553971025678846],[0.014803669774145992,0.007417527224040694,0.00552515565176253,0.0053588646895217674]]","[[0.26284400235723565,0.21860811467523927,0.20302476761517702,0.19553971003603052],[0.014803669774145992,0.007417527213692665,0.005525155586225015,0.005358864701594468]]","[[0.512103404601415,0.46693545800668224,0.44996190468470254,0.44159841029732316],[0.12142896431463736,0.08564458213470601,0.07377585227842684,0.0727496116525597]]","[[1.0,1.0,0.9037037037037037,0.75],[1.0,1.0,1.0,1.0]]","[[3.9694941608994094,2.8503855157781532,2.4439514919563576,2.390210745069716],[1.995835307792381,1.9873307431185687,1.9196482693707502,1.9425449433150115]]","[1.0,1.0]","[3.248105338767723,1.978312780238964]","[null,null]"
residual_simvq_k4-2_d4-4_rate094-20260727-142121,114,0.01584037,0.07053560,0.08637598,0.01607455,0.06977765,23.99060861,0.92748777,0.01598531,0,Phase3-微调,0.825000,0.85740741,7.51688428,9216,0.1406250000,0.0937500000,2.5e-05,"[0.21739226383743462,0.008321659111728271]","[0.2173922636994609,0.008321659116039949]","[[0.2585321227709452,0.21588921326178093,0.20101295105285114,0.1941347682641612],[0.014787608523059775,0.007438056123511934,0.005585921011192517,0.005475050633928428]]","[[0.2585321227709452,0.215889212930644,0.20101295091487742,0.19413476790542955],[0.014787608523059775,0.007438056131272956,0.00558592101464186,0.005475050635221932]]","[[0.5077824442474931,0.46390427229581055,0.4476104999030078,0.4398973829216427],[0.12113704139159785,0.08538307172280771,0.0737593012827414,0.07315493681364589]]","[[1.0,1.0,0.8847222222222222,0.75],[1.0,1.0,1.0,1.0]]","[[3.9717118753327263,2.838191866874695,2.4331436929879366,2.3849697607534903],[1.9963190292870556,1.983059377140469,1.920069306647336,1.9523592582455387]]","[1.0,1.0]","[3.2443143531128213,1.977562012054302]","[0.0002562069861192463,5.937954527965943e-05]","[0.21470937684730249,0.008579111626992623]","[0.21470937717843938,0.008579111644239338]","[[0.25558403200573393,0.2131854150030348,0.1984483117306674,0.19161974677333124],[0.015265297572369928,0.007689479893694322,0.005762999913551741,0.0055986689403653145]]","[[0.25558403200573393,0.2131854154445507,0.1984483120618043,0.19161974754598404],[0.015265297572369928,0.007689479872998264,0.005762999922175098,0.005598668947264]]","[[0.5049670040607452,0.46109442975785997,0.44485011983800815,0.43714095309928613],[0.12327196388332932,0.08711990040761453,0.07525085533658664,0.07426805021586241]]","[[1.0,1.0,0.85,0.75],[1.0,1.0,1.0,1.0]]","[[3.9679903860445376,2.821449549992879,2.423621246549818,2.376078098791617],[1.9960088579742996,1.987829620749862,1.9264274305767484,1.9558612991262365]]","[1.0,1.0]","[3.2300949979711464,1.9813193294737075]","[null,null]"
residual_simvq_k4-2_d4-4_rate094-20260727-142121,115,0.01578964,0.07069219,0.08648183,0.01598042,0.07628824,24.01403591,0.92825373,0.01598042,1,Phase3-微调,0.850000,0.84074074,7.39632539,9216,0.1406250000,0.0937500000,2.5e-05,"[0.21775228623990658,0.008462718187796849]","[0.21775228582598544,0.008462718181760498]","[[0.25877697462285004,0.21622698718199024,0.20140535080874408,0.19459983267717892],[0.015014757248745472,0.007543258002907452,0.00566855257558119,0.005624304731221249]]","[[0.25877697462285004,0.21622698740274818,0.20140535028444395,0.19459983223566302],[0.015014757248745472,0.007543258002907452,0.005668552563077322,0.005624304742862781]]","[[0.5080663665577217,0.4643179373608695,0.44809658577044803,0.440470525070473],[0.12206769363471755,0.08594581176423365,0.07422286098891938,0.0740930807604282]]","[[1.0,1.0,0.8685185185185185,0.750462962962963],[1.0,1.0,1.0,1.0]]","[[3.9733163427423546,2.8246014193252282,2.4221322037555555,2.373324097968914],[1.996079256578728,1.9834066326971407,1.9195596246807665,1.9505169967810312]]","[1.0,1.0]","[3.231100595880438,1.9774239323757312]","[0.00025159935390143396,5.9244281289836554e-05]","[0.2343448704039609,0.009777494716561502]","[0.23434486974168706,0.00977749471311216]","[[0.27703504738984286,0.23295958516774354,0.21740615478268377,0.20997869228875196],[0.017018287421928513,0.008919117385866466,0.006670595960760558,0.006501978094241133]]","[[0.27703504738984286,0.23295958461584867,0.21740615412040992,0.20997869206799402],[0.017018287421928513,0.008919117385866466,0.006670595960760558,0.006501978063197048]]","[[0.5257629385700933,0.48204526857093527,0.4656548347738054,0.457640920303486],[0.13014800272606036,0.09384107501418502,0.08096553796419391,0.08003990448735378]]","[[1.0,1.0,0.8666666666666667,0.75],[1.0,1.0,1.0,1.0]]","[[3.9762217521667482,2.8290962501808448,2.4231038517422148,2.3736729003764965],[1.9964318487379287,1.9822575551492196,1.909969319237603,1.9336272416291413]]","[1.0,1.0]","[3.2382731561307554,1.9733838531706067]","[null,null]"
residual_simvq_k4-2_d4-4_rate094-20260727-142121,116,0.01584479,0.07091894,0.08676372,0.01611286,0.06981546,23.97429868,0.92723838,0.01598042,0,Phase3-微调,0.875000,0.86666667,7.58229847,9216,0.1406250000,0.0937500000,2.5e-05,"[0.21833838721116383,0.008602207056591633]","[0.21833838690762167,0.00860220704883061]","[[0.25926784420454946,0.2168017442027728,0.20204787472331964,0.1952360835340288],[0.015208727619783194,0.0076852355661146616,0.00578153115455751,0.005733333742763433]]","[[0.25926784420454946,0.2168017442027728,0.20204787488888812,0.19523608397554468],[0.015208727619783194,0.007685235566976998,0.005781531156282182,0.005733333726810222]]","[[0.5084932893514633,0.4648768926108325,0.4487520143941597,0.4411324691441324],[0.12279685583931428,0.0866860381293076,0.07491221817693225,0.07477798610235806]]","[[1.0,1.0,0.9092592592592592,0.7972222222222223],[1.0,1.0,1.0,1.0]]","[[3.9751275654192324,2.810959811563845,2.4088337748138993,2.361675171498899],[1.9964079289524643,1.9817457486082006,1.9152862312617125,1.9469676143593257]]","[1.0,1.0]","[3.218456741615578,1.9756139821476406]","[0.00025617894152000424,6.492312634825929e-05]","[0.21518284303170662,0.008226631623175409]","[0.2151828432524646,0.008226631630074095]","[[0.25632709827688005,0.21353792183929018,0.19878634181287552,0.19208001019778076],[0.014792618741867719,0.007324385080762484,0.0053732945480280455,0.005416228058230546]]","[[0.25632709827688005,0.21353792194966917,0.19878634247514937,0.19208000986664384],[0.014792618741867719,0.007324385066965112,0.00537329454112936,0.00541622807547726]]","[[0.5057213465372722,0.4614998515005465,0.44525396845958853,0.4376906622339178],[0.1214142084673599,0.0851609092619684,0.07279786315781099,0.07320056273429482]]","[[1.0,1.0,0.8814814814814815,0.7722222222222223],[1.0,1.0,1.0,1.0]]","[[3.977190782405712,2.801653743673254,2.3989253874178287,2.3504861460791693],[1.998127888750147,1.9666780745541608,1.8823279707520097,1.925782933058562]]","[1.0,1.0]","[3.215989566732336,1.9598918075914735]","[null,null]"
residual_simvq_k4-2_d4-4_rate094-20260727-142121,117,0.01586735,0.07116108,0.08702843,0.01626159,0.06855146,23.93792346,0.92698507,0.01598042,0,Phase3-微调,0.900000,0.90370370,7.27490773,9216,0.1406250000,0.0937500000,2.5e-05,"[0.21894689100208106,0.008768557577773377]","[0.21894689091929684,0.008768557579498048]","[[0.2598717150312883,0.21739706090754932,0.20266425259135387,0.19585453316017434],[0.015489763138746773,0.007829962164612004,0.005897972528839967,0.005856532421980605]]","[[0.2598717150312883,0.21739706087995458,0.20266425330881718,0.19585453296701114],[0.015489763138746773,0.007829962164612004,0.005897972511593253,0.005856532425429948]]","[[0.5089262409894555,0.4653421171285488,0.44926546072518386,0.44166467013182464],[0.1238268766966131,0.08733379378638885,0.07547569356306835,0.07539831424063002]]","[[1.0,1.0,0.9444444444444444,0.8495370370370371],[1.0,1.0,1.0,1.0]]","[[3.976265400868875,2.793550854700583,2.3952156446598196,2.348603496286604],[1.9965217393857462,1.9822824897589506,1.9156633001786691,1.948416550733425]]","[1.0,1.0]","[3.2016024982487714,1.97592905693584]","[0.00027356476120648615,6.402761888340239e-05]","[0.21167240142822266,0.0076922845060902615]","[0.21167240142822266,0.0076922845060902615]","[[0.2515809183871305,0.20992809114632782,0.19580771481549297,0.18937288103280245],[0.01389992878668838,0.0067587362843807095,0.005016278501393067,0.005094194381187359]]","[[0.2515809183871305,0.20992809070481194,0.19580771547776682,0.18937288103280245],[0.01389992878668838,0.0067587362843807095,0.005016278477247667,0.005094194365665316]]","[[0.5010036322805617,0.45756493740611603,0.4418880292662868,0.4345784030578755],[0.11764695484329153,0.08169939490380111,0.07022767127664001,0.07091226445304023]]","[[1.0,1.0,0.9666666666666667,0.8648148148148148],[1.0,1.0,1.0,1.0]]","[[3.9742873032887776,2.784021907382541,2.3896757885261817,2.3441829681396484],[1.9964209300500375,1.9858553277121649,1.920391642605817,1.9533514587967484]]","[1.0,1.0]","[3.1971787523340294,1.9791006361996686]","[null,null]"
residual_simvq_k4-2_d4-4_rate094-20260727-142121,118,0.01588437,0.07133099,0.08721536,0.01619014,0.07145410,23.95545404,0.92686441,0.01598042,0,Phase3-微调,0.925000,0.91296296,7.63215655,9216,0.1406250000,0.0937500000,2.5e-05,"[0.2195311474579352,0.008728009970272305]","[0.21953114776147736,0.008728009968547633]","[[0.2604880138127892,0.21796526376295972,0.2032549634023949,0.1964163487708127],[0.015431027021259069,0.007800238005196055,0.005849834582423446,0.005830940185545909]]","[[0.2604880138127892,0.2179652636801755,0.20325496351277386,0.19641634860524423],[0.015431027021259069,0.007800238006920726,0.005849834591909139,0.005830940188564084]]","[[0.5096322240652862,0.4660624685662764,0.4500330458084742,0.44240700591493537],[0.12367815583668373,0.08729809090771057,0.07529486301872465,0.07535383145290392]]","[[1.0,1.0,0.9791666666666666,0.9120370370370371],[1.0,1.0,1.0,1.0]]","[[3.9766210670824402,2.7787478778097365,2.38230993659408,2.336149044831594],[1.996863290777913,1.9816009980660898,1.9185929287362982,1.9475892945572182]]","[1.0,1.0]","[3.1891962731326067,1.9754917941711567]","[0.00025903379507696996,6.19931373151943e-05]","[0.21962273242296995,0.009030399647437863]","[0.2196227318710751,0.009030399668133921]","[[0.2606235161975578,0.21781265879118883,0.20330000950230492,0.19675474266211193],[0.01583567818419801,0.008069961925071699,0.006075041394473778,0.006140916811785213]]","[[0.2606235161975578,0.21781265923270474,0.2033000099438208,0.19675474332438575],[0.01583567818419801,0.008069961942318413,0.006075041380676406,0.006140916808335869]]","[[0.5099441746870677,0.4661001278294457,0.450285408894221,0.44298933656127365],[0.12555266624247585,0.08924751496977276,0.07724518174374545,0.077805105679565]]","[[1.0,1.0,0.9888888888888889,0.9259259259259259],[1.0,1.0,1.0,1.0]]","[[3.97419807822616,2.7787821292877197,2.380584944619073,2.3329680372167516],[1.9979111618465848,1.969327407413059,1.8802028620684588,1.916703917362072]]","[1.0,1.0]","[3.189436103679516,1.959964183524803]","[null,null]"
residual_simvq_k4-2_d4-4_rate094-20260727-142121,119,0.01586474,0.07129200,0.08715674,0.01676751,0.07188802,23.80601753,0.92414736,0.01598042,0,Phase3-微调,0.950000,0.94814815,7.34035780,9216,0.1406250000,0.0937500000,2.5e-05,"[0.21945772187577353,0.008676664937391049]","[0.21945772168261032,0.0086766649555001]","[[0.26026529231005247,0.21788169794060566,0.2032446911489522,0.19643920494450462],[0.015469405568998168,0.00771393026785787,0.005773333916699307,0.005749989914949294]]","[[0.26026529231005247,0.21788169854769,0.203244690955789,0.1964392049169099],[0.015469405568998168,0.007713930276481228,0.005773333929203175,0.005749989907188272]]","[[0.5093732355369462,0.4659290861200403,0.44997996737559637,0.442394432425499],[0.12384025351040893,0.08685743406552959,0.07487404639660208,0.0748784365201438]]","[[1.0,1.0,0.9916666666666667,0.9402777777777778],[1.0,1.0,1.0,1.0]]","[[3.976050995455848,2.760519676738315,2.369025374341894,2.32459213203854],[1.9956980137913316,1.9821375449498495,1.912829291820526,1.9460763061488116]]","[1.0,1.0]","[3.1739195042186314,1.975607994750694]","[0.0002653948163411028,6.124045738505191e-05]","[0.22195308285730855,0.008088583416408963]","[0.22195308307806652,0.00808858342675699]","[[0.26297498886232024,0.22036771299662414,0.2056750907942101,0.19879454197707],[0.014223496512406402,0.007289456348452303,0.005415933836182511,0.00542544678233012]]","[[0.26297498886232024,0.22036771321738208,0.20567509101496803,0.19879454098365926],[0.014223496512406402,0.007289456362249674,0.00541593382410981,0.005425446796127492]]","[[0.5122696209836889,0.4688584433661567,0.4529407958189646,0.44531028932995265],[0.11901814093192419,0.08491677332807471,0.07305348402372112,0.07322608182827632]]","[[1.0,1.0,0.9907407407407407,0.95],[1.0,1.0,1.0,1.0]]","[[3.980646424823337,2.74686975479126,2.3622768402099608,2.3206501483917235],[1.9979491631189983,1.963117202123006,1.8853279405170016,1.9335459850452565]]","[1.0,1.0]","[3.1638911847715026,1.9601650847329033]","[null,null]"
residual_simvq_k4-2_d4-4_rate094-20260727-142121,120,0.01592904,0.07133591,0.08726495,0.01609541,0.07798878,23.98326069,0.92718685,0.01598042,0,Phase3-微调,0.975000,0.96481481,7.71395102,9216,0.1406250000,0.0937500000,2.5e-05,"[0.2194783383773433,0.008796584464747596]","[0.21947833834974853,0.008796584469921612]","[[0.26023507899156323,0.21787863622109097,0.20330691470040216,0.1964927241206169],[0.015623651175863213,0.00784837297094917,0.005860733411154124,0.005853580191938414]]","[[0.26023507899156323,0.21787863575198033,0.20330691475559165,0.19649272395504847],[0.015623651175863213,0.007848372976123183,0.005860733416759306,0.005853580182021553]]","[[0.509392823278904,0.465976478545754,0.4500992289295903,0.44250282016065384],[0.12457306288458683,0.08782736842555028,0.07569806837235336,0.0758203474390838]]","[[1.0,1.0,0.9962962962962963,0.9662037037037037],[1.0,1.0,1.0,1.0]]","[[3.9754432589919477,2.7415640257022997,2.354388052445871,2.3087757847927235],[1.9965108195940653,1.9825534732253463,1.9197785392955498,1.9476313248828605]]","[1.0,1.0]","[3.1587169267513135,1.9761697029625929]","[0.00027444064728991143,6.492071962822121e-05]","[0.24005936395238947,0.009504734041790168]","[0.24005936406276845,0.009504734048688854]","[[0.28416410563168704,0.2386855349496559,0.22263514697551728,0.214752667038529],[0.01678054880488802,0.008453837309584574,0.0064037392398825395,0.006380810619642337]]","[[0.28416410563168704,0.23868553450814,0.22263514697551728,0.21475266648663416],[0.01678054880488802,0.008453837316483259,0.006403739267477283,0.006380810661034452]]","[[0.5325283370636128,0.48797844692512793,0.4712671295360283,0.46285684064582544],[0.12926703928797334,0.0914099038751037,0.07941902845546052,0.0793996215970428]]","[[1.0,1.0,0.9925925925925926,0.9462962962962963],[1.0,1.0,1.0,1.0]]","[[3.975819824360035,2.7428671801531754,2.358837456173367,2.311814214565136],[1.997641016818859,1.9799154802604957,1.9139498949050904,1.951906935373942]]","[1.0,1.0]","[3.1587344346223056,1.974908094935947]","[null,null]"
residual_simvq_k4-2_d4-4_rate094-20260727-142121,121,0.01595109,0.07161388,0.08756497,0.01635583,0.07222598,23.90958177,0.92593153,0.01598042,0,Phase3-微调,1.000000,1.00000000,7.42540997,9216,0.1406250000,0.0937500000,2.5e-05,"[0.22025082812265115,0.008913589730272415]","[0.22025082831581433,0.008913589760454164]","[[0.2610656519178991,0.21861540504075863,0.20406357091334132,0.19725868321127363],[0.015936189144849778,0.007927113954253771,0.005883771592009536,0.005907284142449498]]","[[0.2610656519178991,0.2186154053994903,0.20406357105131503,0.19725868301811042],[0.015936189144849778,0.007927113969775813,0.005883771594596544,0.0059072841571092055]]","[[0.5103080474668079,0.4668718612856335,0.45104245212343,0.443467038097205],[0.1258288652670604,0.08826984110529776,0.0758394307974312,0.07616456482145521]]","[[1.0,1.0,0.9967592592592592,0.9708333333333333],[1.0,1.0,1.0,1.0]]","[[3.975649802331571,2.718556891547309,2.335674617025587,2.292381212004909],[1.9969457906705361,1.983218498583193,1.924857360566104,1.9519143263498941]]","[1.0,1.0]","[3.1389364560445148,1.9775563518206278]","[0.00026444851324345953,6.487884274806506e-05]","[0.22222514483663772,0.008897989557159168]","[0.22222514494701667,0.00889798953646311]","[[0.2636822188342059,0.2207576071774518,0.2058764316417553,0.19858431860252662],[0.015634796602858436,0.007965329358423198,0.006059817692126941,0.005932014406210295]]","[[0.2636822188342059,0.22075760651517798,0.20587643175213424,0.19858431937517942],[0.015634796602858436,0.00796532929978437,0.006059817716272341,0.0059320144372543805]]","[[0.5129341933462355,0.46924647159046595,0.4531345034087146,0.44504539723749514],[0.12471409506267972,0.08861961160544995,0.07713952265955784,0.07643690837754144]]","[[1.0,1.0,1.0,0.9833333333333333],[1.0,1.0,1.0,1.0]]","[[3.9759184625413684,2.7015725118142586,2.3243567290129485,2.28121422485069],[1.9978028385727493,1.981925979367009,1.9290036289780228,1.9688883896227236]]","[1.0,1.0]","[3.1290686907591643,1.9802687733261675]","[null,null]"
residual_simvq_k4-2_d4-4_rate094-20260727-142121,122,0.01601699,0.07181855,0.08783554,0.01619316,0.07031938,23.95100899,0.92578208,0.01598042,0,Phase3-微调,1.000000,1.00000000,7.58509470,9216,0.1406250000,0.0937500000,2.5e-05,"[0.22067579555290717,0.00914356242261689]","[0.22067579580125984,0.009143562438138932]","[[0.2614444066804868,0.21903028030086447,0.20451327821722737,0.19771521563331287],[0.016188651269853666,0.008189930191642984,0.006100540969055146,0.0060951271180615385]]","[[0.2614444066804868,0.21903028035605396,0.20451327802406416,0.19771521560571811],[0.016188651269853666,0.008189930235622105,0.00610054096215646,0.006095127116768034]]","[[0.5106043110843058,0.46723857516491857,0.4514637645196032,0.4439080440887698],[0.12672461205058627,0.08955130494303173,0.07702126962443193,0.07719018494503366]]","[[1.0,1.0,1.0,0.9828703703703704],[1.0,1.0,1.0,1.0]]","[[3.9748220050776446,2.6924819341412296,2.3190647187056364,2.276674339506361],[1.9969117080723797,1.9821206947167715,1.9241384124314342,1.9501617144655299]]","[1.0,1.0]","[3.1204030447536044,1.9767752404566163]","[0.00027504017265595463,6.691031259025396e-05]","[0.21612857116593254,0.008893442357441893]","[0.21612857083479564,0.008893442367789921]","[[0.25615305183110415,0.21459023555119833,0.20026996908364472,0.19350102852891993],[0.01595610887916,0.007936337293574104,0.005834159073937271,0.00584716408478993]]","[[0.25615305183110415,0.2145902361030932,0.20026996809023398,0.1935010294119517],[0.01595610887916,0.007936337286675418,0.005834159108430699,0.0058471640951379585]]","[[0.5055810098294858,0.462675737451624,0.44695524860311436,0.4393475430983084],[0.12598317745659088,0.08842717215970711,0.07560976881671835,0.07585439058365645]]","[[1.0,1.0,1.0,0.9888888888888889],[1.0,1.0,1.0,1.0]]","[[3.972260257932875,2.6708315407788312,2.3037268567968296,2.2638949358904803],[1.997313270745454,1.9847020864486695,1.9316288974550035,1.9628062345363475]]","[1.0,1.0]","[3.108203057889585,1.9807795392142402]","[null,null]"
residual_simvq_k4-2_d4-4_rate094-20260727-142121,123,0.01605951,0.07151903,0.08757854,0.01638993,0.07761105,23.90000710,0.92521114,0.01598042,0,Phase3-微调,1.000000,1.00000000,7.57335612,9216,0.1406250000,0.0937500000,2.5e-05,"[0.21959166184619622,0.00926922402534358]","[0.21959166192898044,0.009269224029655259]","[[0.26003792887484584,0.21799866369477025,0.20357605908755902,0.19675399484457792],[0.016441484469989383,0.008294314728980815,0.00617775992292014,0.006163336949302228]]","[[0.26003792887484584,0.2179986633912281,0.2035760590599643,0.1967539945686305],[0.016441484469989383,0.008294314731567822,0.006177759919470797,0.006163336941541207]]","[[0.5093601439838056,0.466285187833839,0.45057819314576963,0.44297326455513636],[0.12770351291530663,0.09008886426411293,0.07745541723927966,0.07756686500377125]]","[[1.0,1.0,1.0,0.986574074074074],[1.0,1.0,1.0,1.0]]","[[3.970773638619317,2.6574659524140536,2.297206245969843,2.255459122746079],[1.9963478494573523,1.9839605439592292,1.9274205982685089,1.9524227797985076]]","[1.0,1.0]","[3.094911445511712,1.9782029235804524]","[0.00027038315893150865,6.670081699195618e-05]","[0.23794643724406206,0.010408937703404161]","[0.23794643625065132,0.010408937693056133]","[[0.28061916298336453,0.2364213600202843,0.221089639155953,0.21365558571285673],[0.018057504861995026,0.009473429482292246,0.007102236369003852,0.007002580093426837]]","[[0.28061916298336453,0.2364213600202843,0.221089639266332,0.21365558494020392],[0.018057504861995026,0.009473429458146845,0.007102236306915681,0.007002580103774866]]","[[0.5291959245999655,0.4856617803926821,0.46963402496443857,0.46167956943865174],[0.13407178664648975,0.09674999912579854,0.08359931464548465,0.08313105867968665]]","[[1.0,1.0,1.0,0.9925925925925926],[1.0,1.0,1.0,1.0]]","[[3.9703526108353224,2.6550604272771765,2.2961112216666892,2.2546087017765752],[1.9979799747467042,1.981138778615881,1.925030877855089,1.9608504869319774]]","[1.0,1.0]","[3.0933537288948343,1.9774128675460816]","[null,null]"
residual_simvq_k4-2_d4-4_rate094-20260727-142121,124,0.01609360,0.07177455,0.08786815,0.01648366,0.07381012,23.88299427,0.92494713,0.01598042,0,Phase3-微调,1.000000,1.00000000,7.75801223,9216,0.1406250000,0.0937500000,2.5e-05,"[0.2203056132627858,0.009372945847334686]","[0.22030561318000158,0.009372945847334686]","[[0.2605012550398155,0.21870669173421683,0.20439339986553898,0.19762110583208226],[0.01657232046644721,0.008393837381326767,0.006262631436671924,0.006262993994945039]]","[[0.2605012550398155,0.21870669104434826,0.2043933998103495,0.197621105859677],[0.01657232046644721,0.008393837406334502,0.006262631427617398,0.006262993976835989]]","[[0.5097033538200237,0.4669232399927245,0.4513648047491356,0.4438341644627077],[0.12802654159841714,0.09032856199752401,0.07762538703089511,0.07784497108034513]]","[[1.0,1.0,0.999537037037037,0.9958333333333333],[1.0,1.0,1.0,1.0]]","[[3.9667911913659837,2.62616626156701,2.2771392345428465,2.2356011108115865],[1.9962532665994432,1.9846554908487533,1.9277708892469052,1.9529522061347961]]","[1.0,1.0]","[3.0704698346279287,1.9789256424815567]","[0.00027602245080978957,6.96396776877211e-05]","[0.2270945884563305,0.009097792259934876]","[0.2270945883459515,0.009097792249586846]","[[0.2681071389604498,0.22541561148784778,0.21088436466676216,0.20397123451586122],[0.016369691863656045,0.00815180190321472,0.0059345103196661786,0.0059351649100857756]]","[[0.2681071389604498,0.22541561137746882,0.21088436389410936,0.20397123418472432],[0.016369691863656045,0.00815180192736012,0.005934510323115521,0.0059351649100857756]]","[[0.517300276403074,0.4742627324881377,0.45870752378746316,0.45113498104943167],[0.12769747100494527,0.08980045313084567,0.07645896549026171,0.07657672117153803]]","[[1.0,1.0,1.0,0.9944444444444445],[1.0,1.0,1.0,1.0]]","[[3.965215688281589,2.6177782782801877,2.2766330771976047,2.23560526282699],[1.9967148189191466,1.9888169279804937,1.9352491396444815,1.9573858349411577]]","[1.0,1.0]","[3.0640063215185096,1.9823272660926536]","[null,null]"
residual_simvq_k4-2_d4-4_rate094-20260727-142121,125,0.01607823,0.07164910,0.08772733,0.01692637,0.06604263,23.76020935,0.92278035,0.01598042,0,Phase3-微调,1.000000,1.00000000,7.84609221,9216,0.1406250000,0.0937500000,2.5e-05,"[0.21979671498691594,0.009480410096821962]","[0.21979671501451067,0.009480410084749261]","[[0.2598223855374036,0.21822070275191907,0.2039405149994073,0.19720325398224373],[0.01668835658993986,0.00850838455112858,0.006352608526746432,0.006372290587966779]]","[[0.2598223855374036,0.21822070264154012,0.20394051483383885,0.19720325381667525],[0.01668835658993986,0.008508384553715586,0.0063526085392503,0.0063722905797745895]]","[[0.5090558368298742,0.46641971932517157,0.4508795077050174,0.44338067565803174],[0.1286482285708189,0.09126044328290003,0.0785732705284048,0.0789031069656765]]","[[1.0,1.0,0.999537037037037,0.9953703703703703],[1.0,1.0,1.0,1.0]]","[[3.964177112667649,2.600322519849848,2.2601420013992874,2.2192806517636336],[1.9963130864832137,1.9834533426496717,1.9230966925621034,1.9494223175225434]]","[1.0,1.0]","[3.0533355169826084,1.9774100124835967]","[0.0002779067337137854,6.883356610092893e-05]","[0.2020109019897602,0.009325498287324553]","[0.20201090154824433,0.00932549829767258]","[[0.24133292271031273,0.20028315043007885,0.18635350896252525,0.18007402673915582],[0.017003516556212194,0.008321593591460475,0.00603391356697237,0.005942969582974911]]","[[0.24133292271031273,0.2002831494366681,0.1863535096247991,0.18007402651839785],[0.017003516556212194,0.008321593594909818,0.006033913604915142,0.005942969600221625]]","[[0.49085016228534556,0.44710401649828313,0.43126428966169006,0.42394561149455884],[0.13011640233022195,0.09066221769209261,0.07702454185044325,0.07656287675102552]]","[[1.0,1.0,1.0,0.9888888888888889],[1.0,1.0,1.0,1.0]]","[[3.959652649914777,2.584603940116035,2.252420109289664,2.212900659773085],[1.995293269334016,1.9930327071083918,1.947885857688056,1.973113164195308]]","[1.0,1.0]","[3.0398999355457446,1.9887482404708863]","[null,null]"
residual_simvq_k4-2_d4-4_rate094-20260727-142121,126,0.01615379,0.07199915,0.08815294,0.01667923,0.07548636,23.81973686,0.92225414,0.01598042,0,Phase3-微调,1.000000,1.00000000,7.60607885,9216,0.1406250000,0.0937500000,2.5e-05,"[0.22091275966829724,0.00948450700811076]","[0.22091276013740788,0.009484506998625067]","[[0.2606802448630333,0.21937218887938392,0.20516519322991372,0.19843341219756339],[0.016843977537764995,0.008485713260489757,0.0062730257218289705,0.006335311402411511]]","[[0.2606802448630333,0.21937218945887355,0.2051651932851032,0.1984334120871844],[0.016843977537764995,0.008485713270837787,0.006273025722260139,0.0063353114037050145]]","[[0.5099252829397166,0.46768860463742856,0.45227403905656605,0.4448040479863131],[0.12929377350266333,0.09121715351939201,0.07815239213545014,0.07875254656429644]]","[[1.0,1.0,0.999537037037037,0.9967592592592592],[1.0,1.0,1.0,1.0]]","[[3.964047275207661,2.575850777714341,2.24182745968854,2.2019475195142957],[1.9964357632177847,1.984127820862664,1.9282905130474657,1.9537283109294044]]","[1.0,1.0]","[3.0382869331925004,1.9788148453942052]","[0.00028545551419180507,6.881537556687867e-05]","[0.23293255711043323,0.008623778730354928]","[0.23293255744157015,0.008623778737253613]","[[0.2752436150003363,0.23135090039836037,0.21627117318135722,0.2088645436145641],[0.015819261147192232,0.007542084878379548,0.0054634395572874285,0.005670329124701244]]","[[0.2752436150003363,0.23135090006722345,0.21627117384363104,0.20886454482873282],[0.015819261147192232,0.007542084905974291,0.005463439588331514,0.005670329105729858]]","[[0.5240967911702615,0.480423496387623,0.46448590247719374,0.45646982347523724],[0.12553205307987,0.08634282714790768,0.07332250586262455,0.07485461621372788]]","[[1.0,1.0,1.0,0.9981481481481481],[1.0,1.0,1.0,1.0]]","[[3.970201847288344,2.5920834929854784,2.246216701578211,2.2016799202671757],[1.997354507446289,1.9830191453297934,1.919112874843456,1.942134604630647]]","[1.0,1.0]","[3.058597543504503,1.9750538313830341]","[null,null]"
