run_id,epoch,train_recon,train_vq,train_total,val_recon,val_vq,val_psnr,val_ms_ssim,best_val_recon,is_best,phase,channel_prob,channel_usage_ratio,mean_channel_snr,source_bits_per_image,source_bpp,transmission_ratio,learning_rate,train_rq_codebook_loss_per_scale,train_rq_commitment_loss_per_scale,train_rq_codebook_per_depth,train_rq_commitment_per_depth,train_rq_residual_norm_per_depth,train_rq_usage_per_depth,train_rq_perplexity_per_depth,train_rq_aggregate_usage_per_scale,train_rq_aggregate_perplexity_per_scale,train_rq_projection_grad_norm_per_scale,val_rq_codebook_loss_per_scale,val_rq_commitment_loss_per_scale,val_rq_codebook_per_depth,val_rq_commitment_per_depth,val_rq_residual_norm_per_depth,val_rq_usage_per_depth,val_rq_perplexity_per_depth,val_rq_aggregate_usage_per_scale,val_rq_aggregate_perplexity_per_scale,val_rq_projection_grad_norm_per_scale
stagewise_residual_simvq_k4x4-2x2_rate047-20260802-224823,1,0.57008520,0.09995541,0.67004062,0.07808337,0.06494646,17.14753646,0.76269467,0.07808337,1,Phase1-拓荒,0.000000,0.00000000,,4608,0.0703125000,0.0468750000,5e-05,"[0.26190162248633525,0.028977850840978876]","[0.2619016223207668,0.028977850775441363]","[[0.2970438471270932,0.22675939756962987],[0.03146290717025598,0.026492794245240037]]","[[0.2970438471270932,0.22675939759722463],[0.03146290717025598,0.026492794196949238]]","[[0.5338163576192326,0.4613134088891524],[0.15480565958552892,0.136872612271044]]","[[1.0,1.0],[1.0,1.0]]","[[3.4430245889557733,3.763876810338762],[1.9324630238391736,1.942992572210453]]","[1.0,1.0]","[7.191985810244525,3.8711508437439246]","[0.0026307903360618555,0.0010709099564270152]","[0.18060204342559533,0.01361331180151966]","[0.18060204331521634,0.013613311780823601]","[[0.2144226317052488,0.14678145426291006],[0.017767369567796037,0.009459253935212339]]","[[0.2144226317052488,0.14678145431809955],[0.017767369567796037,0.009459253907617595]]","[[0.46244684788915846,0.38238735839172644],[0.13323269585768382,0.09717997124901524]]","[[1.0,1.0],[1.0,1.0]]","[[3.4673371491608798,3.916431223904645],[1.985604504302696,1.898141955446314]]","[1.0,1.0]","[7.368504676112423,3.88250486585829]","[null,null]"
stagewise_residual_simvq_k4x4-2x2_rate047-20260802-224823,2,0.06290928,0.05316446,0.11607373,0.04989908,0.05405043,19.23473366,0.82165791,0.04989908,1,Phase1-拓荒,0.000000,0.00000000,,4608,0.0703125000,0.0468750000,5e-05,"[0.14577206329063133,0.01217709715495369]","[0.14577206334582082,0.012177097149779674]","[[0.18144535276072996,0.11009877286851406],[0.016420566507063254,0.00793362771919756]]","[[0.18144535276072996,0.11009877292370354],[0.016420566507063254,0.007933627698501504]]","[[0.4252118973820298,0.33080135352081724],[0.12719906299478478,0.08841395496770188]]","[[1.0,1.0],[1.0,1.0]]","[[3.5909466337274623,3.893788347420869],[1.9898138013150957,1.9887028853098552]]","[1.0,1.0]","[7.476909348699782,3.9784558530207033]","[0.0006808869919580131,0.0002887168765381729]","[0.14409994002845553,0.014430715916333376]","[0.14409994024921347,0.014430715902536004]","[[0.18630363080236648,0.1018962484267023],[0.020081277081259976,0.008780154651375832]]","[[0.18630363080236648,0.10189624870264971],[0.020081277081259976,0.008780154634129117]]","[[0.4313607454299927,0.3188996317210021],[0.1416199228277913,0.09360223280058967]]","[[1.0,1.0],[1.0,1.0]]","[[3.5494991426114684,3.950522034256547],[1.9925757814336706,1.994704705697519]]","[1.0,1.0]","[7.488568952348497,3.987266927295261]","[null,null]"
stagewise_residual_simvq_k4x4-2x2_rate047-20260802-224823,3,0.05854415,0.05239415,0.11093831,0.04283649,0.05510255,19.81772488,0.83226760,0.04283649,1,Phase1-拓荒,0.000000,0.00000000,,4608,0.0703125000,0.0468750000,5e-05,"[0.14197163358330728,0.01284482992530145]","[0.141971633721281,0.012844829939098822]","[[0.18477343994158285,0.09916982616953275],[0.017849871426544806,0.007839788316266128]]","[[0.18477343994158285,0.0991698261971275],[0.017849871426544806,0.007839788331788172]]","[[0.42918494443098704,0.3141273088477276],[0.13231217939820555,0.08712719098009446]]","[[1.0,1.0],[1.0,1.0]]","[[3.64356705877516,3.8973593058409515],[1.9880114398620747,1.9843622026620087]]","[1.0,1.0]","[7.535536162941544,3.972237867779202]","[0.0006440133262744725,0.0003841861224592086]","[0.15136734412776098,0.01248040773940307]","[0.1513673436862451,0.01248040773940307]","[[0.19776153994931114,0.10497314670571574],[0.017344915466728034,0.007615899908597823]]","[[0.19776153994931114,0.1049731460986314],[0.017344915466728034,0.007615899905148479]]","[[0.44440220219117627,0.323636880185869],[0.13159831370468492,0.0871464506343559]]","[[1.0,1.0],[1.0,1.0]]","[[3.671156568880434,3.9396422721721507],[1.9939456515842013,1.9963228155065467]]","[1.0,1.0]","[7.6052996776722095,3.990259797484786]","[null,null]"
stagewise_residual_simvq_k4x4-2x2_rate047-20260802-224823,4,0.04925363,0.05449804,0.10375168,0.03882088,0.06002012,20.14988844,0.83903640,0.03882088,1,Phase1-拓荒,0.000000,0.00000000,,4608,0.0703125000,0.0468750000,5e-05,"[0.14769158730352366,0.013351076029034124]","[0.1476915874828895,0.013351076048005511]","[[0.19299301883136785,0.10239015467188976],[0.019013443392597966,0.007688708574925032]]","[[0.19299301883136785,0.10239015486505297],[0.019013443392597966,0.00768870861545481]]","[[0.43868396320828684,0.31925285000492026],[0.13749996645858995,0.08733431644461773]]","[[1.0,1.0],[1.0,1.0]]","[[3.693950667646196,3.9122163304576167],[1.9922946598794726,1.9935707021642615]]","[1.0,1.0]","[7.602210255022402,3.9858386322304056]","[0.0005324922250616106,0.00029871899877670566]","[0.16547367804580265,0.013295359288652739]","[0.16547367804580265,0.013295359295551423]","[[0.21259819787961465,0.11834915766009578],[0.019301479834097402,0.007289238543146186]]","[[0.21259819787961465,0.11834915743933784],[0.019301479834097402,0.007289238563842244]]","[[0.46056526833110384,0.34335806568463645],[0.13885674995404704,0.08532213656990617]]","[[1.0,1.0],[1.0,1.0]]","[[3.7654485137374314,3.943894377461186],[1.9947737923374882,1.997245227849042]]","[1.0,1.0]","[7.706802424678096,3.992011543556496]","[null,null]"
stagewise_residual_simvq_k4x4-2x2_rate047-20260802-224823,5,0.04538683,0.05570645,0.10109329,0.05075093,0.06681911,19.40243703,0.84397138,0.03882088,0,Phase1-拓荒,0.000000,0.00000000,,4608,0.0703125000,0.0468750000,5e-05,"[0.15018905754442569,0.014035798769651189]","[0.15018905744784408,0.014035798776549873]","[[0.1961442836732776,0.10423382963571283],[0.020301299074802687,0.007770298329112983]]","[[0.1961442836732776,0.10423382969090232],[0.020301299074802687,0.007770298323076632]]","[[0.4421060291153413,0.32198784356867827],[0.1421401387701432,0.08783683415364336]]","[[1.0,1.0],[1.0,1.0]]","[[3.759806516435411,3.9190897756152685],[1.992894383713051,1.9952461311110743]]","[1.0,1.0]","[7.676669957902696,3.988124304347568]","[0.0005196319066777101,0.0002824569176246533]","[0.1861306910161619,0.013845226078949592]","[0.1861306910161619,0.013845226092746965]","[[0.24067053827974533,0.1315908430903046],[0.0200224406051415,0.007668011452726744]]","[[0.24067053827974533,0.13159084292473616],[0.0200224406051415,0.007668011435480029]]","[[0.4902768622945856,0.3623923654909487],[0.14141220913992988,0.08750068611568874]]","[[1.0,1.0],[1.0,1.0]]","[[3.7360158178541396,3.92044481171502],[1.9925290928946602,1.9915388566476326]]","[1.0,1.0]","[7.653841986479582,3.984047562987716]","[null,null]"
stagewise_residual_simvq_k4x4-2x2_rate047-20260802-224823,6,0.04389773,0.05485684,0.09875457,0.03637484,0.05427155,20.56510480,0.85400677,0.03637484,1,Phase1-拓荒,0.000000,0.00000000,,4608,0.0703125000,0.0468750000,5e-05,"[0.14686468086308904,0.01433860241021547]","[0.14686468090448115,0.014338602415389486]","[[0.19232061996504113,0.10140874027102081],[0.02079036150265623,0.007886843253961868]]","[[0.19232061996504113,0.10140874021583134],[0.02079036150265623,0.007886843249650189]]","[[0.4379047026236852,0.31773201723893485],[0.1436644721776247,0.08830253336992529]]","[[1.0,1.0],[1.0,1.0]]","[[3.7994339413113063,3.8029047497996578],[1.9909589648246766,1.994180346639068]]","[1.0,1.0]","[7.601735846201579,3.985096922185686]","[0.0004982766513152186,0.0002853874741790437]","[0.14960300260119969,0.012032978236675262]","[0.14960300293233658,0.012032978222877891]","[[0.19463551784003222,0.10457048703123022],[0.01749683408135617,0.006569122240223267]]","[[0.19463551784003222,0.10457048741755662],[0.01749683408135617,0.0065691222126285235]]","[[0.4409026064254619,0.32305248070646214],[0.13218058827850554,0.08098014438593829]]","[[1.0,1.0],[1.0,1.0]]","[[3.85260924409937,3.8014931449183713],[1.9949095884958903,1.997809433054041]]","[1.0,1.0]","[7.653591480961552,3.9927129568877042]","[null,null]"
stagewise_residual_simvq_k4x4-2x2_rate047-20260802-224823,7,0.04117952,0.05431500,0.09549452,0.03204926,0.05189117,21.06432401,0.86793311,0.03204926,1,Phase1-拓荒,0.000000,0.00000000,,4608,0.0703125000,0.0468750000,5e-05,"[0.14524359024233288,0.014282206854679519]","[0.14524359015954866,0.01428220683225879]","[[0.18946282005420437,0.10102435852642412],[0.020765976797513387,0.007798436723856462]]","[[0.18946282005420437,0.10102435866439784],[0.020765976797513387,0.007798436710059091]]","[[0.4346579822677153,0.3172045961022377],[0.143280160965191,0.08719777590422718]]","[[1.0,1.0],[1.0,1.0]]","[[3.879988940556844,3.7556556238068475],[1.99236911005444,1.9933865794429073]]","[1.0,1.0]","[7.6342051267623905,3.9857261688620955]","[0.000469892494260825,0.0002886173751903698]","[0.1424268607188154,0.011812442299668435]","[0.1424268607188154,0.01181244232726318]","[[0.18471543347394026,0.10013828719103778],[0.01754476718466591,0.006080117252551847]]","[[0.18471543347394026,0.10013828735660624],[0.01754476718466591,0.006080117283595933]]","[[0.42946135180967826,0.3160777595308092],[0.13239706699494963,0.0779409095093056]]","[[1.0,1.0],[1.0,1.0]]","[[3.9340547702930593,3.752099291483561],[1.9931714764347783,1.9939245126865528]]","[1.0,1.0]","[7.683746945416486,3.9870845123573586]","[null,null]"
stagewise_residual_simvq_k4x4-2x2_rate047-20260802-224823,8,0.03878991,0.05172420,0.09051411,0.03172989,0.05493096,21.04590545,0.86880905,0.03172989,1,Phase1-拓荒,0.000000,0.00000000,,4608,0.0703125000,0.0468750000,5e-05,"[0.1378664827871102,0.013825471450885137]","[0.1378664827871102,0.013825471456059151]","[[0.17854195122641545,0.09719101303705463],[0.0201784898440733,0.0074724529223102664]]","[[0.17854195122641545,0.09719101299566252],[0.0201784898440733,0.00747245292144793]]","[[0.42184059625422515,0.3110810527095088],[0.14171658289377337,0.08611032154273104]]","[[1.0,1.0],[1.0,1.0]]","[[3.924240450064341,3.664330534140269],[1.9934426700627361,1.9948346018791199]]","[1.0,1.0]","[7.583410560643231,3.9882618409615977]","[0.0004303835799671813,0.00025102507081976877]","[0.140642531381713,0.017568264667082716]","[0.140642531381713,0.01756826468088009]","[[0.18332605924871231,0.0979590023557345],[0.025208801527818046,0.009927727751157902]]","[[0.18332605924871231,0.0979590023557345],[0.025208801527818046,0.009927727785651331]]","[[0.4276912561169377,0.3125414234620553],[0.15866158030651234,0.09950486482293518]]","[[1.0,1.0],[1.0,1.0]]","[[3.925148022616351,3.5498642162040426],[1.9934151322753342,1.9966203698405514]]","[1.0,1.0]","[7.465003900174741,3.9900264157189262]","[null,null]"
stagewise_residual_simvq_k4x4-2x2_rate047-20260802-224823,9,0.03695050,0.05024045,0.08719094,0.02990237,0.05822660,21.30660620,0.87545261,0.02990237,1,Phase1-拓荒,0.000000,0.00000000,,4608,0.0703125000,0.0468750000,5e-05,"[0.13483893116591153,0.012965248721755213]","[0.13483893126249313,0.012965248720030543]","[[0.17481795140990505,0.09485990934901767],[0.018912742105830046,0.00701775515831455]]","[[0.17481795140990505,0.09485990951458613],[0.018912742105830046,0.007017755164350901]]","[[0.4172370656221001,0.30721074182678154],[0.1372290954683666,0.08349813046278777]]","[[1.0,1.0],[1.0,1.0]]","[[3.851005307391838,3.4946718573570252],[1.993759548664093,1.9963101967617318]]","[1.0,1.0]","[7.336001554241887,3.990058288750825]","[0.00039782928813818013,0.0002318550367110422]","[0.16134013715717527,0.012492485627256057]","[0.16134013715717527,0.012492485620357372]","[[0.20574016924257632,0.11694010330571068],[0.018270929226720776,0.006714041803584055]]","[[0.20574016924257632,0.11694010347127914],[0.018270929226720776,0.006714041807033397]]","[[0.4529100806624801,0.3413445137165211],[0.13510515093803405,0.08188140320557136]]","[[1.0,1.0],[1.0,1.0]]","[[3.843069080070213,3.542563396030002],[1.995460616217719,1.9963686642823395]]","[1.0,1.0]","[7.378775815610532,3.9918236273306387]","[null,null]"
stagewise_residual_simvq_k4x4-2x2_rate047-20260802-224823,10,0.03802526,0.05143374,0.08945900,0.03230372,0.04996648,20.99926913,0.86891351,0.02990237,0,Phase1-拓荒,0.000000,0.00000000,,4608,0.0703125000,0.0468750000,5e-05,"[0.1383862611044336,0.013100856682285666]","[0.13838626113202837,0.013100856678836323]","[[0.17853032227743554,0.09824219856549192],[0.01904262677007527,0.007159086423753588]]","[[0.17853032227743554,0.09824219882764199],[0.01904262677007527,0.007159086416854902]]","[[0.42149081191530935,0.3125205568693302],[0.13762069703252228,0.08424600306208486]]","[[1.0,1.0],[1.0,1.0]]","[[3.8390220752468815,3.4811893471965085],[1.9930872786928107,1.9955461268071775]]","[1.0,1.0]","[7.31030827804848,3.9886200026229575]","[0.0004305985920870659,0.0002619119068522532]","[0.13724540455473794,0.011323668048889549]","[0.13724540460992743,0.01132366806268692]","[[0.177186699046029,0.0973041089044677],[0.016607753835894443,0.006039582175651082]]","[[0.177186699046029,0.09730410857333077],[0.016607753835894443,0.006039582175651082]]","[[0.42012042910964403,0.31108186907238433],[0.1288095744671645,0.07765455566070698]]","[[1.0,1.0],[1.0,1.0]]","[[3.8393826555322716,3.477450067025644],[1.9945881349069101,1.9975534403765642]]","[1.0,1.0]","[7.3069816518712924,3.9921345781396935]","[null,null]"
stagewise_residual_simvq_k4x4-2x2_rate047-20260802-224823,11,0.03649081,0.05197852,0.08846933,0.02999743,0.05265350,21.31466724,0.87749338,0.02990237,0,Phase1-拓荒,0.000000,0.00000000,,4608,0.0703125000,0.0468750000,5e-05,"[0.14140800944081058,0.01246163155021215]","[0.1414080095235948,0.01246163155193682]","[[0.1813518449112221,0.10146417303217782],[0.018090936964101814,0.006832325978515049]]","[[0.1813518449112221,0.1014641731839489],[0.018090936964101814,0.006832325984551399]]","[[0.42487731570446935,0.3176302011366244],[0.13415030700465044,0.08228651751522664]]","[[1.0,1.0],[1.0,1.0]]","[[3.831660822585777,3.487315969996982],[1.9928372140283939,1.9954643185491916]]","[1.0,1.0]","[7.309766601633142,3.988277976601212]","[0.0004153501922566513,0.0002525596509561486]","[0.141665385166804,0.01341289928941815]","[0.14166538527718298,0.01341289928941815]","[[0.17991173245288708,0.10341903771515246],[0.01936485721833176,0.007460941267372282]]","[[0.17991173245288708,0.10341903810147886],[0.01936485721833176,0.0074609412742709675]]","[[0.4234838885289651,0.3209175694871832],[0.1391046298874749,0.08631890807990675]]","[[1.0,1.0],[1.0,1.0]]","[[3.859010021774857,3.447590301654957],[1.9956230817017733,1.9978351698981391]]","[1.0,1.0]","[7.294266555927418,3.99345369692202]","[null,null]"
stagewise_residual_simvq_k4x4-2x2_rate047-20260802-224823,12,0.03425278,0.05357307,0.08782585,0.02804656,0.05492426,21.56525440,0.88200279,0.02804656,1,Phase1-拓荒,0.000000,0.00000000,,4608,0.0703125000,0.0468750000,5e-05,"[0.14602119683943413,0.01270631946519845]","[0.1460211966048788,0.012706319484169837]","[[0.1845676749944687,0.10747471698732287],[0.01840570367251833,0.007006935168195654]]","[[0.1845676749944687,0.10747471665618596],[0.01840570367251833,0.007006935177681347]]","[[0.42877241003292577,0.32704832228245556],[0.1353025913514473,0.08335081846625716]]","[[1.0,1.0],[1.0,1.0]]","[[3.8401156350418373,3.4863643628579597],[1.9934854061515244,1.9961907667142373]]","[1.0,1.0]","[7.317010845961394,3.9896637943055895]","[0.00038143841455975133,0.00024524780360311356]","[0.15085539597052114,0.012451124032614407]","[0.15085539597052114,0.012451124039513093]","[[0.18821216137320906,0.11349862858101174],[0.018068393457818913,0.006833854417696043]]","[[0.18821216137320906,0.11349862869139071],[0.018068393457818913,0.0068338544349427575]]","[[0.4333050270875295,0.3363774992801525],[0.13437268446992945,0.08262438398820382]]","[[1.0,1.0],[1.0,1.0]]","[[3.8503612394686098,3.468433035744561],[1.994782512276261,1.996212485101488]]","[1.0,1.0]","[7.308080556657579,3.9909884876675075]","[null,null]"
stagewise_residual_simvq_k4x4-2x2_rate047-20260802-224823,13,0.03348065,0.05564965,0.08913030,0.02734174,0.06110064,21.72356238,0.88401984,0.02734174,1,Phase1-拓荒,0.000000,0.00000000,,4608,0.0703125000,0.0468750000,5e-05,"[0.15271405734949642,0.012682405540167734]","[0.15271405723911743,0.012682405543617076]","[[0.1905373564472905,0.11489075732727845],[0.01826834556888099,0.007096465393314483]]","[[0.1905373564472905,0.11489075710652051],[0.01826834556888099,0.007096465390727476]]","[[0.43575598321579123,0.3382707334778927],[0.13482806132071548,0.08389699835744169]]","[[1.0,1.0],[1.0,1.0]]","[[3.8385587802639716,3.4871802983460602],[1.9939360013714542,1.9963592997303716]]","[1.0,1.0]","[7.316326959044845,3.9902812538323578]","[0.00038634571308783185,0.00023438232435890111]","[0.17135049943570738,0.012085776762277992]","[0.17135049943570738,0.012085776762277992]","[[0.21304301023483277,0.12965798791911867],[0.01745967169602712,0.006711881614669605]]","[[0.21304301023483277,0.12965798791911867],[0.01745967169602712,0.006711881618118949]]","[[0.46107789675394695,0.3596050953423535],[0.13208037267128628,0.08187334487835567]]","[[1.0,1.0],[1.0,1.0]]","[[3.857192943714283,3.5557515532882125],[1.9930159303877089,1.9971684676629526]]","[1.0,1.0]","[7.406155067019992,3.9901678632806847]","[null,null]"
stagewise_residual_simvq_k4x4-2x2_rate047-20260802-224823,14,0.03283411,0.05765226,0.09048637,0.02550521,0.05699853,21.97603407,0.88790800,0.02550521,1,Phase1-拓荒,0.000000,0.00000000,,4608,0.0703125000,0.0468750000,5e-05,"[0.15908675883655196,0.012700232966906495]","[0.159086758615794,0.012700232963457151]","[[0.1966804569242177,0.12149305989344915],[0.01813599661303063,0.007264469208678713]]","[[0.1966804569242177,0.12149305961750172],[0.01813599661303063,0.0072644691966060135]]","[[0.442656280486672,0.34776659144295585],[0.13425262953948092,0.08478990019195609]]","[[1.0,1.0],[1.0,1.0]]","[[3.845185668821688,3.498228676672335],[1.9947026875283984,1.9954586550041482]]","[1.0,1.0]","[7.334198150811372,3.990151753690508]","[0.00039596240781570994,0.00025659842479028696]","[0.15929310829551133,0.0115510868391505]","[0.15929310840589028,0.0115510868391505]","[[0.19627190828323365,0.12231430538274624],[0.016599065969111742,0.006503107498779341]]","[[0.19627190828323365,0.1223143058794516],[0.016599065969111742,0.006503107502228684]]","[[0.44251124284885546,0.3492192456015834],[0.12879070965228256,0.08059577544530233]]","[[1.0,1.0],[1.0,1.0]]","[[3.853252719949793,3.480299142554954],[1.9956885973612468,1.9946465289151227]]","[1.0,1.0]","[7.323418242843063,3.990328762266371]","[null,null]"
stagewise_residual_simvq_k4x4-2x2_rate047-20260802-224823,15,0.03222841,0.05983521,0.09206362,0.02600163,0.05967505,21.92890919,0.88744359,0.02550521,0,Phase1-拓荒,0.000000,0.00000000,,4608,0.0703125000,0.0468750000,5e-05,"[0.16508059279510268,0.013196037578637953]","[0.16508059278130532,0.013196037578637953]","[[0.20187090566312826,0.12829027854733996],[0.018719599506369342,0.007672475475852412]]","[[0.20187090566312826,0.1282902785335426],[0.018719599506369342,0.007672475484475769]]","[[0.44847250790507703,0.35738181974048966],[0.13634308914619464,0.08709571344984902]]","[[1.0,1.0],[1.0,1.0]]","[[3.8440344783994886,3.499209608855071],[1.9935432460572984,1.9959861075436627]]","[1.0,1.0]","[7.334247942324038,3.989514610502455]","[0.00038489865201646117,0.00025186249308548953]","[0.1663923825378771,0.012283883940566469]","[0.16639238275863505,0.012283883940566469]","[[0.2034251727439739,0.12935959266291724],[0.01762564004295402,0.00694212764846506]]","[[0.2034251727439739,0.12935959266291724],[0.01762564004295402,0.006942127627769002]]","[[0.45067550407515633,0.35932803286446463],[0.13271706810703984,0.0832718973910367]]","[[1.0,1.0],[1.0,1.0]]","[[3.841319451508699,3.540557340339378],[1.9931352350446914,1.9959424636982106]]","[1.0,1.0]","[7.375042933004874,3.9890680048200817]","[null,null]"
stagewise_residual_simvq_k4x4-2x2_rate047-20260802-224823,16,0.03199819,0.06187722,0.09387541,0.02708539,0.05921242,21.70652967,0.88261881,0.02550521,0,Phase1-拓荒,0.000000,0.00000000,,4608,0.0703125000,0.0468750000,5e-05,"[0.17113781949436224,0.013434643939965301]","[0.17113781952195697,0.01343464395031333]","[[0.20785691020665345,0.13441872818878403],[0.018899483813179865,0.007969803914117316]]","[[0.20785691020665345,0.13441872813359454],[0.018899483813179865,0.007969803920153666]]","[[0.4550662406064846,0.36579725825124315],[0.13698923729912,0.08869661092758178]]","[[1.0,1.0],[1.0,1.0]]","[[3.8504491165832238,3.504176244912324],[1.9941023446895458,1.9957638104756674]]","[1.0,1.0]","[7.345579510264926,3.9898554069024543]","[0.0003983769225467566,0.00026487923501850605]","[0.16215715794651597,0.01366129611377363]","[0.16215715761537905,0.013661296127571]","[[0.1969180237363886,0.12739628972830597],[0.01924650991956393,0.008076082218300413]]","[[0.1969180237363886,0.12739628967311648],[0.01924650991956393,0.008076082225199099]]","[[0.44325815902815924,0.3564393496071851],[0.13869164210778695,0.0898110560244984]]","[[1.0,1.0],[1.0,1.0]]","[[3.808645342014454,3.4739260196685793],[1.9931156034822817,1.9933262047944245]]","[1.0,1.0]","[7.274133915371365,3.986432999151724]","[null,null]"
stagewise_residual_simvq_k4x4-2x2_rate047-20260802-224823,17,0.03112713,0.06354527,0.09467240,0.02483016,0.07085408,22.09717440,0.89301846,0.02483016,1,Phase1-拓荒,0.000000,0.00000000,,4608,0.0703125000,0.0468750000,5e-05,"[0.17571904014933992,0.013812919876848658]","[0.17571904009415043,0.013812919882022672]","[[0.21187874045636917,0.13955933964914746],[0.019331055972725154,0.008294783697325598]]","[[0.21187874045636917,0.13955933974572907],[0.019331055972725154,0.008294783713709977]]","[[0.4594428170058462,0.3727217770285077],[0.13864678434199756,0.09061062748509424]]","[[1.0,1.0],[1.0,1.0]]","[[3.851675858321013,3.505426141950819],[1.9942271278964148,1.9964438131561986]]","[1.0,1.0]","[7.347980232591982,3.990659581731867]","[0.00039086433896079177,0.00026960913638942186]","[0.2020414466107333,0.012345809027276658]","[0.2020414467211123,0.012345809041074029]","[[0.24287266179367348,0.16121023087589828],[0.017625425452435457,0.007066192429650713]]","[[0.24287266179367348,0.1612102313174142],[0.017625425452435457,0.007066192422752027]]","[[0.49217111534542507,0.4008404341008928],[0.13269324871125043,0.08400636734785857]]","[[1.0,1.0],[1.0,1.0]]","[[3.8639567127934207,3.595902536533497],[1.9952095384950992,1.9973178934167932]]","[1.0,1.0]","[7.454443497127957,3.9925193274462663]","[null,null]"
stagewise_residual_simvq_k4x4-2x2_rate047-20260802-224823,18,0.03054248,0.06483610,0.09537858,0.02461513,0.06962022,22.12907179,0.89211719,0.02461513,1,Phase1-拓荒,0.000000,0.00000000,,4608,0.0703125000,0.0468750000,5e-05,"[0.1792855992085404,0.01409496532028748]","[0.1792855991533509,0.014094965306490109]","[[0.21499924626615313,0.1435719514472617],[0.019622270226547563,0.00856766026398098]]","[[0.21499924626615313,0.14357195122650376],[0.019622270226547563,0.00856766024587193]]","[[0.4629157468124672,0.378156314238354],[0.13969248053100375,0.09212515069930642]]","[[1.0,1.0],[1.0,1.0]]","[[3.8554467404330217,3.5070829731446724],[1.9947894244282334,1.9967278323791646]]","[1.0,1.0]","[7.353402857427244,3.991509516150863]","[0.0003866019354232035,0.0002789093675986536]","[0.19953042401207818,0.011627142641831328]","[0.19953042379132024,0.011627142628033956]","[[0.237834272230113,0.16122657502139057],[0.01639535456067986,0.0068589305643130235]]","[[0.237834272230113,0.16122657480063263],[0.01639535456067986,0.006858930550515651]]","[[0.48714261805569686,0.40098741893415096],[0.1280039585298962,0.08277933525818365]]","[[1.0,1.0],[1.0,1.0]]","[[3.8611613238299336,3.567711372728701],[1.9937387766661467,1.9980958726671008]]","[1.0,1.0]","[7.422523925922535,3.9918237226980704]","[null,null]"
stagewise_residual_simvq_k4x4-2x2_rate047-20260802-224823,19,0.02979406,0.06731071,0.09710477,0.02429549,0.07188800,22.18749709,0.89217008,0.02429549,1,Phase1-拓荒,0.000000,0.00000000,,4608,0.0703125000,0.0468750000,5e-05,"[0.1857351498471366,0.014829562713081638]","[0.18573514954359444,0.014829562730328353]","[[0.22130669805186767,0.15016360146303973],[0.02035333567160975,0.009305789661421269]]","[[0.22130669805186767,0.1501636011319028],[0.02035333567160975,0.009305789678667983]]","[[0.4695899373955197,0.3866651514062175],[0.14216363569376644,0.09587837145836264]]","[[1.0,1.0],[1.0,1.0]]","[[3.8601103915108577,3.502881477938758],[1.994930683904224,1.9963353783996016]]","[1.0,1.0]","[7.353568168922707,3.9912574459005286]","[0.00037423611154534025,0.00029006123524461013]","[0.20510747951489908,0.012467056098911498]","[0.2051074794045201,0.012467056092012811]","[[0.24300699554107807,0.16720796271606728],[0.017502958327531813,0.0074311537771589225]]","[[0.24300699554107807,0.16720796249530934],[0.017502958327531813,0.007431153780608266]]","[[0.4923216261245586,0.40826963274567213],[0.13225620847057412,0.08614522478094808]]","[[1.0,1.0],[1.0,1.0]]","[[3.838386230115537,3.5349848747253416],[1.9940158031604909,1.9944131356698496]]","[1.0,1.0]","[7.366513651388662,3.9884209438606546]","[null,null]"
stagewise_residual_simvq_k4x4-2x2_rate047-20260802-224823,20,0.02943551,0.06827481,0.09771032,0.02398349,0.06744212,22.24610194,0.89592117,0.02398349,1,Phase1-拓荒,0.000000,0.00000000,,4608,0.0703125000,0.0468750000,5e-05,"[0.1885990423736749,0.014940168103203177]","[0.18859904259443283,0.014940168099753834]","[[0.2236608452267117,0.15353723943785386],[0.020465136243513336,0.009415199877521782]]","[[0.2236608452267117,0.1535372397965855],[0.020465136243513336,0.009415199874072439]]","[[0.4720316028153455,0.3909475832625672],[0.14260471550126871,0.0964696965145844]]","[[1.0,1.0],[1.0,1.0]]","[[3.859153672059377,3.495066797733307],[1.9949549518249654,1.9968215591377683]]","[1.0,1.0]","[7.344361148940193,3.9917691314661945]","[0.00037204983349915387,0.0002765476362010641]","[0.18534760408931308,0.01523359560718139]","[0.18534760375817616,0.015233595600282705]","[[0.21966378710888051,0.1510314209041772],[0.02098733766211404,0.009479853552248743]]","[[0.21966378710888051,0.15103142079379822],[0.02098733766211404,0.009479853552248743]]","[[0.46815849984133684,0.38810009823905095],[0.14481521535802772,0.09728263953217754]]","[[1.0,1.0],[1.0,1.0]]","[[3.865881914562649,3.505502321102001],[1.993357158590246,1.9982032475648104]]","[1.0,1.0]","[7.361976948490849,3.9915485664650245]","[null,null]"
stagewise_residual_simvq_k4x4-2x2_rate047-20260802-224823,21,0.02893983,0.06943064,0.09837047,0.02637052,0.08320974,21.85417014,0.88945266,0.02398349,0,Phase2-退火(0%),0.000000,0.00000000,,4608,0.0703125000,0.0468750000,5e-05,"[0.19186075724385404,0.015158651496663138]","[0.19186075705069083,0.015158651488039781]","[[0.22645515286260182,0.15726636086625082],[0.020755142868599957,0.009562160035905739]]","[[0.22645515286260182,0.15726636038334282],[0.020755142868599957,0.009562160038492746]]","[[0.4749595648160687,0.39564666240303603],[0.14366909678059595,0.09732363497217496]]","[[1.0,1.0],[1.0,1.0]]","[[3.864446308877733,3.4932183424631753],[1.995451064242257,1.9972212729630647]]","[1.0,1.0]","[7.3474531359142725,3.9926659800388196]","[0.0003714146294643999,0.00026862010989269175]","[0.22773117941838725,0.01926999043121382]","[0.2277311795287662,0.01926999043121382]","[[0.268546544291355,0.18691581277935593],[0.024470976574553382,0.014069004046420256]]","[[0.268546544291355,0.18691581311049285],[0.024470976574553382,0.014069003998129456]]","[[0.5175784994054724,0.43169171501089026],[0.156270816149535,0.11827857836529061]]","[[1.0,1.0],[1.0,1.0]]","[[3.864580202102661,3.5782969103919133],[1.9879662646187677,1.9966155431888721]]","[1.0,1.0]","[7.436715514571579,3.984546583670157]","[null,null]"
stagewise_residual_simvq_k4x4-2x2_rate047-20260802-224823,22,0.02858779,0.07125638,0.09984417,0.02438174,0.08287220,22.25589342,0.89832890,0.02398349,0,Phase2-退火(2%),0.000000,0.00000000,,4608,0.0703125000,0.0468750000,5e-05,"[0.1963443301618099,0.01597112788542829]","[0.1963443300790257,0.01597112789405165]","[[0.2306916952961021,0.16199696473777295],[0.021819308783031174,0.010122946908490525]]","[[0.2306916952961021,0.16199696491713877],[0.021819308783031174,0.01012294690159184]]","[[0.47939500361680987,0.40156905590384095],[0.14731886475174516,0.10012668689919843]]","[[1.0,1.0],[1.0,1.0]]","[[3.8633139773651406,3.4914630183467157],[1.9954538502075054,1.9970341951758772]]","[1.0,1.0]","[7.344598165264836,3.9924799574746026]","[0.00037116509351849174,0.0002645357483372748]","[0.23323714666896397,0.016111204504138894]","[0.23323714677934293,0.016111204497240208]","[[0.2713378941571271,0.19513639697322138],[0.02206990682968387,0.01015250219239129]]","[[0.2713378941571271,0.19513639719397932],[0.02206990682968387,0.010152502185492605]]","[[0.520326159618519,0.4411496857802073],[0.14850379051985563,0.1006839680450934]]","[[1.0,1.0],[1.0,1.0]]","[[3.883930453547725,3.5943814984074347],[1.995651932115908,1.9975040806664361]]","[1.0,1.0]","[7.472221505200421,3.99314860591182]","[null,null]"
stagewise_residual_simvq_k4x4-2x2_rate047-20260802-224823,23,0.02801517,0.07216486,0.10018003,0.02295865,0.07013609,22.45097724,0.90012524,0.02295865,1,Phase2-退火(3%),0.000000,0.00000000,,4608,0.0703125000,0.0468750000,5e-05,"[0.19997492109735807,0.01573862560196883]","[0.19997492098697908,0.015738625608867518]","[[0.2339630673053088,0.16598677498598893],[0.02143944421507142,0.010037806880211941]]","[[0.2339630673053088,0.16598677497219155],[0.02143944421507142,0.010037806888835297]]","[[0.4827435669523698,0.4064332379787057],[0.14604370687846785,0.09971509715197263]]","[[1.0,1.0],[1.0,1.0]]","[[3.8687249135088035,3.4928802529970806],[1.995870261280625,1.9971956420827794]]","[1.0,1.0]","[7.35125087455467,3.9930603945696794]","[0.00036429792450723685,0.0002646714668959181]","[0.19290142997547433,0.016034271623249406]","[0.19290142920282152,0.01603427161635072]","[[0.22588199730272646,0.1599208611029166],[0.021915322459406323,0.010153220697409577]]","[[0.22588199730272646,0.1599208602198848],[0.021915322459406323,0.010153220669814833]]","[[0.4748207187211072,0.39944359240708527],[0.14796252890869424,0.10064982821544012]]","[[1.0,1.0],[1.0,1.0]]","[[3.8710207091437447,3.5024263823473896],[1.9952284556848032,1.9984929976639925]]","[1.0,1.0]","[7.363696529247143,3.993714009390937]","[null,null]"
stagewise_residual_simvq_k4x4-2x2_rate047-20260802-224823,24,0.02750756,0.07257298,0.10008054,0.02410501,0.08040763,22.31479032,0.89711415,0.02295865,0,Phase2-退火(5%),0.000000,0.00000000,,4608,0.0703125000,0.0468750000,5e-05,"[0.20240455874138408,0.01529690692787645]","[0.20240455876897884,0.015296906929601123]","[[0.23627514971627128,0.16853396728358888],[0.020808423212211994,0.00978539053661128]]","[[0.23627514971627128,0.16853396744915733],[0.020808423212211994,0.009785390552133321]]","[[0.4852105673264574,0.40964698338950123],[0.1438728695942296,0.09845877583656046]]","[[1.0,1.0],[1.0,1.0]]","[[3.8684667194331133,3.4874763122311343],[1.9954663104481167,1.9973932800469576]]","[1.0,1.0]","[7.345294986830817,3.9928543126141585]","[0.0003591713503367457,0.00023968773045150252]","[0.22064717754169746,0.0187985776613156]","[0.2206471774313185,0.018798577675112973]","[[0.2585300260119968,0.1827643284091243],[0.025058052164536937,0.012539102951133693]]","[[0.2585300260119968,0.18276432796760841],[0.025058052164536937,0.012539102964931064]]","[[0.5079085630399209,0.42695812737500227],[0.15818572397585268,0.11180117781515475]]","[[1.0,1.0],[1.0,1.0]]","[[3.8736914899614123,3.572973691092597],[1.9958169124744556,1.9984493909058747]]","[1.0,1.0]","[7.440077975944236,3.99426119239242]","[null,null]"
stagewise_residual_simvq_k4x4-2x2_rate047-20260802-224823,25,0.02710970,0.07365144,0.10076115,0.02663296,0.07217083,21.78413925,0.89124437,0.02295865,0,Phase2-退火(7%),0.000000,0.00000000,,4608,0.0703125000,0.0468750000,5e-05,"[0.20498482143437421,0.015879208644576096]","[0.20498482165513215,0.015879208635952737]","[[0.23864440984196134,0.17132523251628434],[0.021532439190411458,0.010225977985774752]]","[[0.23864440984196134,0.17132523273704228],[0.021532439190411458,0.010225977979738404]]","[[0.4876776817772124,0.41306013139309705],[0.1464089030192958,0.10070776260561413]]","[[1.0,1.0],[1.0,1.0]]","[[3.8709389982400118,3.488724944326613],[1.996187549829483,1.997069157052923]]","[1.0,1.0]","[7.3489815817938915,3.9932526694403756]","[0.0003575539148759735,0.00024002265356641686]","[0.19886142622541497,0.016595805664029385]","[0.19886142600465703,0.016595805719218874]","[[0.2321025100019243,0.16562034134511594],[0.022431914232395312,0.010759697019777916]]","[[0.2321025100019243,0.16562034090360006],[0.022431914232395312,0.010759697081866087]]","[[0.4813753492302365,0.4065645800696479],[0.14970588286717731,0.1036154015748589]]","[[1.0,1.0],[1.0,1.0]]","[[3.839685653757166,3.544923390282525],[1.9964027634373418,1.9983055105915777]]","[1.0,1.0]","[7.378163683855975,3.9947046209264685]","[null,null]"
stagewise_residual_simvq_k4x4-2x2_rate047-20260802-224823,26,0.02673027,0.07444309,0.10117336,0.02307580,0.06236304,22.40888805,0.89851159,0.02295865,0,Phase2-退火(8%),0.000000,0.00000000,,4608,0.0703125000,0.0468750000,5e-05,"[0.2080334075347141,0.015748422192754567]","[0.20803340747952462,0.015748422185855884]","[[0.24141811527035856,0.17464869960590645],[0.021322862972953806,0.010173981303901031]]","[[0.24141811527035856,0.17464869959210907],[0.021322862972953806,0.010173981311662054]]","[[0.4903017372444824,0.41682212816344366],[0.1457140687853098,0.10049426486646687]]","[[1.0,1.0],[1.0,1.0]]","[[3.869822144508362,3.4891457464959887],[1.9956514678619526,1.9969428289819646]]","[1.0,1.0]","[7.348426405588786,3.9925887637668187]","[0.00036134800110529695,0.00025333309093656243]","[0.1681908213429981,0.01636743606240661]","[0.1681908212326191,0.016367436076203983]","[[0.19785166471092788,0.13852997604343625],[0.02198563307799675,0.010749238957133558]]","[[0.19785166471092788,0.1385299767608996],[0.02198563307799675,0.010749238991626987]]","[[0.4442119203231953,0.3715831776460012],[0.14819637570116256,0.10352872897077489]]","[[1.0,1.0],[1.0,1.0]]","[[3.8611045872723615,3.4604935151559335],[1.9966355827119615,1.9934163226021662]]","[1.0,1.0]","[7.310059254257768,3.9900447209676106]","[null,null]"
stagewise_residual_simvq_k4x4-2x2_rate047-20260802-224823,27,0.02687603,0.07529681,0.10217284,0.02361037,0.06323382,22.30297774,0.89240077,0.02295865,0,Phase2-退火(10%),0.000000,0.00000000,,4608,0.0703125000,0.0468750000,5e-05,"[0.21020471748930436,0.01618161552447688]","[0.2102047173237359,0.016181615521027534]","[[0.2436164848782398,0.17679294981062413],[0.021883297270094908,0.010479933686588925]]","[[0.2436164848782398,0.1767929495760688],[0.021883297270094908,0.01047993365554484]]","[[0.49266458446228945,0.4195251731960862],[0.1475575341808575,0.10190741080376838]]","[[1.0,1.0],[1.0,1.0]]","[[3.872193683518304,3.489814940205327],[1.9957575727392125,1.9971315467799151]]","[1.0,1.0]","[7.351410507272791,3.9928844964062726]","[0.0003587107230689273,0.0002416599423129271]","[0.17569196157985265,0.014029612336997633]","[0.17569196135909468,0.014029612343896318]","[[0.2035733484559589,0.1478105753660202],[0.01948664892050955,0.008572575684498858]]","[[0.2035733484559589,0.1478105750348833],[0.01948664892050955,0.008572575694846886]]","[[0.4507412199620847,0.3840007793020319],[0.13955215833805226,0.09252705298088215]]","[[1.0,1.0],[1.0,1.0]]","[[3.865596811859696,3.3198406166500516],[1.9960537627891257,1.998298501085352]]","[1.0,1.0]","[7.164123397403293,3.994347335674145]","[null,null]"
stagewise_residual_simvq_k4x4-2x2_rate047-20260802-224823,28,0.02645902,0.07611614,0.10257516,0.02243017,0.08250899,22.58168241,0.89905733,0.02243017,1,Phase2-退火(12%),0.000000,0.00000000,,4608,0.0703125000,0.0468750000,5e-05,"[0.21268340189147877,0.016400837034194007]","[0.21268340172591033,0.016400837044542035]","[[0.24571620670181735,0.17965059596355315],[0.02219757755390472,0.010604096406691329]]","[[0.24571620670181735,0.17965059579798467],[0.02219757755390472,0.010604096409278336]]","[[0.49471808517420734,0.42283498722094076],[0.14858734328989628,0.10251634366534375]]","[[1.0,1.0],[1.0,1.0]]","[[3.8741744610998365,3.491092515874792],[1.9962127985777678,1.9970522675249311]]","[1.0,1.0]","[7.354624655511644,3.9932608992965135]","[0.00035020966520446734,0.00023417713440452374]","[0.23086694556253928,0.01760805031215703]","[0.23086694600405516,0.017608050325954402]","[[0.2666651285356946,0.1950687614855943],[0.02361422599189811,0.011601874252988233]]","[[0.2666651285356946,0.19506876203748916],[0.02361422599189811,0.011601874252988233]]","[[0.5158629929577863,0.4411271437450692],[0.15358256874261078,0.10757548671077799]]","[[1.0,1.0],[1.0,1.0]]","[[3.884503737202397,3.557998056764956],[1.9950309152956363,1.9982954060589826]]","[1.0,1.0]","[7.434862765559444,3.9933203520598233]","[null,null]"
stagewise_residual_simvq_k4x4-2x2_rate047-20260802-224823,29,0.02619832,0.07672845,0.10292677,0.02176258,0.07644252,22.67120288,0.90396409,0.02176258,1,Phase2-退火(13%),0.000000,0.00000000,,4608,0.0703125000,0.0468750000,5e-05,"[0.21481336410398835,0.016455904680683656]","[0.21481336415917784,0.016455904691031687]","[[0.24782305572319913,0.1818036714637721],[0.02217416996308775,0.010737639244783808]]","[[0.24782305572319913,0.18180367160174582],[0.02217416996308775,0.010737639244783808]]","[[0.4969149724752815,0.4254317703070464],[0.14851422214673626,0.1031209065268437]]","[[1.0,1.0],[1.0,1.0]]","[[3.876979699841252,3.4930810005576522],[1.9958639833662244,1.9970140660250628]]","[1.0,1.0]","[7.359403868957802,3.992873915478035]","[0.0003491242282271506,0.0002302545353746542]","[0.21930138888182463,0.013561438203409866]","[0.21930138921296155,0.013561438189612494]","[[0.25340402291880715,0.18519875429294727],[0.01852129224549841,0.008601584164770665]]","[[0.25340402291880715,0.1851987546240842],[0.01852129224549841,0.008601584133726579]]","[[0.5029203055081544,0.42986092721974406],[0.13603452852478734,0.092646442077778]]","[[1.0,1.0],[1.0,1.0]]","[[3.878318117283009,3.5457858774397106],[1.9963318798277112,1.9986218055089315]]","[1.0,1.0]","[7.416179900699191,3.994949780570136]","[null,null]"
stagewise_residual_simvq_k4x4-2x2_rate047-20260802-224823,30,0.02611713,0.07745856,0.10357569,0.02319535,0.08175205,22.39627771,0.90061293,0.02176258,0,Phase2-退火(15%),0.000000,0.00000000,,4608,0.0703125000,0.0468750000,5e-05,"[0.21652207300066947,0.016943414086751915]","[0.21652207289029052,0.01694341407812856]","[[0.24940709388918347,0.18363705098077102],[0.02271272765679492,0.01117410042875067]]","[[0.24940709388918347,0.18363705082899995],[0.02271272765679492,0.011174100427888333]]","[[0.49833187803074164,0.427419740623898],[0.15030003228673228,0.10522389225661755]]","[[1.0,1.0],[1.0,1.0]]","[[3.87589941377993,3.4925364057223],[1.9958719516241992,1.9969850376800256]]","[1.0,1.0]","[7.357766835777848,3.992850965482217]","[0.0003515804485047098,0.00023144967526604886]","[0.23335670199659136,0.015270198026189098]","[0.2333567022173493,0.015270197984796983]","[[0.2663782392387037,0.20033516420258415],[0.020726348197570552,0.009814047868605014]]","[[0.2663782392387037,0.20033516376106827],[0.020726348197570552,0.009814047827212898]]","[[0.515514584823891,0.4469717531292527],[0.1438884930478202,0.0989471322408429]]","[[1.0,1.0],[1.0,1.0]]","[[3.879805983437432,3.5064830250210233],[1.995620510313246,1.9985523700714112]]","[1.0,1.0]","[7.376357099745008,3.9941679071497034]","[null,null]"
stagewise_residual_simvq_k4x4-2x2_rate047-20260802-224823,31,0.02562475,0.07795657,0.10358132,0.02366813,0.09133226,22.34704346,0.90292453,0.02176258,0,Phase2-退火(17%),0.000000,0.00000000,,4608,0.0703125000,0.0468750000,5e-05,"[0.2196069045751183,0.01628406166133505]","[0.2196069047682815,0.016284061649262355]","[[0.2522767323586676,0.1869370755498056],[0.021903759789549643,0.010664363347718284]]","[[0.2522767323586676,0.1869370759913215],[0.021903759789549643,0.010664363339957263]]","[[0.5013555826412307,0.4314037050361986],[0.14765067566876058,0.10282855013178455]]","[[1.0,1.0],[1.0,1.0]]","[[3.8776189300749038,3.497344364501812],[1.9961804857960455,1.9968417843182882]]","[1.0,1.0]","[7.3644791859167595,3.9930176002007944]","[0.00034561412327026054,0.00020687764418754443]","[0.25780848993195427,0.018793496958635473]","[0.2578084891593015,0.018793496986230215]","[[0.2941924673539621,0.22142451074388292],[0.024891179924209913,0.012695813868884687]]","[[0.2941924673539621,0.22142451030236704],[0.024891179924209913,0.012695813930972858]]","[[0.541719568879516,0.4698589775297377],[0.15769674402696116,0.11256404872293825]]","[[1.0,1.0],[1.0,1.0]]","[[3.883794415438617,3.5463821570078533],[1.9946565195366188,1.9963805348784835]]","[1.0,1.0]","[7.422057568585431,3.9910308608302363]","[null,null]"
stagewise_residual_simvq_k4x4-2x2_rate047-20260802-224823,32,0.02541951,0.07856431,0.10398383,0.02237284,0.07862070,22.57027065,0.90354926,0.02176258,0,Phase2-退火(18%),0.000000,0.00000000,,4608,0.0703125000,0.0468750000,5e-05,"[0.22160309238566292,0.016405159338480895]","[0.22160309216490498,0.016405159322958853]","[[0.2542328909591392,0.18897329313611544],[0.021996650399847162,0.010813668090850114]]","[[0.2542328909591392,0.18897329263941007],[0.021996650399847162,0.010813668062393035]]","[[0.5032841285621679,0.43374204801188576],[0.147938725973169,0.1035328492384266]]","[[1.0,1.0],[1.0,1.0]]","[[3.8754723725495515,3.4924933627799706],[1.9961840837090103,1.9966082756166106]]","[1.0,1.0]","[7.357316416281241,3.992786944354022]","[0.0003439048962954311,0.00021743585163710156]","[0.2227878428167767,0.01585233363978289]","[0.22278784303753466,0.015852333660478946]","[[0.25573040081395043,0.18984528206012868],[0.02129525288387581,0.01040941420942545]]","[[0.25573040081395043,0.18984528239126558],[0.02129525288387581,0.010409414195628078]]","[[0.5051377497337483,0.4351324163101338],[0.1458434921723825,0.10188517951303058]]","[[1.0,1.0],[1.0,1.0]]","[[3.889288995884083,3.515697707070245],[1.9960770156648424,1.9909915226477164]]","[1.0,1.0]","[7.395079778741907,3.9870611473366067]","[null,null]"
stagewise_residual_simvq_k4x4-2x2_rate047-20260802-224823,33,0.02961084,0.07647677,0.10608762,0.02270230,0.08069584,22.49181166,0.90354130,0.02176258,0,Phase2-退火(20%),0.000000,0.00000000,,4608,0.0703125000,0.0468750000,5e-05,"[0.21501083443010294,0.01650824606142662]","[0.21501083448529243,0.01650824607177465]","[[0.24816573430542593,0.1818559338649114],[0.022008942388412025,0.01100754962923626]]","[[0.24816573430542593,0.18185593389250615],[0.022008942388412025,0.01100754963527261]]","[[0.4969527278785352,0.42492839533973625],[0.14782618197302025,0.10429093600423248]]","[[1.0,1.0],[1.0,1.0]]","[[3.876544370033123,3.4947793735398185],[1.9962791052129534,1.995728059609731]]","[1.0,1.0]","[7.360666230872825,3.9920012226811163]","[0.00042020410797300025,0.00023811459157985627]","[0.22538959659911967,0.018242822870336198]","[0.2253895969302566,0.018242822884133567]","[[0.2603715600790801,0.19040763113233777],[0.024349316706260046,0.012136328937830749]]","[[0.2603715600790801,0.1904076314634747],[0.024349316706260046,0.012136328944729434]]","[[0.509637341455177,0.43569606962027374],[0.15591310097111596,0.1099709356824557]]","[[1.0,1.0],[1.0,1.0]]","[[3.8855792981606943,3.519094373561718],[1.9968256067346644,1.9987536960177952]]","[1.0,1.0]","[7.395137059247053,3.9955766254001195]","[null,null]"
stagewise_residual_simvq_k4x4-2x2_rate047-20260802-224823,34,0.02490565,0.07701121,0.10191686,0.02394450,0.06991033,22.26640489,0.89834358,0.02176258,0,Phase2-退火(22%),0.000000,0.00000000,,4608,0.0703125000,0.0468750000,5e-05,"[0.21762654905517895,0.016154762041858502]","[0.21762654897239472,0.01615476207462726]","[[0.2505989470415645,0.1846541502547485],[0.02164002155919594,0.010669502444323842]]","[[0.2505989470415645,0.18465415006158528],[0.02164002155919594,0.010669502447773186]]","[[0.4995410219938667,0.42857568760712944],[0.14671874689283193,0.10283316998846001]]","[[1.0,1.0],[1.0,1.0]]","[[3.8769860876931084,3.5054115379298176],[1.9961668204378198,1.9967880271099232]]","[1.0,1.0]","[7.372318204243978,3.9929498932979723]","[0.00034765146073941313,0.0002096492762777618]","[0.19005013549769367,0.018876410510253024]","[0.19005013593920955,0.018876410524050393]","[[0.22075098852316538,0.15934928280335886],[0.02569302837881777,0.012059792420930332]]","[[0.22075098852316538,0.15934928313449578],[0.02569302837881777,0.012059792483018503]]","[[0.4693484522678234,0.3986805388221034],[0.1601858683206417,0.1096201064410033]]","[[1.0,1.0],[1.0,1.0]]","[[3.8930227509251347,3.4603957052584047],[1.995891875690884,1.9866730124862106]]","[1.0,1.0]","[7.3401806654753505,3.9825471842730487]","[null,null]"
stagewise_residual_simvq_k4x4-2x2_rate047-20260802-224823,35,0.02491282,0.07923637,0.10414919,0.02606090,0.10767041,21.89134365,0.89510609,0.02176258,0,Phase2-退火(23%),0.000000,0.00000000,,4608,0.0703125000,0.0468750000,5e-05,"[0.22384302249109303,0.016818880532971685]","[0.22384302276704046,0.016818880510550957]","[[0.2564853675663471,0.1912006766707809],[0.02241693430200771,0.011220826670803406]]","[[0.2564853675663471,0.19120067713989153],[0.02241693430200771,0.011220826634585306]]","[[0.5053244762950473,0.43609711069751667],[0.149168617223148,0.10525212372066799]]","[[1.0,1.0],[1.0,1.0]]","[[3.8815585021619445,3.505345548082281],[1.996616088019477,1.9964246061113147]]","[1.0,1.0]","[7.376616641327187,3.9930353888758905]","[0.0003526640066950306,0.00021590552090923734]","[0.23909114853099542,0.059691041639005696]","[0.23909114908289025,0.059691041528626726]","[[0.27375223448982944,0.20443006179950857],[0.06903688667549027,0.05034519640935792]]","[[0.27375223448982944,0.20443006213064546],[0.06903688667549027,0.05034519635416843]]","[[0.5225031382507748,0.4514173838827345],[0.259333782836243,0.21974966128667195]]","[[1.0,1.0],[1.0,1.0]]","[[3.874155542585585,3.522312574033384],[1.9966197384728326,1.9954932151017366]]","[1.0,1.0]","[7.387580242863407,3.992108707074766]","[null,null]"
stagewise_residual_simvq_k4x4-2x2_rate047-20260802-224823,36,0.02513765,0.07970279,0.10484044,0.02136593,0.07727015,22.75219372,0.90502354,0.02136593,1,Phase2-退火(25%),0.000000,0.00000000,,4608,0.0703125000,0.0468750000,5e-05,"[0.22582588231673947,0.016698884681143143]","[0.22582588242711843,0.0166988846776938]","[[0.25883878138330246,0.19281298229815783],[0.022216312425142087,0.011181456827627565]]","[[0.25883878138330246,0.19281298244992892],[0.022216312425142087,0.011181456837975593]]","[[0.5075770049735352,0.4378215523229705],[0.14849201643632517,0.10498236441225917]]","[[1.0,1.0],[1.0,1.0]]","[[3.880226438575321,3.5136472759423434],[1.9968154712959572,1.996350543366538]]","[1.0,1.0]","[7.384015022383796,3.9931618995136686]","[0.00036959093313608147,0.00020648889180005492]","[0.2139137711789873,0.019057553054557905]","[0.2139137711789873,0.019057553040760535]","[[0.24437599623644793,0.18345154612152664],[0.024998420131979164,0.013116685721885275]]","[[0.24437599623644793,0.18345154579038972],[0.024998420131979164,0.013116685673594475]]","[[0.49384074851318643,0.42778798430054277],[0.15797075485741652,0.11435683077132261]]","[[1.0,1.0],[1.0,1.0]]","[[3.8820659637451174,3.4493528330767598],[1.9967625750435722,1.9988432539833916]]","[1.0,1.0]","[7.318166955312093,3.995602669539275]","[null,null]"
stagewise_residual_simvq_k4x4-2x2_rate047-20260802-224823,37,0.02755095,0.07945029,0.10700124,0.02222600,0.07130118,22.56774309,0.90071975,0.02136593,0,Phase2-退火(27%),0.000000,0.00000000,,4608,0.0703125000,0.0468750000,5e-05,"[0.22508951778765077,0.01681812909535236]","[0.22508951787043502,0.01681812910742506]","[[0.2585538501816767,0.19162518329642436],[0.02253054754498104,0.01110571050947463]]","[[0.2585538501816767,0.1916251835723718],[0.02253054754498104,0.011105710526721345]]","[[0.5074675208440533,0.4366152423399466],[0.148966157850292,0.10396305795896936]]","[[1.0,1.0],[1.0,1.0]]","[[3.8709019515249463,3.506188125522048],[1.996272572764644,1.9935501608583661]]","[1.0,1.0]","[7.3670839583432235,3.9897905159879614]","[0.0004210848786762519,0.0002516464806359619]","[0.20006762588465654,0.016209326070491914]","[0.20006762599503553,0.0162093260773906]","[[0.2299684402015474,0.17016680969132317],[0.02171858605687265,0.01070006585645455]]","[[0.2299684402015474,0.17016680947056523],[0.02171858605687265,0.01070006587025192]]","[[0.4788809264147723,0.4118142052933022],[0.14719394290888752,0.10313848455746968]]","[[1.0,1.0],[1.0,1.0]]","[[3.8607045721124718,3.442567417356703],[1.9967021800853588,1.9948391084317807]]","[1.0,1.0]","[7.290768422020806,3.9915360821617973]","[null,null]"
stagewise_residual_simvq_k4x4-2x2_rate047-20260802-224823,38,0.02420819,0.07900802,0.10321621,0.02050559,0.08212147,22.92940730,0.90728323,0.02050559,1,Phase2-退火(28%),0.000000,0.00000000,,4608,0.0703125000,0.0468750000,5e-05,"[0.22470628315651858,0.016380212680195218]","[0.22470628321170807,0.016380212685369232]","[[0.257111125273837,0.19230144026654739],[0.02183932854655992,0.010921096791409783]]","[[0.257111125273837,0.19230144043211583],[0.02183932854655992,0.010921096781061755]]","[[0.5060394569679543,0.43744332978019007],[0.14738493151962756,0.10401405460304684]]","[[1.0,1.0],[1.0,1.0]]","[[3.8782308600567004,3.5016280364107204],[1.9969018638134002,1.996565098453451]]","[1.0,1.0]","[7.369575197608382,3.9934629131246497]","[0.0003323765968498601,0.00018695078664071236]","[0.23890567653708988,0.013912445520637211]","[0.23890567587481604,0.013912445499941155]","[[0.27204777587343143,0.2057635752139268],[0.01855551242414448,0.009269378610231258]]","[[0.27204777587343143,0.20576357477241092],[0.01855551242414448,0.009269378582636515]]","[[0.5210045474546927,0.45300454828474257],[0.1360906159988156,0.09609429582401559]]","[[1.0,1.0],[1.0,1.0]]","[[3.8832872302443895,3.505855237113105],[1.996956882653413,1.9971045326303554]]","[1.0,1.0]","[7.379073814109519,3.9940591706169974]","[null,null]"
stagewise_residual_simvq_k4x4-2x2_rate047-20260802-224823,39,0.02427734,0.08011217,0.10438951,0.02079420,0.08262082,22.87867130,0.90630414,0.02050559,0,Phase2-退火(30%),0.000000,0.00000000,,4608,0.0703125000,0.0468750000,5e-05,"[0.22812427149878609,0.016608637695511182]","[0.2281242709192965,0.016608637700685196]","[[0.2602516819757444,0.19599685914538525],[0.021967434055275386,0.011249841178801876]]","[[0.2602516819757444,0.19599685886943782],[0.021967434055275386,0.011249841190874577]]","[[0.5091224143350566,0.4416391479196372],[0.14782501772322038,0.10561862717624064]]","[[1.0,1.0],[1.0,1.0]]","[[3.88244383820781,3.5019262945210494],[1.9964169021005984,1.9961521764596304]]","[1.0,1.0]","[7.373946481280857,3.992564047265936]","[0.0003308909581661552,0.00019453086275057608]","[0.23767607874340482,0.015712083407022334]","[0.23767607885378378,0.01571208337942759]","[[0.2707372811105516,0.20461487527246827],[0.020904418977874296,0.01051974771199403]]","[[0.2707372811105516,0.20461487571398418],[0.020904418977874296,0.010519747663703229]]","[[0.5195565247977222,0.4515269140402476],[0.14445736043983035,0.10238004757298363]]","[[1.0,1.0],[1.0,1.0]]","[[3.8778952651553684,3.514590282793398],[1.9970080172574078,1.9983070064474036]]","[1.0,1.0]","[7.383107814082393,3.995313213489674]","[null,null]"
stagewise_residual_simvq_k4x4-2x2_rate047-20260802-224823,40,0.02407648,0.08044672,0.10452320,0.02145571,0.07513986,22.72147061,0.90094059,0.02050559,0,Phase2-退火(32%),0.000000,0.00000000,,4608,0.0703125000,0.0468750000,5e-05,"[0.2298418183569555,0.016388717169562975]","[0.22984181827417127,0.016388717176461662]","[[0.2621255508175603,0.19755808490293997],[0.02162973235050837,0.011147701908420357]]","[[0.2621255508175603,0.19755808473737152],[0.02162973235050837,0.011147701891173643]]","[[0.5108345354596774,0.4432648197368339],[0.14665336563355394,0.10509813429304847]]","[[1.0,1.0],[1.0,1.0]]","[[3.8830518735779656,3.502364122867584],[1.9967446790801153,1.995952863825692]]","[1.0,1.0]","[7.374910138271473,3.9926924860035933]","[0.0003435664964652258,0.00019266184504144972]","[0.21639904423996253,0.014286241563106025]","[0.21639904423996253,0.014286241542409968]","[[0.2469250127121254,0.1858730741121151],[0.01908131474973979,0.00949116831438409]]","[[0.2469250127121254,0.18587307466400993],[0.01908131474973979,0.009491168300586718]]","[[0.49634996520148383,0.430539521906111],[0.13798981960173007,0.09719156473875046]]","[[1.0,1.0],[1.0,1.0]]","[[3.8706551286909314,3.495765620690805],[1.9967777790846648,1.9930169811955205]]","[1.0,1.0]","[7.356412456653736,3.9897864430039016]","[null,null]"
stagewise_residual_simvq_k4x4-2x2_rate047-20260802-224823,41,0.02371922,0.08116784,0.10488706,0.02232950,0.06071763,22.55446803,0.90488571,0.02050559,0,Phase2-退火(33%),0.000000,0.00000000,,4608,0.0703125000,0.0468750000,5e-05,"[0.23296654119535729,0.01606233009758095]","[0.23296654097459935,0.01606233009758095]","[[0.26521630099526156,0.20071678007090532],[0.021136099726168645,0.010988560356027275]]","[[0.26521630099526156,0.20071677973976843],[0.021136099726168645,0.010988560368099974]]","[[0.5138995653501264,0.4468522431673827],[0.14494660676077561,0.10430582694157406]]","[[1.0,1.0],[1.0,1.0]]","[[3.8829191936386955,3.5014619332772714],[1.9963577091693878,1.9939965336411087]]","[1.0,1.0]","[7.3738819784588285,3.990343885510056]","[0.0003413169986204054,0.00019311850179225008]","[0.17515193897264975,0.011486689146194193]","[0.17515193919340769,0.011486689132396822]","[[0.20242442863958854,0.14787944809154227],[0.015433078893908748,0.007540299253607238]]","[[0.20242442863958854,0.14787944820192125],[0.015433078893908748,0.007540299239809867]]","[[0.4494414230187734,0.3840598826055174],[0.12409675231686344,0.08662209847459086]]","[[1.0,1.0],[1.0,1.0]]","[[3.864016301543624,3.4740361672860605],[1.9961353363814178,1.9984559297561646]]","[1.0,1.0]","[7.327219443851047,3.994588237338596]","[null,null]"
stagewise_residual_simvq_k4x4-2x2_rate047-20260802-224823,42,0.02348419,0.08075827,0.10424246,0.02381558,0.08378689,22.33744887,0.90392763,0.02050559,0,Phase2-退火(35%),0.000000,0.00000000,,4608,0.0703125000,0.0468750000,5e-05,"[0.23272080175854543,0.015579192436955594]","[0.23272080175854543,0.01557919243350625]","[[0.2648680100838343,0.200573592412251],[0.02051302674571397,0.010645357987636493]]","[[0.2648680100838343,0.2005735922742773],[0.02051302674571397,0.010645357984187151]]","[[0.5136948101498463,0.4468353033617691],[0.14273529977158264,0.10256323923391325]]","[[1.0,1.0],[1.0,1.0]]","[[3.8849516259299386,3.500980113170765],[1.9962556759516399,1.9954741257208366]]","[1.0,1.0]","[7.375330276842471,3.9917214782149704]","[0.0003339965161608739,0.00018956759389160044]","[0.232942877985813,0.021318277233728655]","[0.23294287787543402,0.021318277247526028]","[[0.2655696349011527,0.2003161198563046],[0.027622726904573264,0.015013827376619533]]","[[0.2655696349011527,0.20031611963554666],[0.027622726904573264,0.015013827355923477]]","[[0.5146140882262478,0.44680091915307224],[0.1659027389906071,0.12205357783370548]]","[[1.0,1.0],[1.0,1.0]]","[[3.9035596706249094,3.5658975777802646],[1.9949048033467045,1.9981148393065842]]","[1.0,1.0]","[7.461425163127758,3.993012871565642]","[null,null]"
stagewise_residual_simvq_k4x4-2x2_rate047-20260802-224823,43,0.02365719,0.08148608,0.10514327,0.02053722,0.08292522,22.92378093,0.90712182,0.02050559,0,Phase2-退火(37%),0.000000,0.00000000,,4608,0.0703125000,0.0468750000,5e-05,"[0.23423916656110022,0.01623446100253474]","[0.23423916620236857,0.016234460997360724]","[[0.2664290919348046,0.2020492400560114],[0.021310250443854817,0.011158671457734373]]","[[0.2664290919348046,0.20204923950411655],[0.021310250443854817,0.011158671462046051]]","[[0.5151446600755055,0.4484151065901474],[0.14554494837367976,0.10514689225841452]]","[[1.0,1.0],[1.0,1.0]]","[[3.885190213168109,3.509546301099989],[1.9958892835511102,1.9949579567820936]]","[1.0,1.0]","[7.384546469759058,3.990837463184639]","[0.00033914954840804935,0.00017930448227869216]","[0.23582209757080785,0.01808486630519231]","[0.235822097018913,0.01808486633968574]","[[0.26813804076777564,0.20350615249739754],[0.023574819070873436,0.012594913215272957]]","[[0.26813804076777564,0.2035061521662606],[0.023574819070873436,0.012594913263563757]]","[[0.517204901907179,0.45046931372748483],[0.1533597046578372,0.11196726185304147]]","[[1.0,1.0],[1.0,1.0]]","[[3.8939879293794983,3.5107223863954897],[1.9969720231162178,1.9981751715695417]]","[1.0,1.0]","[7.394343174828423,3.995145176075123]","[null,null]"
stagewise_residual_simvq_k4x4-2x2_rate047-20260802-224823,44,0.02506332,0.08030618,0.10536950,0.02055471,0.08408463,22.91853593,0.90823520,0.02050559,0,Phase2-退火(38%),0.000000,0.00000000,,4608,0.0703125000,0.0468750000,5e-05,"[0.22941633907181244,0.01704954957175586]","[0.22941633896143349,0.017049549594176587]","[[0.2620782886942228,0.19675438805586762],[0.022289522162949046,0.011809576849487644]]","[[0.2620782886942228,0.19675438827662556],[0.022289522162949046,0.011809576852936987]]","[[0.5108039337175864,0.442306786775589],[0.1487818350394567,0.10806497839038019]]","[[1.0,1.0],[1.0,1.0]]","[[3.8794938895437454,3.506206433419828],[1.9942977735289822,1.9929016912425006]]","[1.0,1.0]","[7.375511580043369,3.98717875039136]","[0.0003824639174261527,0.00019555056281845922]","[0.24165104550343972,0.01696068880458673]","[0.24165104539306076,0.016960688859776214]","[[0.27461205268347705,0.20869003766112856],[0.022219068612213486,0.011702308893479682]]","[[0.27461205268347705,0.20869003688847576],[0.022219068612213486,0.011702308955567854]]","[[0.5233178701665666,0.45607846909099153],[0.14891095304930652,0.10797737588485082]]","[[1.0,1.0],[1.0,1.0]]","[[3.8851740748793993,3.512715975443522],[1.9966711432845503,1.998957414980288]]","[1.0,1.0]","[7.388044314914279,3.995625697241889]","[null,null]"
stagewise_residual_simvq_k4x4-2x2_rate047-20260802-224823,45,0.02328798,0.08142269,0.10471067,0.02050597,0.08660075,22.93075950,0.90849207,0.02050559,0,Phase2-退火(40%),0.000000,0.00000000,,4608,0.0703125000,0.0468750000,5e-05,"[0.23345704426368077,0.016934724440108295]","[0.233457044346465,0.01693472446080435]","[[0.2655229850223771,0.2013911018492999],[0.02222943065205106,0.011640018017755615]]","[[0.2655229850223771,0.20139110204246308],[0.02222943065205106,0.011640018080706123]]","[[0.5142364449523114,0.4476247408323818],[0.1486979688897177,0.10745769972326578]]","[[1.0,1.0],[1.0,1.0]]","[[3.884209721176713,3.5036533691264964],[1.9955852735925603,1.9945544359860596]]","[1.0,1.0]","[7.3774211132967915,3.9901292845054908]","[0.0003333852423464931,0.0001794821240292987]","[0.25437992137891274,0.014214042725938339]","[0.25437992093739686,0.014214042767330452]","[[0.28745528669269,0.22130455418869302],[0.01888419639457155,0.009543888964172867]]","[[0.28745528669269,0.2213045530849033],[0.01888419639457155,0.009543889012463667]]","[[0.5354201866520776,0.46965990287286263],[0.13732560243871478,0.09756976724774749]]","[[1.0,1.0],[1.0,1.0]]","[[3.8860445464098894,3.5462906943427193],[1.9964794335541902,1.994127095187152]]","[1.0,1.0]","[7.4241204261779785,3.990599868915699]","[null,null]"
stagewise_residual_simvq_k4x4-2x2_rate047-20260802-224823,46,0.02290681,0.08141162,0.10431843,0.02019332,0.08456485,23.00047539,0.90820895,0.02019332,1,Phase2-退火(42%),0.000000,0.00000000,,4608,0.0703125000,0.0468750000,5e-05,"[0.23608731933765942,0.015429392351803404]","[0.2360873193928489,0.015429392360426761]","[[0.26804140817236016,0.20413322973030584],[0.020231711723048378,0.010627072884839167]]","[[0.26804140817236016,0.20413322959233213],[0.020231711723048378,0.010627072909846902]]","[[0.5167366517362771,0.4507484421133995],[0.1418188283564868,0.10260214550351655]]","[[1.0,1.0],[1.0,1.0]]","[[3.8857344291828295,3.5043169763353137],[1.994284212147748,1.9942174191828128]]","[1.0,1.0]","[7.379616598729734,3.98848681891406]","[0.0003296008826442563,0.00016435802141064347]","[0.24860761209770485,0.013894685730338096]","[0.24860761220808383,0.013894685737236782]","[[0.28132629968501904,0.21588892318584302],[0.01826961194337518,0.009519759482807583]]","[[0.28132629968501904,0.21588892318584302],[0.01826961194337518,0.00951975945521284]]","[[0.5296280145645141,0.4638117108080122],[0.13500628405147128,0.09734981198001791]]","[[1.0,1.0],[1.0,1.0]]","[[3.892842471158063,3.5266587169082078],[1.9960047306837858,1.9974073560149581]]","[1.0,1.0]","[7.410052013397217,3.9934076132597744]","[null,null]"
stagewise_residual_simvq_k4x4-2x2_rate047-20260802-224823,47,0.02289739,0.08205721,0.10495460,0.02030143,0.08267111,22.96718819,0.90937050,0.02019332,0,Phase2-退火(43%),0.000000,0.00000000,,4608,0.0703125000,0.0468750000,5e-05,"[0.23720490016319135,0.016198839943993976]","[0.2372049000804071,0.016198839919848575]","[[0.26916591646494686,0.2052438818746143],[0.021087446305210943,0.011310233409447526]]","[[0.26916591646494686,0.20524388168145108],[0.021087446305210943,0.011310233393063147]]","[[0.5177325927548938,0.4518794811434216],[0.1446381160920417,0.10561879292406418]]","[[1.0,1.0],[1.0,1.0]]","[[3.8864049377264798,3.5024834553400677],[1.9960736332116304,1.9942626352663393]]","[1.0,1.0]","[7.378323561173898,3.990320227322755]","[0.0003405440176720731,0.00018034361714348455]","[0.24063433320434005,0.01526374828622297]","[0.24063433353547697,0.015263748258628227]","[[0.2724966730232592,0.20877199195049428],[0.019992887435687914,0.010534609122960656]]","[[0.2724966730232592,0.20877199327504192],[0.019992887435687914,0.010534609081568542]]","[[0.5212376923472793,0.45609049487996983],[0.14122410858118975,0.10239672738092917]]","[[1.0,1.0],[1.0,1.0]]","[[3.893233581825539,3.500219790140788],[1.9951123493689078,1.9956644817634865]]","[1.0,1.0]","[7.382593472798665,3.990768994225396]","[null,null]"
stagewise_residual_simvq_k4x4-2x2_rate047-20260802-224823,48,0.02286617,0.08217316,0.10503934,0.02137772,0.08137268,22.73876137,0.90385668,0.02019332,0,Phase2-退火(45%),0.000000,0.00000000,,4608,0.0703125000,0.0468750000,5e-05,"[0.23766380496047163,0.016316333163046728]","[0.23766380490528213,0.016316333175119428]","[[0.26943072207548,0.20589688754192106],[0.021248370376243084,0.011384295852406433]]","[[0.26943072207548,0.20589688734875786],[0.021248370376243084,0.011384295850681762]]","[[0.5180531939974538,0.4526673941148652],[0.14540415081988883,0.10629880644932942]]","[[1.0,1.0],[1.0,1.0]]","[[3.8852413813273112,3.5013861060142517],[1.9935975246959263,1.9947519492219996]]","[1.0,1.0]","[7.376082094510396,3.9883313377698264]","[0.0003352921939814998,0.0001737639990770495]","[0.23113616815319768,0.018875099863443108]","[0.23113616837395562,0.018875099863443108]","[[0.2631534807108067,0.1991188536087672],[0.024254485675030284,0.013495713741415076]]","[[0.2631534807108067,0.1991188539399041],[0.024254485675030284,0.013495713775908505]]","[[0.5122331634715751,0.4454226297360879],[0.15555226548954293,0.1159058032212434]]","[[1.0,1.0],[1.0,1.0]]","[[3.8919257164001464,3.498148086335924],[1.9972041580412123,1.9813246541553073]]","[1.0,1.0]","[7.379151573887578,3.978486806375009]","[null,null]"
stagewise_residual_simvq_k4x4-2x2_rate047-20260802-224823,49,0.02278718,0.08203424,0.10482141,0.02031911,0.10411604,22.98453500,0.91071694,0.02019332,0,Phase2-退火(47%),0.000000,0.00000000,,4608,0.0703125000,0.0468750000,5e-05,"[0.23727659671394913,0.01645627696481016]","[0.23727659693470707,0.016456276956186802]","[[0.26911674644108174,0.20543644571745837],[0.02137142342204849,0.0115411304127149]]","[[0.26911674644108174,0.205436446186569],[0.02137142342204849,0.011541130402366873]]","[[0.5176004552730807,0.4519955058892568],[0.145636350468353,0.10679893919991122]]","[[1.0,1.0],[1.0,1.0]]","[[3.888244917216124,3.5036919916117633],[1.9952051707991847,1.9944375647438897]]","[1.0,1.0]","[7.381337550834373,3.989629508830883]","[0.0003380496842847033,0.00018052748987597793]","[0.30654411337993764,0.01736557204966192]","[0.3065441127176638,0.017365572097952718]","[[0.34425899055269027,0.2688292384147644],[0.022335812187305203,0.012395331801639663]]","[[0.34425899055269027,0.26882923775249057],[0.022335812187305203,0.01239533187062652]]","[[0.5858391112751431,0.517542067722038],[0.14926907552613153,0.1110871544038808]]","[[1.0,1.0],[1.0,1.0]]","[[3.899279142309118,3.5784557748723915],[1.994884274624012,1.9968187632384125]]","[1.0,1.0]","[7.470453912240488,3.9916953263459383]","[null,null]"
stagewise_residual_simvq_k4x4-2x2_rate047-20260802-224823,50,0.02475559,0.08076589,0.10552148,0.02013123,0.08111861,23.01165297,0.91090636,0.02013123,1,Phase2-退火(48%),0.000000,0.00000000,,4608,0.0703125000,0.0468750000,5e-05,"[0.23167354561112546,0.01765536176627157]","[0.23167354572150442,0.01765536179041697]","[[0.26403344348073005,0.19931364756215503],[0.022823707119527237,0.012487016337992693]]","[[0.26403344348073005,0.19931364792088668],[0.022823707119527237,0.012487016362138092]]","[[0.5122040033892349,0.44455417096614835],[0.15029907305207518,0.11089379754331377]]","[[1.0,1.0],[1.0,1.0]]","[[3.883016445460143,3.506948917441898],[1.994895013614937,1.9930611451466878]]","[1.0,1.0]","[7.37964679841642,3.9879326153684547]","[0.00041295175254129355,0.00018561001732585416]","[0.22942092142723225,0.019884817247037535]","[0.22942092142723225,0.019884817233240162]","[[0.2607151098825313,0.1981267327511752],[0.025408568357427917,0.014361066005572125]]","[[0.2607151098825313,0.1981267327511752],[0.025408568357427917,0.014361066019369496]]","[[0.5096440606647068,0.4440582705868615],[0.15920920923904136,0.11957854253274423]]","[[1.0,1.0],[1.0,1.0]]","[[3.8860191698427555,3.492664358350966],[1.9964561232814082,1.995843795493797]]","[1.0,1.0]","[7.3677739602548105,3.9922953093493425]","[null,null]"
stagewise_residual_simvq_k4x4-2x2_rate047-20260802-224823,51,0.02241563,0.08172007,0.10413571,0.02020922,0.08093106,23.00378291,0.90591721,0.02013123,0,Phase2-退火(50%),0.000000,0.00000000,,4608,0.0703125000,0.0468750000,5e-05,"[0.2370955794221825,0.016272436347962528]","[0.23709557975331944,0.016272436341063845]","[[0.2689083396560616,0.20528281794654],[0.021196864843713463,0.01134800774441963]]","[[0.2689083396560616,0.20528281830527165],[0.021196864843713463,0.011348007759941672]]","[[0.5172696775308362,0.4516956372393502],[0.14510544542637135,0.10603190937803851]]","[[1.0,1.0],[1.0,1.0]]","[[3.8839638171372592,3.5083378142780726],[1.9954952630731795,1.994316080764488]]","[1.0,1.0]","[7.382088377740648,3.9897980323544253]","[0.0003364821075929622,0.00018078057545170412]","[0.23662933585820375,0.014900039053625531]","[0.2366293359685827,0.014900038998436045]","[[0.26833957499927946,0.20491909395765376],[0.01929224188681002,0.010507836144555497]]","[[0.26833957499927946,0.20491909439916964],[0.01929224188681002,0.010507836130758126]]","[[0.5172540156929581,0.4518666704495748],[0.13878290040625466,0.10236837317546209]]","[[1.0,1.0],[1.0,1.0]]","[[3.888801433421947,3.5043409170927826],[1.9970115926530627,1.998319966704757]]","[1.0,1.0]","[7.3827143881056045,3.9953298798313845]","[null,null]"
stagewise_residual_simvq_k4x4-2x2_rate047-20260802-224823,52,0.02224943,0.08251573,0.10476516,0.01996787,0.08678050,23.04070998,0.91003634,0.01996787,1,Phase2-退火(52%),0.000000,0.00000000,,4608,0.0703125000,0.0468750000,5e-05,"[0.24014605515533025,0.016115243986455932]","[0.24014605537608819,0.016115243991629946]","[[0.27186504373395887,0.20842706558329088],[0.020826350235276753,0.011404137640191173]]","[[0.27186504373395887,0.20842706596961727],[0.020826350235276753,0.011404137628118474]]","[[0.5201182427229705,0.45514208955897223],[0.14385025862742354,0.10629857684727069]]","[[1.0,1.0],[1.0,1.0]]","[[3.8901417560047573,3.4992304144082245],[1.9933867765797508,1.9951373517513276]]","[1.0,1.0]","[7.37841586890044,3.9885077706089724]","[0.0003321704710995416,0.00016179981495817493]","[0.2533025272466518,0.01644611266890058]","[0.2533025271362729,0.016446112655103207]","[[0.2862685426517769,0.22033651261417955],[0.02125595221640887,0.011636272942026456]]","[[0.2862685426517769,0.22033651184152675],[0.02125595221640887,0.011636272948925141]]","[[0.5343782941500346,0.46868972844547696],[0.14566240851525908,0.10771005501349767]]","[[1.0,1.0],[1.0,1.0]]","[[3.896205511799565,3.5179873872686316],[1.99419174724155,1.992562022032561]]","[1.0,1.0]","[7.404128339555529,3.9867413662098072]","[null,null]"
stagewise_residual_simvq_k4x4-2x2_rate047-20260802-224823,53,0.02213285,0.08273986,0.10487272,0.01973851,0.08954155,23.09392452,0.90867842,0.01973851,1,Phase2-退火(53%),0.000000,0.00000000,,4608,0.0703125000,0.0468750000,5e-05,"[0.24156864255114838,0.015817447641381512]","[0.24156864222001145,0.015817447644830854]","[[0.2733467404213217,0.2097905433288327],[0.020437958964181168,0.011196936260805361]]","[[0.2733467404213217,0.2097905428873168],[0.020437958964181168,0.011196936267704048]]","[[0.5215741633817002,0.4566861015227106],[0.14257740034825273,0.10539296582617141]]","[[1.0,1.0],[1.0,1.0]]","[[3.888335989581214,3.49909292017972],[1.994657979629658,1.9925746206884032]]","[1.0,1.0]","[7.376503698031107,3.9872128574936476]","[0.00032831547292449544,0.00015880266580131354]","[0.25967205895317924,0.018314244515366025]","[0.25967206005696897,0.01831424447397391]","[[0.2923559760605847,0.22698813875516255],[0.023739110071350027,0.01288937871792802]]","[[0.2923559760605847,0.2269881397485733],[0.023739110071350027,0.012889378676535907]]","[[0.5399082684958423,0.47558688720067344],[0.1539222757021586,0.11332429824052033]]","[[1.0,1.0],[1.0,1.0]]","[[3.89194172223409,3.4948696277759694],[1.9928730549635711,1.9986851153550325]]","[1.0,1.0]","[7.375725647255226,3.9915481567382813]","[null,null]"
stagewise_residual_simvq_k4x4-2x2_rate047-20260802-224823,54,0.02201312,0.08296536,0.10497848,0.02027842,0.08209834,22.96952787,0.90629436,0.01973851,0,Phase2-退火(55%),0.000000,0.00000000,,4608,0.0703125000,0.0468750000,5e-05,"[0.2423967775647287,0.01592578120805599]","[0.24239677748194446,0.015925781216679348]","[[0.2740084373012737,0.21078511769021],[0.020570282655319683,0.011281279665935371]]","[[0.2740084373012737,0.2107851176350205],[0.020570282655319683,0.011281279667660042]]","[[0.522267412090743,0.45782123185970164],[0.1430075474911266,0.1057627097186115]]","[[1.0,1.0],[1.0,1.0]]","[[3.8869081166055466,3.493630733313384],[1.9923033818050666,1.9942377300174148]]","[1.0,1.0]","[7.369398236274719,3.9865214502369914]","[0.0003320093786492685,0.00015177015788207495]","[0.24034998483128017,0.01542392382743182]","[0.24034998450014328,0.015423923792938391]","[[0.27199835666903743,0.20870161122745937],[0.020098701022841312,0.010749146528542041]]","[[0.27199835666903743,0.20870161100670143],[0.020098701022841312,0.010749146521643356]]","[[0.5207735489915919,0.4560198057580877],[0.1416719432230349,0.10357386856167405]]","[[1.0,1.0],[1.0,1.0]]","[[3.894040992524889,3.5064641016500966],[1.9940292888217501,1.9952320752320467]]","[1.0,1.0]","[7.389926090946904,3.989251142077976]","[null,null]"
stagewise_residual_simvq_k4x4-2x2_rate047-20260802-224823,55,0.02186500,0.08280027,0.10466526,0.02027552,0.08430363,22.97458271,0.90790440,0.01973851,0,Phase2-退火(57%),0.000000,0.00000000,,4608,0.0703125000,0.0468750000,5e-05,"[0.24174344696932368,0.016198187599096584]","[0.24174344707970266,0.016198187588748556]","[[0.27315074014994833,0.21033615257453037],[0.02080406305483646,0.011592312011419347]]","[[0.27315074014994833,0.21033615257453037],[0.02080406305483646,0.011592311995034969]]","[[0.5214680458660479,0.4573579485769625],[0.1437592837407633,0.1071506930584157]]","[[1.0,1.0],[1.0,1.0]]","[[3.888028539551629,3.4937119249944333],[1.9932092938158248,1.9944448852980579]]","[1.0,1.0]","[7.370587631508156,3.9876356063065708]","[0.00032319890739961044,0.00015358706393642395]","[0.246481822375898,0.016248683983253107]","[0.24648182292779286,0.016248683990151794]","[[0.2792588672152272,0.21370477676391603],[0.020879673695674648,0.011617694050073624]]","[[0.2792588672152272,0.21370477830922163],[0.020879673695674648,0.011617694029377566]]","[[0.5276095825212973,0.46137526476824725],[0.14434873185775898,0.1076028307830846]]","[[1.0,1.0],[1.0,1.0]]","[[3.8809822930230036,3.5248749220812763],[1.9935919090553567,1.9959758661411426]]","[1.0,1.0]","[7.396897930569119,3.9895622500666867]","[null,null]"
stagewise_residual_simvq_k4x4-2x2_rate047-20260802-224823,56,0.02164540,0.08272806,0.10437346,0.02123405,0.07222265,22.76504878,0.90430086,0.01973851,0,Phase2-退火(58%),0.000000,0.00000000,,4608,0.0703125000,0.0468750000,5e-05,"[0.2425825148820877,0.015633365930989386]","[0.24258251466132977,0.01563336592754004]","[[0.2740414855380853,0.2111235424876213],[0.020073999526600043,0.011192732259493183]]","[[0.2740414855380853,0.21112354234964759],[0.020073999526600043,0.011192732259493183]]","[[0.5222629290488031,0.4581595837518021],[0.14128732580553602,0.10537773374882009]]","[[1.0,1.0],[1.0,1.0]]","[[3.8896535330348545,3.491899709789841],[1.9907166871759627,1.9932419149963945]]","[1.0,1.0]","[7.370236751768324,3.9839338686731125]","[0.0003316817689025171,0.00015418929206471486]","[0.2120097009120164,0.013484305398607696]","[0.21200970124315333,0.013484305412405067]","[[0.24103458413371334,0.18298481879410922],[0.017290193953171926,0.00967841669227238]]","[[0.24103458413371334,0.18298481879410922],[0.017290193953171926,0.009678416733664494]]","[[0.4902633764125683,0.42702786525090536],[0.13131181868138136,0.09814643241741039]]","[[1.0,1.0],[1.0,1.0]]","[[3.8773824903700085,3.438626402395743],[1.9842756421477705,1.993261789392542]]","[1.0,1.0]","[7.302414936489529,3.9774976430115876]","[null,null]"
stagewise_residual_simvq_k4x4-2x2_rate047-20260802-224823,57,0.02154604,0.08307826,0.10462430,0.01939544,0.08161182,23.16487231,0.91179943,0.01939544,1,Phase2-退火(60%),0.000000,0.00000000,,4608,0.0703125000,0.0468750000,5e-05,"[0.24339451202087933,0.016039951851039572]","[0.24339451180012137,0.01603995187001096]","[[0.2748351477086544,0.2119538755328567],[0.02051777607174935,0.011562127575140309]]","[[0.2748351477086544,0.21195387520171977],[0.02051777607174935,0.011562127595836367]]","[[0.5230575156432611,0.45908954629191645],[0.1428406860265467,0.10713356193844918]]","[[1.0,1.0],[1.0,1.0]]","[[3.889654272573966,3.4924753820454635],[1.9914055109024047,1.9926744551570328]]","[1.0,1.0]","[7.370876664585538,3.984056707223256]","[0.0003332647213365245,0.0001536101659102887]","[0.24260813825660282,0.01324977838192825]","[0.24260813803584488,0.013249778375029563]","[[0.27429291738404166,0.21092335824613218],[0.016741727092475803,0.009757829657583325]]","[[0.27429291738404166,0.21092335791499525],[0.016741727092475803,0.009757829640336611]]","[[0.5228051218721602,0.45825608681749413],[0.12895201643308005,0.09815612231139784]]","[[1.0,1.0],[1.0,1.0]]","[[3.8970995196589717,3.493048415360627],[1.9912002695931328,1.9569769011603462]]","[1.0,1.0]","[7.378715765917742,3.947986415580467]","[null,null]"
stagewise_residual_simvq_k4x4-2x2_rate047-20260802-224823,58,0.02121954,0.08250635,0.10372589,0.01945357,0.07905355,23.15589906,0.91263175,0.01939544,0,Phase2-退火(62%),0.000000,0.00000000,,4608,0.0703125000,0.0468750000,5e-05,"[0.24271911004627192,0.015398461266455275]","[0.24271911018424563,0.015398461257831918]","[[0.27404819191605956,0.21139002795572634],[0.019562901173614793,0.011234021277373864]]","[[0.27404819191605956,0.2113900281212948],[0.019562901173614793,0.011234021268750507]]","[[0.5222501835889286,0.4584119283490711],[0.13935385115996554,0.10535225619872411]]","[[1.0,1.0],[1.0,1.0]]","[[3.8902001425072,3.4900218235121834],[1.9913818061351776,1.992179399508017]]","[1.0,1.0]","[7.3688029139130204,3.983537867334154]","[0.0003237089048424322,0.00015003901103396116]","[0.23096406956513724,0.015908893604797344]","[0.23096407022741106,0.015908893632392087]","[[0.2616591531921316,0.200268985275869],[0.020452801717652215,0.011364985215995048]]","[[0.2616591531921316,0.20026898660041667],[0.020452801717652215,0.011364985264285848]]","[[0.5107263659989393,0.446657023385719],[0.14289147390259638,0.10646165548651307]]","[[1.0,1.0],[1.0,1.0]]","[[3.8990258163876,3.487033134036594],[1.99171276445742,1.9982327708491572]]","[1.0,1.0]","[7.374146136531124,3.9899337662590875]","[null,null]"
stagewise_residual_simvq_k4x4-2x2_rate047-20260802-224823,59,0.02130553,0.08285113,0.10415666,0.01926925,0.07852042,23.20126391,0.91286178,0.01926925,1,Phase2-退火(63%),0.000000,0.00000000,,4608,0.0703125000,0.0468750000,5e-05,"[0.24331180486414167,0.015959854434347814]","[0.2433118047537627,0.015959854420550444]","[[0.2745856207829935,0.21203798756555275],[0.020312783039278453,0.011606925705240832]]","[[0.2745856207829935,0.21203798748276853],[0.020312783039278453,0.011606925719038205]]","[[0.522740062629735,0.45909843786999033],[0.14201535237608132,0.1071863310618533]]","[[1.0,1.0],[1.0,1.0]]","[[3.890166895919376,3.4880397072544804],[1.9882690615124172,1.992746956039358]]","[1.0,1.0]","[7.3666274494595,3.980983526618392]","[0.0003311312959272915,0.00014794152797279551]","[0.23124386094234609,0.01464985823603692]","[0.23124386072158815,0.014649858215340861]","[[0.2627207151165715,0.1997670062162258],[0.018878253894271675,0.010421462515713992]]","[[0.2627207151165715,0.1997670062162258],[0.018878253894271675,0.01042146245362582]]","[[0.5118714846946575,0.44620416782520433],[0.13723988521982122,0.10188035970484768]]","[[1.0,1.0],[1.0,1.0]]","[[3.8980871924647578,3.508724507579097],[1.9887377120830394,1.9985661038645992]]","[1.0,1.0]","[7.396185991499159,3.987279189074481]","[null,null]"
stagewise_residual_simvq_k4x4-2x2_rate047-20260802-224823,60,0.02670525,0.07821373,0.10491898,0.01949466,0.07176618,23.14021501,0.91164622,0.01926925,0,Phase2-退火(65%),0.000000,0.00000000,,4608,0.0703125000,0.0468750000,5e-05,"[0.22669218911064995,0.017475373303103777]","[0.22669218938659738,0.017475373318625823]","[[0.2587220027766846,0.19466237355437543],[0.022028507254327888,0.01292223929496551]]","[[0.2587220027766846,0.1946623739544992],[0.022028507254327888,0.012922239215630625]]","[[0.5068705916956618,0.43882851523381694],[0.1448046637630021,0.10923113575964062]]","[[1.0,1.0],[1.0,1.0]]","[[3.88741185841737,3.491355804602305],[1.9864926859184548,1.9888626707924737]]","[1.0,1.0]","[7.367493612677963,3.9752557423379686]","[0.0004152739895895744,0.0001888071379788151]","[0.20779871918537,0.016187456360569705]","[0.20779871929574895,0.016187456353671022]","[[0.2368553234471215,0.17874211393020772],[0.020730894735013997,0.011644017710177987]]","[[0.2368553234471215,0.17874211426134462],[0.020730894735013997,0.0116440177032793]]","[[0.48599925880078915,0.4220523946815067],[0.1438111310755765,0.10770168276848617]]","[[1.0,1.0],[1.0,1.0]]","[[3.9005018958338984,3.4483141439932363],[1.9859524285351788,1.9972486513632315]]","[1.0,1.0]","[7.33446683883667,3.9831737571292454]","[null,null]"
stagewise_residual_simvq_k4x4-2x2_rate047-20260802-224823,61,0.02093373,0.08080534,0.10173907,0.01926442,0.08212729,23.19365300,0.91221708,0.01926442,1,Phase2-退火(67%),0.000000,0.00000000,,4608,0.0703125000,0.0468750000,5e-05,"[0.23760312086454144,0.01573046613312154]","[0.23760312086454144,0.01573046613657088]","[[0.268841435291149,0.20636480591363376],[0.0200937500913386,0.011367182041242443]]","[[0.268841435291149,0.20636480563768633],[0.0200937500913386,0.011367182063663172]]","[[0.5172936417438366,0.45294405122598014],[0.1414579667702869,0.1063098750318642]]","[[1.0,1.0],[1.0,1.0]]","[[3.892420464533347,3.4818795689830075],[1.9883507167851484,1.9935014329574727]]","[1.0,1.0]","[7.362313451590361,3.981824920795582]","[0.0003199166772160593,0.00013378348855473665]","[0.24193462232748666,0.015654518841593353]","[0.24193462210672873,0.015654518827795984]","[[0.27400159592981693,0.20986764695909288],[0.019960317436467718,0.011348719991467617]]","[[0.27400159592981693,0.20986764662795596],[0.019960317436467718,0.01134871997077156]]","[[0.5226257414729507,0.45720701659167257],[0.14116229271447217,0.10639791378268489]]","[[1.0,1.0],[1.0,1.0]]","[[3.898411480585734,3.502252440982395],[1.9859307633505927,1.9962304821720829]]","[1.0,1.0]","[7.389673307206896,3.9821370548672146]","[null,null]"
stagewise_residual_simvq_k4x4-2x2_rate047-20260802-224823,62,0.02091643,0.08210361,0.10302004,0.01935273,0.08359965,23.18012053,0.91294859,0.01926442,0,Phase2-退火(68%),0.000000,0.00000000,,4608,0.0703125000,0.0468750000,5e-05,"[0.24230525998605623,0.015513636932397882]","[0.2423052600964352,0.015513636923774525]","[[0.2735727010777703,0.21103781801131036],[0.01980147282420485,0.011225800899167856]]","[[0.2735727010777703,0.21103781812168934],[0.01980147282420485,0.01122580090434187]]","[[0.5218010575683029,0.4580345721156509],[0.1403051979287907,0.10555709781194175]]","[[1.0,1.0],[1.0,1.0]]","[[3.893033848868476,3.479270131941195],[1.9900207303188466,1.9923242454175596]]","[1.0,1.0]","[7.360096685091654,3.9823126033500387]","[0.0003302176927078377,0.0001359691611334576]","[0.2485402384289989,0.014414156621528996]","[0.24854023820824092,0.014414156607731625]","[[0.2801831775241428,0.2168972972366545],[0.01850435866249932,0.010323954601254728]]","[[0.2801831775241428,0.21689729701589655],[0.01850435866249932,0.010323954601254728]]","[[0.5286162038644154,0.4649539391199748],[0.13590476921311131,0.10146143762049852]]","[[1.0,1.0],[1.0,1.0]]","[[3.9036109571103697,3.4864574485354956],[1.9854904174804688,1.9978665510813396]]","[1.0,1.0]","[7.3779072302359126,3.9833248014803284]","[null,null]"
stagewise_residual_simvq_k4x4-2x2_rate047-20260802-224823,63,0.02540962,0.08029280,0.10570243,0.01928139,0.07556906,23.19540751,0.91376777,0.01926442,0,Phase2-退火(70%),0.000000,0.00000000,,4608,0.0703125000,0.0468750000,5e-05,"[0.23419147034486135,0.01749654069404911]","[0.23419147031726661,0.01749654069404911]","[[0.2673149891749576,0.2010679511560334],[0.02221553045566435,0.012777550905701462]]","[[0.2673149891749576,0.2010679514595756],[0.02221553045566435,0.012777550897078105]]","[[0.5152120411396026,0.44608300422076824],[0.1439515429790373,0.10706105229479296]]","[[1.0,1.0],[1.0,1.0]]","[[3.8885212386095964,3.4956723813657407],[1.9870749881973973,1.984310726766233]]","[1.0,1.0]","[7.372912889056735,3.9712209931126345]","[0.00046814069501124325,0.00020617016875298255]","[0.22432070286185654,0.0134617504629272]","[0.22432070264109857,0.013461750469825886]","[[0.2561133128625375,0.19252809275079658],[0.017511889807603976,0.009411611087206338]]","[[0.2561133128625375,0.19252809197814377],[0.017511889807603976,0.009411611087206338]]","[[0.505350669225057,0.4379826177049566],[0.13223212990495894,0.0968970838520262]]","[[1.0,1.0],[1.0,1.0]]","[[3.895410989831995,3.50423370997111],[1.9872541295157538,1.9966531850673535]]","[1.0,1.0]","[7.3888937455636485,3.9838768305601895]","[null,null]"
stagewise_residual_simvq_k4x4-2x2_rate047-20260802-224823,64,0.02054423,0.07923852,0.09978275,0.02016843,0.07409231,22.98917746,0.90893963,0.01926442,0,Phase2-退火(72%),0.000000,0.00000000,,4608,0.0703125000,0.0468750000,5e-05,"[0.23492380913209032,0.014524257233090422]","[0.23492380927006404,0.014524257250337137]","[[0.2664845669987025,0.2033630511826939],[0.018606055534824178,0.010442458843398426]]","[[0.2664845669987025,0.20336305140345184],[0.018606055534824178,0.010442458879616525]]","[[0.5150348673816081,0.4496442916768569],[0.13592947020574853,0.10172311391819407]]","[[1.0,1.0],[1.0,1.0]]","[[3.8903451508945888,3.4870869746914614],[1.9917211046925298,1.9931523106716298]]","[1.0,1.0]","[7.365824604917456,3.9848502432858504]","[0.00031529829632038147,0.0001360189033692694]","[0.2155900384540911,0.01675742517604872]","[0.21559003867484905,0.016757425203643463]","[[0.24511295049278825,0.1860671259738781],[0.021356929976631096,0.012157920285783433]]","[[0.24511295049278825,0.1860671266361519],[0.021356929976631096,0.012157920327175546]]","[[0.4942301238024676,0.4303894360860189],[0.14601087669531504,0.11009594610443822]]","[[1.0,1.0],[1.0,1.0]]","[[3.8795160947022613,3.4580866866641573],[1.9864708149874652,1.975300145149231]]","[1.0,1.0]","[7.325063754894115,3.961710445969193]","[null,null]"
stagewise_residual_simvq_k4x4-2x2_rate047-20260802-224823,65,0.02022665,0.08037000,0.10059665,0.02087111,0.09820512,22.87002190,0.91444578,0.01926442,0,Phase2-退火(73%),0.000000,0.00000000,,4608,0.0703125000,0.0468750000,5e-05,"[0.2388242405321863,0.014494542111815126]","[0.23882424058737578,0.014494542106641112]","[[0.26988949866758455,0.20775898109983515],[0.01843644866409401,0.010552635490549384]]","[[0.26988949866758455,0.20775898109983515],[0.01843644866409401,0.010552635484513033]]","[[0.5181223613244516,0.45427589074329094],[0.1354602895539116,0.10241107430171084]]","[[1.0,1.0],[1.0,1.0]]","[[3.894635769614467,3.479936194419861],[1.9866010423059817,1.9920945854098708]]","[1.0,1.0]","[7.362339122207077,3.978660480181376]","[0.00032209055835092265,0.00012741935220724878]","[0.2933285869933941,0.01652193653086821]","[0.2933285867726361,0.016521936475678727]","[[0.3300133209537577,0.25664385115658794],[0.020905572755469216,0.012138300147597437]]","[[0.3300133209537577,0.2566438515981038],[0.020905572755469216,0.012138300085509266]]","[[0.5737020408665693,0.5057647956742181],[0.14449261294470894,0.11007622679074605]]","[[1.0,1.0],[1.0,1.0]]","[[3.9191843615637887,3.6014542915202954],[1.9852386315663655,1.9975149198814675]]","[1.0,1.0]","[7.513621715263084,3.9827218285313357]","[null,null]"
stagewise_residual_simvq_k4x4-2x2_rate047-20260802-224823,66,0.02031019,0.08132924,0.10163943,0.02215258,0.09155380,22.59985316,0.90888101,0.01926442,0,Phase2-退火(75%),0.000000,0.00000000,,4608,0.0703125000,0.0468750000,5e-05,"[0.2416691946486632,0.014867499329287697]","[0.2416691945106895,0.014867499303417625]","[[0.27271799941857655,0.21062038927166551],[0.018843748287677212,0.010891250317433366]]","[[0.27271799941857655,0.2106203890785023],[0.018843748287677212,0.01089125028638928]]","[[0.5210179979602496,0.45760692683634935],[0.1368417283727063,0.10392694924440649]]","[[1.0,1.0],[1.0,1.0]]","[[3.8957320306036207,3.475526175234053],[1.9871310715322141,1.9922430789029157]]","[1.0,1.0]","[7.358710428520485,3.9793367818549825]","[0.0003182920980584135,0.00012748615376444327]","[0.26665665010611217,0.021052415503395927]","[0.26665665043724907,0.0210524155171933]","[[0.2979835616217719,0.23532973527908324],[0.026427869650500792,0.015676961211418663]]","[[0.2979835616217719,0.2353297354998412],[0.026427869650500792,0.015676961245912092]]","[[0.5450782884050298,0.4842351465313523],[0.16244828127048633,0.12507654903111634]]","[[1.0,1.0],[1.0,1.0]]","[[3.901247994105021,3.4524902432053177],[1.9895213727597838,1.997157613436381]]","[1.0,1.0]","[7.3396418960006145,3.98665984471639]","[null,null]"
stagewise_residual_simvq_k4x4-2x2_rate047-20260802-224823,67,0.02256609,0.07919368,0.10175977,0.01872033,0.08060012,23.32183352,0.91430543,0.01872033,1,Phase2-退火(77%),0.000000,0.00000000,,4608,0.0703125000,0.0468750000,5e-05,"[0.23375417063081705,0.015945092699042072]","[0.23375417093435924,0.015945092704216086]","[[0.26569106065564685,0.2018172799575108],[0.020355023517859755,0.011535161820723228]]","[[0.26569106065564685,0.20181728042662145],[0.020355023517859755,0.011535161804338848]]","[[0.513718287370823,0.447245617321244],[0.14121566074037994,0.10580928921699524]]","[[1.0,1.0],[1.0,1.0]]","[[3.877448026780729,3.4896601014667086],[1.9893297998993484,1.9788349754280514]]","[1.0,1.0]","[7.356072892083062,3.967863580032631]","[0.0004216263594302021,0.00015898211493347642]","[0.24059746982874694,0.014045598012981591]","[0.24059746982874694,0.014045598012981591]","[[0.2717699903028983,0.20942494637436337],[0.01774630957731494,0.010344886341718611]]","[[0.2717699903028983,0.2094249459328475],[0.01774630957731494,0.010344886348617298]]","[[0.5204910576343537,0.4567456704598886],[0.13303883290953106,0.10149674062375669]]","[[1.0,1.0],[1.0,1.0]]","[[3.8931879025918468,3.504032354001646],[1.9919793570483173,1.9986435642948857]]","[1.0,1.0]","[7.386586983998616,3.990610942134151]","[null,null]"
stagewise_residual_simvq_k4x4-2x2_rate047-20260802-224823,68,0.02005827,0.08061127,0.10066954,0.01898042,0.07831216,23.26452599,0.91534882,0.01872033,0,Phase2-退火(78%),0.000000,0.00000000,,4608,0.0703125000,0.0468750000,5e-05,"[0.23919131162541885,0.015423084552296334]","[0.23919131168060834,0.01542308455919502]","[[0.2698927598419013,0.20848986263628358],[0.01937960268653653,0.011466566299916141]]","[[0.2698927598419013,0.20848986285704155],[0.01937960268653653,0.011466566317162856]]","[[0.5181927386809279,0.4551485716192811],[0.13871907780843754,0.10657136081545442]]","[[1.0,1.0],[1.0,1.0]]","[[3.895343315159833,3.4743852425504613],[1.9861067906573966,1.9900748659063268]]","[1.0,1.0]","[7.357143576056869,3.9761355929904516]","[0.00030337116186274216,0.0001209879317987846]","[0.23369649505173717,0.0138923908756287]","[0.23369649505173717,0.0138923908273379]","[[0.2639691902531518,0.20342379962956464],[0.017587846310602295,0.010196935292333365]]","[[0.2639691902531518,0.20342379929842772],[0.017587846310602295,0.010196935237143878]]","[[0.5129183638978887,0.45007819952788175],[0.13248574639912006,0.10082615509077354]]","[[1.0,1.0],[1.0,1.0]]","[[3.8940563908329717,3.472834922649242],[1.9813504510455662,1.9877232560405025]]","[1.0,1.0]","[7.3544542665834785,3.9690297162091293]","[null,null]"
stagewise_residual_simvq_k4x4-2x2_rate047-20260802-224823,69,0.01996177,0.08106823,0.10103000,0.01886262,0.08141147,23.28657248,0.91398350,0.01872033,0,Phase2-退火(80%),0.000000,0.00000000,,4608,0.0703125000,0.0468750000,5e-05,"[0.24090642128829604,0.015426601366036468]","[0.24090642131589077,0.015426601359137782]","[[0.2717031043988687,0.2101097364668493],[0.019341975176292988,0.011511227484206082]]","[[0.2717031043988687,0.21010973663241775],[0.019341975176292988,0.011511227482481411]]","[[0.5198430015533059,0.4568283635157126],[0.13866646950719533,0.10686041349890056]]","[[1.0,1.0],[1.0,1.0]]","[[3.895558461878035,3.4712776987640948],[1.9809636614940784,1.991590714013135]]","[1.0,1.0]","[7.353980600392377,3.972488687656544]","[0.0003184650681861159,0.00011770209631423414]","[0.24276143610477446,0.01479604975492866]","[0.24276143577363757,0.014796049734232602]","[[0.27385934491952263,0.21166352442017308],[0.01843772674738257,0.01115437267969052]]","[[0.27385934491952263,0.21166352442017308],[0.01843772674738257,0.011154372638298406]]","[[0.5223908455283554,0.4590621303628992],[0.13559360482074595,0.10539268983734978]]","[[1.0,1.0],[1.0,1.0]]","[[3.906361786524455,3.500544632805718],[1.9841255638334485,1.990085807553044]]","[1.0,1.0]","[7.395409008308693,3.9741727352142333]","[null,null]"
stagewise_residual_simvq_k4x4-2x2_rate047-20260802-224823,70,0.01977029,0.08079151,0.10056180,0.01884698,0.08352297,23.28955562,0.91396963,0.01872033,0,Phase2-退火(82%),0.000000,0.00000000,,4608,0.0703125000,0.0468750000,5e-05,"[0.24045725586237732,0.015275140065285894]","[0.2404572560555405,0.01527514008425728]","[[0.27103638091573007,0.20987812934650316],[0.019142511997509885,0.011407767987327167]]","[[0.27103638091573007,0.20987812998118224],[0.019142511997509885,0.011407768003711545]]","[[0.519375103380945,0.45676171796189413],[0.13796801137979384,0.10642101835045549]]","[[1.0,1.0],[1.0,1.0]]","[[3.8979961576285187,3.464022390489225],[1.979906709988912,1.9896918175397096]]","[1.0,1.0]","[7.348642300676416,3.9695283474745575]","[0.000309016162834639,0.00011442802500554265]","[0.25080405308140646,0.013917855911508754]","[0.2508040534125434,0.013917855925306127]","[[0.28219949062223787,0.21940861498868025],[0.017561129370221387,0.010274582301025037]]","[[0.28219949062223787,0.21940861531981715],[0.017561129370221387,0.010274582307923724]]","[[0.530204693476359,0.46729386426784375],[0.13239142061383635,0.1012275665446564]]","[[1.0,1.0],[1.0,1.0]]","[[3.903411527916237,3.4516648080613876],[1.9882359239790175,1.9904865026474]]","[1.0,1.0]","[7.340790971120199,3.978699090745714]","[null,null]"
stagewise_residual_simvq_k4x4-2x2_rate047-20260802-224823,71,0.02136096,0.07825053,0.09961149,0.01895274,0.07668601,23.26435173,0.91321771,0.01872033,0,Phase2-退火(83%),0.000000,0.00000000,,4608,0.0703125000,0.0468750000,5e-05,"[0.2324852634359289,0.015356935981523108]","[0.23248526321517096,0.015356935984972451]","[[0.2640734490145136,0.2008970771122862],[0.01932961099470655,0.011384260873482734]]","[[0.2640734490145136,0.200897076808744],[0.01932961099470655,0.011384260876932078]]","[[0.5124743304870747,0.44661972953213586],[0.13825950577027268,0.10591545688609282]]","[[1.0,1.0],[1.0,1.0]]","[[3.893553383703585,3.4720982140964933],[1.9832656524799488,1.9825180155259592]]","[1.0,1.0]","[7.352884744714808,3.9655660068547283]","[0.0003828241483899075,0.0001225999925770372]","[0.2250643151777762,0.017426500345269838]","[0.2250643151777762,0.017426500303877726]","[[0.25520531634489696,0.19492331423141337],[0.02194025865583508,0.012912741696668995]]","[[0.25520531634489696,0.19492331445217131],[0.02194025865583508,0.012912741669074253]]","[[0.5044167322141153,0.44066390991210935],[0.14795158957993543,0.11342744380235673]]","[[1.0,1.0],[1.0,1.0]]","[[3.8967495388454862,3.47315752947772],[1.990125094519721,1.9926587405028167]]","[1.0,1.0]","[7.357310835520426,3.982766301543624]","[null,null]"
stagewise_residual_simvq_k4x4-2x2_rate047-20260802-224823,72,0.01955665,0.07950693,0.09906358,0.02079361,0.07390569,22.87008337,0.90568293,0.01872033,0,Phase2-退火(85%),0.000000,0.00000000,,4608,0.0703125000,0.0468750000,5e-05,"[0.23697711601853372,0.015169621369353048]","[0.23697711565980203,0.015169621365903704]","[[0.2676555612021022,0.20629866793751717],[0.01901350965447448,0.011325732955743593]]","[[0.2676555612021022,0.20629866771675923],[0.01901350965447448,0.011325732932460529]]","[[0.5160198632213805,0.4527250466523347],[0.13750112403046202,0.10606262594185493]]","[[1.0,1.0],[1.0,1.0]]","[[3.896333024236891,3.4656104639724448],[1.983511373952583,1.9912378633463825]]","[1.0,1.0]","[7.348774500246401,3.9746933221817016]","[0.0003086081775513271,0.00010901257341915712]","[0.21408109808409656,0.019493125724019827]","[0.21408109786333862,0.019493125696425084]","[[0.24322026239501104,0.18494193244863438],[0.024190820450032197,0.014795431032500885]]","[[0.24322026239501104,0.18494193244863438],[0.024190820450032197,0.014795431004906143]]","[[0.49234589536984763,0.429128016365899],[0.15535436228469565,0.12143423833228924]]","[[1.0,1.0],[1.0,1.0]]","[[3.8960091643863253,3.43643408174868],[1.9600140960128218,1.9918958672770748]]","[1.0,1.0]","[7.317630124975134,3.9517435215137624]","[null,null]"
stagewise_residual_simvq_k4x4-2x2_rate047-20260802-224823,73,0.01945960,0.08009729,0.09955689,0.01888180,0.07930926,23.28245607,0.91326554,0.01872033,0,Phase2-退火(87%),0.000000,0.00000000,,4608,0.0703125000,0.0468750000,5e-05,"[0.23933055224242034,0.014983036405303412]","[0.23933055185609395,0.014983036394955383]","[[0.26993311207603526,0.20872799147058416],[0.018713773716310108,0.011252299019273508]]","[[0.26993311207603526,0.20872799113944726],[0.018713773716310108,0.01125229901496183]]","[[0.51826641112566,0.45543560556791446],[0.13639746184150378,0.1056920777592394]]","[[1.0,1.0],[1.0,1.0]]","[[3.89773075139081,3.460657517998307],[1.9808772725087624,1.986484384978259]]","[1.0,1.0]","[7.344833951526218,3.9672848798610545]","[0.00031475909127038905,0.00011431066230350687]","[0.238777776338436,0.013245767637811325]","[0.238777776338436,0.013245767651608696]","[[0.26943818551522714,0.20811736638899203],[0.01681014415980489,0.00968139111581776]]","[[0.26943818551522714,0.2081173660578551],[0.01681014415980489,0.009681391157209873]]","[[0.518193640311559,0.45523868004481],[0.12955914619896147,0.09829836509845875]]","[[1.0,1.0],[1.0,1.0]]","[[3.8885427898830836,3.4487538726241502],[1.9839373279500891,1.9668504123334531]]","[1.0,1.0]","[7.32369382293136,3.950695694817437]","[null,null]"
stagewise_residual_simvq_k4x4-2x2_rate047-20260802-224823,74,0.01930511,0.07932303,0.09862814,0.02197675,0.07783832,22.62298906,0.91013337,0.01872033,0,Phase2-退火(88%),0.000000,0.00000000,,4608,0.0703125000,0.0468750000,5e-05,"[0.2370393083051399,0.015039751737344044]","[0.2370393082499504,0.015039751723546673]","[[0.26739031622807186,0.20668829963714988],[0.01872117029744442,0.01135833299787784]]","[[0.26739031622807186,0.2066882995267709],[0.01872117029744442,0.011358332982355798]]","[[0.5159033380724766,0.4533127883518184],[0.13631454809672303,0.10607323090511339]]","[[1.0,1.0],[1.0,1.0]]","[[3.8990007435833967,3.455077510409885],[1.9835824851636534,1.9900195481600584]]","[1.0,1.0]","[7.340108805232578,3.973541941466155]","[0.00030108826939357204,0.00010541347329746242]","[0.2340473371523398,0.013464430381578428]","[0.23404733803537156,0.01346443036088237]","[[0.2646032649057883,0.20349140873661747],[0.016791517494453324,0.010137343199716674]]","[[0.2646032649057883,0.20349141006116514],[0.016791517494453324,0.010137343179020616]]","[[0.5135855937445605,0.45021590965765496],[0.1294820699426863,0.10058608049595798]]","[[1.0,1.0],[1.0,1.0]]","[[3.9021779872753,3.428568702273899],[1.9724590248531766,1.9894420358869764]]","[1.0,1.0]","[7.315066991028963,3.961819938377098]","[null,null]"
stagewise_residual_simvq_k4x4-2x2_rate047-20260802-224823,75,0.01935801,0.08005076,0.09940877,0.01954896,0.07681165,23.16591649,0.91359057,0.01872033,0,Phase2-退火(90%),0.000000,0.00000000,,4608,0.0703125000,0.0468750000,5e-05,"[0.2398317686661526,0.014846057065383151]","[0.2398317691904527,0.014846057061933808]","[[0.2704169529179732,0.20924658264826845],[0.018423153820482117,0.011268960227499958]]","[[0.2704169529179732,0.2092465830070001],[0.018423153820482117,0.0112689602188766]]","[[0.5186706006526947,0.4559290329615275],[0.13538075875904826,0.1057835161961891]]","[[1.0,1.0],[1.0,1.0]]","[[3.9005881318339597,3.4589955228346367],[1.9736110106662468,1.9873508327537113]]","[1.0,1.0]","[7.345820720107467,3.960808343799026]","[0.0003132650385884551,0.00010707216946078309]","[0.23082116378678216,0.013614656334673916]","[0.23082116301412936,0.013614656334673916]","[[0.25895423315189503,0.20268809232446883],[0.016985375475552348,0.010243937186896802]]","[[0.25895423315189503,0.20268809088954218],[0.016985375475552348,0.010243937186896802]]","[[0.5079912651468206,0.449247200400741],[0.13015719563872727,0.10100533448987536]]","[[1.0,1.0],[1.0,1.0]]","[[3.9039964410993786,3.383059948462027],[1.9576456246552645,1.9939816536726775]]","[1.0,1.0]","[7.268008147345649,3.951404412587484]","[null,null]"
stagewise_residual_simvq_k4x4-2x2_rate047-20260802-224823,76,0.02307517,0.07885121,0.10192638,0.01867808,0.07990869,23.32930646,0.91575733,0.01867808,1,Phase2-退火(92%),0.000000,0.00000000,,4608,0.0703125000,0.0468750000,5e-05,"[0.2338832112926024,0.017022156582593366]","[0.23388321145817084,0.017022156582593366]","[[0.26502740052011275,0.2027390225066079],[0.02078364899519969,0.013260664132044271]]","[[0.26502740052011275,0.20273902243762104],[0.02078364899519969,0.0132606641423923]]","[[0.5133663457300928,0.4485802251983572],[0.13929983122205292,0.10962136564431367]]","[[1.0,1.0],[1.0,1.0]]","[[3.8999136686325073,3.461115437083774],[1.97318084637324,1.9837291578451792]]","[1.0,1.0]","[7.34731598076997,3.9566829571017514]","[0.0003893718734346934,0.0001371611323453113]","[0.24094594761177346,0.01362634218401379]","[0.24094594827404728,0.013626342218507219]","[[0.2731085225387856,0.20878337290551927],[0.016871991187885956,0.010380693131850825]]","[[0.2731085225387856,0.2087833735677931],[0.016871991187885956,0.010380693180141625]]","[[0.5218029973683533,0.45606498696185926],[0.12966267852871508,0.10159443467855453]]","[[1.0,1.0],[1.0,1.0]]","[[3.906906799033836,3.465528777793602],[1.9722043911616007,1.9985114777529682]]","[1.0,1.0]","[7.358819163287127,3.970599227481418]","[null,null]"
stagewise_residual_simvq_k4x4-2x2_rate047-20260802-224823,77,0.01881569,0.07829934,0.09711503,0.01840036,0.08841607,23.39816707,0.91688558,0.01840036,1,Phase2-退火(93%),0.000000,0.00000000,,4608,0.0703125000,0.0468750000,5e-05,"[0.23497442305088043,0.014609503349358285]","[0.23497442305088043,0.014609503340734927]","[[0.2656526637574037,0.20429618226157295],[0.01799867715410612,0.011220329375592647]]","[[0.2656526637574037,0.20429618220638346],[0.01799867715410612,0.011220329355758925]]","[[0.514104977801994,0.45053230783453696],[0.1337595695560729,0.10551607134165587]]","[[1.0,1.0],[1.0,1.0]]","[[3.899635362183606,3.4520891273463215],[1.9787078581474447,1.9911674687155971]]","[1.0,1.0]","[7.337488279519258,3.969801507172761]","[0.0003052964107795291,9.727378226469026e-05]","[0.2679835773176617,0.01401361820322496]","[0.2679835772072827,0.014013618196326273]","[[0.3010889337018684,0.23487822038156014],[0.017263896383897023,0.010763339912173925]]","[[0.3010889337018684,0.23487822038156014],[0.017263896383897023,0.010763339925971296]]","[[0.5477405386942404,0.4835737594851741],[0.13122688664330376,0.10353734769203045]]","[[1.0,1.0],[1.0,1.0]]","[[3.9093706484194155,3.47026345288312],[1.9702424773463496,1.9887003624880755]]","[1.0,1.0]","[7.3662100368075905,3.958879797546952]","[null,null]"
stagewise_residual_simvq_k4x4-2x2_rate047-20260802-224823,78,0.01871364,0.07836095,0.09707459,0.02061014,0.06253480,22.89629043,0.90379671,0.01840036,0,Phase2-退火(95%),0.000000,0.00000000,,4608,0.0703125000,0.0468750000,5e-05,"[0.2355241765578588,0.014505590281138818]","[0.235524176640643,0.014505590282863488]","[[0.26578998819545463,0.20525836326457836],[0.017789814497033755,0.011221366062656873]]","[[0.26578998819545463,0.20525836334736258],[0.017789814497033755,0.011221366067830887]]","[[0.5141647766585703,0.45151470132448057],[0.13296186864652015,0.10548322796821594]]","[[1.0,1.0],[1.0,1.0]]","[[3.9026839587423536,3.4383108646781357],[1.9596772176248056,1.9894438752421626]]","[1.0,1.0]","[7.325769920702334,3.948905864909843]","[0.0003052448127871483,9.31421787922941e-05]","[0.1888535687217006,0.010721715422416175]","[0.18885356850094265,0.010721715436213546]","[[0.21547367374102275,0.16223346342643102],[0.013276435400324839,0.008166995375520653]]","[[0.21547367374102275,0.16223346342643102],[0.013276435400324839,0.008166995368621968]]","[[0.46347294560185187,0.4019966381567496],[0.11482719210562882,0.08981662850689005]]","[[1.0,1.0],[1.0,1.0]]","[[3.893989252161097,3.3757642339777063],[1.9565504762861463,1.994046147664388]]","[1.0,1.0]","[7.250848099037453,3.950366149125276]","[null,null]"
stagewise_residual_simvq_k4x4-2x2_rate047-20260802-224823,79,0.01850081,0.07773703,0.09623784,0.01849361,0.08004744,23.37981860,0.91760388,0.01840036,0,Phase2-退火(97%),0.000000,0.00000000,,4608,0.0703125000,0.0468750000,5e-05,"[0.23394042667415407,0.014340067385799356]","[0.23394042661896458,0.014340067399596727]","[[0.2640617479328756,0.20381910414607438],[0.017396112517626197,0.011284022259146527]]","[[0.2640617479328756,0.20381910431164282],[0.017396112517626197,0.011284022283291928]]","[[0.5126840912081577,0.4501476216095465],[0.13141999944216676,0.1056744881388214]]","[[1.0,1.0],[1.0,1.0]]","[[3.904131989567368,3.435354460610284],[1.9596776101324294,1.9918622780729223]]","[1.0,1.0]","[7.323945252983658,3.9513165279670996]","[0.00030098711323700155,8.79234915946317e-05]","[0.2399043654953992,0.0157233366811717]","[0.2399043658265361,0.015723336653576957]","[[0.270671010238153,0.20913771876582393],[0.01870363042862327,0.01274304278884773]]","[[0.270671010238153,0.2091377196488557],[0.01870363042862327,0.012743042761252986]]","[[0.5192917393313514,0.4562528572700642],[0.13644958513754385,0.11249569588237339]]","[[1.0,1.0],[1.0,1.0]]","[[3.909680873376352,3.4607262081570096],[1.9787804983280324,1.9964992417229546]]","[1.0,1.0]","[7.356328112990768,3.9752154950742367]","[null,null]"
stagewise_residual_simvq_k4x4-2x2_rate047-20260802-224823,80,0.01834892,0.07757914,0.09592806,0.01819251,0.08587192,23.45203224,0.91823638,0.01819251,1,Phase2-退火(98%),0.000000,0.00000000,,4608,0.0703125000,0.0468750000,5e-05,"[0.2332191542342857,0.014787624957453874]","[0.2332191542342857,0.014787624955729202]","[[0.26326140256391634,0.20317690435934949],[0.01769368002122199,0.011881569706558905]]","[[0.26326140256391634,0.20317690413859155],[0.01769368002122199,0.011881569720356276]]","[[0.5118871030984101,0.44941361082924736],[0.13251589471819225,0.10843407173675519]]","[[1.0,1.0],[1.0,1.0]]","[[3.904647895141884,3.4264231655332775],[1.966016815106074,1.9882629535816334]]","[1.0,1.0]","[7.314983103893422,3.9541354695955913]","[0.0002873876167103407,8.68718095733601e-05]","[0.2594132109924599,0.015124866173223213]","[0.25941321044056503,0.015124866166324528]","[[0.2911580718225903,0.22766834983119258],[0.017851129512268082,0.01239860272379937]]","[[0.2911580718225903,0.22766834950005566],[0.017851129512268082,0.012398602682407256]]","[[0.5386048449410332,0.4760726429797985],[0.13322072238833815,0.11086687682955354]]","[[1.0,1.0],[1.0,1.0]]","[[3.9160782655080157,3.436891716497916],[1.9726874298519559,1.9853959887116044]]","[1.0,1.0]","[7.336942499655264,3.958020505198726]","[null,null]"
stagewise_residual_simvq_k4x4-2x2_rate047-20260802-224823,81,0.01820472,0.07663097,0.09483568,0.01843556,0.08334460,23.39947677,0.91938159,0.01819251,0,Phase3-微调,0.000000,0.00000000,,4608,0.0703125000,0.0468750000,5e-05,"[0.23036666534565114,0.014852426834059533]","[0.23036666559400382,0.01485242684268289]","[[0.2602477677442409,0.2004855614155531],[0.017544463670088186,0.012160389908347969]]","[[0.2602477677442409,0.20048556191225847],[0.017544463670088186,0.012160389908347969]]","[[0.508783248949934,0.44624191528117213],[0.13181371604678807,0.10950785128882638]]","[[1.0,1.0],[1.0,1.0]]","[[3.90551669244413,3.4137699392106797],[1.9604905318330836,1.9853614392103973]]","[1.0,1.0]","[7.302085989492911,3.945642836888631]","[0.000298191758338362,9.095206345995797e-05]","[0.2524713742512244,0.014231346733868121]","[0.2524713745823613,0.014231346706273379]","[[0.28415644742824414,0.22078630052230977],[0.016678712448036228,0.0117839808817263]]","[[0.28415644742824414,0.2207863011845836],[0.016678712448036228,0.011783980861030243]]","[[0.5321379915431693,0.4688644861733472],[0.12857135832309724,0.10782823457762047]]","[[1.0,1.0],[1.0,1.0]]","[[3.918537574344211,3.4627620697021486],[1.9553950671796445,1.9895264837476943]]","[1.0,1.0]","[7.366837021156593,3.9447307992864538]","[null,null]"
stagewise_residual_simvq_k4x4-2x2_rate047-20260802-224823,82,0.01801100,0.07621359,0.09422459,0.01825309,0.08335836,23.43286645,0.91704450,0.01819251,0,Phase3-微调,0.025000,0.03518519,8.40466392,4608,0.0703125000,0.0468750000,5e-05,"[0.22880394204899115,0.015079559390950533]","[0.22880394202139642,0.01507955939784922]","[[0.25843163052642787,0.19917625227460153],[0.0177035268948034,0.01245559181034979]]","[[0.25843163052642787,0.19917625216422258],[0.0177035268948034,0.012455591802588768]]","[[0.5071874648332596,0.4449863301935019],[0.13245459568721277,0.11088649947886113]]","[[1.0,1.0],[1.0,1.0]]","[[3.9097425915576793,3.4004487015582896],[1.960822367226636,1.9816355378539474]]","[1.0,1.0]","[7.2918654123942055,3.9422760751512316]","[0.0002903913509120078,9.108544741644032e-05]","[0.2525331514853018,0.014213606811783932]","[0.2525331512645439,0.01421360679798656]","[[0.28401468484490006,0.22105161492471342],[0.01667601713841712,0.011751196416163887]]","[[0.28401468484490006,0.22105161492471342],[0.01667601713841712,0.0117511964092652]]","[[0.532105537697121,0.46926923526657954],[0.1287657611348011,0.10794183711210886]]","[[1.0,1.0],[1.0,1.0]]","[[3.9181323528289793,3.4608135523619477],[1.952669718530443,1.997452155749003]]","[1.0,1.0]","[7.364389313591851,3.9498331794032344]","[null,null]"
stagewise_residual_simvq_k4x4-2x2_rate047-20260802-224823,83,0.01794149,0.07628845,0.09422994,0.01799179,0.07319132,23.49146297,0.91798833,0.01799179,1,Phase3-微调,0.050000,0.05185185,5.88246850,4608,0.0703125000,0.0468750000,5e-05,"[0.22844627223632955,0.015676765959640897]","[0.22844627215354532,0.015676765961365566]","[[0.25801919008846635,0.1988733536667294],[0.018286620954879457,0.013066910878168764]]","[[0.25801919008846635,0.1988733537219189],[0.018286620954879457,0.013066910885929785]]","[[0.5067890931610708,0.44465519813475785],[0.13460125107732085,0.11357264855393658]]","[[1.0,1.0],[1.0,1.0]]","[[3.9126927808479026,3.3874141949194447],[1.9646840241220263,1.9839426581506376]]","[1.0,1.0]","[7.280632433184871,3.9484456896781923]","[0.0002757114658446948,8.72195557046022e-05]","[0.21885323877687807,0.015358996384397701]","[0.21885323855612013,0.015358996439587188]","[[0.2481008620173843,0.18960561597788775],[0.01777313067405312,0.012944862032654108]]","[[0.2481008620173843,0.18960561520523495],[0.01777313067405312,0.01294486209474228]]","[[0.4972631118915699,0.4345184727951332],[0.1329528245109099,0.11335034883684582]]","[[1.0,1.0],[1.0,1.0]]","[[3.913538212246365,3.3972429363815873],[1.9780651030717074,1.9932180016129106]]","[1.0,1.0]","[7.292111753534388,3.971234236823188]","[null,null]"
stagewise_residual_simvq_k4x4-2x2_rate047-20260802-224823,84,0.01794280,0.07561336,0.09355615,0.02087911,0.07499312,22.83974462,0.91270689,0.01799179,0,Phase3-微调,0.075000,0.08518519,7.71283971,4608,0.0703125000,0.0468750000,5e-05,"[0.22634245008230208,0.015620293287146423]","[0.22634244991673363,0.015620293300943795]","[[0.25584810881151093,0.1968367899181666],[0.018271341543920613,0.012969244990704789]]","[[0.25584810881151093,0.19683679013892455],[0.018271341543920613,0.012969245030372232]]","[[0.5045756949870674,0.4422898917286484],[0.13440027097585025,0.1129475797492045]]","[[1.0,1.0],[1.0,1.0]]","[[3.912896176620766,3.3835905348813093],[1.9642920774442179,1.9786510268847148]]","[1.0,1.0]","[7.27669031796632,3.942750061441351]","[0.00028588858263834413,9.319658638560214e-05]","[0.22579643240681402,0.014181539512894772]","[0.22579643218605608,0.014181539512894772]","[[0.2548296046477777,0.19676325817902882],[0.016774564671019714,0.011588514223694802]]","[[0.2548296046477777,0.196763257406376],[0.016774564671019714,0.01158851420989743]]","[[0.5039881569367868,0.4426808235821901],[0.12921454547731964,0.10727512378383566]]","[[1.0,1.0],[1.0,1.0]]","[[3.917807012134128,3.344526260870474],[1.9201496221401073,1.998221090104845]]","[1.0,1.0]","[7.239263071837248,3.9175442783920853]","[null,null]"
stagewise_residual_simvq_k4x4-2x2_rate047-20260802-224823,85,0.01788011,0.07523555,0.09311566,0.01793775,0.07332271,23.51594196,0.91790182,0.01793775,1,Phase3-微调,0.100000,0.10000000,6.35169336,4608,0.0703125000,0.0468750000,5e-05,"[0.225138652379866,0.015615093611456729]","[0.22513865235227126,0.015615093606282715]","[[0.2545274592384144,0.19574984472107004],[0.018228776792616204,0.013001410280250841]]","[[0.2545274592384144,0.19574984461069106],[0.018228776792616204,0.013001410282837848]]","[[0.5034039619344252,0.4412111266343682],[0.1342912323910881,0.11317073422725554]]","[[1.0,1.0],[1.0,1.0]]","[[3.9140766991509333,3.377598608864678],[1.9601307100719876,1.983113525311152]]","[1.0,1.0]","[7.271403228795087,3.943053544892205]","[0.0002793080191487981,9.075636148231246e-05]","[0.2216838651233249,0.012948822837184976]","[0.22168386545446184,0.012948822816488919]","[[0.2507590815976814,0.19260864622063106],[0.01526084074543582,0.010636804815105818]]","[[0.2507590815976814,0.192608646551768],[0.01526084074543582,0.01063680479440976]]","[[0.49992883448247555,0.4379680384088446],[0.12318774163722992,0.10270450733326099]]","[[1.0,1.0],[1.0,1.0]]","[[3.9174413557405825,3.3770405098243996],[1.9705653137630887,1.9975384977128772]]","[1.0,1.0]","[7.274012876439977,3.967989843863028]","[null,null]"
stagewise_residual_simvq_k4x4-2x2_rate047-20260802-224823,86,0.01779668,0.07490648,0.09270316,0.01813888,0.08261372,23.47338759,0.91769507,0.01793775,0,Phase3-微调,0.125000,0.12777778,7.74443994,4608,0.0703125000,0.0468750000,5e-05,"[0.22400635828574497,0.01569438552207969]","[0.22400635814777128,0.01569438551345633]","[[0.2532300542626116,0.19478266135685973],[0.01828859472060921,0.013100176275259367]]","[[0.2532300542626116,0.19478266094293858],[0.01828859472060921,0.01310017626663601]]","[[0.5019225016236305,0.4398966397400256],[0.1345159078085864,0.1136066955824693]]","[[1.0,1.0],[1.0,1.0]]","[[3.916041539333485,3.3717121614350214],[1.967770430335292,1.9819985548655192]]","[1.0,1.0]","[7.266852659649319,3.9496317589724503]","[0.0002865478593136046,9.174357805763807e-05]","[0.2458684728101448,0.01849542035272828]","[0.24586847258938682,0.018495420325133537]","[[0.2769753517927947,0.2147615929444631],[0.021540616701046626,0.015450223880233588]]","[[0.2769753517927947,0.21476159239256823],[0.021540616701046626,0.015450223866436217]]","[[0.5254099079856166,0.4624585297372606],[0.14634048585538512,0.12376889409842315]]","[[1.0,1.0],[1.0,1.0]]","[[3.920007108758997,3.427374239321108],[1.969591736793518,1.999238907849347]]","[1.0,1.0]","[7.330459947939272,3.968700055722837]","[null,null]"
stagewise_residual_simvq_k4x4-2x2_rate047-20260802-224823,87,0.01774727,0.07482724,0.09257452,0.02004180,0.07356145,23.04026496,0.91825514,0.01793775,0,Phase3-微调,0.150000,0.17407407,7.81779622,4608,0.0703125000,0.0468750000,5e-05,"[0.22359077361998736,0.01585640284853677]","[0.22359077367517682,0.015856402846812098]","[[0.2527218297675804,0.1944597161754414],[0.01847982764658001,0.013232977931491204]]","[[0.2527218297675804,0.19445971620303612],[0.01847982764658001,0.013232977924592517]]","[[0.5015275173717075,0.43966101121019435],[0.1352800758762492,0.11426531733186157]]","[[1.0,1.0],[1.0,1.0]]","[[3.9160662447964705,3.361686244275835],[1.964783889496768,1.9812814127515863]]","[1.0,1.0]","[7.25600449067575,3.9458971624021175]","[0.0002811346929876082,9.793989464486475e-05]","[0.21932655572891235,0.016070091303575923]","[0.21932655561853337,0.01607009132427198]","[[0.2490339829965874,0.189619125812142],[0.018642598404376595,0.013497584099294963]]","[[0.2490339829965874,0.18961912625365787],[0.018642598404376595,0.013497584133788392]]","[[0.49832060866885713,0.43467443894456936],[0.13619177832647605,0.11577406762926667]]","[[1.0,1.0],[1.0,1.0]]","[[3.94179023636712,3.389020303443626],[1.9257858956301654,1.99024204854612]]","[1.0,1.0]","[7.309560821674488,3.915445543218542]","[null,null]"
stagewise_residual_simvq_k4x4-2x2_rate047-20260802-224823,88,0.01779000,0.07473881,0.09252881,0.01816176,0.07481762,23.45038964,0.91613292,0.01793775,0,Phase3-微调,0.175000,0.20370370,7.40619646,4608,0.0703125000,0.0468750000,5e-05,"[0.22354880836274887,0.015615374491446548]","[0.2235488085007226,0.015615374486272534]","[[0.2527590425754035,0.19433857461920492],[0.018225569193492885,0.013005179754044447]]","[[0.2527590425754035,0.1943385746743944],[0.018225569193492885,0.013005179740247076]]","[[0.5015441477298737,0.4395030484155372],[0.13433379508830884,0.11325104077933011]]","[[1.0,1.0],[1.0,1.0]]","[[3.9175716934380707,3.3579512967003717],[1.968774049811893,1.9838976871084284]]","[1.0,1.0]","[7.253397122135869,3.9525136974122788]","[0.00028442474347819505,9.140399535209764e-05]","[0.22304119831985897,0.0163751731592196]","[0.22304119798872207,0.016375173117827487]","[[0.2518662049814507,0.1942161898922037],[0.019099451366949963,0.013650894620352322]]","[[0.2518662049814507,0.19421618967144577],[0.019099451366949963,0.013650894592757578]]","[[0.5010469425607611,0.4398083196745978],[0.13785622412407839,0.11643835024701224]]","[[1.0,1.0],[1.0,1.0]]","[[3.912355092719749,3.3363179118544966],[1.9801250925770513,1.9818048397699992]]","[1.0,1.0]","[7.225326110698559,3.961908545317473]","[null,null]"
stagewise_residual_simvq_k4x4-2x2_rate047-20260802-224823,89,0.01765198,0.07399547,0.09164745,0.01895866,0.07028230,23.26091638,0.91547242,0.01793775,0,Phase3-微调,0.200000,0.20370370,7.10430111,4608,0.0703125000,0.0468750000,5e-05,"[0.2209432255062792,0.01584228438290733]","[0.22094322564425292,0.015842284424299444]","[[0.24992764059592176,0.19195880905069687],[0.018435042265250726,0.013249526424678387]]","[[0.24992764059592176,0.19195880882993893],[0.018435042265250726,0.01324952647469386]]","[[0.4986918428981746,0.43675363532922884],[0.1351629140338412,0.11439677086417321]]","[[1.0,1.0],[1.0,1.0]]","[[3.9173100493572375,3.3541714699180036],[1.9659138341744742,1.9857436458269755]]","[1.0,1.0]","[7.249099839175189,3.951515925813604]","[0.0002766196419543121,9.100878979990268e-05]","[0.21128603319327036,0.013617326312318996]","[0.21128603275175448,0.013617326326116367]","[[0.23967299891842736,0.18289906702659747],[0.015970255496601263,0.011264397065948556]]","[[0.23967299891842736,0.18289906636432365],[0.015970255496601263,0.0112643970935433]]","[[0.4887455196292312,0.4267660229294388],[0.12606933332151837,0.10577271415127648]]","[[1.0,1.0],[1.0,1.0]]","[[3.913419802983602,3.337434673309326],[1.9599949174457125,1.9868714880060268]]","[1.0,1.0]","[7.227513931415699,3.946738267827917]","[null,null]"
stagewise_residual_simvq_k4x4-2x2_rate047-20260802-224823,90,0.01768220,0.07428668,0.09196888,0.01798451,0.07596087,23.49506222,0.91722851,0.01793775,0,Phase3-微调,0.225000,0.21296296,8.07503394,4608,0.0703125000,0.0468750000,5e-05,"[0.22174652901788552,0.015970854199043028]","[0.22174652918345397,0.015970854204217042]","[[0.2506467423229306,0.19284631460905075],[0.018567204884149962,0.013374503392346755]]","[[0.2506467423229306,0.19284631469183497],[0.018567204884149962,0.013374503407868799]]","[[0.4993348115572223,0.43769836182947514],[0.13549026662000904,0.11474871773410726]]","[[1.0,1.0],[1.0,1.0]]","[[3.9178898255030314,3.3527816635591012],[1.9691412806510926,1.9849078924567611]]","[1.0,1.0]","[7.248083043981482,3.9539145708084105]","[0.0002877532981747882,9.486621140442569e-05]","[0.22409806560587,0.018976715993550088]","[0.22409806560587,0.01897671604184089]","[[0.25314130474019936,0.19505482625078271],[0.022043250694319054,0.015910181244490323]]","[[0.25314130474019936,0.19505482614040376],[0.022043250694319054,0.015910181306578494]]","[[0.5023266121193215,0.4407774662529981],[0.14813626541031732,0.1257464465719682]]","[[1.0,1.0],[1.0,1.0]]","[[3.917455694410536,3.3722022091900863],[1.9560763747603804,1.9797326344030874]]","[1.0,1.0]","[7.268808145876284,3.9357180295167145]","[null,null]"
stagewise_residual_simvq_k4x4-2x2_rate047-20260802-224823,91,0.01754720,0.07391473,0.09146193,0.01776921,0.06725264,23.54291850,0.91847162,0.01776921,1,Phase3-微调,0.250000,0.23888889,7.42456963,4608,0.0703125000,0.0468750000,5e-05,"[0.22003398250650477,0.016493137611973064]","[0.22003398231334156,0.01649313761542241]","[[0.2487790814704365,0.19128888231460695],[0.01912220822716201,0.0138640668441507]]","[[0.2487790814704365,0.1912888820386595],[0.01912220822716201,0.013864066873470113]]","[[0.49771633755277706,0.4361869940051326],[0.13755630336149974,0.11688833911385801]]","[[1.0,1.0],[1.0,1.0]]","[[3.9192827736889875,3.35041008260515],[1.9720656527413263,1.980522886912028]]","[1.0,1.0]","[7.2468687684447675,3.9524455701863324]","[0.0002766624205698328,0.0001045676721905356]","[0.19806467239503509,0.01714378144867994]","[0.1980646722846561,0.017143781427983885]","[[0.22529016181274697,0.17083918341883905],[0.01988905152236974,0.014398511354294088]]","[[0.22529016181274697,0.17083918297732317],[0.01988905152236974,0.014398511361192775]]","[[0.4739439675101527,0.41255946777485036],[0.14064568661981158,0.11953819460339016]]","[[1.0,1.0],[1.0,1.0]]","[[3.911342638510245,3.340476949126632],[1.9827180518044365,1.9752384777422305]]","[1.0,1.0]","[7.228883866910581,3.9579246150122747]","[null,null]"
stagewise_residual_simvq_k4x4-2x2_rate047-20260802-224823,92,0.03563513,0.07561058,0.11124570,0.02052749,0.06767850,22.91342466,0.91127344,0.01776921,0,Phase3-微调,0.275000,0.29814815,7.83087544,4608,0.0703125000,0.0468750000,5e-05,"[0.22466877542988017,0.01728506629631199]","[0.2246687758575987,0.017285066327356078]","[[0.25484695475962427,0.1944905955206465],[0.020341305638215058,0.014228826908705135]]","[[0.25484695475962427,0.19449059603114924],[0.020341305638215058,0.014228826950097249]]","[[0.5011514990969941,0.4366363216329504],[0.1377142765869697,0.11399508004111272]]","[[1.0,1.0],[1.0,1.0]]","[[3.9091772194261902,3.390270882182651],[1.9675562765863206,1.97806043293741]]","[1.0,1.0]","[7.279198572370741,3.94540584175675]","[0.0004527429431349177,0.00013029131778576238]","[0.203142049908638,0.013429138202358176]","[0.20314204968788005,0.01342913820925686]","[[0.2328923279488528,0.173391770599065],[0.016185109779514647,0.010673166601056302]]","[[0.2328923279488528,0.173391770599065],[0.016185109779514647,0.010673166618303016]]","[[0.48163505086192376,0.41536136247493605],[0.12685125381858262,0.10283312162867299]]","[[1.0,1.0],[1.0,1.0]]","[[3.8988256948965567,3.318658878185131],[1.9104363017612034,1.9930806354240136]]","[1.0,1.0]","[7.193659605803313,3.902576059765286]","[null,null]"
stagewise_residual_simvq_k4x4-2x2_rate047-20260802-224823,93,0.01781634,0.07167328,0.08948962,0.01770475,0.06584220,23.56996490,0.91951718,0.01770475,1,Phase3-微调,0.300000,0.27592593,7.43920702,4608,0.0703125000,0.0468750000,5e-05,"[0.21332125812768937,0.016033233381393883]","[0.21332125832085255,0.016033233358973154]","[[0.24291905835270883,0.18372345656432487],[0.018690516349549095,0.01337595034511415]]","[[0.24291905835270883,0.18372345711621973],[0.018690516349549095,0.013375950315794735]]","[[0.49170274535814923,0.42732576573336567],[0.13606034256517888,0.11487669572234153]]","[[1.0,1.0],[1.0,1.0]]","[[3.9161403558872365,3.351889430593561],[1.9677623064429672,1.9889542235268487]]","[1.0,1.0]","[7.245578792360094,3.956584551157775]","[0.0002773094646356724,8.804315994994895e-05]","[0.1966983025824582,0.013996728482069792]","[0.19669830291359514,0.013996728495867163]","[[0.2236184311133844,0.16977817443785845],[0.01641015907128652,0.01158329788595438]]","[[0.2236184311133844,0.16977817443785845],[0.01641015907128652,0.011583297927346494]]","[[0.4722634401586321,0.4113689164320628],[0.12774798577582394,0.1072100246946017]]","[[1.0,1.0],[1.0,1.0]]","[[3.926763578697487,3.268663099077013],[1.9819637722439236,1.9977643507498282]]","[1.0,1.0]","[7.164868149933992,3.9796843652372007]","[null,null]"
stagewise_residual_simvq_k4x4-2x2_rate047-20260802-224823,94,0.01735234,0.07228985,0.08964219,0.01763099,0.07384984,23.59244847,0.92100580,0.01763099,1,Phase3-微调,0.325000,0.29629630,7.26514565,4608,0.0703125000,0.0468750000,5e-05,"[0.215511750181516,0.015815761762981613]","[0.21551175012632653,0.015815761750908913]","[[0.24431915468087903,0.1867043452958266],[0.018435999956326905,0.013195523500649465]]","[[0.24431915468087903,0.18670434526823185],[0.018435999956326905,0.013195523516171509]]","[[0.49329947023480025,0.4309908515877194],[0.13520722901103674,0.11419289938553616]]","[[1.0,1.0],[1.0,1.0]]","[[3.921728479862213,3.3395743763005292],[1.9694366327038517,1.9871184717725825]]","[1.0,1.0]","[7.237479344120732,3.9564411176575556]","[0.000258571162811239,8.884599635537058e-05]","[0.22033640731264043,0.01598309017717838]","[0.22033640731264043,0.015983090163381012]","[[0.24969496726989746,0.19097784647235164],[0.018596318916038232,0.013369861472811963]]","[[0.24969496726989746,0.1909778470242465],[0.018596318916038232,0.013369861500406708]]","[[0.4988886027424424,0.4361271383585753],[0.13596916982421167,0.11515884244883502]]","[[1.0,1.0],[1.0,1.0]]","[[3.924260911235103,3.364859965995506],[1.9786813056027448,1.9804420471191406]]","[1.0,1.0]","[7.267222909574156,3.959100525467484]","[null,null]"
stagewise_residual_simvq_k4x4-2x2_rate047-20260802-224823,95,0.01736690,0.07289314,0.09026004,0.01816334,0.07437067,23.45178092,0.91722015,0.01763099,0,Phase3-微调,0.350000,0.34444444,7.23031926,4608,0.0703125000,0.0468750000,5e-05,"[0.2172793129252063,0.01597873846206952]","[0.2172793129252063,0.015978738479316235]","[[0.24601566452119086,0.18854296102567955],[0.018577549315092187,0.013379927547821016]]","[[0.24601566452119086,0.1885429607221374],[0.018577549315092187,0.01337992755299503]]","[[0.49485074392071476,0.43293481082827956],[0.13570912764580162,0.11499549983828156]]","[[1.0,1.0],[1.0,1.0]]","[[3.924503935266424,3.3410794620160704],[1.970915910491237,1.9875356570438103]]","[1.0,1.0]","[7.241659230656094,3.958357145609679]","[0.0002690759155181392,9.092693101222351e-05]","[0.22241137116043655,0.015574758120433048]","[0.2224113710500576,0.015574758161825162]","[[0.25221048251346306,0.19261225726869372],[0.018076912782810352,0.013072603389068887]]","[[0.25221048251346306,0.19261225671679885],[0.018076912782810352,0.013072603451157058]]","[[0.5014789373786361,0.43808343454643534],[0.13413209561948422,0.1139692093487139]]","[[1.0,1.0],[1.0,1.0]]","[[3.9240656340563738,3.371008558626528],[1.9807720837769685,1.9946713809613827]]","[1.0,1.0]","[7.273682498931885,3.9754052586025663]","[null,null]"
stagewise_residual_simvq_k4x4-2x2_rate047-20260802-224823,96,0.01737323,0.07305162,0.09042485,0.01734020,0.07417521,23.65608002,0.92037240,0.01734020,1,Phase3-微调,0.375000,0.37222222,7.18978381,4608,0.0703125000,0.0468750000,5e-05,"[0.21750865962218355,0.01625653943909263]","[0.2175086595118046,0.01625653942357059]","[[0.24617432822231894,0.18884299074610075],[0.01885954712138132,0.013653531668845703]]","[[0.24617432822231894,0.18884299049774805],[0.01885954712138132,0.01365353166712103]]","[[0.4951321960599334,0.43341146834470606],[0.13671249427177287,0.11614018840094407]]","[[1.0,1.0],[1.0,1.0]]","[[3.9231168305432353,3.337961272840147],[1.972900425725513,1.9851918324276252]]","[1.0,1.0]","[7.237012388971117,3.957987388416573]","[0.00026631694582411673,9.7417331060704e-05]","[0.22091006404823726,0.01645060173339314]","[0.22091006415861625,0.01645060179548131]","[[0.24965104560057322,0.19216908227514337],[0.019024246420573303,0.013876956866847144]]","[[0.24965104560057322,0.19216908238552236],[0.019024246420573303,0.01387695695653006]]","[[0.49881299601660833,0.437454765814322],[0.13756530329033181,0.11737755476324646]]","[[1.0,1.0],[1.0,1.0]]","[[3.922175490414655,3.3296944388636835],[1.9643864940713953,1.979677927052533]]","[1.0,1.0]","[7.227198078014233,3.9440155859346744]","[null,null]"
stagewise_residual_simvq_k4x4-2x2_rate047-20260802-224823,97,0.01734865,0.07312496,0.09047361,0.01812766,0.06780612,23.47067266,0.91647671,0.01734020,0,Phase3-微调,0.400000,0.40185185,7.63153514,4608,0.0703125000,0.0468750000,5e-05,"[0.21773269808402768,0.016267186977590123]","[0.21773269824959612,0.016267186977590123]","[[0.24622482019993994,0.1892405750574889],[0.018886043457314372,0.01364833038403756]]","[[0.24622482019993994,0.1892405752506521],[0.018886043457314372,0.013648330408182962]]","[[0.4950978323265358,0.4337903987478327],[0.13690357931234218,0.11622824784782197]]","[[1.0,1.0],[1.0,1.0]]","[[3.922344772020976,3.331582808494568],[1.9703942210585983,1.9863570438490974]]","[1.0,1.0]","[7.229322633919892,3.956646071098469]","[0.0002709571272134781,9.500239553340685e-05]","[0.1932453270311709,0.02373424656689167]","[0.19324532725192883,0.023734246525499554]","[[0.21943897185502229,0.16705168347667765],[0.026973215131847948,0.02049527802263145]]","[[0.21943897185502229,0.16705168320073022],[0.026973215131847948,0.020495277953644593]]","[[0.46776646397731925,0.40798175423233596],[0.16371466053856742,0.14257998024975813]]","[[1.0,1.0],[1.0,1.0]]","[[3.9140858932777687,3.304614837081344],[1.9877681334813435,1.997696429711801]]","[1.0,1.0]","[7.192482559769242,3.9854428220678257]","[null,null]"
stagewise_residual_simvq_k4x4-2x2_rate047-20260802-224823,98,0.01742753,0.07358800,0.09101553,0.01774355,0.07371612,23.55404856,0.92062282,0.01734020,0,Phase3-微调,0.425000,0.43333333,7.74932161,4608,0.0703125000,0.0468750000,5e-05,"[0.21889010891318322,0.016591492783347213]","[0.2188901087752095,0.016591492759201815]","[[0.24752752074488887,0.1902526961432563],[0.019220514773149733,0.013962470755601922]]","[[0.24752752074488887,0.1902526960880668],[0.019220514773149733,0.01396247071765915]]","[[0.49625785698493324,0.43478007349703046],[0.13783879495329326,0.11724834982995634]]","[[1.0,1.0],[1.0,1.0]]","[[3.9220570829179553,3.331977899869283],[1.9710453183562666,1.987806855528443]]","[1.0,1.0]","[7.22945349128158,3.9587446989836517]","[0.0002796248639006754,9.520075269999021e-05]","[0.22070614618283732,0.015185452983887108]","[0.22070614596207935,0.015185452983887108]","[[0.25011722335109005,0.1912950685730687],[0.017704371997603663,0.012666533949474494]]","[[0.25011722335109005,0.19129506802117383],[0.017704371997603663,0.01266653395637318]]","[[0.499363914904771,0.436556319616459],[0.13269004429931994,0.11212406423356798]]","[[1.0,1.0],[1.0,1.0]]","[[3.9180730978647866,3.329210480937251],[1.9905651224984062,1.963253234050892]]","[1.0,1.0]","[7.22290273948952,3.9537042264585143]","[null,null]"
stagewise_residual_simvq_k4x4-2x2_rate047-20260802-224823,99,0.01735635,0.07358965,0.09094600,0.01761086,0.07605392,23.59074629,0.91852284,0.01734020,0,Phase3-微调,0.450000,0.44444444,7.98672767,4608,0.0703125000,0.0468750000,5e-05,"[0.2189896853433715,0.016497208874810626]","[0.21898968539856098,0.01649720888343398]","[[0.24754951044365212,0.19042985891854322],[0.019133770558983087,0.013860647057838462]]","[[0.24754951044365212,0.1904298589737327],[0.019133770558983087,0.013860647064737148]]","[[0.49651758367264714,0.43524300318073345],[0.13768623187034218,0.11700581510861714]]","[[1.0,1.0],[1.0,1.0]]","[[3.9232340649322226,3.3267736417275886],[1.9739983209857235,1.9846521163428272]]","[1.0,1.0]","[7.224956505386918,3.9585549871126813]","[0.00026764239877660723,9.641959057060174e-05]","[0.22556433578332266,0.017808221239182683]","[0.22556433589370162,0.017808221259878743]","[[0.2544200187480008,0.1967086505006861],[0.020394212780175384,0.015222229525722839]]","[[0.2544200187480008,0.19670865072144403],[0.020394212780175384,0.01522222953952021]]","[[0.5035738318054764,0.4426218240349381],[0.14230994096508734,0.12279462251398299]]","[[1.0,1.0],[1.0,1.0]]","[[3.92385297704626,3.33797370062934],[1.950880268768028,1.998066239003782]]","[1.0,1.0]","[7.237715646955702,3.948638919547752]","[null,null]"
stagewise_residual_simvq_k4x4-2x2_rate047-20260802-224823,100,0.01731234,0.07332709,0.09063944,0.01804634,0.07424984,23.47797827,0.91985734,0.01734020,0,Phase3-微调,0.475000,0.50370370,7.08230890,4608,0.0703125000,0.0468750000,2.5e-05,"[0.21783846669175005,0.016808236673198366]","[0.21783846669175005,0.01680823668009705]","[[0.24629620451618123,0.18938072831542405],[0.01945440626565229,0.014162066999684881]]","[[0.24629620451618123,0.18938072820504506],[0.01945440626565229,0.014162067011757581]]","[[0.49506160418192546,0.43383137981096903],[0.1385514498722774,0.11795125651966643]]","[[1.0,1.0],[1.0,1.0]]","[[3.926035037747136,3.3250565193317554],[1.9716484118390967,1.9831585592693752]]","[1.0,1.0]","[7.225626269093266,3.954677556179188]","[0.0002700015234748005,0.00010171998583919722]","[0.22333327598041958,0.014266201826157393]","[0.22333327531814576,0.014266201833056078]","[[0.25237198648629366,0.1942945651434086],[0.016660092481308512,0.011872311164107587]]","[[0.25237198648629366,0.19429456414999785],[0.016660092481308512,0.011872311191702331]]","[[0.5016280377352679,0.4399869177076552],[0.1288113640414344,0.10866008754129763]]","[[1.0,1.0],[1.0,1.0]]","[[3.924263526775219,3.3695242828792997],[1.9751285199765807,1.9957829978730943]]","[1.0,1.0]","[7.272267641844572,3.9708431879679362]","[null,null]"
stagewise_residual_simvq_k4x4-2x2_rate047-20260802-224823,101,0.01660848,0.07358162,0.09019010,0.01686645,0.07719768,23.77593558,0.92264453,0.01686645,1,Phase3-微调,0.500000,0.47407407,7.30415120,4608,0.0703125000,0.0468750000,2.5e-05,"[0.21871859803795815,0.016742600535077076]","[0.2187185982587161,0.016742600533352407]","[[0.24680553324244642,0.19063166261271194],[0.01931226461159962,0.014172936344726219]]","[[0.24680553324244642,0.1906316630266331],[0.01931226461159962,0.01417293631195746]]","[[0.4959010633053603,0.4356338780235361],[0.13836797651041438,0.11835455399144579]]","[[1.0,1.0],[1.0,1.0]]","[[3.927659124356729,3.3149373677041796],[1.9759907612094172,1.9950950428291603]]","[1.0,1.0]","[7.216180033153957,3.9710150771670873]","[0.00021143827624554333,7.090794041586277e-05]","[0.2303655865015807,0.016666995554610535]","[0.23036558661195966,0.016666995568407908]","[[0.25906237021640494,0.20166880157258776],[0.01932482453821986,0.014009166398534069]]","[[0.25906237021640494,0.20166880091031392],[0.01932482453821986,0.014009166405432753]]","[[0.5082572276945467,0.4482956367510336],[0.1386920482472137,0.11799499254535746]]","[[1.0,1.0],[1.0,1.0]]","[[3.930883693695068,3.3272077913637514],[1.9775792616385002,1.9946752336290148]]","[1.0,1.0]","[7.232540462635182,3.9722078341024893]","[null,null]"
stagewise_residual_simvq_k4x4-2x2_rate047-20260802-224823,102,0.01648936,0.07326536,0.08975472,0.01696443,0.07508941,23.74905790,0.92246917,0.01686645,0,Phase3-微调,0.525000,0.51481481,8.00658836,4608,0.0703125000,0.0468750000,2.5e-05,"[0.2173284035038065,0.017120748165029065]","[0.21732840342102228,0.017120748152956368]","[[0.24508442020526638,0.18957238605728857],[0.01970204360852087,0.014539452616332306]]","[[0.24508442020526638,0.1895723858365306],[0.01970204360852087,0.014539452605984278]]","[[0.49415049773675424,0.4343940570950508],[0.13985416033753642,0.11999454182331208]]","[[1.0,1.0],[1.0,1.0]]","[[3.928155383357295,3.3080829055220993],[1.9721451308992175,1.993013585276074]]","[1.0,1.0]","[7.209189227775291,3.9650717073016697]","[0.00020805190002580207,7.580806420635242e-05]","[0.22206965375829626,0.018216455845093286]","[0.2220696539790542,0.0182164558381946]","[[0.2499775790505939,0.19416172901789347],[0.020927736066557744,0.015505175630527513]]","[[0.2499775790505939,0.1941617292386514],[0.020927736066557744,0.015505175630527513]]","[[0.49929902421103584,0.43990453194688867],[0.1441917273181456,0.12398981634113523]]","[[1.0,1.0],[1.0,1.0]]","[[3.9308933787875704,3.302331633037991],[1.9862523838325783,1.994411414640921]]","[1.0,1.0]","[7.205462261482522,3.980650191836887]","[null,null]"
stagewise_residual_simvq_k4x4-2x2_rate047-20260802-224823,103,0.01650061,0.07393230,0.09043291,0.01706946,0.07956924,23.72340279,0.92114131,0.01686645,0,Phase3-微调,0.550000,0.53148148,7.67151062,4608,0.0703125000,0.0468750000,2.5e-05,"[0.21918736558269572,0.01739599760276852]","[0.21918736577585893,0.017395997607942533]","[[0.2467753091344127,0.19159942095478374],[0.019989377158452514,0.014802617907386136]]","[[0.2467753091344127,0.1915994209823785],[0.019989377158452514,0.014802617910835479]]","[[0.4958701016174422,0.43674564173928015],[0.14081409683933965,0.1210216202393726]]","[[1.0,1.0],[1.0,1.0]]","[[3.9280285331938,3.3061125931916413],[1.968990248883212,1.9936575554035327]]","[1.0,1.0]","[7.206888977686564,3.962533039516873]","[0.0002073312975106226,7.844323384199891e-05]","[0.23547250871305112,0.01914905929868972]","[0.23547250871305112,0.01914905928489235]","[[0.26385264738842296,0.20709236805085782],[0.02183495740647669,0.01646316113571326]]","[[0.26385264738842296,0.20709236827161576],[0.02183495740647669,0.016463161163308003]]","[[0.5129257074108831,0.45427897263456274],[0.14729681290962077,0.1277774758361004]]","[[1.0,1.0],[1.0,1.0]]","[[3.9325509477544713,3.323764458409062],[1.9779112038788973,1.9851821396085951]]","[1.0,1.0]","[7.230331791771783,3.9630644656993725]","[null,null]"
stagewise_residual_simvq_k4x4-2x2_rate047-20260802-224823,104,0.01652758,0.07436038,0.09088796,0.01748713,0.07491954,23.62137962,0.92104908,0.01686645,0,Phase3-微调,0.575000,0.59814815,7.59122409,4608,0.0703125000,0.0468750000,2.5e-05,"[0.22041538437759434,0.017537843429104045]","[0.2204153844051891,0.017537843429104045]","[[0.24800832760002878,0.19282244074123878],[0.02013102588761184,0.014944660827448523]]","[[0.24800832760002878,0.192822440824023],[0.02013102588761184,0.014944660829173194]]","[[0.49715436183744005,0.4381812736392021],[0.14122428659487654,0.12150027057914822]]","[[1.0,1.0],[1.0,1.0]]","[[3.9287048666565507,3.307905352557147],[1.974367877068343,1.9916763122434968]]","[1.0,1.0]","[7.2094941448282315,3.9659709956910874]","[0.0002141726169982037,8.401392965930022e-05]","[0.2195945257389987,0.0201479934155941]","[0.21959452551824074,0.020147993346607242]","[[0.24699416171621394,0.19219488733344608],[0.022976344120171334,0.017319642552347095]]","[[0.24699416171621394,0.19219488755420402],[0.022976344120171334,0.017319642469562867]]","[[0.49626188189895065,0.4376200905552617],[0.15101750956641302,0.13095221938910306]]","[[1.0,1.0],[1.0,1.0]]","[[3.9266700126506664,3.290165376663208],[1.9906713291450784,1.9879623563201338]]","[1.0,1.0]","[7.1883199797736275,3.978618602399473]","[null,null]"
stagewise_residual_simvq_k4x4-2x2_rate047-20260802-224823,105,0.01656283,0.07500432,0.09156715,0.01746308,0.07657044,23.63037921,0.92254553,0.01686645,0,Phase3-微调,0.600000,0.65740741,7.34898340,4608,0.0703125000,0.0468750000,2.5e-05,"[0.22233918979763984,0.017674631471918136]","[0.22233919010118203,0.017674631490889523]","[[0.2500000611499504,0.19467831866608726],[0.02026482734967161,0.015084435549323205]]","[[0.2500000611499504,0.1946783190800084],[0.02026482734967161,0.015084435583816634]]","[[0.4990618364678489,0.44019526767509953],[0.1416120970690692,0.12197972476758338]]","[[1.0,1.0],[1.0,1.0]]","[[3.9297084159321254,3.3048850929295575],[1.973060001708843,1.9904611547787985]]","[1.0,1.0]","[7.207123271624247,3.963435732435297]","[0.0002210973699052206,8.742334587926355e-05]","[0.22537695853798478,0.01964845368983569]","[0.22537695897950066,0.01964845364154489]","[[0.25326988884696255,0.19748402767711215],[0.022468669443494745,0.016828237839595035]]","[[0.25326988884696255,0.19748402800824907],[0.022468669443494745,0.016828237770608177]]","[[0.5025255284927509,0.44359731033996297],[0.14935906617729752,0.12911331118256958]]","[[1.0,1.0],[1.0,1.0]]","[[3.9341075632307265,3.3607313933195893],[1.973203503644025,1.989212531513638]]","[1.0,1.0]","[7.271900445443612,3.9623728699154324]","[null,null]"
stagewise_residual_simvq_k4x4-2x2_rate047-20260802-224823,106,0.01652170,0.07502884,0.09155054,0.01685350,0.07649471,23.78100220,0.92277921,0.01685350,1,Phase3-微调,0.625000,0.59629630,7.22776325,4608,0.0703125000,0.0468750000,2.5e-05,"[0.22233175977512643,0.017760522410066593]","[0.22233175996828963,0.017760522416965276]","[[0.24994514636971332,0.1947183727114289],[0.02038734665106016,0.015133698039722664]]","[[0.24994514636971332,0.1947183730977553],[0.02038734665106016,0.015133698067317406]]","[[0.4990874708802612,0.44032577761897335],[0.1422825803221376,0.12244519818988112]]","[[1.0,1.0],[1.0,1.0]]","[[3.9294737731968916,3.30698785605254],[1.9705266568395827,1.991685261329015]]","[1.0,1.0]","[7.209222058896665,3.9621145296979834]","[0.00021426876046461984,8.065583341602987e-05]","[0.2259481061387945,0.018834961467870958]","[0.22594810624917347,0.018834961447174902]","[[0.2542929897705714,0.19760322162398586],[0.021589002813454026,0.016080920018807607]]","[[0.2542929897705714,0.19760322140322792],[0.021589002813454026,0.016080919998111547]]","[[0.5035419252183703,0.4437328084751412],[0.14648328263450552,0.12630595206110565]]","[[1.0,1.0],[1.0,1.0]]","[[3.9305299335055883,3.3253675372512252],[1.9781209698429814,1.9988037321302625]]","[1.0,1.0]","[7.230228099116573,3.9768586547286424]","[null,null]"
stagewise_residual_simvq_k4x4-2x2_rate047-20260802-224823,107,0.01654210,0.07551611,0.09205821,0.01699503,0.07868042,23.74221122,0.92160099,0.01685350,0,Phase3-微调,0.650000,0.65555556,7.59086382,4608,0.0703125000,0.0468750000,2.5e-05,"[0.22371575597811627,0.01793578174482617]","[0.22371575606090052,0.01793578174137683]","[[0.25137931033968924,0.19605220081629576],[0.020541970530110927,0.015329592990585499]]","[[0.25137931033968924,0.19605220076110627],[0.020541970530110927,0.015329592971614113]]","[[0.5004945203110024,0.4418114098685759],[0.14275175341301494,0.12317447249812108]]","[[1.0,1.0],[1.0,1.0]]","[[3.9307773462048283,3.3028113144415396],[1.9702366647896943,1.9931162423557705]]","[1.0,1.0]","[7.20586701852304,3.9632548332214355]","[0.00022112920185598476,8.415815160602776e-05]","[0.23446895678838095,0.01730839748763376]","[0.23446895711951785,0.01730839748763376]","[[0.26305587081997484,0.20588204286716602],[0.019829495471936687,0.014787299399850545]]","[[0.26305587081997484,0.20588204286716602],[0.019829495471936687,0.014787299399850545]]","[[0.5121107110270747,0.4528983155886332],[0.14036307826086328,0.12109775173443335]]","[[1.0,1.0],[1.0,1.0]]","[[3.93268562246252,3.320012518211647],[1.9727213859558106,1.999370292381004]]","[1.0,1.0]","[7.226387419524016,3.9719866699642603]","[null,null]"
stagewise_residual_simvq_k4x4-2x2_rate047-20260802-224823,108,0.01651757,0.07551460,0.09203217,0.01694950,0.07567754,23.75072106,0.92157804,0.01685350,0,Phase3-微调,0.675000,0.73888889,7.50572193,4608,0.0703125000,0.0468750000,2.5e-05,"[0.22362958115560036,0.018017138644225068]","[0.2236295808520582,0.018017138642500395]","[[0.25135999021154865,0.1958991716305415],[0.020615938580077556,0.01541833857729755]]","[[0.25135999021154865,0.195899171575352],[0.020615938580077556,0.01541833858764558]]","[[0.5004369193757022,0.4415970617974246],[0.1428078738903558,0.12328128849190695]]","[[1.0,1.0],[1.0,1.0]]","[[3.931689363497275,3.302412028665896],[1.971963471836514,1.990383513989272]]","[1.0,1.0]","[7.206258139786897,3.962265970971849]","[0.00021731488008366862,8.774026347829796e-05]","[0.22454918854766423,0.017618944254462365]","[0.22454918843728525,0.01761894421307025]","[[0.25195149271576495,0.19714688415880557],[0.020217297667706455,0.015020590654953762]]","[[0.25195149271576495,0.19714688415880557],[0.020217297667706455,0.01502059062735902]]","[[0.5012481331825256,0.44325616050649574],[0.14173581920288228,0.12205109596252442]]","[[1.0,1.0],[1.0,1.0]]","[[3.935744191982128,3.2783665886631717],[1.975504661489416,1.9935785328900373]]","[1.0,1.0]","[7.183699745602078,3.9690298027462427]","[null,null]"
stagewise_residual_simvq_k4x4-2x2_rate047-20260802-224823,109,0.01645068,0.07562207,0.09207276,0.01681219,0.07495662,23.78824337,0.92299317,0.01681219,1,Phase3-微调,0.700000,0.70370370,7.42903736,4608,0.0703125000,0.0468750000,2.5e-05,"[0.22400731480231992,0.01798332199730255]","[0.22400731474713043,0.01798332200075189]","[[0.2515995183752643,0.19641511128456504],[0.020568801300531184,0.015397842682001216]]","[[0.2515995183752643,0.1964151114501335],[0.020568801300531184,0.015397842671653186]]","[[0.5007159712689894,0.44223045303865716],[0.14272662270124312,0.12330949547942038]]","[[1.0,1.0],[1.0,1.0]]","[[3.9312507258521188,3.295504041512807],[1.9699588128813992,1.9939765901477249]]","[1.0,1.0]","[7.198248369605453,3.963831940845207]","[0.00021559492693254637,8.040305844958681e-05]","[0.22372123411408176,0.016139945953532502]","[0.22372123455559767,0.016139945967329872]","[[0.2512304746442371,0.19621199292165262],[0.01845053449549057,0.013829357280499405]]","[[0.2512304746442371,0.19621199325278954],[0.01845053449549057,0.013829357308094148]]","[[0.500486300168214,0.44215166215543394],[0.13532454272111258,0.11703114774492052]]","[[1.0,1.0],[1.0,1.0]]","[[3.931501164259734,3.303705519217032],[1.9743766493267483,1.998895329899258]]","[1.0,1.0]","[7.207524412649649,3.973185267271819]","[null,null]"
stagewise_residual_simvq_k4x4-2x2_rate047-20260802-224823,110,0.01645040,0.07596043,0.09241084,0.01688800,0.07945535,23.76840609,0.92124326,0.01681219,0,Phase3-微调,0.725000,0.75370370,7.75538588,4608,0.0703125000,0.0468750000,2.5e-05,"[0.2250105697799612,0.01806281503048484]","[0.2250105697247717,0.018062815020136812]","[[0.25259127329896996,0.1974298665093051],[0.020658198954468524,0.01546743099267284]]","[[0.25259127329896996,0.19742986595741024],[0.020658198954468524,0.015467430989223497]]","[[0.5017378998575387,0.4434052363589958],[0.14304245652423964,0.12359848033498835]]","[[1.0,1.0],[1.0,1.0]]","[[3.931168956226773,3.29860275277385],[1.9695585676917324,1.9913146052095625]]","[1.0,1.0]","[7.2016188082871615,3.960773225625356]","[0.0002127839141596471,8.632310385076346e-05]","[0.23192154500219558,0.022335564103667382]","[0.23192154467105866,0.022335564131262125]","[[0.2600416861198567,0.2038014022288499],[0.025283025936396034,0.01938810219505319]]","[[0.2600416861198567,0.2038014023392289],[0.025283025936396034,0.019388102222647932]]","[[0.5092366152339511,0.4506848375002543],[0.1584731999370787,0.13864813998893455]]","[[1.0,1.0],[1.0,1.0]]","[[3.9330178455070213,3.299260559788457],[1.980735593371921,1.9992303389090078]]","[1.0,1.0]","[7.204067784768564,3.9799134572347006]","[null,null]"
stagewise_residual_simvq_k4x4-2x2_rate047-20260802-224823,111,0.01644712,0.07590266,0.09234978,0.01678434,0.07302356,23.79748990,0.92255050,0.01678434,1,Phase3-微调,0.750000,0.78333333,7.68975145,4608,0.0703125000,0.0468750000,2.5e-05,"[0.225035831304612,0.01785268438635049]","[0.2250358311114488,0.01785268439669852]","[[0.2526386016772853,0.1974330611526966],[0.02043558741505775,0.015269781331773157]]","[[0.2526386016772853,0.197433060573207],[0.02043558741505775,0.015269781366266586]]","[[0.5017521874772177,0.44337549485542155],[0.1423455383904554,0.12289946144101796]]","[[1.0,1.0],[1.0,1.0]]","[[3.931379559746495,3.301191594865587],[1.9682215180661944,1.9912910125873706]]","[1.0,1.0]","[7.204634882785656,3.959392954243554]","[0.00021345613935813565,8.535680348089685e-05]","[0.21794468539732473,0.015730701787052333]","[0.21794468495580885,0.015730701787052333]","[[0.2451678862174352,0.19072148358380353],[0.018069018775390255,0.01339238476422098]]","[[0.2451678862174352,0.19072148380456147],[0.018069018775390255,0.01339238476422098]]","[[0.49444274173842534,0.43595654567082726],[0.1340053337039771,0.11527146912283368]]","[[1.0,1.0],[1.0,1.0]]","[[3.934474374629833,3.3221587816874187],[1.9521042594203242,1.9970741792961404]]","[1.0,1.0]","[7.230367328502513,3.948887491226196]","[null,null]"
stagewise_residual_simvq_k4x4-2x2_rate047-20260802-224823,112,0.01639476,0.07562975,0.09202451,0.01713881,0.07360844,23.70414365,0.92309514,0.01678434,0,Phase3-微调,0.775000,0.79444444,7.83333541,4608,0.0703125000,0.0468750000,2.5e-05,"[0.2241482416788737,0.017866964626160484]","[0.22414824176165793,0.017866964636508515]","[[0.2516706428870007,0.19662583972568864],[0.020435515068540418,0.015298414154461136]]","[[0.2516706428870007,0.19662583991885185],[0.020435515068540418,0.015298414137214422]]","[[0.5008429700025806,0.44252227346102396],[0.14231603243560703,0.12296648856114459]]","[[1.0,1.0],[1.0,1.0]]","[[3.931534300910102,3.298244614512832],[1.9670028977923923,1.9915347262665077]]","[1.0,1.0]","[7.201551976027312,3.9584159206461025]","[0.00021427729168661043,8.503255781693885e-05]","[0.2201140500881054,0.015432953648269177]","[0.22011404986734742,0.015432953662066548]","[[0.24771482547124227,0.19251327315966288],[0.017725105293922953,0.013140801912932484]]","[[0.24771482547124227,0.19251327393231568],[0.017725105293922953,0.01314080187154037]]","[[0.49704586422001873,0.4380505915041323],[0.13269189888680422,0.11413812979503914]]","[[1.0,1.0],[1.0,1.0]]","[[3.9337184764720776,3.311502534371835],[1.9578669963059603,1.9980114106778746]]","[1.0,1.0]","[7.218063757154677,3.955656745698717]","[null,null]"
stagewise_residual_simvq_k4x4-2x2_rate047-20260802-224823,113,0.01636896,0.07606023,0.09242920,0.01691484,0.08309436,23.76751410,0.92347397,0.01678434,0,Phase3-微调,0.800000,0.78888889,7.43767526,4608,0.0703125000,0.0468750000,2.5e-05,"[0.22544420838907914,0.01794853938088097]","[0.2254442084994581,0.0179485393791563]","[[0.252858658272911,0.19802975709791537],[0.020546739389774978,0.015350339304724778]]","[[0.252858658272911,0.19802975690475216],[0.020546739389774978,0.01535033929610142]]","[[0.5019518035981391,0.44402383278917384],[0.14276335378763852,0.12324642634226216]]","[[1.0,1.0],[1.0,1.0]]","[[3.9315442036699366,3.2993527898082027],[1.9659390458354244,1.9903208222654132]]","[1.0,1.0]","[7.202738821948016,3.9561229392334267]","[0.00021383497078204529,8.701666978325832e-05]","[0.24701027671496073,0.01889167781919241]","[0.2470102771564766,0.01889167781919241]","[[0.27622706558969284,0.2177934867364389],[0.021646039698410918,0.016137315753709386]]","[[0.27622706558969284,0.2177934875090917],[0.021646039698410918,0.01613731576750676]]","[[0.5248078099003545,0.4658607933256361],[0.14673885653416316,0.1266034537995303]]","[[1.0,1.0],[1.0,1.0]]","[[3.936564486115067,3.350453728216666],[1.9592833660267017,1.9986182345284356]]","[1.0,1.0]","[7.263030292369701,3.9576862299883806]","[null,null]"
stagewise_residual_simvq_k4x4-2x2_rate047-20260802-224823,114,0.01634502,0.07627109,0.09261612,0.01692627,0.08122255,23.76746762,0.92361824,0.01678434,0,Phase3-微调,0.825000,0.85740741,7.51688428,4608,0.0703125000,0.0468750000,2.5e-05,"[0.22609436649967124,0.017973135767021666]","[0.22609436644448175,0.017973135768746335]","[[0.2535603137755835,0.1986284184511061],[0.020563197582615194,0.015383073785859678]]","[[0.2535603137755835,0.19862841823034816],[0.020563197582615194,0.015383073804831063]]","[[0.5026613005333477,0.4447132298239955],[0.14274880757762326,0.12329342467365441]]","[[1.0,1.0],[1.0,1.0]]","[[3.93325243084519,3.2947904056972925],[1.9663706644817636,1.9919919002939153]]","[1.0,1.0]","[7.199358552473563,3.958230173146283]","[0.00021079675444289698,8.139853869377273e-05]","[0.23915268414550359,0.020759479115130725]","[0.2391526849181564,0.020759479115130725]","[[0.26766295907674015,0.2106424081104773],[0.023578149066479117,0.01794080928105999]]","[[0.26766295907674015,0.21064240899350908],[0.023578149066479117,0.01794080928105999]]","[[0.5166266183058421,0.45816902650727165],[0.15305471221605937,0.1333807834872493]]","[[1.0,1.0],[1.0,1.0]]","[[3.9332560662870053,3.315803250560054],[1.9814387030071683,1.995820101985225]]","[1.0,1.0]","[7.222330594945837,3.9772199524773493]","[null,null]"
stagewise_residual_simvq_k4x4-2x2_rate047-20260802-224823,115,0.01635076,0.07621530,0.09256607,0.01669562,0.07865135,23.82113688,0.92306650,0.01669562,1,Phase3-微调,0.850000,0.84074074,7.39632539,4608,0.0703125000,0.0468750000,2.5e-05,"[0.22583766397502686,0.018051300182317695]","[0.22583766416819007,0.018051300209912437]","[[0.25329694877620096,0.19837837807006306],[0.020654251807610744,0.015448348508733842]]","[[0.25329694877620096,0.19837837856676843],[0.020654251807610744,0.015448348541502599]]","[[0.5024804025336548,0.44451547645860245],[0.14312474673820866,0.12361271448985293]]","[[1.0,1.0],[1.0,1.0]]","[[3.9309970140457153,3.2934454162915547],[1.9638273486384639,1.9903457347993498]]","[1.0,1.0]","[7.19585584976055,3.9540252372070595]","[0.00021612895914047302,8.659426786026517e-05]","[0.23534936286784985,0.016334970805931975]","[0.23534936341974472,0.016334970840425404]","[[0.26367027097278173,0.2070284538798862],[0.01888169297879493,0.013788248529588735]]","[[0.26367027097278173,0.20702845520443386],[0.01888169297879493,0.013788248577879535]]","[[0.5127567055048766,0.45421792180449877],[0.13704637675373643,0.11700612389379078]]","[[1.0,1.0],[1.0,1.0]]","[[3.932569475527163,3.3279650352619314],[1.970334941369516,1.999238212020309]]","[1.0,1.0]","[7.234924846225315,3.969453463730989]","[null,null]"
stagewise_residual_simvq_k4x4-2x2_rate047-20260802-224823,116,0.01633966,0.07666195,0.09300162,0.01682370,0.07615801,23.78337468,0.92201052,0.01669562,0,Phase3-微调,0.875000,0.86666667,7.58229847,4608,0.0703125000,0.0468750000,2.5e-05,"[0.22749748097525702,0.017820768918911063]","[0.22749748105804127,0.017820768908563035]","[[0.2549557356922715,0.20003922515445285],[0.02040762595521907,0.015233911768774743]]","[[0.2549557356922715,0.20003922496128965],[0.02040762595521907,0.0152339117532527]]","[[0.5039793123801549,0.44622033205297257],[0.1421762182618733,0.12267235814145318]]","[[1.0,1.0],[1.0,1.0]]","[[3.932022757441909,3.2941657207630297],[1.967526740277255,1.9930720896632583]]","[1.0,1.0]","[7.197572506798638,3.9604777344950923]","[0.00021439447134778472,8.321915135672532e-05]","[0.22653470668527814,0.017170941215698367]","[0.22653470690603608,0.01717094116050888]","[[0.2545260704225964,0.19854334085075945],[0.0196965547002576,0.014645327655253587]]","[[0.2545260704225964,0.19854334151303327],[0.0196965547002576,0.014645327558671987]]","[[0.5038031189529985,0.444821987107948],[0.13989956318228333,0.12053057236803902]]","[[1.0,1.0],[1.0,1.0]]","[[3.932959051485415,3.312060550407127],[1.9827255072417083,1.995421282450358]]","[1.0,1.0]","[7.217965150762487,3.978119719469989]","[null,null]"
stagewise_residual_simvq_k4x4-2x2_rate047-20260802-224823,117,0.01628800,0.07668160,0.09296960,0.01659875,0.07430041,23.84443129,0.92352956,0.01659875,1,Phase3-微调,0.900000,0.90370370,7.27490773,4608,0.0703125000,0.0468750000,2.5e-05,"[0.22736131151517233,0.01801979861015247]","[0.227361311763525,0.01801979861015247]","[[0.2547433964632176,0.199979225932448],[0.020599051642542086,0.01544054552257337]]","[[0.2547433964632176,0.1999792260704217],[0.020599051642542086,0.015440545538095412]]","[[0.5036877453879074,0.4460642529306588],[0.1428191288201897,0.12347779500263709]]","[[1.0,1.0],[1.0,1.0]]","[[3.931930481946027,3.294715678691864],[1.9685348632159057,1.9901341372066075]]","[1.0,1.0]","[7.198015132656804,3.958562360427998]","[0.0002125579669491681,8.939163106805171e-05]","[0.2194459890877759,0.018315327077828073]","[0.21944598941891283,0.018315327036435958]","[[0.24652136564254762,0.1923706125330042],[0.020909170254513068,0.01572148385975096]]","[[0.24652136564254762,0.19237061264338318],[0.020909170254513068,0.01572148376316936]]","[[0.4958017938666873,0.4378393129066185],[0.14423124966798007,0.12498408533908703]]","[[1.0,1.0],[1.0,1.0]]","[[3.933601375862404,3.287440202854298],[1.965940448972914,1.9848793789192483]]","[1.0,1.0]","[7.191661855909559,3.9507592854676425]","[null,null]"
stagewise_residual_simvq_k4x4-2x2_rate047-20260802-224823,118,0.01632612,0.07692297,0.09324909,0.01714602,0.07740319,23.71057255,0.92242940,0.01659875,0,Phase3-微调,0.925000,0.91296296,7.63215655,4608,0.0703125000,0.0468750000,2.5e-05,"[0.22819517801205316,0.017958314772005435]","[0.2281951782880006,0.01795831477717945]","[[0.25563011517127354,0.20076024074245383],[0.020554166708003592,0.015362462734251663]]","[[0.25563011517127354,0.20076024107359075],[0.020554166708003592,0.015362462751498376]]","[[0.5046289093516491,0.4470037565739067],[0.1428279709070921,0.12335105770164066]]","[[1.0,1.0],[1.0,1.0]]","[[3.932989622486962,3.296100343156744],[1.969869973924425,1.9920634073239785]]","[1.0,1.0]","[7.200539161540844,3.96183344523112]","[0.00020976177709397032,8.069680635782317e-05]","[0.22840386353157185,0.01928635823919817]","[0.22840386353157185,0.019286358280590287]","[[0.2557027289160976,0.2011049954979508],[0.022010126703039364,0.01656258965118064]]","[[0.2557027289160976,0.20110499516681388],[0.022010126703039364,0.016562589678775382]]","[[0.5049896355028506,0.4477138247754839],[0.14790849652555255,0.12820199540367833]]","[[1.0,1.0],[1.0,1.0]]","[[3.9350629965464274,3.292381313112047],[1.9792992132681388,1.998479965881065]]","[1.0,1.0]","[7.19843042868155,3.9777226942556876]","[null,null]"
stagewise_residual_simvq_k4x4-2x2_rate047-20260802-224823,119,0.01625183,0.07701504,0.09326687,0.01706593,0.07891635,23.72455714,0.92236810,0.01659875,0,Phase3-微调,0.950000,0.94814815,7.34035780,4608,0.0703125000,0.0468750000,2.5e-05,"[0.22855354779296452,0.017894591518712265]","[0.22855354779296452,0.01789459152733562]","[[0.25584722511746266,0.20125987027530318],[0.020483584107003277,0.015305598885579794]]","[[0.25584722511746266,0.20125987013732946],[0.020483584107003277,0.015305598890753808]]","[[0.5048295513347343,0.44754625349133104],[0.14252586131570516,0.12306594808620436]]","[[1.0,1.0],[1.0,1.0]]","[[3.932854029867384,3.292532518616429],[1.9700892883318442,1.9943676370161552]]","[1.0,1.0]","[7.196500816168609,3.9643495188819036]","[0.00021100283858551712,8.457324215837784e-05]","[0.23439717557695178,0.01813515114977404]","[0.23439717612884664,0.018135151142875353]","[[0.2625597526629766,0.20623460014661152],[0.02083912363482846,0.015431178506049845]]","[[0.2625597526629766,0.20623460036736949],[0.02083912363482846,0.015431178478455102]]","[[0.5117431185863636,0.4534182846546173],[0.1439773522041462,0.12380052689048979]]","[[1.0,1.0],[1.0,1.0]]","[[3.9378284330721254,3.334953380514074],[1.9594056288401285,1.9861275770046092]]","[1.0,1.0]","[7.247381923816822,3.945423087367305]","[null,null]"
stagewise_residual_simvq_k4x4-2x2_rate047-20260802-224823,120,0.01627361,0.07717459,0.09344819,0.01679536,0.07612978,23.79234577,0.92297301,0.01659875,0,Phase3-微调,0.975000,0.96481481,7.71395102,4608,0.0703125000,0.0468750000,2.5e-05,"[0.22898320936494404,0.01797546396135456]","[0.22898320950291776,0.017975463949281862]","[[0.2563098605860163,0.20165655715046105],[0.02057899510384434,0.01537193273090654]]","[[0.2563098605860163,0.20165655742640848],[0.02057899510384434,0.015371932753327268]]","[[0.5053613499358848,0.448076437468882],[0.14278538882456443,0.12324543741566163]]","[[1.0,1.0],[1.0,1.0]]","[[3.9312421419002392,3.296388833169584],[1.9691521249435566,1.9903792685932584]]","[1.0,1.0]","[7.199214817859509,3.959415962077953]","[0.0002179280740771598,8.867106298229946e-05]","[0.22752809314816086,0.016087218098066472]","[0.22752809314816086,0.016087218091167785]","[[0.2555441603616432,0.19951202549316266],[0.018671468314197328,0.013502967812948756]]","[[0.2555441603616432,0.19951202527240472],[0.018671468314197328,0.013502967812948756]]","[[0.5049791585516047,0.44610065751605565],[0.13630903517758405,0.1158299172366107]]","[[1.0,1.0],[1.0,1.0]]","[[3.939769564734565,3.373474673871641],[1.9556014087465075,1.990956355024267]]","[1.0,1.0]","[7.290930098074454,3.9463798505288583]","[null,null]"
stagewise_residual_simvq_k4x4-2x2_rate047-20260802-224823,121,0.01626225,0.07729317,0.09355542,0.01686655,0.07962673,23.78320484,0.92350578,0.01659875,0,Phase3-微调,1.000000,1.00000000,7.42540997,4608,0.0703125000,0.0468750000,2.5e-05,"[0.22952277100196591,0.017815363212247137]","[0.22952277111234487,0.01781536320189911]","[[0.256916360695053,0.202129180536226],[0.02039460626396316,0.015236120063949515]]","[[0.256916360695053,0.20212918072938918],[0.02039460626396316,0.015236120038079443]]","[[0.5060222810065305,0.44866445555731105],[0.1422256638744363,0.12278673721960297]]","[[1.0,1.0],[1.0,1.0]]","[[3.9342892558486375,3.2917704206925853],[1.9637107646023786,1.991600716114044]]","[1.0,1.0]","[7.196983731234515,3.955166388441015]","[0.00020922651639449652,8.460994126330156e-05]","[0.23657483337102114,0.018230693994296922]","[0.23657483326064216,0.01823069394600612]","[[0.2646801550079275,0.20846951129259886],[0.02089783085717095,0.015563557138321577]]","[[0.2646801550079275,0.20846951162373578],[0.02089783085717095,0.015563557103828148]]","[[0.5137133949332767,0.4557692375448015],[0.14414010412163206,0.12428224119875166]]","[[1.0,1.0],[1.0,1.0]]","[[3.936199834611681,3.3152816383926957],[1.947741926157916,1.9949373050972268]]","[1.0,1.0]","[7.2244699831362125,3.9423747098004376]","[null,null]"
stagewise_residual_simvq_k4x4-2x2_rate047-20260802-224823,122,0.01624900,0.07742775,0.09367675,0.01664683,0.07561135,23.82989818,0.92269235,0.01659875,0,Phase3-微调,1.000000,1.00000000,7.58509470,4608,0.0703125000,0.0468750000,2.5e-05,"[0.2296972325830548,0.018071558630024947]","[0.22969723255546004,0.018071558595531518]","[[0.2570259640062297,0.20236850071836401],[0.02067436238371388,0.015468754797001128]]","[[0.2570259640062297,0.20236850107709567],[0.02067436238371388,0.015468754757333685]]","[[0.5060349876681963,0.44881987577235255],[0.14313780608828422,0.12365244051648511]]","[[1.0,1.0],[1.0,1.0]]","[[3.9345688643278898,3.290434064688506],[1.966534333979642,1.9915888260912011]]","[1.0,1.0]","[7.195804311611035,3.9579968311168527]","[0.00020946405021715219,8.789818200427732e-05]","[0.22496874807057557,0.016987578301794]","[0.2249687482913335,0.016987578356983484]","[[0.2516425097430194,0.19829498518396307],[0.019482457520509207,0.014492699103774848]]","[[0.2516425097430194,0.198294985404721],[0.019482457520509207,0.014492699138268277]]","[[0.5009024717189647,0.44450663151564423],[0.13914992025604955,0.11991278341522923]]","[[1.0,1.0],[1.0,1.0]]","[[3.937219734545107,3.26530371065493],[1.971523819146333,1.9959967295328775]]","[1.0,1.0]","[7.170717468968144,3.9674241613458703]","[null,null]"
stagewise_residual_simvq_k4x4-2x2_rate047-20260802-224823,123,0.01626676,0.07721330,0.09348006,0.01707901,0.08077704,23.72767567,0.92277270,0.01659875,0,Phase3-微调,1.000000,1.00000000,7.57335612,4608,0.0703125000,0.0468750000,2.5e-05,"[0.22900947117143208,0.018073104630672823]","[0.22900947136459526,0.018073104615150777]","[[0.25642140306256433,0.20159753798334687],[0.0206811442160634,0.015465065089261366]]","[[0.25642140306256433,0.20159753842486275],[0.0206811442160634,0.015465065051318595]]","[[0.5055624428170699,0.44810175901209864],[0.1430698777238528,0.12352882786481469]]","[[1.0,1.0],[1.0,1.0]]","[[3.9346253324438023,3.2892892290044715],[1.9651556432247161,1.9894016089262785]]","[1.0,1.0]","[7.194595361638952,3.954425557454427]","[0.00021605760674800776,9.147995528177557e-05]","[0.23878103880970566,0.01970549842549695]","[0.23878103925122154,0.019705498384104833]","[[0.2671736595807252,0.21038841594148566],[0.02258159544456888,0.01682940130294473]]","[[0.2671736595807252,0.21038841527921182],[0.02258159544456888,0.016829401275349987]]","[[0.5161558504457827,0.4578927457332611],[0.1498510839762511,0.12925864822334712]]","[[1.0,1.0],[1.0,1.0]]","[[3.940720194357413,3.3315482439818207],[1.9676932167123866,1.9966830659795691]]","[1.0,1.0]","[7.246322939130995,3.96425559785631]","[null,null]"
stagewise_residual_simvq_k4x4-2x2_rate047-20260802-224823,124,0.01619072,0.07755337,0.09374409,0.01664927,0.07816128,23.83405193,0.92353888,0.01659875,0,Phase3-微调,1.000000,1.00000000,7.75801223,4608,0.0703125000,0.0468750000,2.5e-05,"[0.23021665397617552,0.017954141613854856]","[0.2302166538382018,0.01795414158453544]","[[0.2574682169214443,0.20296509064458035],[0.020526565190542627,0.015381717990600952]]","[[0.2574682169214443,0.20296509039622765],[0.020526565190542627,0.015381717978528253]]","[[0.5064080586036046,0.44941583187491807],[0.14265916100530712,0.1233473152888042]]","[[1.0,1.0],[1.0,1.0]]","[[3.932965839792181,3.291954705008754],[1.9634005124922151,1.992614053355323]]","[1.0,1.0]","[7.195956367916531,3.9558562384711373]","[0.00021101721990648745,8.695452590675106e-05]","[0.2346486779274764,0.015467409051402852]","[0.2346486774859605,0.015467409051402852]","[[0.26260348470122724,0.20669387060183067],[0.017817954305145475,0.013116863625193084]]","[[0.26260348470122724,0.2066938696084199],[0.017817954305145475,0.013116863638990455]]","[[0.5117771841861584,0.45391620618325695],[0.13312075485785801,0.11412786681343008]]","[[1.0,1.0],[1.0,1.0]]","[[3.935372636936329,3.3129472891489664],[1.9621474778210675,1.982578401212339]]","[1.0,1.0]","[7.221162117852105,3.9446582352673567]","[null,null]"
stagewise_residual_simvq_k4x4-2x2_rate047-20260802-224823,125,0.01616656,0.07747706,0.09364362,0.01694436,0.07751518,23.75497134,0.92264942,0.01659875,0,Phase3-微调,1.000000,1.00000000,7.84609221,4608,0.0703125000,0.0468750000,2.5e-05,"[0.23006468401462943,0.017861921285037642]","[0.2300646840422242,0.017861921267790928]","[[0.25729707976182303,0.2028322868876987],[0.020425194510500188,0.015298648013008965]]","[[0.25729707976182303,0.2028322870808619],[0.020425194510500188,0.015298647999211594]]","[[0.506349228212127,0.44939641924919904],[0.14229360969254265,0.12299738782975408]]","[[1.0,1.0],[1.0,1.0]]","[[3.932931485882512,3.2903861765508298],[1.963945115716369,1.9918058055418508]]","[1.0,1.0]","[7.194218515466761,3.9556099564940843]","[0.000211765388114684,8.80053951294502e-05]","[0.22846875654326546,0.019579819996875747]","[0.2284687567640234,0.019579820010673116]","[[0.25550492902596794,0.2014325831775312],[0.02235677256076424,0.016802867653745193]]","[[0.25550492902596794,0.20143258328791017],[0.02235677256076424,0.016802867646846506]]","[[0.5048173833776404,0.4481083183376877],[0.14916448758708106,0.12923576097797465]]","[[1.0,1.0],[1.0,1.0]]","[[3.934548317944562,3.279784665284333],[1.9541034336443301,1.9989575500841494]]","[1.0,1.0]","[7.184146587936967,3.952779181798299]","[null,null]"
stagewise_residual_simvq_k4x4-2x2_rate047-20260802-224823,126,0.01617307,0.07740409,0.09357717,0.01724831,0.07094356,23.67807926,0.92261855,0.01659875,0,Phase3-微调,1.000000,1.00000000,7.60607885,4608,0.0703125000,0.0468750000,2.5e-05,"[0.2298823192715645,0.017810783478327923]","[0.22988231946472767,0.017810783461081208]","[[0.2571096309357219,0.2026550071382964],[0.020368288503959775,0.015253278411303956]]","[[0.2571096309357219,0.20265500774538076],[0.020368288503959775,0.01525327838025987]]","[[0.506189129198039,0.4492252709137069],[0.14214362874627112,0.12287638977997833]]","[[1.0,1.0],[1.0,1.0]]","[[3.932672474119398,3.2895815354806404],[1.965648596375077,1.990504288231885]]","[1.0,1.0]","[7.193155799971686,3.956032199771316]","[0.00021294087691111835,8.813656435180477e-05]","[0.21440402876447748,0.012615347895081397]","[0.21440402931637234,0.01261534787438534]","[[0.24096178765650147,0.18784627086586422],[0.01468636495647607,0.010544330844034751]]","[[0.24096178765650147,0.1878462713073801],[0.01468636495647607,0.010544330795743951]]","[[0.49027083935561006,0.4327566005565502],[0.12090876582596037,0.10238668725446419]]","[[1.0,1.0],[1.0,1.0]]","[[3.9468827106334543,3.26080963699906],[1.9791273028762253,1.9880815055635241]]","[1.0,1.0]","[7.174587246223732,3.9671797399167663]","[null,null]"
stagewise_residual_simvq_k4x4-2x2_rate047-20260802-224823,127,0.01612966,0.07762440,0.09375405,0.01685851,0.08201780,23.78038752,0.92283701,0.01659875,0,Phase3-微调,1.000000,1.00000000,7.28960551,4608,0.0703125000,0.0468750000,2.5e-05,"[0.23048011185946288,0.017917954868257598]","[0.23048011196984186,0.017917954913099055]","[[0.2576556739983735,0.2033045496929575],[0.02050150080446016,0.015334408812190371]]","[[0.2576556739983735,0.20330454947219956],[0.02050150080446016,0.0153344088466838]]","[[0.5066987033243533,0.4499142602086067],[0.14262138818977055,0.12321193626633396]]","[[1.0,1.0],[1.0,1.0]]","[[3.933139398804417,3.2898476587401495],[1.9650279870739689,1.9912317474683126]]","[1.0,1.0]","[7.193805141802187,3.956120009333999]","[0.00020778000640954511,8.699960987238835e-05]","[0.24341732362906138,0.01903963893376015]","[0.24341732307716651,0.01903963893376015]","[[0.2717867778407203,0.21504786709944407],[0.02178676736161665,0.016292510436916794]]","[[0.2717867778407203,0.21504786643717025],[0.02178676736161665,0.016292510443815477]]","[[0.5205870268521485,0.46293229615246806],[0.14721837021686413,0.12721462459475905]]","[[1.0,1.0],[1.0,1.0]]","[[3.9384538809458416,3.3116625044080945],[1.9529330456698382,1.9944258345497978]]","[1.0,1.0]","[7.222577282234474,3.9471211398089374]","[null,null]"
stagewise_residual_simvq_k4x4-2x2_rate047-20260802-224823,128,0.01612490,0.07763475,0.09375965,0.01675884,0.07442121,23.80895381,0.92352144,0.01659875,0,Phase3-微调,1.000000,1.00000000,7.94258791,4608,0.0703125000,0.0468750000,2.5e-05,"[0.23066038776327064,0.01777079906659546]","[0.23066038776327064,0.017770799056247427]","[[0.25782321211364534,0.2034975618124008],[0.0203548696047316,0.015186728468095814]]","[[0.25782321211364534,0.20349756189518506],[0.0203548696047316,0.015186728480168514]]","[[0.5068373914118166,0.45010295455102567],[0.14204621999352066,0.12256034972767035]]","[[1.0,1.0],[1.0,1.0]]","[[3.932501655596274,3.2896216953242265],[1.9603023261935622,1.9880719067873778]]","[1.0,1.0]","[7.192970883404767,3.9482059478759766]","[0.00021688000284754067,9.612465483533688e-05]","[0.21997997749734807,0.01816788564125697]","[0.21997997749734807,0.01816788560676354]","[[0.2464377181397544,0.19352223542001512],[0.02081779445073119,0.015517976804188004]]","[[0.2464377181397544,0.1935222347577413],[0.02081779445073119,0.015517976790390632]]","[[0.49569751576141075,0.43912111277933474],[0.1439245535267724,0.12418042012938747]]","[[1.0,1.0],[1.0,1.0]]","[[3.9345738940768773,3.283268266254001],[1.9629842775839346,1.99576047261556]]","[1.0,1.0]","[7.187997051521584,3.9585846335799606]","[null,null]"
stagewise_residual_simvq_k4x4-2x2_rate047-20260802-224823,129,0.01619314,0.07824669,0.09443982,0.01669617,0.07710604,23.81942149,0.92317450,0.01659875,0,Phase3-微调,1.000000,1.00000000,7.40869396,4608,0.0703125000,0.0468750000,2.5e-05,"[0.23246815538516752,0.017921238944486335]","[0.23246815560592546,0.017921238942761663]","[[0.2598616861358837,0.2050746237790143],[0.02049961100435919,0.01534286687254078]]","[[0.2598616861358837,0.20507462405496174],[0.02049961100435919,0.015342866844946035]]","[[0.5087972842984729,0.45179866767591903],[0.14251466169953347,0.12314820591774252]]","[[1.0,1.0],[1.0,1.0]]","[[3.9343217072663483,3.285672492451138],[1.9596246675208764,1.990943158114398]]","[1.0,1.0]","[7.1903498393517955,3.950384493227358]","[0.00021434656408490373,8.885651256975878e-05]","[0.22897494203514523,0.017764396931010264]","[0.22897494203514523,0.01776439687582078]","[[0.2559662715152458,0.20198361233428672],[0.020273625650615603,0.015255168121722009]]","[[0.2559662715152458,0.20198361255504466],[0.020273625650615603,0.015255168059633837]]","[[0.5052481412887573,0.44869371630527355],[0.14197323029791867,0.12306435775977594]]","[[1.0,1.0],[1.0,1.0]]","[[3.935269903253626,3.276790737222742],[1.9513344738218519,1.9777327166663277]]","[1.0,1.0]","[7.181548355243824,3.9289601290667497]","[null,null]"
stagewise_residual_simvq_k4x4-2x2_rate047-20260802-224823,130,0.01611204,0.07797015,0.09408219,0.01641948,0.07345188,23.89037786,0.92336150,0.01641948,1,Phase3-微调,1.000000,1.00000000,7.54518830,4608,0.0703125000,0.0468750000,2.5e-05,"[0.23139035616208006,0.018114116380888]","[0.23139035607929584,0.018114116382612674]","[[0.25862146627019955,0.20415924544687625],[0.020701059628347004,0.015527173069616158]]","[[0.25862146627019955,0.20415924492257612],[0.020701059628347004,0.015527173085138202]]","[[0.5076009504772999,0.4508144789823779],[0.14319415569857316,0.12384430784042234]]","[[1.0,1.0],[1.0,1.0]]","[[3.933666838981487,3.284782885622095],[1.9598974267641702,1.9928328648761466]]","[1.0,1.0]","[7.188766631373653,3.9525411791271634]","[0.00020833502273523698,8.538571232579503e-05]","[0.21889927309972268,0.016146750141073158]","[0.2188992726582068,0.016146750154870528]","[[0.24534403052594927,0.19245451556311713],[0.018499993436314442,0.013793506811338443]]","[[0.24534403052594927,0.19245451501122227],[0.018499993436314442,0.0137935068803253]]","[[0.4945735527409448,0.43788371086120603],[0.1356278853835883,0.11702731560777735]]","[[1.0,1.0],[1.0,1.0]]","[[3.933673210497256,3.273585568534003],[1.9555973573967262,1.9931705545496057]]","[1.0,1.0]","[7.176561772381818,3.9485557132297093]","[null,null]"
stagewise_residual_simvq_k4x4-2x2_rate047-20260802-224823,131,0.01607116,0.07800283,0.09407399,0.01654175,0.07911507,23.86265516,0.92448416,0.01641948,0,Phase3-微调,1.000000,1.00000000,7.42523246,4608,0.0703125000,0.0468750000,2.5e-05,"[0.2314094515586341,0.018199611996748934]","[0.231409451889771,0.018199611995024262]","[[0.25850077456346265,0.20431812750520528],[0.020794139205719587,0.015605084777430252]]","[[0.25850077456346265,0.20431812778115271],[0.020794139205719587,0.015605084782604266]]","[[0.5075352610261352,0.4510453465912077],[0.14357064918235496,0.12422115445412972]]","[[1.0,1.0],[1.0,1.0]]","[[3.9331901603274875,3.2868760338536016],[1.9602550658914777,1.990997373395496]]","[1.0,1.0]","[7.190622792420564,3.951073482743016]","[0.0002101282199739082,8.827214976379225e-05]","[0.23439709102665937,0.01877114231939669]","[0.23439709080590143,0.018771142264207206]","[[0.2617748498916626,0.20701933172014025],[0.02137589268386364,0.01616639194113237]]","[[0.2617748498916626,0.20701933017483465],[0.02137589268386364,0.016166391851449455]]","[[0.5109186602963341,0.45421764938919634],[0.14577918267912335,0.12668816060931595]]","[[1.0,1.0],[1.0,1.0]]","[[3.9356323807327835,3.3035640433982567],[1.9737162501723677,1.9985510075533832]]","[1.0,1.0]","[7.2111709488762745,3.9721772688406487]","[null,null]"
stagewise_residual_simvq_k4x4-2x2_rate047-20260802-224823,132,0.01606500,0.07817182,0.09423682,0.01657279,0.07733463,23.85081606,0.92350121,0.01641948,0,Phase3-微调,1.000000,1.00000000,7.61646393,4608,0.0703125000,0.0468750000,2.5e-05,"[0.2322537392101906,0.017896077311080363]","[0.23225373912740638,0.017896077299007662]","[[0.2593831387107019,0.2051243383851316],[0.020479978219157566,0.015312176275377473]]","[[0.2593831387107019,0.2051243383023474],[0.020479978219157566,0.015312176277102144]]","[[0.5083634310298496,0.45188628479286475],[0.14248084185851945,0.12305943939696859]]","[[1.0,1.0],[1.0,1.0]]","[[3.934511269904949,3.2944954722015947],[1.9617808277960176,1.98917358495571]]","[1.0,1.0]","[7.200164878809893,3.950801168989252]","[0.00021439740051358024,9.291946928526697e-05]","[0.2288674814833535,0.01860335023590812]","[0.22886748104183763,0.018603350242806807]","[[0.2554836046916467,0.20225135805430236],[0.021268504878713027,0.01593819561379927]]","[[0.2554836046916467,0.20225135684013368],[0.021268504878713027,0.0159381956000019]]","[[0.5047829563970919,0.4490057859155867],[0.145435995415405,0.12581268079854824]]","[[1.0,1.0],[1.0,1.0]]","[[3.937064601756908,3.2899084797611944],[1.9737804006647182,1.9970251330622921]]","[1.0,1.0]","[7.197540887196859,3.970722113715278]","[null,null]"
stagewise_residual_simvq_k4x4-2x2_rate047-20260802-224823,133,0.01604688,0.07828188,0.09432876,0.01642985,0.07387222,23.88839996,0.92374511,0.01641948,0,Phase3-微调,1.000000,1.00000000,7.87066607,4608,0.0703125000,0.0468750000,2.5e-05,"[0.23276438762744267,0.017737640714686777]","[0.23276438762744267,0.017737640714686777]","[[0.25987265565329126,0.20565611742160939],[0.02028802082942868,0.015187260539581379]]","[[0.25987265565329126,0.20565611722844618],[0.02028802082942868,0.01518726054303072]]","[[0.5088692248971374,0.4525012206700113],[0.14181069050122191,0.12255358621478081]]","[[1.0,1.0],[1.0,1.0]]","[[3.934290277957916,3.2835537596985147],[1.9581237614154816,1.991616873829453]]","[1.0,1.0]","[7.188015800052219,3.9495372074621695]","[0.00021410658109407112,8.845381870304225e-05]","[0.21828879360799436,0.01810231215699955]","[0.2182887930560995,0.01810231212940481]","[[0.24456794328159756,0.19200964249946453],[0.020739279287280858,0.01546534498532613]]","[[0.24456794328159756,0.1920096421683276],[0.020739279287280858,0.01546534493703533]]","[[0.49386360976431104,0.4374611340187214],[0.1436191979933668,0.12392927215055183]]","[[1.0,1.0],[1.0,1.0]]","[[3.934074779793068,3.2676949783607765],[1.967103197839525,1.9976969321568807]]","[1.0,1.0]","[7.170475087342439,3.9646632194519045]","[null,null]"
stagewise_residual_simvq_k4x4-2x2_rate047-20260802-224823,134,0.01601420,0.07798415,0.09399835,0.01680448,0.07506219,23.79158459,0.92315783,0.01641948,0,Phase3-微调,1.000000,1.00000000,7.53658667,4608,0.0703125000,0.0468750000,2.5e-05,"[0.23184614617515492,0.017703143415834618]","[0.23184614611996546,0.01770314341928396]","[[0.2588079262110922,0.20488436553213332],[0.02026178127465149,0.015144505481132203]]","[[0.2588079262110922,0.20488436542175434],[0.02026178127465149,0.015144505479407532]]","[[0.5078667690356572,0.4517093591667988],[0.14178053983659655,0.12244674635154229]]","[[1.0,1.0],[1.0,1.0]]","[[3.933279604823501,3.2801925169097053],[1.9632222380903033,1.9912065086541353]]","[1.0,1.0]","[7.183383353551229,3.954270569924955]","[0.00021508927863949254,8.748019417571076e-05]","[0.22337664674829555,0.016822353681480443]","[0.22337664630677964,0.01682235368837913]","[[0.2502132805409255,0.19654001008581232],[0.019273468541602293,0.014371238717878307]]","[[0.2502132805409255,0.1965400097546754],[0.019273468541602293,0.014371238738574363]]","[[0.4995466907819112,0.44260843109201503],[0.1384018748998642,0.1194212676750289]]","[[1.0,1.0],[1.0,1.0]]","[[3.942542231524432,3.2839649076815003],[1.975203029314677,1.9979734712176853]]","[1.0,1.0]","[7.196049718503599,3.9730990727742515]","[null,null]"
stagewise_residual_simvq_k4x4-2x2_rate047-20260802-224823,135,0.01599679,0.07811818,0.09411497,0.01662862,0.07571248,23.83622682,0.92324641,0.01641948,0,Phase3-微调,1.000000,1.00000000,7.68541420,4608,0.0703125000,0.0468750000,2.5e-05,"[0.23226202359354053,0.017716148640546533]","[0.23226202353835107,0.017716148628473833]","[[0.25921849961634036,0.20530554610821936],[0.02026795194380813,0.015164345288994135]]","[[0.25921849961634036,0.20530554635657206],[0.02026795194380813,0.015164345275196764]]","[[0.5081583402774952,0.45204736634537024],[0.14172595606909857,0.12243891460476099]]","[[1.0,1.0],[1.0,1.0]]","[[3.934460477034251,3.283303115544496],[1.9584584377430103,1.9912836834236427]]","[1.0,1.0]","[7.187850347271672,3.9495491213268705]","[0.00021414453996705427,8.835092392608338e-05]","[0.22355783129179918,0.01872209685130252]","[0.22355783151255715,0.01872209679611303]","[[0.24947562041106047,0.19764004316594866],[0.021368515229335538,0.01607567843877607]]","[[0.24947562041106047,0.19764004228291687],[0.021368515229335538,0.016075678362890526]]","[[0.4987213838983465,0.44375371800528635],[0.145690927847668,0.12624712580883946]]","[[1.0,1.0],[1.0,1.0]]","[[3.9307518517529525,3.2540446387396917],[1.961519264291834,1.9845008064199376]]","[1.0,1.0]","[7.152438414538348,3.9459245840708417]","[null,null]"
stagewise_residual_simvq_k4x4-2x2_rate047-20260802-224823,136,0.01602566,0.07815606,0.09418172,0.01691867,0.08215945,23.76196314,0.92203256,0.01641948,0,Phase3-微调,1.000000,1.00000000,7.48450443,4608,0.0703125000,0.0468750000,2.5e-05,"[0.23242061273367318,0.017678776405820693]","[0.23242061278886264,0.017678776407545362]","[[0.259412598968656,0.20542862619514818],[0.020238758347652576,0.01511879434671115]]","[[0.259412598968656,0.20542862611236395],[0.020238758347652576,0.015118794363957863]]","[[0.5084314251939456,0.4522679463028908],[0.14171658254883907,0.12235957733182995]]","[[1.0,1.0],[1.0,1.0]]","[[3.9342096743760284,3.2849498726703503],[1.9566274163899597,1.991035940470519]]","[1.0,1.0]","[7.189460310229549,3.9474485754966735]","[0.00021055402572124472,8.670241107514206e-05]","[0.2463725158461818,0.0165377095065735]","[0.24637251573580282,0.0165377095065735]","[[0.27485580687169675,0.21788922283384535],[0.019032393285521754,0.014043025513765989]]","[[0.27485580687169675,0.21788922316498227],[0.019032393285521754,0.014043025562056789]]","[[0.5235179949689794,0.46598385484130295],[0.13761526721495168,0.11813267176901852]]","[[1.0,1.0],[1.0,1.0]]","[[3.9386968806937888,3.3276840139318398],[1.9391216101469817,1.988824568854438]]","[1.0,1.0]","[7.240261978573269,3.9276074020950884]","[null,null]"
stagewise_residual_simvq_k4x4-2x2_rate047-20260802-224823,137,0.01601846,0.07858733,0.09460579,0.01672440,0.07886636,23.81059359,0.92308206,0.01641948,0,Phase3-微调,1.000000,1.00000000,7.72601022,4608,0.0703125000,0.0468750000,2.5e-05,"[0.23374367593615145,0.017735765670874603]","[0.23374367579817773,0.01773576568639665]","[[0.26073115465265734,0.2067561965573717],[0.02030227484733418,0.01516925639093474]]","[[0.26073115465265734,0.20675619622623478],[0.02030227484733418,0.015169256416804812]]","[[0.5097395527693961,0.45374633769194284],[0.14188476780222523,0.12249956711850785]]","[[1.0,1.0],[1.0,1.0]]","[[3.934536388626805,3.2866252466484354],[1.9509972812952818,1.9905923967008237]]","[1.0,1.0]","[7.191625775231255,3.94132346312205]","[0.00021400759869720786,8.887774611476171e-05]","[0.23598162410435852,0.016390713752695806]","[0.23598162432511646,0.016390713759594493]","[[0.2632949962660118,0.20866825017664167],[0.01884612728048254,0.013935300162820904]]","[[0.2632949962660118,0.20866825061815755],[0.01884612728048254,0.013935300211111704]]","[[0.5123557020116736,0.4559726511990583],[0.13687742672584674,0.11760369897992523]]","[[1.0,1.0],[1.0,1.0]]","[[3.9368564746997974,3.2854537275102405],[1.9664697912004259,1.9224380210593894]]","[1.0,1.0]","[7.192466138910365,3.8886086764159025]","[null,null]"
stagewise_residual_simvq_k4x4-2x2_rate047-20260802-224823,138,0.01599989,0.07844859,0.09444848,0.01658845,0.07827969,23.84552408,0.92322210,0.01641948,0,Phase3-微调,1.000000,1.00000000,7.64936412,4608,0.0703125000,0.0468750000,2.5e-05,"[0.2333967133252709,0.017638772137946002]","[0.23339671335286563,0.017638772129322643]","[[0.2604193880878113,0.20637403690704592],[0.02018998381509273,0.015087560367667013]]","[[0.2604193880878113,0.20637403693464068],[0.02018998381509273,0.015087560343521612]]","[[0.5094601797836799,0.4533502064369343],[0.14146561010016334,0.1221412550520014]]","[[1.0,1.0],[1.0,1.0]]","[[3.936763623025682,3.2839015611895808],[1.9539227849907346,1.990854185157352]]","[1.0,1.0]","[7.190672757007458,3.9445390427554097]","[0.00020835834115536677,8.522449446967652e-05]","[0.2324502663479911,0.018044749047193262]","[0.23245026535458035,0.018044749033395893]","[[0.2595916614488319,0.20530886892919187],[0.020646723118369226,0.015442774810448841]]","[[0.2595916614488319,0.20530886782540214],[0.020646723118369226,0.015442774851840955]]","[[0.508780731315966,0.4523406419489119],[0.14322810840827446,0.12375504600780982]]","[[1.0,1.0],[1.0,1.0]]","[[3.9367281330956354,3.295166421819616],[1.9401619893533213,1.9992482785825376]]","[1.0,1.0]","[7.202983753769486,3.938937830041956]","[null,null]"
stagewise_residual_simvq_k4x4-2x2_rate047-20260802-224823,139,0.01602315,0.07898997,0.09501312,0.01694342,0.08370978,23.75349490,0.92093055,0.01641948,0,Phase3-微调,1.000000,1.00000000,7.21503274,4608,0.0703125000,0.0468750000,2.5e-05,"[0.23487213712047647,0.017895764835109865]","[0.23487213714807123,0.017895764819587823]","[[0.26205818984243606,0.2076860836258641],[0.02045353257994133,0.015337996971276071]]","[[0.26205818984243606,0.20768608354307988],[0.02045353257994133,0.0153379969574787]]","[[0.5108543285617122,0.45457379039790896],[0.14236721403344912,0.12313135616757252]]","[[1.0,1.0],[1.0,1.0]]","[[3.937482900089688,3.2828334093093874],[1.9532983486299162,1.9917842149734497]]","[1.0,1.0]","[7.19008940855662,3.9448299443280255]","[0.0002114268335760614,8.657271444934411e-05]","[0.2505643464900829,0.017306933538229378]","[0.250564346158946,0.017306933524432005]","[[0.2790347145663367,0.22209397775155526],[0.019877238806199144,0.014736628097792467]]","[[0.2790347145663367,0.22209397731003938],[0.019877238806199144,0.014736628132285896]]","[[0.5275010484236258,0.47048006852467855],[0.14063104308313792,0.12100181954878347]]","[[1.0,1.0],[1.0,1.0]]","[[3.939067891792015,3.294223979667381],[1.9331858855706674,1.999099181316517]]","[1.0,1.0]","[7.20411240613019,3.931705190517284]","[null,null]"
stagewise_residual_simvq_k4x4-2x2_rate047-20260802-224823,140,0.01599520,0.07875991,0.09475511,0.01662290,0.07846864,23.83983755,0.92371570,0.01641948,0,Phase3-微调,1.000000,1.00000000,7.46912456,4608,0.0703125000,0.0468750000,2.5e-05,"[0.234401672968158,0.017630034809311232]","[0.23440167280258956,0.017630034835181302]","[[0.2614149410415579,0.20738840405311848],[0.020189729979675677,0.015070339554437885]]","[[0.2614149410415579,0.20738840410830797],[0.020189729979675677,0.015070339578583284]]","[[0.5102609512982546,0.4542845823146679],[0.14143629808116842,0.1220358179261287]]","[[1.0,1.0],[1.0,1.0]]","[[3.93460160140638,3.2874435672053584],[1.9561070843979165,1.9910522096686893]]","[1.0,1.0]","[7.192521673661691,3.946943331647802]","[0.00021824570261136007,8.833048079260927e-05]","[0.2321777014820664,0.018921950397392116]","[0.2321777014820664,0.0189219504525816]","[[0.2589868524560222,0.20536854807977323],[0.021580103267398145,0.01626379754808214]]","[[0.2589868524560222,0.2053685478590153],[0.021580103267398145,0.01626379754808214]]","[[0.5081910435800199,0.4524091080383018],[0.14650076235885973,0.1270904447193499]]","[[1.0,1.0],[1.0,1.0]]","[[3.932635501579002,3.3065133024145057],[1.9783509819595901,1.9932014915678236]]","[1.0,1.0]","[7.211629645029704,3.9715085524099845]","[null,null]"
stagewise_residual_simvq_k4x4-2x2_rate047-20260802-224823,141,0.01595402,0.07911054,0.09506456,0.01660594,0.08159228,23.84498611,0.92391122,0.01641948,0,Phase3-微调,1.000000,1.00000000,7.63490875,4608,0.0703125000,0.0468750000,2.5e-05,"[0.23547064203906942,0.01768307552879883]","[0.23547064179071672,0.017683075532248176]","[[0.2624237316350142,0.20851755077364267],[0.02024286242581352,0.015123288516231157]]","[[0.2624237316350142,0.2085175504287084],[0.02024286242581352,0.015123288535202542]]","[[0.5112143988962526,0.4554859134886],[0.14162284609068324,0.12226790199401202]]","[[1.0,1.0],[1.0,1.0]]","[[3.9364649768228883,3.284726963661335],[1.9552365539250551,1.9893835253185697]]","[1.0,1.0]","[7.191268421985485,3.9444109355961836]","[0.00021342102365990825,9.283358391864264e-05]","[0.24225595935627267,0.01883934464443613]","[0.24225595935627267,0.018839344665132186]","[[0.269701341898353,0.2148105757104026],[0.02147282287478447,0.01620586641408779]]","[[0.269701341898353,0.21481057637267642],[0.02147282287478447,0.01620586639339173]]","[[0.5185528203293129,0.4626421199904548],[0.14606649969462995,0.1267873117769206]]","[[1.0,1.0],[1.0,1.0]]","[[3.939296084863168,3.318002442960386],[1.956788581388968,1.9961125435652556]]","[1.0,1.0]","[7.23027376598782,3.9526774724324545]","[null,null]"
stagewise_residual_simvq_k4x4-2x2_rate047-20260802-224823,142,0.01594732,0.07896734,0.09491466,0.01659916,0.07944276,23.84926104,0.92413706,0.01641948,0,Phase3-微调,1.000000,1.00000000,7.65462462,4608,0.0703125000,0.0468750000,2.5e-05,"[0.23499342498404008,0.017702058133565717]","[0.23499342503922957,0.017702058133565717]","[[0.26192570933037335,0.2080611403065699],[0.02025991984712029,0.015144196321704873]]","[[0.26192570933037335,0.20806114061011208],[0.02025991984712029,0.015144196332052901]]","[[0.510829985914407,0.45509430898560416],[0.14166702559148825,0.12232256516538284]]","[[1.0,1.0],[1.0,1.0]]","[[3.9365304271380106,3.2829986214637756],[1.959819323928268,1.9910113215446472]]","[1.0,1.0]","[7.18943685249046,3.9506436908686604]","[0.00021349661708680085,8.763313548856617e-05]","[0.23678544483802938,0.017431401564843126]","[0.2367854455003032,0.017431401606235238]","[[0.2642188302896641,0.20935205662692036],[0.01996134853473416,0.014901454532863918]]","[[0.2642188302896641,0.20935205784108904],[0.01996134853473416,0.01490145456045866]]","[[0.5132657243145837,0.4567367723694554],[0.1408809401370861,0.12162822446337453]]","[[1.0,1.0],[1.0,1.0]]","[[3.941337122740569,3.3203102200119585],[1.9714802459434226,1.9920654817863748]]","[1.0,1.0]","[7.23466316152502,3.963469876183404]","[null,null]"
stagewise_residual_simvq_k4x4-2x2_rate047-20260802-224823,143,0.01591131,0.07912571,0.09503702,0.01650096,0.07694833,23.87082755,0.92394028,0.01641948,0,Phase3-微调,1.000000,1.00000000,7.52996006,4608,0.0703125000,0.0468750000,2.5e-05,"[0.23545840793737657,0.01774386662851881]","[0.23545840782699762,0.017743866607822754]","[[0.26234461678950877,0.20857219845056535],[0.020298408894558195,0.015189324296941911]]","[[0.26234461678950877,0.2085721984229706],[0.020298408894558195,0.01518932428314454]]","[[0.5112492096644861,0.45566732756517553],[0.1418648300761426,0.12257785646727791]]","[[1.0,1.0],[1.0,1.0]]","[[3.9362012827837907,3.2810582319895425],[1.9543190836906432,1.992462675438987]]","[1.0,1.0]","[7.187048279797589,3.9465387291378446]","[0.0002094395189353101,8.483004669836158e-05]","[0.22702720562616985,0.019207447746561634]","[0.22702720518465394,0.01920744773276426]","[[0.2537334119832074,0.20032099816534255],[0.021962713574369748,0.01645218191185483]]","[[0.2537334119832074,0.20032099838610049],[0.021962713574369748,0.01645218188426009]]","[[0.5029812071058485,0.4467767861154344],[0.14781711173278314,0.12784995938892718]]","[[1.0,1.0],[1.0,1.0]]","[[3.932726573944092,3.285923632869014],[1.9506651860696298,1.9988227870729234]]","[1.0,1.0]","[7.18920701344808,3.9491695916211165]","[null,null]"
stagewise_residual_simvq_k4x4-2x2_rate047-20260802-224823,144,0.01590846,0.07925635,0.09516481,0.01673108,0.07877902,23.82164802,0.92390576,0.01641948,0,Phase3-微调,1.000000,1.00000000,7.39523454,4608,0.0703125000,0.0468750000,2.5e-05,"[0.2357720347190345,0.017848297596598665]","[0.23577203449827652,0.01784829760522202]","[[0.26270633138440275,0.208837737005066],[0.020423477318965728,0.015273117775925332]]","[[0.26270633138440275,0.2088377368119028],[0.020423477318965728,0.015273117772475989]]","[[0.5115702047944068,0.45592372362260464],[0.14215172794130113,0.12276787483305843]]","[[1.0,1.0],[1.0,1.0]]","[[3.936104149730117,3.281183053829052],[1.9532514614087564,1.9903907740557636]]","[1.0,1.0]","[7.1870680305692884,3.943396819079364]","[0.00021091593686530056,9.06072665471853e-05]","[0.23430026394349557,0.017792590383302283]","[0.2343002642746325,0.01779259040399834]","[[0.2612955497370826,0.20730497803952957],[0.02041528322906406,0.015169897420262849]]","[[0.2612955497370826,0.2073049775980137],[0.02041528322906406,0.015169897447857591]]","[[0.5104141469354982,0.454492943154441],[0.14241861480253715,0.12265940325127708]]","[[1.0,1.0],[1.0,1.0]]","[[3.9395551593215377,3.290312977190371],[1.9505761826479877,1.991043946478102]]","[1.0,1.0]","[7.200273941181324,3.9413864647900616]","[null,null]"
stagewise_residual_simvq_k4x4-2x2_rate047-20260802-224823,145,0.01585827,0.07905601,0.09491428,0.01658819,0.07479151,23.84500243,0.92307020,0.01641948,0,Phase3-微调,1.000000,1.00000000,7.68207674,4608,0.0703125000,0.0468750000,2.5e-05,"[0.23563812593067135,0.017341118681899928]","[0.23563812593067135,0.017341118695697297]","[[0.26239153996661857,0.20888471123245028],[0.019880562536073502,0.014801674725970736]]","[[0.26239153996661857,0.20888471123245028],[0.019880562536073502,0.014801674731144751]]","[[0.5112872237408602,0.45599461788380585],[0.14043742545225002,0.12104178894725111]]","[[1.0,1.0],[1.0,1.0]]","[[3.9346795744366116,3.279663883756708],[1.9530545159622474,1.9910849297488178]]","[1.0,1.0]","[7.184089852262426,3.9438858089623627]","[0.00021380171426615022,8.910569900695851e-05]","[0.22225834672097808,0.01707448595099979]","[0.2222583466105991,0.017074485957898476]","[[0.24789367428532352,0.19662301728019008],[0.019626676946602487,0.014522294796727321]]","[[0.24789367428532352,0.1966230167282952],[0.019626676946602487,0.01452229478292995]]","[[0.4971668265483998,0.4426395166803289],[0.13969542615943484,0.12005934654562561]]","[[1.0,1.0],[1.0,1.0]]","[[3.9276723137608283,3.2512516498565676],[1.977437550050241,1.9830557655405114]]","[1.0,1.0]","[7.146589314496076,3.960477253242775]","[null,null]"
stagewise_residual_simvq_k4x4-2x2_rate047-20260802-224823,146,0.01585723,0.07931241,0.09516964,0.01655352,0.07081534,23.85538532,0.92309695,0.01641948,0,Phase3-微调,1.000000,1.00000000,7.27924462,4608,0.0703125000,0.0468750000,2.5e-05,"[0.23628951382857782,0.01751020657485006]","[0.2362895135526304,0.017510206564502032]","[[0.26308011561632155,0.20949891162691292],[0.0200468001662995,0.014973612926486466]]","[[0.26308011561632155,0.2094989109094496],[0.0200468001662995,0.014973612885094351]]","[[0.511957961431256,0.4566644592969506],[0.14095276372024307,0.1216780957110502]]","[[1.0,1.0],[1.0,1.0]]","[[3.9354465171142863,3.281423470709059],[1.9518393655618032,1.9915165488366728]]","[1.0,1.0]","[7.18673736166071,3.9430855609752515]","[0.00021057351415813038,8.562695369349697e-05]","[0.2142801347706053,0.012328954289356868]","[0.21428013499136325,0.012328954296255553]","[[0.2397314927092305,0.18882877616970628],[0.014194997206882195,0.010462911237307169]]","[[0.2397314927092305,0.18882877650084318],[0.014194997206882195,0.010462911237307169]]","[[0.4889191918902927,0.4337829561145217],[0.11881428675519096,0.10195329851574368]]","[[1.0,1.0],[1.0,1.0]]","[[3.9375428288071244,3.239359647256357],[1.9417283791082878,1.994619158462242]]","[1.0,1.0]","[7.142443377883346,3.9359597011848733]","[null,null]"
stagewise_residual_simvq_k4x4-2x2_rate047-20260802-224823,147,0.01587364,0.07937146,0.09524510,0.01671675,0.08770694,23.81881085,0.92368695,0.01641948,0,Phase3-微调,1.000000,1.00000000,7.58175440,4608,0.0703125000,0.0468750000,2.5e-05,"[0.23661985253846204,0.017368831014674572]","[0.23661985245567782,0.017368831026747272]","[[0.2634201850604128,0.2098195187471531],[0.01991135642380902,0.014826305500335164]]","[[0.2634201850604128,0.2098195188023426],[0.01991135642380902,0.014826305489987136]]","[[0.5124182945600262,0.45716162566785457],[0.1405776997683225,0.12118265053464307]]","[[1.0,1.0],[1.0,1.0]]","[[3.9343588882022433,3.2784322027806883],[1.9504465359228629,1.9909866977621007]]","[1.0,1.0]","[7.182494923803541,3.9411575577877187]","[0.0002096023039754342,8.730099022984548e-05]","[0.2641937632251669,0.016468439264981836]","[0.2641937635563038,0.016468439244285777]","[[0.29317403016267,0.23521349683955864],[0.018906759105070874,0.014030119245526967]]","[[0.29317403016267,0.2352134966188007],[0.018906759105070874,0.014030119204134852]]","[[0.5406238394754904,0.4840975657657341],[0.13710932748185264,0.1180238405863444]]","[[1.0,1.0],[1.0,1.0]]","[[3.9437604233070656,3.3293196572197807],[1.9491528475726092,1.9845389048258464]]","[1.0,1.0]","[7.246693554630986,3.9335122726581715]","[null,null]"
stagewise_residual_simvq_k4x4-2x2_rate047-20260802-224823,148,0.01589254,0.07941353,0.09530608,0.01631107,0.08361467,23.92216795,0.92483985,0.01631107,1,Phase3-微调,1.000000,1.00000000,7.67897016,4608,0.0703125000,0.0468750000,2.5e-05,"[0.2367888808802322,0.017334418304057585]","[0.23678888060428477,0.017334418293709557]","[[0.2636375915121149,0.20994016853747544],[0.01988126695052617,0.014787569566181413]]","[[0.2636375915121149,0.20994016795798584],[0.01988126695052617,0.014787569554108712]]","[[0.5124491866540026,0.4570990139687503],[0.14046809354590045,0.12103419513614089]]","[[1.0,1.0],[1.0,1.0]]","[[3.9358582699740374,3.285584310690562],[1.9518401132689582,1.9910558466558104]]","[1.0,1.0]","[7.191669646898905,3.942640440552323]","[0.00021254358506229,8.29389243908399e-05]","[0.2498117193027779,0.017755211779364833]","[0.249811718861262,0.017755211834554318]","[[0.2770638890840389,0.22255954852810614],[0.020292910250524678,0.015217513473773444]]","[[0.2770638890840389,0.22255954819696921],[0.020292910250524678,0.015217513522064244]]","[[0.5255897182005423,0.47093139202506457],[0.1420879915356636,0.12296617422942761]]","[[1.0,1.0],[1.0,1.0]]","[[3.9377219765274614,3.321006985063906],[1.959852166529055,1.999294854093481]]","[1.0,1.0]","[7.23210238703975,3.9589303581802935]","[null,null]"
stagewise_residual_simvq_k4x4-2x2_rate047-20260802-224823,149,0.01587846,0.07974614,0.09562460,0.01695514,0.07795182,23.76855162,0.92330662,0.01631107,0,Phase3-微调,1.000000,1.00000000,7.69065620,4608,0.0703125000,0.0468750000,2.5e-05,"[0.23763494635069812,0.01755269105994591]","[0.2376349462127244,0.017552691053047225]","[[0.2645036762235341,0.21076621449104063],[0.020097212874572033,0.015008169198753658]]","[[0.2645036762235341,0.21076621410471422],[0.020097212874572033,0.015008169162535556]]","[[0.5133446130487654,0.4580562643430851],[0.14123056835874362,0.12191787018544144]]","[[1.0,1.0],[1.0,1.0]]","[[3.9350910151446308,3.281118967798021],[1.952700380484263,1.9909563899040221]]","[1.0,1.0]","[7.186054750725075,3.9434159013960097]","[0.00021250704861207245,8.841124292505102e-05]","[0.23446987977734318,0.014975943257687268]","[0.23446987988772217,0.014975943250788583]","[[0.2609165582391951,0.20802320065321744],[0.01728885689129432,0.012663029548194673]]","[[0.2609165582391951,0.20802320076359643],[0.01728885689129432,0.012663029561992044]]","[[0.5100126224535483,0.4552538549458539],[0.1311612050842356,0.11217234471329936]]","[[1.0,1.0],[1.0,1.0]]","[[3.9323893034899675,3.3033873769972057],[1.953179587258233,1.9742811891767713]]","[1.0,1.0]","[7.20798311939946,3.927369326132315]","[null,null]"
stagewise_residual_simvq_k4x4-2x2_rate047-20260802-224823,150,0.01588964,0.07971816,0.09560780,0.01653639,0.07950155,23.85772165,0.92315797,0.01631107,0,Phase3-微调,1.000000,1.00000000,7.32871693,4608,0.0703125000,0.0468750000,2.5e-05,"[0.23745025357714405,0.017647864869623272]","[0.2374502539358757,0.0176478648678986]","[[0.2643760586226428,0.21052444673798704],[0.020195464312133413,0.01510026535295226]]","[[0.2643760586226428,0.21052444706912393],[0.020195464312133413,0.01510026535295226]]","[[0.513217190625491,0.45779241494558476],[0.14143418102628655,0.12214985024873858]]","[[1.0,1.0],[1.0,1.0]]","[[3.9356844588562296,3.279044063444491],[1.9466354467250682,1.9910192527152875]]","[1.0,1.0]","[7.184299987333792,3.9373308053723086]","[0.000217413087523676,9.123275842150044e-05]","[0.2354292706206993,0.018975698533985348]","[0.2354292705103203,0.018975698589174837]","[[0.26186680981406457,0.20899172933013352],[0.02167305520011319,0.01627834184716145]]","[[0.26186680981406457,0.20899172910937555],[0.02167305520011319,0.016278341874756196]]","[[0.5109442267152998,0.4563170371232209],[0.1467786063750585,0.12711422437870945]]","[[1.0,1.0],[1.0,1.0]]","[[3.9354954684222188,3.261504955644961],[1.921845930593985,1.9963526566823324]]","[1.0,1.0]","[7.164952928048593,3.917455111609565]","[null,null]"
stagewise_residual_simvq_k4x4-2x2_rate047-20260802-224823,151,0.01580500,0.07972574,0.09553074,0.01642115,0.08251115,23.89631092,0.92473132,0.01631107,0,Phase3-微调,1.000000,1.00000000,7.49599336,4608,0.0703125000,0.0468750000,2.5e-05,"[0.2375332771352044,0.017589095890246056]","[0.23753327710760963,0.017589095869549997]","[[0.2643052660204746,0.21076128689779175],[0.02011608488305851,0.015062106749111856]]","[[0.2643052660204746,0.21076128703576547],[0.02011608488305851,0.015062106750836527]]","[[0.5131876226928499,0.45808268084570214],[0.1413264385390061,0.12216849491276123]]","[[1.0,1.0],[1.0,1.0]]","[[3.934899079799652,3.2782823748058743],[1.9491600109471214,1.990125408216759]]","[1.0,1.0]","[7.1828257172196,3.938995688932913]","[0.00021208495664824215,8.452201686345183e-05]","[0.2458127177423901,0.018222973930339018]","[0.245812718183906,0.018222973875149533]","[[0.27352065057666214,0.21810478534963396],[0.020824253207279576,0.015621694398147088]]","[[0.27352065057666214,0.2181047855703919],[0.020824253207279576,0.01562169432916023]]","[[0.5222139747054488,0.4661849381747069],[0.14394528175945634,0.12459583751581334]]","[[1.0,1.0],[1.0,1.0]]","[[3.9419720190542717,3.300352089493363],[1.9543547745104188,1.9969532366152163]]","[1.0,1.0]","[7.21346113063671,3.9510519999044913]","[null,null]"
stagewise_residual_simvq_k4x4-2x2_rate047-20260802-224823,152,0.01579678,0.07962730,0.09542408,0.01658635,0.08055284,23.84932983,0.92355624,0.01631107,0,Phase3-微调,1.000000,1.00000000,7.39189683,4608,0.0703125000,0.0468750000,2.5e-05,"[0.23753519599084502,0.017272158893239166]","[0.23753519577008705,0.017272158917384567]","[[0.26426158127961336,0.21080880954309747],[0.01981800306002023,0.014726314667819275]]","[[0.26426158127961336,0.21080880987423437],[0.01981800306002023,0.014726314690240003]]","[[0.5131107572604109,0.45811155096248346],[0.140163109920643,0.12069368831537387]]","[[1.0,1.0],[1.0,1.0]]","[[3.9359805115947015,3.279118714509187],[1.950594108193009,1.9914446225872746]]","[1.0,1.0]","[7.184692298041449,3.941759854775888]","[0.00021280276419862208,8.953389911025792e-05]","[0.2359406977891922,0.021828398487910076]","[0.2359406982307081,0.021828398474112706]","[[0.2624869059633326,0.20939448983580977],[0.024740559869894273,0.01891623702314165]]","[[0.2624869059633326,0.20939449038770463],[0.024740559869894273,0.01891623697485085]]","[[0.5115060026998873,0.4567037926779853],[0.1568027776700479,0.13699956679785694]]","[[1.0,1.0],[1.0,1.0]]","[[3.9268322308858234,3.2667579597897],[1.9472847046675505,1.9992546019730744]]","[1.0,1.0]","[7.162838536721689,3.9461731168958876]","[null,null]"
stagewise_residual_simvq_k4x4-2x2_rate047-20260802-224823,153,0.01580194,0.07999088,0.09579282,0.01645238,0.08235431,23.88521465,0.92501340,0.01631107,0,Phase3-微调,1.000000,1.00000000,7.61212888,4608,0.0703125000,0.0468750000,2.5e-05,"[0.2384341359414436,0.01753668911513631]","[0.23843413602422786,0.01753668911686098]","[[0.2651146676529337,0.211753603540085],[0.020087563182675728,0.014985814921695878]]","[[0.2651146676529337,0.2117536033745165],[0.020087563182675728,0.014985814921695878]]","[[0.513900175359514,0.45908722071735947],[0.14106363241595252,0.12168013454863319]]","[[1.0,1.0],[1.0,1.0]]","[[3.934406731305299,3.2819393316904706],[1.9487844354576536,1.9918998055987889]]","[1.0,1.0]","[7.186325949209707,3.94038385020362]","[0.00020742048875911645,8.638469698106983e-05]","[0.24727512487658748,0.016258682510643094]","[0.24727512465582954,0.01625868251754178]","[[0.27476538706708836,0.21978486213419174],[0.01868438374389101,0.013832981380875464]]","[[0.27476538706708836,0.2197848614719179],[0.01868438374389101,0.013832981367078093]]","[[0.5234246894165322,0.4680014173189799],[0.1362863455105711,0.11718802430011609]]","[[1.0,1.0],[1.0,1.0]]","[[3.9389774516776757,3.2996666819960985],[1.915187876312821,1.9981409461409958]]","[1.0,1.0]","[7.209965243162932,3.912413724263509]","[null,null]"
stagewise_residual_simvq_k4x4-2x2_rate047-20260802-224823,154,0.01580279,0.08010665,0.09590944,0.01701167,0.07832323,23.74330273,0.92380653,0.01631107,0,Phase3-微调,1.000000,1.00000000,7.28555573,4608,0.0703125000,0.0468750000,2.5e-05,"[0.23879101502674596,0.01755026512503348]","[0.23879101521990917,0.017550265119859465]","[[0.26542581380517394,0.21215621519971778],[0.02011618807532445,0.014984342193713895]]","[[0.26542581380517394,0.21215621542047572],[0.02011618807532445,0.014984342179916524]]","[[0.5141969245892984,0.45952127095725803],[0.141289493786516,0.12182311241825422]]","[[1.0,1.0],[1.0,1.0]]","[[3.9360053397991037,3.276478105562705],[1.9462500475071094,1.9896482127684134]]","[1.0,1.0]","[7.181839702747486,3.935580700856668]","[0.00020907502465113928,8.39798941443506e-05]","[0.23534089768374408,0.015293433551711064]","[0.2353408975733651,0.015293433586204493]","[[0.2619854541840377,0.2086963407419346],[0.01770728138723859,0.012879585792069081]]","[[0.2619854541840377,0.2086963399692818],[0.01770728138723859,0.012879585833461197]]","[[0.5110436090716609,0.45596846849830064],[0.13273754682805802,0.11313635894545802]]","[[1.0,1.0],[1.0,1.0]]","[[3.9394439185107197,3.2837507283246077],[1.9307506799697876,1.9805025392108493]]","[1.0,1.0]","[7.192977064627188,3.9108922711125125]","[null,null]"
stagewise_residual_simvq_k4x4-2x2_rate047-20260802-224823,155,0.01582175,0.08049823,0.09631999,0.01643393,0.07873121,23.88786649,0.92385014,0.01631107,0,Phase3-微调,1.000000,1.00000000,6.95042730,4608,0.0703125000,0.0468750000,2.5e-05,"[0.2400549324022399,0.01753941734528376]","[0.24005493212629248,0.01753941734355909]","[[0.2668248950883194,0.21328496770174415],[0.020081652564651987,0.014997182131089547]]","[[0.2668248950883194,0.21328496745339146],[0.020081652564651987,0.014997182105219475]]","[[0.5156935843052688,0.46089566543146415],[0.1411773924474363,0.12189108754197757]]","[[1.0,1.0],[1.0,1.0]]","[[3.9379275427924263,3.281593907320941],[1.9439010165355823,1.9924988084369235]]","[1.0,1.0]","[7.18918638141067,3.9360296607017515]","[0.00020694239469270945,8.121042897073494e-05]","[0.23392769617063028,0.018012176923177862]","[0.23392769594987234,0.018012176930076545]","[[0.26063029181074215,0.20722509986824458],[0.020743769690118454,0.015280584170034639]]","[[0.26063029181074215,0.20722509964748664],[0.020743769690118454,0.015280584163135952]]","[[0.5097497759041962,0.45439178943634034],[0.1436418053176668,0.12318592297810095]]","[[1.0,1.0],[1.0,1.0]]","[[3.941447408111007,3.287779707378811],[1.9441961544531363,1.9373003597612735]]","[1.0,1.0]","[7.19922347245393,3.8814333173963758]","[null,null]"
stagewise_residual_simvq_k4x4-2x2_rate047-20260802-224823,156,0.01578870,0.08027976,0.09606846,0.01632341,0.08206884,23.92350399,0.92532532,0.01631107,0,Phase3-微调,1.000000,1.00000000,7.15115223,4608,0.0703125000,0.0468750000,2.5e-05,"[0.23919450775892645,0.017700718210458204]","[0.23919450770373699,0.017700718236328274]","[[0.26594098315194803,0.21244803032389395],[0.020279938622412307,0.015121497743314616]]","[[0.26594098315194803,0.2124480304342729],[0.020279938622412307,0.01512149773641593]]","[[0.5146615487557871,0.459802437932403],[0.1417650245268036,0.12225842565574029]]","[[1.0,1.0],[1.0,1.0]]","[[3.936592021253374,3.280165614463665],[1.9377245044266735,1.9895797890645486]]","[1.0,1.0]","[7.186398608596237,3.9268776328475385]","[0.0002168321000310782,8.910334388053377e-05]","[0.24548252357376946,0.017137749279262843]","[0.2454825237945274,0.017137749293060216]","[[0.27284160995924917,0.21812343619487903],[0.019649303159504024,0.014626195261047945]]","[[0.27284160995924917,0.2181234358637421],[0.019649303159504024,0.014626195309338745]]","[[0.5216035845103087,0.4662499204829887],[0.13976579772101508,0.12049363123046028]]","[[1.0,1.0],[1.0,1.0]]","[[3.9420247077941895,3.293445606584902],[1.9269506004121568,1.9909769897107725]]","[1.0,1.0]","[7.20595826043023,3.9173720094892714]","[null,null]"
stagewise_residual_simvq_k4x4-2x2_rate047-20260802-224823,157,0.01571427,0.07997481,0.09568907,0.01624480,0.07852131,23.94252414,0.92498895,0.01624480,1,Phase3-微调,1.000000,1.00000000,7.48015481,4608,0.0703125000,0.0468750000,2.5e-05,"[0.23841782648254323,0.01750155165101643]","[0.23841782637216427,0.017501551657915115]","[[0.2650030780721594,0.21183257326483726],[0.020047687618406834,0.01495541560429114]]","[[0.2650030780721594,0.21183257326483726],[0.020047687618406834,0.01495541559394311]]","[[0.513861945050734,0.4592531803029555],[0.14096625255489792,0.12160993854480762]]","[[1.0,1.0],[1.0,1.0]]","[[3.934730135069953,3.276666485380243],[1.941915452921832,1.9885853968284748]]","[1.0,1.0]","[7.180887848359567,3.9301449391576977]","[0.00020870772470381647,8.479267191298143e-05]","[0.23462938909177428,0.016638791333470078]","[0.23462938831912147,0.016638791333470078]","[[0.26136857789975626,0.2078902010564451],[0.01925451594784304,0.014023066725995806]]","[[0.26136857789975626,0.20789020072530817],[0.01925451594784304,0.014023066705299748]]","[[0.5104765839046902,0.4551277050265559],[0.1384347743458218,0.11806763719629358]]","[[1.0,1.0],[1.0,1.0]]","[[3.9378817717234296,3.2946810687029804],[1.93898244522236,1.986560136300546]]","[1.0,1.0]","[7.203516168947573,3.9252165423499212]","[null,null]"
stagewise_residual_simvq_k4x4-2x2_rate047-20260802-224823,158,0.01575554,0.08052148,0.09627703,0.01650055,0.08881853,23.87260770,0.92328357,0.01624480,0,Phase3-微调,1.000000,1.00000000,7.30675165,4608,0.0703125000,0.0468750000,2.5e-05,"[0.2401927326840383,0.017476017924922482]","[0.24019273273922778,0.01747601793182117]","[[0.2668889871901936,0.21349647751560918],[0.020021994656848688,0.014930041117110738]]","[[0.2668889871901936,0.21349647779155662],[0.020021994656848688,0.014930041136082125]]","[[0.5156272434526019,0.46098904670388613],[0.140962638636982,0.1216024146311813]]","[[1.0,1.0],[1.0,1.0]]","[[3.936552859677209,3.2792109458534804],[1.943241184508359,1.9908516512976753]]","[1.0,1.0]","[7.185328504774305,3.933728551423108]","[0.00020970278265950684,8.498596197467932e-05]","[0.26489205371450497,0.019327244093572653]","[0.2648920538248839,0.019327244065977908]","[[0.29275907763728387,0.2370250285775573],[0.02215409285078446,0.016500395329462157]]","[[0.29275907763728387,0.23702502769452555],[0.02215409285078446,0.0165003953087661]]","[[0.5402757125872153,0.48600575614858554],[0.14842646094384015,0.12799308669787865]]","[[1.0,1.0],[1.0,1.0]]","[[3.9444288748281973,3.3044615851508246],[1.9408659431669446,1.981133461881567]]","[1.0,1.0]","[7.220191418683087,3.9217475555561205]","[null,null]"
stagewise_residual_simvq_k4x4-2x2_rate047-20260802-224823,159,0.01569012,0.08016250,0.09585262,0.01651108,0.08586352,23.86805588,0.92406079,0.01624480,0,Phase3-微调,1.000000,1.00000000,7.36439506,4608,0.0703125000,0.0468750000,2.5e-05,"[0.23921929636487255,0.01730070382149683]","[0.23921929644765677,0.017300703824946174]","[[0.26578014330179606,0.21265844777226448],[0.01981183553149027,0.01478957204596588]]","[[0.26578014330179606,0.21265844793783295],[0.01981183553149027,0.014789572054589237]]","[[0.5147075993043405,0.4602443250792998],[0.14017295010939793,0.12097103762681838]]","[[1.0,1.0],[1.0,1.0]]","[[3.934823576609294,3.276208253260012],[1.9396202899791577,1.9905913823180728]]","[1.0,1.0]","[7.180489408528364,3.929796474068253]","[0.00020666703068720246,8.246923764629712e-05]","[0.2564011269145542,0.01836212745833176]","[0.2564011268041752,0.018362127485926503]","[[0.2845767484770881,0.2282255040274726],[0.021059204879458303,0.015665049975117046]]","[[0.2845767484770881,0.2282255032548198],[0.021059204879458303,0.01566505002340785]]","[[0.5326256694617095,0.4768336340233132],[0.1447437204144619,0.12475384286156407]]","[[1.0,1.0],[1.0,1.0]]","[[3.9415638305522775,3.3164734028003835],[1.9460623370276557,1.9790005975299412]]","[1.0,1.0]","[7.230688843903718,3.9248818167933712]","[null,null]"
stagewise_residual_simvq_k4x4-2x2_rate047-20260802-224823,160,0.01572889,0.08063999,0.09636888,0.01624328,0.08117140,23.93999357,0.92434616,0.01624328,1,Phase3-微调,1.000000,1.00000000,7.46940142,4608,0.0703125000,0.0468750000,2.5e-05,"[0.2407327503517822,0.017315228498989234]","[0.2407327503517822,0.017315228464495805]","[[0.2673676359708662,0.21409786401523484],[0.01984654229513749,0.014783914685594262]]","[[0.2673676359708662,0.2140978635461242],[0.01984654229513749,0.014783914654550177]]","[[0.5160309199381757,0.46157234631202837],[0.14026201813033334,0.12091766615156774]]","[[1.0,1.0],[1.0,1.0]]","[[3.934978413581848,3.2799256863417448],[1.941443634474719,1.9893648456644129]]","[1.0,1.0]","[7.18465351263682,3.9304389273678817]","[0.0002094819419720874,8.830016822685139e-05]","[0.24153308040565916,0.018215400449655673]","[0.2415330805160381,0.01821540049104779]","[[0.2682335706772628,0.2148325894717817],[0.02083542314530523,0.015595377843689036]]","[[0.2682335706772628,0.2148325894717817],[0.02083542314530523,0.015595377878182465]]","[[0.5171039594544304,0.46263089246220057],[0.1439605023573946,0.12446316756584026]]","[[1.0,1.0],[1.0,1.0]]","[[3.9343575919115983,3.298969844535545],[1.9503043669241447,1.9954962085794519]]","[1.0,1.0]","[7.204977074375859,3.9455114505909106]","[null,null]"
stagewise_residual_simvq_k4x4-2x2_rate047-20260802-224823,161,0.01572441,0.08072402,0.09644843,0.01651534,0.08525391,23.87964609,0.92492719,0.01624328,0,Phase3-微调,1.000000,1.00000000,7.46462349,4608,0.0703125000,0.0468750000,2.5e-05,"[0.2410294456890336,0.017287420148581818]","[0.24102944555105987,0.01728742015030649]","[[0.26762424986119626,0.21443463947485994],[0.019829115231900854,0.014745725056639424]]","[[0.26762424986119626,0.21443463911612828],[0.019829115231900854,0.014745725060088767]]","[[0.5163940505297095,0.4620602950453758],[0.14018664302097428,0.12074731340010961]]","[[1.0,1.0],[1.0,1.0]]","[[3.935450455877516,3.277551415673009],[1.93888541592492,1.9895111640294394]]","[1.0,1.0]","[7.1824656716099495,3.927993310822381]","[0.0002092948114295723,8.855828076843021e-05]","[0.2560533142752118,0.016759186072482002]","[0.2560533138336959,0.01675918610697543]","[[0.28363938353679796,0.22846724103998256],[0.0192319319135061,0.014286440010699961]]","[[0.28363938353679796,0.2284672404880877],[0.0192319319135061,0.014286440003801274]]","[[0.5316989680131277,0.47703748168768706],[0.13828897829408998,0.11909871504262641]]","[[1.0,1.0],[1.0,1.0]]","[[3.9441599704601145,3.303518643202605],[1.959203509931211,1.9701064392372414]]","[1.0,1.0]","[7.218896254786738,3.9292544735802544]","[null,null]"
stagewise_residual_simvq_k4x4-2x2_rate047-20260802-224823,162,0.01572169,0.08096531,0.09668700,0.01687675,0.08932860,23.78081280,0.92428994,0.01624328,0,Phase3-微调,1.000000,1.00000000,7.63715931,4608,0.0703125000,0.0468750000,2.5e-05,"[0.24182231749097508,0.017266666542531714]","[0.24182231735300136,0.01726666654598106]","[[0.2683308101086705,0.21531382341075828],[0.019809634312642394,0.014723698736202937]]","[[0.2683308101086705,0.21531382316240558],[0.019809634312642394,0.014723698737927608]]","[[0.5170355006500527,0.4629652989683328],[0.14013779145424013,0.12067868968954792]]","[[1.0,1.0],[1.0,1.0]]","[[3.9373664370289556,3.282516110384906],[1.939998361578694,1.9887135801491913]]","[1.0,1.0]","[7.189684442237572,3.92831706294307]","[0.00020694508771325841,8.639287068743014e-05]","[0.267142880625195,0.0187086484912369]","[0.267142880514816,0.018708648498135583]","[[0.295674678352144,0.23861108278786694],[0.021450258908724342,0.015967037928877055]]","[[0.295674678352144,0.23861108300862488],[0.021450258908724342,0.01596703796337048]]","[[0.542963895091304,0.4876271746776722],[0.14610800715508285,0.12597834793505847]]","[[1.0,1.0],[1.0,1.0]]","[[3.952274265995732,3.317121908399794],[1.9247320148679945,1.9988878709298592]]","[1.0,1.0]","[7.241217864001238,3.9228817215672245]","[null,null]"
stagewise_residual_simvq_k4x4-2x2_rate047-20260802-224823,163,0.01570350,0.08136697,0.09707047,0.01653288,0.08025520,23.86166362,0.92265593,0.01624328,0,Phase3-微调,1.000000,1.00000000,7.42449973,4608,0.0703125000,0.0468750000,2.5e-05,"[0.24287356320354675,0.017500740557012184]","[0.24287356314835726,0.01750074055528751]","[[0.2694489041412318,0.21629822099650348],[0.020039593952673452,0.014961887132031499]]","[[0.2694489041412318,0.21629822091371925],[0.020039593952673452,0.014961887144104197]]","[[0.5180415334524932,0.4639438791407479],[0.14091667030696517,0.12162822091745006]]","[[1.0,1.0],[1.0,1.0]]","[[3.9360495090484617,3.2790220450471947],[1.938282757114481,1.9876273431159832]]","[1.0,1.0]","[7.18460106673064,3.925510972959024]","[0.00021068448021887215,8.924899994208654e-05]","[0.24119854293487691,0.015618083805397705]","[0.24119854315563485,0.015618083832992447]","[[0.2670319477717082,0.2153651369942559],[0.0178484334644896,0.013387734146305808]]","[[0.2670319477717082,0.21536513721501385],[0.0178484334644896,0.013387734167001866]]","[[0.5159313528626054,0.4631953760429665],[0.13311160333730557,0.11517704730784452]]","[[1.0,1.0],[1.0,1.0]]","[[3.937316000903094,3.2698184967041017],[1.9465616870809483,1.9974104051236754]]","[1.0,1.0]","[7.1757532472963685,3.9436180397316263]","[null,null]"
stagewise_residual_simvq_k4x4-2x2_rate047-20260802-224823,164,0.01562754,0.08093049,0.09655803,0.01636503,0.07825646,23.90830697,0.92477084,0.01624328,0,Phase3-微调,1.000000,1.00000000,7.88586711,4608,0.0703125000,0.0468750000,2.5e-05,"[0.24167795904256678,0.017299624027132435]","[0.2416779593185142,0.01729962402195842]","[[0.26805996958304334,0.21529594717754258],[0.01982828460254327,0.014770963408604816]]","[[0.26805996958304334,0.2152959472051373],[0.01982828460254327,0.014770963389633431]]","[[0.5166888995854942,0.4628536273483877],[0.14023068280959572,0.12090952161837507]]","[[1.0,1.0],[1.0,1.0]]","[[3.9361146295512164,3.2772747732974863],[1.9359019363368,1.9869518209386754]]","[1.0,1.0]","[7.182743052200035,3.922416446827076]","[0.00020674195758248163,8.58752237170982e-05]","[0.2333679320635619,0.01705273981033652]","[0.2333679323946988,0.017052739831032577]","[[0.25922158316329674,0.20751428008079528],[0.019584606919023726,0.014520872556776912]]","[[0.25922158316329674,0.20751428052231116],[0.019584606919023726,0.014520872563675598]]","[[0.508366902006997,0.45470925900671216],[0.13963754094309277,0.12017440972504792]]","[[1.0,1.0],[1.0,1.0]]","[[3.9416019015842014,3.24578461293821],[1.9399409691492717,1.9522603635434752]]","[1.0,1.0]","[7.153234746721056,3.8921259102997956]","[null,null]"
stagewise_residual_simvq_k4x4-2x2_rate047-20260802-224823,165,0.01569004,0.08126978,0.09695983,0.01642263,0.08324629,23.89130523,0.92423300,0.01624328,0,Phase3-微调,1.000000,1.00000000,7.45832503,4608,0.0703125000,0.0468750000,2.5e-05,"[0.24282346538923405,0.017239838636790714]","[0.24282346541682878,0.017239838614369982]","[[0.26930800590802123,0.21633892434614677],[0.019783668140708296,0.0146960089897254]]","[[0.26930800590802123,0.21633892448412048],[0.019783668140708296,0.014696008974203357]]","[[0.5180245515373018,0.46412364542484286],[0.14006824987354102,0.12057515432437262]]","[[1.0,1.0],[1.0,1.0]]","[[3.93589962720871,3.279680484754068],[1.9355134310545745,1.9880732205179004]]","[1.0,1.0]","[7.185225075262564,3.923141845950374]","[0.00020989868312931828,8.772392510999688e-05]","[0.24672131273481582,0.01966682786328925]","[0.24672131284519477,0.01966682786328925]","[[0.2735385743556199,0.21990405177628553],[0.02250079042105763,0.016832865271027442]]","[[0.2735385743556199,0.2199040522178014],[0.02250079042105763,0.016832865202040585]]","[[0.5222656852669186,0.46814528968599106],[0.1496285906544438,0.12933888049037368]]","[[1.0,1.0],[1.0,1.0]]","[[3.9359487568890605,3.284281700628775],[1.9395072371871382,1.9911598320360537]]","[1.0,1.0]","[7.190371075382939,3.9302886450732197]","[null,null]"
stagewise_residual_simvq_k4x4-2x2_rate047-20260802-224823,166,0.01565746,0.08119765,0.09685512,0.01647873,0.07789219,23.87497350,0.92445030,0.01624328,0,Phase3-微调,1.000000,1.00000000,7.41297114,4608,0.0703125000,0.0468750000,2.5e-05,"[0.24265400234747816,0.017178487432775676]","[0.2426540024302624,0.017178487400006916]","[[0.2691355405030427,0.21617246333647658],[0.019729558211164892,0.014627416583674925]]","[[0.2691355405030427,0.21617246344685553],[0.019729558211164892,0.014627416544007482]]","[[0.5177588059394448,0.46383155672638504],[0.139874230435601,0.12029428052957411]]","[[1.0,1.0],[1.0,1.0]]","[[3.9370061635971068,3.280131490142257],[1.9408254036196957,1.9873237640769392]]","[1.0,1.0]","[7.186739940996524,3.9277665579760517]","[0.00021179420881607157,8.700099116578241e-05]","[0.23032189729037109,0.018933116106523408]","[0.23032189784226595,0.018933116085827352]","[[0.25605231523513794,0.20459147768991964],[0.021652519075130976,0.016213713075827668]]","[[0.25605231523513794,0.20459147868333039],[0.021652519075130976,0.01621371302753687]]","[[0.505243303819939,0.45148691667450797],[0.1468052058308213,0.1269648564082605]]","[[1.0,1.0],[1.0,1.0]]","[[3.938168995468705,3.2669481489393446],[1.9593227571911283,1.9745623094064217]]","[1.0,1.0]","[7.173397371504042,3.9338189407631203]","[null,null]"
stagewise_residual_simvq_k4x4-2x2_rate047-20260802-224823,167,0.01565424,0.08125716,0.09691140,0.01625370,0.08004861,23.93654923,0.92498120,0.01624328,0,Phase3-微调,1.000000,1.00000000,7.54958680,4608,0.0703125000,0.0468750000,2.5e-05,"[0.24269113438548864,0.017331782433514794]","[0.24269113405435175,0.017331782414543407]","[[0.26919332938613716,0.2161889376187766],[0.01988492394900984,0.014778640943027482]]","[[0.26919332938613716,0.21618893756358712],[0.01988492394900984,0.01477864091715741]]","[[0.5178684040352151,0.46391203778761403],[0.14036620849812473,0.12085714120831755]]","[[1.0,1.0],[1.0,1.0]]","[[3.934999109197546,3.2812041282653808],[1.9288897059581898,1.9886654924463343]]","[1.0,1.0]","[7.186033301883274,3.916996390731246]","[0.00020926104393934278,8.841507996530035e-05]","[0.2378086707106343,0.01834688788210904]","[0.23780867048987636,0.018346887847615612]","[[0.26399634083112083,0.2116209993759791],[0.02111052199508305,0.015583253700148176]]","[[0.26399634083112083,0.21162099926560013],[0.02111052199508305,0.015583253700148176]]","[[0.5129927661683824,0.45914918669947874],[0.14495204869243833,0.1244654800052996]]","[[1.0,1.0],[1.0,1.0]]","[[3.9362625687210646,3.282545872087832],[1.955360421427974,1.9987541030954432]]","[1.0,1.0]","[7.188756455315484,3.953853714907611]","[null,null]"
stagewise_residual_simvq_k4x4-2x2_rate047-20260802-224823,168,0.01557262,0.08114067,0.09671329,0.01651894,0.08104064,23.86617030,0.92466440,0.01624328,0,Phase3-微调,1.000000,1.00000000,7.57658814,4608,0.0703125000,0.0468750000,2.5e-05,"[0.24250583207165755,0.017144297454851094]","[0.24250583207165755,0.01714429745140175]","[[0.26880063985784847,0.21621102312648738],[0.019681606234775648,0.014606988586968295]]","[[0.26880063985784847,0.2162110234024348],[0.019681606234775648,0.014606988573170922]]","[[0.5174626644010897,0.4638944769347155],[0.1397368739462561,0.1202588841870979]]","[[1.0,1.0],[1.0,1.0]]","[[3.934221202355844,3.2823034900206105],[1.9300501724084218,1.9893985836594192]]","[1.0,1.0]","[7.186562065724973,3.9189218763951903]","[0.00020533774858685555,9.0494200124643e-05]","[0.2424708671040005,0.01685919694740463]","[0.2424708663313477,0.01685919696810069]","[[0.26917716297838423,0.2157645708984799],[0.019376885697797493,0.01434150819701177]]","[[0.26917716297838423,0.21576457056734297],[0.019376885697797493,0.014341508217707829]]","[[0.5180501399216828,0.46367938452296786],[0.13883599638938904,0.11936503411443145]]","[[1.0,1.0],[1.0,1.0]]","[[3.941300630569458,3.2888569761205604],[1.9212466487178097,1.9687928314562197]]","[1.0,1.0]","[7.200262129748309,3.8896929723245126]","[null,null]"
stagewise_residual_simvq_k4x4-2x2_rate047-20260802-224823,169,0.01562700,0.08158942,0.09721642,0.01635313,0.08278552,23.90888188,0.92393732,0.01624328,0,Phase3-微调,1.000000,1.00000000,7.58730858,4608,0.0703125000,0.0468750000,2.5e-05,"[0.24397929970313,0.017106839177992057]","[0.24397929945477734,0.017106839138324614]","[[0.2703648413496989,0.21759375612492915],[0.019643813095710897,0.014569865099878775]]","[[0.2703648413496989,0.2175937556558185],[0.019643813095710897,0.01456986504641396]]","[[0.5189189072008487,0.46533254942408314],[0.1395506562596118,0.12004462727517994]]","[[1.0,1.0],[1.0,1.0]]","[[3.938400587329158,3.28272503040455],[1.9295124800116927,1.987851138247384]]","[1.0,1.0]","[7.190854985625656,3.916828227043152]","[0.00021196537326667803,8.578188685364526e-05]","[0.24703253110249837,0.017881118202650988]","[0.2470325314336353,0.017881118202650988]","[[0.2738209354656714,0.2202441269600833],[0.020422085167633164,0.015340151251466186]]","[[0.2738209354656714,0.22024412762235712],[0.020422085167633164,0.015340151285959615]]","[[0.5225171687426391,0.4684857458979995],[0.14250170273913276,0.1234128486779001]]","[[1.0,1.0],[1.0,1.0]]","[[3.9405942581318043,3.309803750779894],[1.9207811346760502,1.9994474278555976]]","[1.0,1.0]","[7.222528796725803,3.919400448269314]","[null,null]"
stagewise_residual_simvq_k4x4-2x2_rate047-20260802-224823,170,0.01560510,0.08167736,0.09728246,0.01647098,0.08758921,23.88352363,0.92445301,0.01624328,0,Phase3-微调,1.000000,1.00000000,7.72071307,4608,0.0703125000,0.0468750000,2.5e-05,"[0.2441542995472749,0.017213253678615998]","[0.24415429957486964,0.017213253688964026]","[[0.270574872802805,0.21773372645731326],[0.01974849224401017,0.014678015035611612]]","[[0.270574872802805,0.21773372651250275],[0.01974849224401017,0.014678015064931027]]","[[0.5190889438545262,0.46544858239315173],[0.13999276355736787,0.12057457159238832]]","[[1.0,1.0],[1.0,1.0]]","[[3.9369793710885226,3.2772305806477866],[1.9190747832810438,1.9882858101968413]]","[1.0,1.0]","[7.183512360961349,3.906636545834718]","[0.00020736504625852426,8.432493845652465e-05]","[0.2624770947076656,0.017808367139487354]","[0.2624770944869077,0.017808367132588668]","[[0.2903259045547909,0.23462828441902442],[0.02045500625476793,0.01516172815528181]]","[[0.2903259045547909,0.2346282846397824],[0.02045500625476793,0.015161728148383123]]","[[0.5379734350575341,0.48348242508040534],[0.14256909914590693,0.12265435677987557]]","[[1.0,1.0],[1.0,1.0]]","[[3.943163592727096,3.341249213395295],[1.9416279704482466,1.9073740544142546]]","[1.0,1.0]","[7.259109800833243,3.8487912054415103]","[null,null]"
stagewise_residual_simvq_k4x4-2x2_rate047-20260802-224823,171,0.01557479,0.08155969,0.09713449,0.01629190,0.07970006,23.92471015,0.92444108,0.01624328,0,Phase3-微调,1.000000,1.00000000,7.52247430,4608,0.0703125000,0.0468750000,2.5e-05,"[0.24394721016287804,0.017043809998021634]","[0.24394720972136216,0.01704380998077492]","[[0.27031954187485907,0.21757487737470202],[0.019563894051437578,0.014523725803182633]]","[[0.27031954187485907,0.2175748772367283],[0.019563894051437578,0.014523725792834605]]","[[0.5189554178052478,0.4654065051012569],[0.13929620288588382,0.11989699607646023]]","[[1.0,1.0],[1.0,1.0]]","[[3.9363737600821036,3.280167027314504],[1.9304264702178813,1.9886594624431044]]","[1.0,1.0]","[7.18619170277207,3.9185512979825337]","[0.00020479907505904083,8.21745262732697e-05]","[0.23882644397241098,0.01621373921494793]","[0.23882644419316892,0.016213739228745302]","[[0.2646413766675525,0.21301151094613252],[0.0186420028615329,0.013785475409693188]]","[[0.2646413766675525,0.21301151072537458],[0.0186420028615329,0.013785475533869532]]","[[0.5136516782972548,0.4606959526185636],[0.13618341551886665,0.11703296485874388]]","[[1.0,1.0],[1.0,1.0]]","[[3.937446442356816,3.2392367186369717],[1.9250438036742035,1.999075840137623]]","[1.0,1.0]","[7.142244427292435,3.9233847229569045]","[null,null]"
stagewise_residual_simvq_k4x4-2x2_rate047-20260802-224823,172,0.01558239,0.08215454,0.09773693,0.01658150,0.08541213,23.85005614,0.92451305,0.01624328,0,Phase3-微调,1.000000,1.00000000,7.19649755,4608,0.0703125000,0.0468750000,2.5e-05,"[0.2455211977991793,0.017373331380939043]","[0.24552119801993724,0.017373331394736412]","[[0.2718060053884983,0.21923638866455467],[0.01988797219194196,0.014858690464731168]]","[[0.2718060053884983,0.2192363888853126],[0.01988797219194196,0.014858690488876568]]","[[0.520278556920864,0.4670728278380853],[0.14039760066403284,0.1212122483799855]]","[[1.0,1.0],[1.0,1.0]]","[[3.9375845193862915,3.276777609630867],[1.9282131049368116,1.9848041267306715]]","[1.0,1.0]","[7.183576145878544,3.9124688139668216]","[0.00021029229742621452,9.090011780480617e-05]","[0.2540302946611687,0.019288509628838962]","[0.2540302946611687,0.019288509608142906]","[[0.2803585559129715,0.22770202789041732],[0.02202074633980239,0.016556272876483424]]","[[0.2803585559129715,0.22770202822155422],[0.02202074633980239,0.016556272841989995]]","[[0.5286609861585829,0.47629664098774943],[0.14800080298273652,0.12823515860018908]]","[[1.0,1.0],[1.0,1.0]]","[[3.9402865833706326,3.2993596500820583],[1.9081609628818654,1.9989848066259313]]","[1.0,1.0]","[7.210832267337375,3.906045193142361]","[null,null]"
stagewise_residual_simvq_k4x4-2x2_rate047-20260802-224823,173,0.01555150,0.08168803,0.09723953,0.01645938,0.08571281,23.88225043,0.92414458,0.01624328,0,Phase3-微调,1.000000,1.00000000,7.39524889,4608,0.0703125000,0.0468750000,2.5e-05,"[0.24458900381017615,0.016812690897603278]","[0.2445890037825814,0.01681269093382138]","[[0.2708571433745049,0.218320862893705],[0.01931142899621692,0.014313952704132707]]","[[0.2708571433745049,0.21832086278332605],[0.01931142899621692,0.014313952745524822]]","[[0.5194408186055995,0.4661689497254513],[0.1384056955024048,0.11904047174310242]]","[[1.0,1.0],[1.0,1.0]]","[[3.935491462548574,3.2825617304554693],[1.9339743424344946,1.9870689932946806]]","[1.0,1.0]","[7.1879868904749555,3.9205864791516905]","[0.00020890874376938747,8.823724539508005e-05]","[0.25793148279190065,0.01634951626399049]","[0.2579314825711427,0.01634951621569969]","[[0.2847277205299448,0.23113524251514012],[0.018832126915178916,0.01386690553691652]]","[[0.2847277205299448,0.2311352421840032],[0.018832126915178916,0.013866905495524407]]","[[0.532681671778361,0.4797812051243252],[0.13688536407770935,0.11738819375082299]]","[[1.0,1.0],[1.0,1.0]]","[[3.9377092096540665,3.2609419963977957],[1.9030380664048372,1.9992640159748218]]","[1.0,1.0]","[7.166367255316841,3.9010688128294766]","[null,null]"
stagewise_residual_simvq_k4x4-2x2_rate047-20260802-224823,174,0.01567692,0.08297141,0.09864833,0.01644791,0.09216868,23.89672456,0.92526083,0.01624328,0,Phase3-微调,1.000000,1.00000000,7.54383956,4608,0.0703125000,0.0468750000,2.5e-05,"[0.24824865327941048,0.017259865462848984]","[0.24824865319662623,0.0172598654559503]","[[0.27466954213601574,0.22182776260155218],[0.019799093834848867,0.014720636956324732]]","[[0.27466954213601574,0.22182776276712066],[0.019799093834848867,0.014720636954600061]]","[[0.5230197961683627,0.46983517811254216],[0.1401117014526217,0.12067110584013992]]","[[1.0,1.0],[1.0,1.0]]","[[3.93537717571965,3.2817485716607835],[1.912226661267104,1.9895562136614764]]","[1.0,1.0]","[7.187007222352205,3.90090704758962]","[0.00021873424185388205,8.336475976075572e-05]","[0.2762807410072397,0.018659019401227987]","[0.2762807408968608,0.018659019352937185]","[[0.3038353337181939,0.24872614807552762],[0.02135560241424375,0.015962436119163478]]","[[0.3038353337181939,0.24872614829628556],[0.02135560241424375,0.015962436043277933]]","[[0.55033531387647,0.4977925192426752],[0.1457581651431543,0.1259344195878064]]","[[1.0,1.0],[1.0,1.0]]","[[3.935885508855184,3.3358831458621556],[1.9292505935386375,1.9913113355636596]]","[1.0,1.0]","[7.24657239207515,3.9200387142322684]","[null,null]"
stagewise_residual_simvq_k4x4-2x2_rate047-20260802-224823,175,0.01554900,0.08220955,0.09775855,0.01631336,0.07924878,23.92323003,0.92487321,0.01624328,0,Phase3-微调,1.000000,1.00000000,7.43909905,4608,0.0703125000,0.0468750000,2.5e-05,"[0.24596504088905122,0.0171055201837724]","[0.24596504077867226,0.01710552021654116]","[[0.27213026900534276,0.2197998111170751],[0.019620412839921535,0.01459062754659465]]","[[0.27213026900534276,0.2197998111722646],[0.019620412839921535,0.014590627575914065]]","[[0.5206953724777257,0.4677841745041035],[0.13950812980808594,0.12018550551599927]]","[[1.0,1.0],[1.0,1.0]]","[[3.9355625245306225,3.2752437406116064],[1.9319710186234227,1.9859785936496877]]","[1.0,1.0]","[7.180073965920342,3.917469818945284]","[0.00020532711195873736,8.778846612484712e-05]","[0.23399635950724285,0.01959973143896571]","[0.23399635950724285,0.019599731425168337]","[[0.25949793535250204,0.20849478277895186],[0.02243964084320598,0.016759821855359607]]","[[0.25949793535250204,0.20849478189592008],[0.02243964084320598,0.01675982188295435]]","[[0.5086620249130108,0.45580702401973583],[0.14932657425050383,0.12893445745662407]]","[[1.0,1.0],[1.0,1.0]]","[[3.9399956420615867,3.29166164221587],[1.9310912547288117,1.985745754065337]]","[1.0,1.0]","[7.202169291178385,3.916418366962009]","[null,null]"
stagewise_residual_simvq_k4x4-2x2_rate047-20260802-224823,176,0.01558626,0.08257340,0.09815966,0.01620758,0.08673683,23.95403081,0.92508856,0.01620758,1,Phase3-微调,1.000000,1.00000000,7.39191604,4608,0.0703125000,0.0468750000,2.5e-05,"[0.246996761996437,0.0172381144568876]","[0.24699676235516865,0.017238114475858983]","[[0.27333891684258427,0.22065460516346824],[0.019760690087935438,0.014715538849985157]]","[[0.27333891684258427,0.22065460535663145],[0.019760690087935438,0.014715538875855229]]","[[0.5217974013200513,0.4686269141457699],[0.13995479044538958,0.12064429387726165]]","[[1.0,1.0],[1.0,1.0]]","[[3.9365718951931705,3.280266618728638],[1.9288966472502107,1.987346570138578]]","[1.0,1.0]","[7.186464817435653,3.915691235771886]","[0.00021319417940469942,8.968222718640054e-05]","[0.25865313366607384,0.018904713154942902]","[0.25865313366607384,0.018904713154942902]","[[0.2858540366093318,0.23145222785296263],[0.021728591269089118,0.016080834771747942]]","[[0.2858540366093318,0.23145222829447853],[0.021728591269089118,0.016080834771747942]]","[[0.5338120213261357,0.48019881358853095],[0.1469552567159688,0.12630391910120292]]","[[1.0,1.0],[1.0,1.0]]","[[3.9417653101461907,3.3164605741147644],[1.9526809983783298,1.9625797518977413]]","[1.0,1.0]","[7.230861352991175,3.915199617103294]","[null,null]"
stagewise_residual_simvq_k4x4-2x2_rate047-20260802-224823,177,0.01548735,0.08227743,0.09776478,0.01636281,0.08156748,23.90945476,0.92499590,0.01620758,0,Phase3-微调,1.000000,1.00000000,7.56087380,4608,0.0703125000,0.0468750000,2.5e-05,"[0.246199570071918,0.017088200132948934]","[0.24619957032027068,0.017088200131224262]","[[0.2724295376903481,0.2199696016256456],[0.01960737894254702,0.014569021262987345]]","[[0.2724295376903481,0.21996960165324034],[0.01960737894254702,0.014569021259538002]]","[[0.5209076947636074,0.4678861813964667],[0.13943289496280528,0.12005723676195851]]","[[1.0,1.0],[1.0,1.0]]","[[3.9368579237549395,3.2803239204265453],[1.933541609402056,1.9882831279878264]]","[1.0,1.0]","[7.186821244381092,3.921344252427419]","[0.00020745982778694102,8.718053606773739e-05]","[0.24379914127014302,0.0172168071968136]","[0.24379914160127994,0.01721680718301623]","[[0.2702278446268152,0.21737043758233388],[0.01987984594371584,0.014553768470607423]]","[[0.2702278446268152,0.21737043758233388],[0.01987984594371584,0.014553768449911365]]","[[0.5190451624216856,0.46538464073781616],[0.14065792864119564,0.12027206890009068]]","[[1.0,1.0],[1.0,1.0]]","[[3.93503854892872,3.3142719198156287],[1.9308965903741342,1.9993911513575802]]","[1.0,1.0]","[7.222296139045998,3.9296597639719644]","[null,null]"
stagewise_residual_simvq_k4x4-2x2_rate047-20260802-224823,178,0.01550533,0.08262187,0.09812719,0.01622262,0.08594661,23.94589846,0.92496090,0.01620758,0,Phase3-微调,1.000000,1.00000000,7.50032362,4608,0.0703125000,0.0468750000,2.5e-05,"[0.24734061804634552,0.017049351693303495]","[0.24734061829469822,0.017049351691578826]","[[0.27350304013601057,0.22117819548756987],[0.019580493765641693,0.014518209551978443]]","[[0.27350304013601057,0.22117819573592257],[0.019580493765641693,0.014518209527833042]]","[[0.521948563059171,0.46918884565432867],[0.13932697517728365,0.11984608452077265]]","[[1.0,1.0],[1.0,1.0]]","[[3.934848412319466,3.280450682286863],[1.93157830591555,1.987539443704817]]","[1.0,1.0]","[7.1850755197030525,3.918592223856184]","[0.00020960052530022546,8.826526884351754e-05]","[0.26067189309332106,0.014357258945151611]","[0.26067189276218417,0.014357258952050297]","[[0.2877449299450274,0.23359885657275165],[0.016651177178654407,0.012063340656459332]]","[[0.2877449299450274,0.23359885646237266],[0.016651177178654407,0.012063340670256703]]","[[0.5355700881392867,0.4824109212115959],[0.12871021799467228,0.1094892927341991]]","[[1.0,1.0],[1.0,1.0]]","[[3.9399048699273003,3.2973828386377404],[1.9026128230271515,1.992220358495359]]","[1.0,1.0]","[7.208306559809932,3.8937517219119604]","[null,null]"
stagewise_residual_simvq_k4x4-2x2_rate047-20260802-224823,179,0.01547137,0.08240329,0.09787466,0.01622672,0.08328800,23.94181604,0.92546022,0.01620758,0,Phase3-微调,1.000000,1.00000000,7.57486151,4608,0.0703125000,0.0468750000,2.5e-05,"[0.2467419997409538,0.016948531109287783]","[0.24674199985133277,0.01694853110756311]","[[0.27287615203747045,0.220607846175079],[0.01947158043169313,0.01442548169547485]]","[[0.27287615203747045,0.2206078459819158],[0.01947158043169313,0.01442548169547485]]","[[0.5213389566651097,0.4685698558886846],[0.13903584335413244,0.1195561724404494]]","[[1.0,1.0],[1.0,1.0]]","[[3.935445835855272,3.28272896916778],[1.9237612470432564,1.9868004037274254]]","[1.0,1.0]","[7.188147732063576,3.9099549849828086]","[0.00020770362792029993,8.568245362362682e-05]","[0.24914203540042595,0.017379549766580262]","[0.2491420363938367,0.01737954975968158]","[[0.2753535625007417,0.22293050896238398],[0.019991700992816025,0.014767398429965531]]","[[0.2753535625007417,0.22293051028693164],[0.019991700992816025,0.014767398409269474]]","[[0.5238968339231279,0.47124902650162026],[0.14102228741954875,0.12111589963789339]]","[[1.0,1.0],[1.0,1.0]]","[[3.9387245072258845,3.294610263683178],[1.9366192985464026,1.9962514082590739]]","[1.0,1.0]","[7.204206279472069,3.9323932894953977]","[null,null]"
stagewise_residual_simvq_k4x4-2x2_rate047-20260802-224823,180,0.01553203,0.08283842,0.09837045,0.01662335,0.08337062,23.84125324,0.92367096,0.01620758,0,Phase3-微调,1.000000,1.00000000,7.91366006,4608,0.0703125000,0.0468750000,2.5e-05,"[0.24810704897951197,0.016975898802694348]","[0.24810704922786467,0.016975898807868362]","[[0.27428099391637023,0.22193310293886398],[0.019509086490574257,0.014442711007884808]]","[[0.27428099391637023,0.2219331033527851],[0.019509086490574257,0.014442711018232836]]","[[0.5227794904399801,0.470079331099987],[0.13911226935408733,0.11957459725715495]]","[[1.0,1.0],[1.0,1.0]]","[[3.9366848287759004,3.2827487376001145],[1.9266544214001409,1.9876503560278151]]","[1.0,1.0]","[7.189314417485837,3.913740603570585]","[0.00020982184055524326,8.638263261336424e-05]","[0.24944037210058284,0.017345625865790578]","[0.249440371438309,0.01734562589338532]","[[0.2758344096166116,0.2230463343637961],[0.019937435930801762,0.01475381575938728]]","[[0.2758344096166116,0.2230463343637961],[0.019937435930801762,0.01475381575938728]]","[[0.5243603593773312,0.4713802701897091],[0.1407154721794305,0.12092544480606361]]","[[1.0,1.0],[1.0,1.0]]","[[3.937332531257912,3.2783791965908473],[1.9048344470836498,1.989475918699194]]","[1.0,1.0]","[7.1851525871841995,3.8933475335439045]","[null,null]"
stagewise_residual_simvq_k4x4-2x2_rate047-20260802-224823,181,0.01551751,0.08289347,0.09841098,0.01607105,0.08803191,23.98467269,0.92520124,0.01607105,1,Phase3-微调,1.000000,1.00000000,7.50969224,4608,0.0703125000,0.0468750000,2.5e-05,"[0.2482063691097277,0.0170527471833069]","[0.2482063692201067,0.017052747198828943]","[[0.274361040222424,0.2220516973623523],[0.019572154201429198,0.014533340056530304]]","[[0.274361040222424,0.22205169796943663],[0.019572154201429198,0.014533340072052345]]","[[0.5227426634894476,0.4700884078387861],[0.1392077129472185,0.11978639769885276]]","[[1.0,1.0],[1.0,1.0]]","[[3.9360573247626975,3.2779044102739405],[1.922962674608937,1.9864216870731777]]","[1.0,1.0]","[7.1834182633294,3.9087480116773534]","[0.00020983240226794602,9.095771793336435e-05]","[0.26403765435572024,0.01766444681281293]","[0.2640376533623095,0.017664446819711615]","[[0.2917273726728227,0.23634793361028036],[0.020201337503062355,0.01512755603288059]]","[[0.2917273726728227,0.23634793261686962],[0.020201337503062355,0.015127556053576645]]","[[0.539308899641037,0.4852932393550873],[0.14165643591571736,0.12246424633043784]]","[[1.0,1.0],[1.0,1.0]]","[[3.943513317461367,3.3402498775058325],[1.911260927164996,1.999286836164969]]","[1.0,1.0]","[7.258360311720106,3.9095156598974157]","[null,null]"
stagewise_residual_simvq_k4x4-2x2_rate047-20260802-224823,182,0.01551757,0.08317578,0.09869335,0.01646772,0.09610925,23.88255770,0.92550300,0.01607105,0,Phase3-微调,1.000000,1.00000000,7.51949527,4608,0.0703125000,0.0468750000,2.5e-05,"[0.2491957886075532,0.016966720584228084]","[0.2491957884695795,0.016966720573880056]","[[0.2755056333210733,0.222885941327722],[0.019496623471517253,0.014436817648648112]]","[[0.2755056333210733,0.22288594110696405],[0.019496623471517253,0.014436817653822126]]","[[0.5239258234699568,0.4710667287309965],[0.13908753130171034,0.11955386182224309]]","[[1.0,1.0],[1.0,1.0]]","[[3.9387423321052832,3.279936707902838],[1.916606526021604,1.9879542816568303]]","[1.0,1.0]","[7.188119300206503,3.903804433345795]","[0.00020509740756501237,8.039958738326849e-05]","[0.2900199263184159,0.01752965858689061]","[0.29001992642879487,0.01752965861448535]","[[0.31921899186240305,0.2608208579045755],[0.020192355269359218,0.0148669618078404]]","[[0.31921899186240305,0.2608208576838175],[0.020192355269359218,0.0148669618561312]]","[[0.5639107304590719,0.509527439099771],[0.1417100309221833,0.12151111121530886]]","[[1.0,1.0],[1.0,1.0]]","[[3.940553087658352,3.3611079657519305],[1.9136430899302164,1.999452993604872]]","[1.0,1.0]","[7.278242326665808,3.9121167059297917]","[null,null]"
stagewise_residual_simvq_k4x4-2x2_rate047-20260802-224823,183,0.01550058,0.08340115,0.09890172,0.01631892,0.08137172,23.91574678,0.92377114,0.01607105,0,Phase3-微调,1.000000,1.00000000,7.66518630,4608,0.0703125000,0.0468750000,2.5e-05,"[0.24965527405341467,0.01722839182001297]","[0.2496552738878462,0.017228391813114287]","[[0.27594369553305487,0.2233668512492268],[0.0197564453938631,0.014700338239264157]]","[[0.27594369553305487,0.2233668511664426],[0.0197564453938631,0.014700338234090143]]","[[0.5242944512654234,0.4715207373102506],[0.13999057855043145,0.12062791040926069]]","[[1.0,1.0],[1.0,1.0]]","[[3.9387543223522328,3.2828411221504212],[1.926389139007639,1.9876072316258042]]","[1.0,1.0]","[7.191337158944871,3.9134164863162573]","[0.00021130368628224393,8.789232078251424e-05]","[0.24242302466321874,0.01796646449300978]","[0.2424230252151136,0.01796646449300978]","[[0.2680523301716204,0.2167937187133012],[0.02056821892382922,0.015364710131177196]]","[[0.2680523301716204,0.21679371959633298],[0.02056821892382922,0.015364710082886396]]","[[0.5168924932126646,0.4647036402313798],[0.14295283831931926,0.12343698381273835]]","[[1.0,1.0],[1.0,1.0]]","[[3.9317220952775744,3.277751514646742],[1.9266628371344672,1.9912232902314928]]","[1.0,1.0]","[7.179329239880597,3.917306352544714]","[null,null]"
stagewise_residual_simvq_k4x4-2x2_rate047-20260802-224823,184,0.01547605,0.08359008,0.09906612,0.01600252,0.07886149,24.00244145,0.92512693,0.01600252,1,Phase3-微调,1.000000,1.00000000,7.39271564,4608,0.0703125000,0.0468750000,2.5e-05,"[0.2503486103205769,0.017139631785728315]","[0.2503486104861454,0.017139631799525684]","[[0.276515587253703,0.22418163140062933],[0.01967455143350418,0.01460471203447216]]","[[0.276515587253703,0.22418163181455047],[0.01967455143350418,0.014604712055168218]]","[[0.5247238305431825,0.4722570436420264],[0.1395538682187045,0.12005207519288416]]","[[1.0,1.0],[1.0,1.0]]","[[3.937078619003296,3.2809543719998113],[1.9221617857615152,1.9846453030904134]]","[1.0,1.0]","[7.187664062888534,3.90618359291995]","[0.00021016499004973514,8.886497462973003e-05]","[0.23776734217449472,0.01458942602492041]","[0.23776734294714752,0.014589426004224353]","[[0.2633679918668888,0.21216669193020574],[0.016789634760331223,0.01238921726881354]]","[[0.2633679918668888,0.21216669237172162],[0.016789634760331223,0.012389217227421425]]","[[0.5124193995087235,0.45978831737129777],[0.12914724581771428,0.11084954699984303]]","[[1.0,1.0],[1.0,1.0]]","[[3.9390361944834393,3.289440036703039],[1.9201294678228873,1.9750112074392814]]","[1.0,1.0]","[7.198840738225866,3.894700362947252]","[null,null]"
stagewise_residual_simvq_k4x4-2x2_rate047-20260802-224823,185,0.01547542,0.08345693,0.09893235,0.01596730,0.08284166,24.01107175,0.92544493,0.01596730,1,Phase3-微调,1.000000,1.00000000,7.54735833,4608,0.0703125000,0.0468750000,2.5e-05,"[0.2502733459075292,0.01678883652030318]","[0.2502733457971502,0.016788836501331793]","[[0.27638395950198175,0.2241627307401763],[0.019304360131974573,0.014273312863790327]]","[[0.27638395950198175,0.2241627303538499],[0.019304360131974573,0.014273312870689012]]","[[0.5246371917702534,0.47229139650309526],[0.1383468420693168,0.11881462095512284]]","[[1.0,1.0],[1.0,1.0]]","[[3.935260253040879,3.2835825818556326],[1.921491938387906,1.9857566720909543]]","[1.0,1.0]","[7.188908445393598,3.9066085356253164]","[0.00021642718187380255,8.70345854376932e-05]","[0.24867905974388121,0.016414265700236515]","[0.24867905886084946,0.016414265727831258]","[[0.27440587370483965,0.2229522434649644],[0.018942171286929536,0.013886360003164521]]","[[0.27440587370483965,0.2229522423611747],[0.018942171286929536,0.013886360044556635]]","[[0.5230035397741529,0.4712838777789363],[0.13727067002543697,0.11745416361976553]]","[[1.0,1.0],[1.0,1.0]]","[[3.9394341309865317,3.2808742311265733],[1.9180693811840481,1.99925014089655]]","[1.0,1.0]","[7.1898040771484375,3.9164439837137857]","[null,null]"
stagewise_residual_simvq_k4x4-2x2_rate047-20260802-224823,186,0.01544979,0.08344333,0.09889312,0.01671409,0.08809785,23.82579791,0.92412087,0.01596730,0,Phase3-微调,1.000000,1.00000000,7.56457112,4608,0.0703125000,0.0468750000,2.5e-05,"[0.250135084848713,0.016883586040111604]","[0.250135084848713,0.016883586041836277]","[[0.2762142364901525,0.22405593166196788],[0.01941690575848851,0.01435026625102317]]","[[0.2762142364901525,0.22405593196551005],[0.01941690575848851,0.014350266225153098]]","[[0.5245849187175433,0.47229258280109476],[0.1388387344777584,0.11925176059206327]]","[[1.0,1.0],[1.0,1.0]]","[[3.936058315965864,3.28333591443521],[1.9180851722205128,1.9846565882364908]]","[1.0,1.0]","[7.189368306265937,3.902032835395248]","[0.0002083826152321072,8.915780172510831e-05]","[0.2652915741558428,0.016621535312798287]","[0.2652915743766008,0.016621535354190402]","[[0.29257938100232017,0.23800376609519677],[0.019289992384060664,0.013953078158751683]]","[[0.29257938100232017,0.23800376620557573],[0.019289992384060664,0.013953078207042483]]","[[0.5400365094343821,0.48692695366011723],[0.1385235528703089,0.11772152025390555]]","[[1.0,1.0],[1.0,1.0]]","[[3.9465405110959653,3.307112450069851],[1.8941221316655477,1.9979284012759173]]","[1.0,1.0]","[7.225013135980677,3.890619088985302]","[null,null]"
stagewise_residual_simvq_k4x4-2x2_rate047-20260802-224823,187,0.01541451,0.08360306,0.09901757,0.01633165,0.08177759,23.91689960,0.92430218,0.01596730,0,Phase3-微调,1.000000,1.00000000,7.16610869,4608,0.0703125000,0.0468750000,2.5e-05,"[0.2503850815196832,0.017144717143296642]","[0.25038508187841485,0.017144717157094015]","[[0.27643488863552057,0.22433527410030366],[0.019667281581226874,0.014622152604473134]]","[[0.27643488863552057,0.2243352742106826],[0.019667281581226874,0.014622152626893863]]","[[0.524649226003223,0.4724292667375671],[0.13959713053924067,0.12023523808629424]]","[[1.0,1.0],[1.0,1.0]]","[[3.9369643617559364,3.282871679464976],[1.9182287156581879,1.9834188567267523]]","[1.0,1.0]","[7.1896422995461355,3.900976402671249]","[0.00020762853573951697,9.098844122692955e-05]","[0.2464178991538507,0.015270373590842441]","[0.2464178987123348,0.015270373618437184]","[[0.27215182218286726,0.2206839762352131],[0.01752352140567921,0.013017225665626702]]","[[0.27215182218286726,0.22068397590407618],[0.01752352140567921,0.013017225720816188]]","[[0.520818849404653,0.4688410657423514],[0.13197782784700393,0.11366434754044921]]","[[1.0,1.0],[1.0,1.0]]","[[3.94129671520657,3.2724456875412553],[1.9223185344978615,1.999060462139271]]","[1.0,1.0]","[7.18226946371573,3.920593966378106]","[null,null]"
stagewise_residual_simvq_k4x4-2x2_rate047-20260802-224823,188,0.01544854,0.08382763,0.09927617,0.01628045,0.08919388,23.93691143,0.92545308,0.01596730,0,Phase3-微调,1.000000,1.00000000,7.61770391,4608,0.0703125000,0.0468750000,2.5e-05,"[0.2512354259689649,0.01701300131260521]","[0.2512354262173176,0.017013001309155867]","[[0.27726358809956797,0.22520726331406168],[0.019513341846565405,0.01451266063032327]]","[[0.27726358809956797,0.2252072634520354],[0.019513341846565405,0.014512660645845311]]","[[0.5254074640296124,0.47330696350998347],[0.13909546452815885,0.11982952713690422]]","[[1.0,1.0],[1.0,1.0]]","[[3.935543229403319,3.2818794590455513],[1.9143338951799604,1.984636922677358]]","[1.0,1.0]","[7.187270614835951,3.8982033301282812]","[0.00021171472744080583,8.079216172013225e-05]","[0.2646834553391845,0.020736972201201652]","[0.26468345555994244,0.020736972159809536]","[[0.29179655501136076,0.23757035268677607],[0.023702258961620155,0.017771685268316004]]","[[0.29179655501136076,0.23757035379056576],[0.023702258961620155,0.01777168527521469]]","[[0.5393714522873914,0.48654748620810334],[0.15356554996084285,0.13288742519087263]]","[[1.0,1.0],[1.0,1.0]]","[[3.9423530613934554,3.330134473023591],[1.901536496480306,1.9988436743065163]]","[1.0,1.0]","[7.246294985877143,3.899117114808824]","[null,null]"
stagewise_residual_simvq_k4x4-2x2_rate047-20260802-224823,189,0.01539477,0.08367246,0.09906723,0.01646169,0.08985862,23.88268877,0.92314678,0.01596730,0,Phase3-微调,1.000000,1.00000000,7.76893449,4608,0.0703125000,0.0468750000,2.5e-05,"[0.25094283369404297,0.01680902976680685]","[0.25094283369404297,0.01680902977715488]","[[0.2768832741236245,0.22500239268497185],[0.019322270950026536,0.01429578851632498]]","[[0.2768832741236245,0.22500239254699814],[0.019322270950026536,0.01429578853012235]]","[[0.52516050244923,0.4732241184071258],[0.13845162721419776,0.11896849665100928]]","[[1.0,1.0],[1.0,1.0]]","[[3.9349730906663116,3.28274670486097],[1.9110536692319093,1.980671712204262]]","[1.0,1.0]","[7.187727034533466,3.8909500395810164]","[0.00020935158156337112,8.749258282073748e-05]","[0.2672617519343341,0.020285824086103174]","[0.26726175160319715,0.020285824099900547]","[[0.294477805936778,0.2400456948412789],[0.02312224759823746,0.01744940050498203]]","[[0.294477805936778,0.24004569451014202],[0.02312224759823746,0.01744940050498203]]","[[0.5418192263002749,0.48905410832828944],[0.1515247521577058,0.13149886031945546]]","[[1.0,1.0],[1.0,1.0]]","[[3.9387008172494395,3.3038661585913762],[1.9393377304077148,1.9970680899090236]]","[1.0,1.0]","[7.214289128338849,3.9359492231298376]","[null,null]"
stagewise_residual_simvq_k4x4-2x2_rate047-20260802-224823,190,0.01541410,0.08399578,0.09940988,0.01658087,0.08746396,23.86100780,0.92485979,0.01596730,0,Phase3-微调,1.000000,1.00000000,7.43564887,4608,0.0703125000,0.0468750000,2.5e-05,"[0.2518421270229198,0.016944372453899296]","[0.25184212729886724,0.016944372448725282]","[[0.2778752161120927,0.225809036857552],[0.019457051087239826,0.014431693824008107]]","[[0.2778752161120927,0.22580903721628365],[0.019457051087239826,0.01443169381366008]]","[[0.5261228954350506,0.47409507797824013],[0.13887377562070335,0.11946617766386933]]","[[1.0,1.0],[1.0,1.0]]","[[3.937728331265626,3.2840459876590304],[1.9169948756694795,1.9788826715063166]]","[1.0,1.0]","[7.191710529503999,3.8952378193537394]","[0.00020868869290064106,8.897758362191208e-05]","[0.26184526626710536,0.01803940442149286]","[0.2618452664878633,0.01803940445598629]","[[0.28840020387261,0.23529032479833673],[0.020726539153191777,0.015352269406947824]]","[[0.28840020387261,0.2352903250190947],[0.020726539153191777,0.015352269427643882]]","[[0.5361782987912496,0.4841596534958592],[0.14355859430851758,0.12346354143487083]]","[[1.0,1.0],[1.0,1.0]]","[[3.9437008010016545,3.31284622086419],[1.921197000256291,1.9942153286050868]]","[1.0,1.0]","[7.228676036552146,3.914698870976766]","[null,null]"
stagewise_residual_simvq_k4x4-2x2_rate047-20260802-224823,191,0.01540084,0.08395847,0.09935930,0.01619657,0.08343988,23.95456218,0.92564055,0.01596730,0,Phase3-微调,1.000000,1.00000000,7.63643521,4608,0.0703125000,0.0468750000,2.5e-05,"[0.25188586609783,0.016781228741079016]","[0.251885865987451,0.016781228739354344]","[[0.27790787468353906,0.22586385640833112],[0.019285691205274177,0.014276766204447658]]","[[0.27790787468353906,0.22586385635314166],[0.019285691205274177,0.014276766195824301]]","[[0.5261238049025889,0.4741222216023339],[0.13832268568652648,0.11888771393784771]]","[[1.0,1.0],[1.0,1.0]]","[[3.937327522701687,3.2847826498526116],[1.907535343920743,1.982776544270692]]","[1.0,1.0]","[7.192092064574913,3.8894483310204966]","[0.0002100085282614196,8.537820849259906e-05]","[0.25081851692111407,0.016189111989957317]","[0.2508185168107351,0.016189112010653373]","[[0.2765003056437881,0.22513672643237645],[0.018647905742680587,0.013730318168247187]]","[[0.2765003056437881,0.22513672709465027],[0.018647905742680587,0.013730318223436674]]","[[0.5250505010286967,0.4736517007704134],[0.1361410775670299,0.11672455375945126]]","[[1.0,1.0],[1.0,1.0]]","[[3.9414431978155067,3.2950885755044443],[1.9231600452352453,1.9979340791702271]]","[1.0,1.0]","[7.207198301951091,3.9203492093969277]","[null,null]"
stagewise_residual_simvq_k4x4-2x2_rate047-20260802-224823,192,0.01542588,0.08447985,0.09990573,0.01613409,0.09204940,23.97366340,0.92519606,0.01596730,0,Phase3-微调,1.000000,1.00000000,7.43077270,4608,0.0703125000,0.0468750000,2.5e-05,"[0.2533327831438294,0.017002734024491574]","[0.2533327831162347,0.017002734052086316]","[[0.27940806647141775,0.22725749948510418],[0.019544206445829736,0.0144612615013978]]","[[0.27940806647141775,0.22725749959548314],[0.019544206445829736,0.014461261522093857]]","[[0.5274885598708082,0.4755221015325299],[0.13920880605777106,0.11960938248645377]]","[[1.0,1.0],[1.0,1.0]]","[[3.9376215594786186,3.285728179525446],[1.9190697210806387,1.9845619610062353]]","[1.0,1.0]","[7.193395809774046,3.902957718460648]","[0.00021175959819056853,8.757898719893463e-05]","[0.2731356380162416,0.02142243274246101]","[0.27313563856813644,0.021422432770055753]","[[0.30078984278219717,0.24548143015967475],[0.024378031533625392,0.018466833882309772]]","[[0.30078984278219717,0.24548143060119063],[0.024378031533625392,0.018466833896107145]]","[[0.5477193810321667,0.4946952398176546],[0.15565812322828504,0.1353616854658833]]","[[1.0,1.0],[1.0,1.0]]","[[3.947189110296744,3.3304316308763293],[1.904810032138118,1.9993220982728181]]","[1.0,1.0]","[7.2510697859304925,3.902943821306582]","[null,null]"
stagewise_residual_simvq_k4x4-2x2_rate047-20260802-224823,193,0.01542823,0.08434863,0.09977686,0.01634870,0.09059480,23.92022408,0.92533512,0.01596730,0,Phase3-微调,1.000000,1.00000000,7.50554527,4608,0.0703125000,0.0468750000,2.5e-05,"[0.25296153006730254,0.016954096415321585]","[0.25296153012249206,0.0169540964204956]","[[0.2790130738582876,0.22690998539328575],[0.019473602526165822,0.014434590230316475]]","[[0.2790130738582876,0.22690998520012254],[0.019473602526165822,0.014434590219968447]]","[[0.5270847597055965,0.4751238873159444],[0.13895615279950477,0.1195157411335795]]","[[1.0,1.0],[1.0,1.0]]","[[3.938333945804172,3.289232611656189],[1.9126224798184854,1.985019185587212]]","[1.0,1.0]","[7.197877391179403,3.8968418805687515]","[0.00021201801455053673,8.582122437238232e-05]","[0.27076566031685584,0.019137688643402522]","[0.2707656599857189,0.01913768869859201]","[[0.2980314690757681,0.2434998494607431],[0.021977853078257153,0.01629752409816892]]","[[0.2980314690757681,0.2434998490192272],[0.021977853078257153,0.016297524174054463]]","[[0.5450542368270733,0.4925298995441861],[0.14788557980899458,0.12726701183451547]]","[[1.0,1.0],[1.0,1.0]]","[[3.941044176949395,3.3384496971412942],[1.8800292880446823,1.9836132923762004]]","[1.0,1.0]","[7.254117453539813,3.862187143608376]","[null,null]"
stagewise_residual_simvq_k4x4-2x2_rate047-20260802-224823,194,0.01531730,0.08430131,0.09961861,0.01633792,0.08273076,23.91394368,0.92367642,0.01596730,0,Phase3-微调,1.000000,1.00000000,7.39903987,4608,0.0703125000,0.0468750000,2.5e-05,"[0.2528964587935695,0.016867743803326177]","[0.2528964587935695,0.01686774378090545]","[[0.27881430699317544,0.22697861051117932],[0.019389994204458263,0.014345493369425337]]","[[0.27881430699317544,0.22697861059396354],[0.019389994204458263,0.014345493331482564]]","[[0.5268205753631062,0.47511545364503505],[0.13863529900985735,0.11910774222126713]]","[[1.0,1.0],[1.0,1.0]]","[[3.937907638814714,3.282650604954472],[1.9128172388783207,1.9832792363784932]]","[1.0,1.0]","[7.190292231241862,3.8953205656122276]","[0.00020786174696965005,8.664490914843218e-05]","[0.24791224819642527,0.01682617630533598]","[0.24791224830680422,0.016826176332930723]","[[0.2736184079338003,0.22220608746563947],[0.01928555919892258,0.014366793308269095]]","[[0.2736184079338003,0.22220608713450254],[0.01928555919892258,0.014366793328965151]]","[[0.5222644481394026,0.4705069488949246],[0.1384889692619995,0.11945678806967205]]","[[1.0,1.0],[1.0,1.0]]","[[3.9352512942420113,3.255829839353208],[1.897996143941526,1.9991233569604379]]","[1.0,1.0]","[7.158515015354863,3.8957607039698847]","[null,null]"
stagewise_residual_simvq_k4x4-2x2_rate047-20260802-224823,195,0.01539165,0.08484075,0.10023240,0.01611677,0.08279108,23.97762340,0.92559911,0.01596730,0,Phase3-微调,1.000000,1.00000000,7.65249031,4608,0.0703125000,0.0468750000,2.5e-05,"[0.2544578691047651,0.017032529258479676]","[0.2544578692427388,0.01703252924295763]","[[0.2803825064113847,0.22853323077714002],[0.019551964507748685,0.014513093822946152]]","[[0.2803825064113847,0.22853323058397682],[0.019551964507748685,0.014513093800525423]]","[[0.5285191771608811,0.4769735754088119],[0.13922116360454648,0.11981735730336772]]","[[1.0,1.0],[1.0,1.0]]","[[3.9368358806327537,3.2871660554850544],[1.9142633521998371,1.9837969539342104]]","[1.0,1.0]","[7.194291818583453,3.897297382796252]","[0.00021379992403025325,9.022780820857777e-05]","[0.24909034768740337,0.01584110735329213]","[0.2490903479081613,0.015841107387785557]","[[0.27492659389972685,0.22325409761181583],[0.018265517325037055,0.013416697312560346]]","[[0.27492659389972685,0.22325409717029995],[0.018265517325037055,0.013416697360851146]]","[[0.5234991563691034,0.47159996187245407],[0.13474942434717108,0.11540794642987075]]","[[1.0,1.0],[1.0,1.0]]","[[3.936983021983394,3.3009001784854464],[1.907293936058327,1.9942079800146597]]","[1.0,1.0]","[7.209474715480098,3.9004876419349954]","[null,null]"
stagewise_residual_simvq_k4x4-2x2_rate047-20260802-224823,196,0.01533465,0.08438090,0.09971554,0.01651544,0.08772961,23.87615743,0.92425905,0.01596730,0,Phase3-微调,1.000000,1.00000000,7.46333716,4608,0.0703125000,0.0468750000,2.5e-05,"[0.2533429755932755,0.01667589884147876]","[0.25334297556568075,0.016675898836304746]","[[0.2791621319397732,0.22752381935715676],[0.01915400917124417,0.01419778846859656]]","[[0.2791621319397732,0.22752381949513048],[0.01915400917124417,0.014197788447900503]]","[[0.5273317441896156,0.475888222069652],[0.1377480245574757,0.11844980778793494]]","[[1.0,1.0],[1.0,1.0]]","[[3.9362152907583448,3.2881664284953365],[1.9172881287557106,1.9862855584533126]]","[1.0,1.0]","[7.194825152997617,3.902860916102374]","[0.00020798141688121378,8.609272840153103e-05]","[0.26293890454151014,0.017795837311832992]","[0.2629389042103732,0.017795837360123794]","[[0.289261480834749,0.23661632813789227],[0.020410848940136256,0.015180825524859958]]","[[0.289261480834749,0.23661632736523946],[0.020410848940136256,0.015180825552454702]]","[[0.5370101226700676,0.4855621874332428],[0.14252036688504396,0.12283663644834801]]","[[1.0,1.0],[1.0,1.0]]","[[3.9421618161378085,3.3168931554864955],[1.926754395167033,1.9899207477216367]]","[1.0,1.0]","[7.231673816398338,3.916120903580277]","[null,null]"
stagewise_residual_simvq_k4x4-2x2_rate047-20260802-224823,197,0.01532688,0.08475102,0.10007790,0.01634182,0.08380998,23.91777705,0.92531771,0.01596730,0,Phase3-微调,1.000000,1.00000000,7.60771568,4608,0.0703125000,0.0468750000,2.5e-05,"[0.25428738527827793,0.016915876606341314]","[0.2542873853886569,0.016915876587369927]","[[0.2800752836521025,0.22849948524876876],[0.019448942171961622,0.014382811018300277]]","[[0.2800752836521025,0.228499485331553],[0.019448942171961622,0.01438281097345882]]","[[0.5281424108478758,0.47685183623322736],[0.13880679672239005,0.11922041564076036]]","[[1.0,1.0],[1.0,1.0]]","[[3.9376224840128864,3.284942001325113],[1.9025867846277025,1.9828536015969735]]","[1.0,1.0]","[7.192518583933512,3.8844591869248286]","[0.00021262777235177862,8.978381700015032e-05]","[0.2525441659821404,0.015647776680136168]","[0.2525441658717615,0.01564777672842697]","[[0.2785877271934792,0.2265006039981489],[0.017970982180149468,0.0133245712629071]]","[[0.2785877271934792,0.22650060443966477],[0.017970982180149468,0.013324571290501842]]","[[0.5269788466118001,0.4750302016735077],[0.13369279056787492,0.1150587499693588]]","[[1.0,1.0],[1.0,1.0]]","[[3.9406544031920254,3.3113059644345886],[1.8715279543841328,1.976427067650689]]","[1.0,1.0]","[7.224196525856301,3.8464522061524566]","[null,null]"
stagewise_residual_simvq_k4x4-2x2_rate047-20260802-224823,198,0.01535578,0.08461220,0.09996798,0.01600811,0.08323077,24.00152930,0.92597056,0.01596730,0,Phase3-微调,1.000000,1.00000000,7.51953120,4608,0.0703125000,0.0468750000,2.5e-05,"[0.25404981589979597,0.016709221992641687]","[0.25404981667244875,0.016709221992641687]","[[0.27986940965056417,0.22823022209383823],[0.0192033266234729,0.014215117302309307]]","[[0.27986940965056417,0.22823022314243846],[0.0192033266234729,0.014215117307483323]]","[[0.5279165554377768,0.4765385463833809],[0.13794869041001356,0.11854057415492004]]","[[1.0,1.0],[1.0,1.0]]","[[3.9374666112440604,3.287287299721329],[1.902439643939336,1.9808211019745579]]","[1.0,1.0]","[7.194937258296543,3.8822865124101993]","[0.00021308681917381128,8.666378603434336e-05]","[0.25239545901616417,0.013943004173537095]","[0.25239545967843796,0.013943004159739723]","[[0.2784965964379134,0.22629432402275226],[0.016115672368970182,0.011770335926363866]]","[[0.2784965964379134,0.22629432325009946],[0.016115672368970182,0.011770335936711894]]","[[0.5269279661001982,0.47485275334782073],[0.12657190561294557,0.10808891637457742]]","[[1.0,1.0],[1.0,1.0]]","[[3.9465375158521865,3.3123786308147287],[1.9310071300577234,1.993652845312048]]","[1.0,1.0]","[7.2307742578011975,3.924125874484027]","[null,null]"
stagewise_residual_simvq_k4x4-2x2_rate047-20260802-224823,199,0.01528144,0.08441178,0.09969322,0.01644504,0.08321387,23.88363654,0.92399099,0.01596730,0,Phase3-微调,1.000000,1.00000000,8.00323667,4608,0.0703125000,0.0468750000,2.5e-05,"[0.25341751821063185,0.016700175846064532]","[0.25341751821063185,0.016700175851238546]","[[0.27929097518876744,0.2275440592456747],[0.019202928909066098,0.014197422772714937]]","[[0.27929097518876744,0.22754405908010625],[0.019202928909066098,0.014197422786512308]]","[[0.527548714865137,0.47601048449675243],[0.13800188995621823,0.11853239569399092]]","[[1.0,1.0],[1.0,1.0]]","[[3.9382226732042103,3.285839513937632],[1.9084356372003202,1.9804763460600818]]","[1.0,1.0]","[7.194106003973219,3.888109877815953]","[0.000208517444843892,8.566199378576668e-05]","[0.25012627056351416,0.016158101687000857]","[0.25012627133616694,0.0161581016663048]","[[0.27552983429696826,0.22472270550551238],[0.01859851422271243,0.013717688985720828]]","[[0.27552983429696826,0.22472270683006004],[0.01859851422271243,0.013717688958126086]]","[[0.5240338650014665,0.4731108312253599],[0.13596864695902225,0.11668584595123926]]","[[1.0,1.0],[1.0,1.0]]","[[3.937340162418507,3.2577923968986227],[1.8743669580530238,1.9607837129522252]]","[1.0,1.0]","[7.162557644314236,3.834104495578342]","[null,null]"
stagewise_residual_simvq_k4x4-2x2_rate047-20260802-224823,200,0.01531673,0.08463908,0.09995582,0.01655840,0.09023735,23.86653754,0.92541846,0.01596730,0,Phase3-微调,1.000000,1.00000000,7.45273452,4608,0.0703125000,0.0468750000,1.25e-05,"[0.2541095810631911,0.01673547989792294]","[0.2541095809252174,0.016735479894473597]","[[0.27992609283990333,0.22829306718927841],[0.019225117916034328,0.014245841814274037]]","[[0.27992609283990333,0.22829306713408895],[0.019225117916034328,0.014245841821172722]]","[[0.5280050236317847,0.476635060818107],[0.13809100363265586,0.11874395552332755]]","[[1.0,1.0],[1.0,1.0]]","[[3.937228748091945,3.285561309478901],[1.9163702011108399,1.98079810473654]]","[1.0,1.0]","[7.192850759294298,3.8964831520009926]","[0.00021052631750030236,8.632943785145201e-05]","[0.26931970461651134,0.019439824753337435]","[0.2693197041749954,0.019439824718844007]","[[0.2963120660296193,0.24232733757407576],[0.02220574273141446,0.01667390669937487]]","[[0.2963120660296193,0.24232733757407576],[0.02220574273141446,0.016673906657982757]]","[[0.543498647875256,0.49136624225863706],[0.14856302015207432,0.12862171646621492]]","[[1.0,1.0],[1.0,1.0]]","[[3.9417006898809364,3.335910341474745],[1.885143671212373,1.9954590382399382]]","[1.0,1.0]","[7.2519717322455515,3.878989714163321]","[null,null]"
