run_id,epoch,train_recon,train_vq,train_total,val_recon,val_vq,val_psnr,val_ms_ssim,best_val_recon,is_best,phase,channel_prob,channel_usage_ratio,mean_channel_snr,source_bits_per_image,source_bpp,transmission_ratio,learning_rate,train_rq_codebook_loss_per_scale,train_rq_commitment_loss_per_scale,train_rq_codebook_per_depth,train_rq_commitment_per_depth,train_rq_residual_norm_per_depth,train_rq_usage_per_depth,train_rq_perplexity_per_depth,train_rq_aggregate_usage_per_scale,train_rq_aggregate_perplexity_per_scale,train_rq_projection_grad_norm_per_scale,val_rq_codebook_loss_per_scale,val_rq_commitment_loss_per_scale,val_rq_codebook_per_depth,val_rq_commitment_per_depth,val_rq_residual_norm_per_depth,val_rq_usage_per_depth,val_rq_perplexity_per_depth,val_rq_aggregate_usage_per_scale,val_rq_aggregate_perplexity_per_scale,val_rq_projection_grad_norm_per_scale
residual_simvq_k16-4_d2-2_rate094-20260726-215551,1,0.57654013,0.07059541,0.64713554,0.05999646,0.02393365,18.47882129,0.80328185,0.05999646,1,Phase1-拓荒,0.000000,0.00000000,,9216,0.1406250000,0.0937500000,5e-05,"[0.17830385524365638,0.023800733112902553]","[0.17830385536783272,0.023800733062887082]","[[0.20407356422532488,0.15253414592395226],[0.025763898261788265,0.02183756774843291]]","[[0.20407356422532488,0.15253414592395226],[0.025763898261788265,0.021837567625118903]]","[[0.4379262531797091,0.37219057439102066],[0.132103502612423,0.1190074103573958]]","[[0.9913194444444444,1.0],[0.999537037037037,0.999537037037037]]","[[6.390432507903488,11.029107249224628],[3.663103774521086,2.621357684665256]]","[1.0,1.0]","[9.503125010154866,3.533269519496847]","[0.0029564936791926072,0.0011495216859017362]","[0.06552886496539469,0.005529408032695453]","[0.06552886488261046,0.0055294080188980806]","[[0.08392094003933448,0.04713678997423914],[0.00690560907608381,0.004153206930668266]]","[[0.08392094003933448,0.04713678975348119],[0.00690560907608381,0.004153206930668266]]","[[0.2894695931010776,0.21683913204405042],[0.08303724080324174,0.06440568701536567]]","[[1.0,1.0],[1.0,1.0]]","[[8.667832243884051,13.244044982062446],[3.752037740636755,2.158848575309471]]","[1.0,1.0]","[12.916302045186361,3.3356387986077203]","[null,null]"
residual_simvq_k16-4_d2-2_rate094-20260726-215551,2,0.05886666,0.02707134,0.08593799,0.10825300,0.03327898,15.69441240,0.76503903,0.05999646,0,Phase1-拓荒,0.000000,0.00000000,,9216,0.1406250000,0.0937500000,5e-05,"[0.07512119332397425,0.005753541202284396]","[0.07512119334467031,0.00575354120142206]","[[0.09574326926635371,0.05449911652615777],[0.007506400944354633,0.004000681418390876]]","[[0.09574326926635371,0.054499116608941994],[0.007506400944354633,0.004000681421840219]]","[[0.30817847958317507,0.2322370041851644],[0.08607969648308224,0.0630923955735785]]","[[1.0,0.9998842592592593],[0.9990740740740741,0.975462962962963]]","[[10.454970700652511,12.174018363599425],[3.752786964840359,2.1100382698906794]]","[1.0,0.9990740740740741]","[14.047836909470735,3.3145475811428495]","[0.000647801368204118,0.00021403840108649564]","[0.09024993495808707,0.008121400374781202]","[0.09024993517884501,0.008121400367882517]","[[0.12649660761709566,0.05400326122288351],[0.01181298833064459,0.004429812436164529]]","[[0.12649660761709566,0.05400326141604671],[0.01181298833064459,0.004429812432715187]]","[[0.3555950125058492,0.23231620347058332],[0.10861331759779541,0.0665414364249618]]","[[1.0,0.9949074074074075],[1.0,0.7592592592592593]]","[[10.754429661786114,10.990168437251338],[3.129481327975238,2.1331053451255517]]","[1.0,1.0]","[12.823654224254467,2.917988974959762]","[null,null]"
residual_simvq_k16-4_d2-2_rate094-20260726-215551,3,0.04532070,0.02382541,0.06914611,0.03292170,0.02295548,20.89006925,0.86502199,0.03292170,1,Phase1-拓荒,0.000000,0.00000000,,9216,0.1406250000,0.0937500000,5e-05,"[0.0660066616617971,0.005117331384853633]","[0.06600666167559448,0.005117331384853633]","[[0.08566784438573652,0.04634547835836808],[0.0069585903297626865,0.003276072389066771]]","[[0.08566784438573652,0.04634547835836808],[0.0069585903297626865,0.003276072389066771]]","[[0.29182650869091353,0.2146278397904502],[0.08323919890379464,0.05712062862736207]]","[[1.0,0.9988425925925926],[1.0,0.9981481481481481]]","[[11.932675979755542,9.28298835489485],[3.822937840885586,2.0806651049190097]]","[1.0,1.0]","[13.52654791937934,3.3781518900835956]","[0.0004142574220841871,0.00014610655901681942]","[0.06521266627090949,0.004122434280536793]","[0.06521266627090949,0.00412243428916015]","[[0.08560943658705111,0.04481589498895186],[0.005765242374467629,0.002479626155561871]]","[[0.08560943658705111,0.044815894961357114],[0.005765242374467629,0.002479626171083914]]","[[0.29240076497749046,0.21154423389169905],[0.07591089242034488,0.04978831242080088]]","[[1.0,0.9888888888888889],[1.0,1.0]]","[[12.767615939952709,8.63749653145119],[3.844428805951719,2.054918016327752]]","[1.0,1.0]","[13.550759852374041,3.352561521530151]","[null,null]"
residual_simvq_k16-4_d2-2_rate094-20260726-215551,4,0.03764759,0.02316169,0.06080928,0.02996436,0.02542212,21.52189883,0.87747580,0.02996436,1,Phase1-拓荒,0.000000,0.00000000,,9216,0.1406250000,0.0937500000,5e-05,"[0.06459543271749107,0.00476098777855643]","[0.0645954327105924,0.004760987779418765]","[[0.08549629151821136,0.043694573558039136],[0.006837691740926217,0.0026842837795373743]]","[[0.08549629151821136,0.043694573509748334],[0.006837691740926217,0.002684283783417885]]","[[0.2919062520066897,0.20866434932858854],[0.08235901228531643,0.051717586118589946]]","[[1.0,0.9927083333333333],[1.0,0.9990740740740741]]","[[12.767301566512497,8.112365131907993],[3.8589719816490455,2.113177811216425]]","[1.0,1.0]","[13.31164772775438,3.401171291757513]","[0.0003094718206234069,0.0001537124909696609]","[0.071468661090842,0.004941062567134698]","[0.07146866114603148,0.004941062563685356]","[[0.09550556198314385,0.047431759039560956],[0.0068591072982936,0.00302301782735244]]","[[0.09550556198314385,0.04743175920512941],[0.0068591072982936,0.0030230178170044114]]","[[0.3088431665190944,0.21763895518249934],[0.08280128913897056,0.05497594103217125]]","[[1.0,0.9884259259259259],[1.0,1.0]]","[[13.071079755712438,8.092699386455395],[3.8867768817477755,2.0214736611754804]]","[1.0,1.0]","[13.577543180960197,3.333417488027502]","[null,null]"
residual_simvq_k16-4_d2-2_rate094-20260726-215551,5,0.03472198,0.02311728,0.05783926,0.02903172,0.02444884,21.71537937,0.88262753,0.02903172,1,Phase1-拓荒,0.000000,0.00000000,,9216,0.1406250000,0.0937500000,5e-05,"[0.06410795346040417,0.004933666950954056]","[0.06410795350869497,0.004933666953541063]","[[0.08562545326572878,0.04259045288932544],[0.007099712512421387,0.00276762137008417]]","[[0.08562545326572878,0.04259045299970442],[0.007099712512421387,0.002767621369221834]]","[[0.29221437948721424,0.2060935520739467],[0.08413811766163067,0.05256653360470578]]","[[1.0,0.9733796296296297],[1.0,1.0]]","[[13.23233887884352,7.294369807066741],[3.873628509927679,2.099020497887223]]","[1.0,1.0]","[13.057750926194368,3.4008050560951233]","[0.0002711689133893405,0.00015027684096114374]","[0.06915587653164511,0.004540209668791957]","[0.06915587664202408,0.004540209665342613]","[[0.09223426773592278,0.046077485216988456],[0.006514922477718857,0.0025654968477923563]]","[[0.09223426773592278,0.0460774852445832],[0.006514922477718857,0.0025654968477923563]]","[[0.3034682028823429,0.21446361387217486],[0.08070017596085867,0.05064744899670283]]","[[1.0,0.9541666666666667],[1.0,1.0]]","[[13.518822514569317,7.077608500586615],[3.8567013369666205,2.0481038067075943]]","[1.0,1.0]","[13.059611920957211,3.3541188416657626]","[null,null]"
residual_simvq_k16-4_d2-2_rate094-20260726-215551,6,0.03367479,0.02289748,0.05657227,0.02499145,0.02165830,22.08272161,0.89033331,0.02499145,1,Phase1-拓荒,0.000000,0.00000000,,9216,0.1406250000,0.0937500000,5e-05,"[0.06370177403506305,0.004785087030311977]","[0.0637017740074683,0.004785087029449642]","[[0.0849604034865344,0.042443144024798166],[0.00694362957858377,0.0026265444643623023]]","[[0.0849604034865344,0.042443144024798166],[0.00694362957858377,0.0026265444634999665]]","[[0.2910195638184194,0.20570007512966793],[0.08309846041655099,0.05119315538279436]]","[[1.0,0.9398148148148148],[1.0,1.0]]","[[13.540061491507071,6.579175113748621],[3.8801397910824527,2.1082609518810553]]","[1.0,1.0]","[12.702724497406571,3.406824249691433]","[0.00025527835489440434,0.00016672967669566989]","[0.06062765560216374,0.00433945278464644]","[0.06062765546419002,0.004339452777747755]","[[0.08065803906431905,0.040597271891655747],[0.006248253252771166,0.002430652319971058]]","[[0.08065803906431905,0.04059727183646626],[0.006248253252771166,0.0024306523216957297]]","[[0.28380479481485155,0.20133426354991066],[0.07903091007912601,0.049297827785765684]]","[[1.0,0.9208333333333333],[1.0,1.0]]","[[13.606649822658962,6.254147819236473],[3.880348147286309,2.056554443747909]]","[1.0,1.0]","[12.457377532676414,3.3311289575364853]","[null,null]"
residual_simvq_k16-4_d2-2_rate094-20260726-215551,7,0.03094781,0.02269016,0.05363797,0.02427891,0.02414520,22.35855003,0.89838968,0.02427891,1,Phase1-拓荒,0.000000,0.00000000,,9216,0.1406250000,0.0937500000,5e-05,"[0.0631828635931015,0.004712828128874578]","[0.06318286353101334,0.0047128281297369136]","[[0.08408452661501037,0.04228119990891881],[0.0067871949178408145,0.0026384613041214094]]","[[0.08408452661501037,0.04228119980543852],[0.0067871949178408145,0.002638461305414913]]","[[0.2895950059923861,0.2053491166068448],[0.08220832534134388,0.051286829318161364]]","[[1.0,0.9157407407407407],[1.0,1.0]]","[[13.673628791173298,6.30635726098661],[3.9011748574398184,2.118003530414016]]","[1.0,1.0]","[12.556944440912318,3.4188176773212575]","[0.00022826992345572863,0.00017823745808898282]","[0.06847272956812823,0.004395962930801842]","[0.06847272962331771,0.004395962937700527]","[[0.09167576150761711,0.04526969702155502],[0.006197852551661156,0.0025940732840724567]]","[[0.09167576150761711,0.045269697076744504],[0.006197852551661156,0.002594073297869828]]","[[0.302536122224949,0.21257509390513102],[0.07871415377766998,0.050928189909016645]]","[[1.0,0.9175925925925926],[1.0,1.0]]","[[13.750937553688331,6.521323168719256],[3.8704675762741654,2.058504546130145]]","[1.0,1.0]","[12.8185282530608,3.3707136736975776]","[null,null]"
residual_simvq_k16-4_d2-2_rate094-20260726-215551,8,0.03059768,0.02355414,0.05415182,0.02468626,0.02470252,22.12093097,0.89378231,0.02427891,0,Phase1-拓荒,0.000000,0.00000000,,9216,0.1406250000,0.0937500000,5e-05,"[0.06529307966982877,0.005040084709913504]","[0.0652930797043222,0.005040084699996643]","[[0.08675827400551903,0.043827885127177946],[0.007204253395536432,0.0028759159958334983]]","[[0.08675827400551903,0.043827885127177946],[0.007204253395536432,0.0028759159928153236]]","[[0.294056669374307,0.20901049025080823],[0.08375139106754903,0.05276361258217582]]","[[1.0,0.9038194444444444],[1.0,0.9935185185185185]]","[[13.72586445455198,6.26386667534157],[3.881119672015861,2.1261831173190364]]","[1.0,1.0]","[12.562239011128744,3.4125826248416193]","[0.00023713226673188965,0.00022326970925119153]","[0.06874421498289815,0.0051519168402861665]","[0.06874421506568237,0.005151916823039452]","[[0.0911498095702242,0.04633861978848775],[0.007549646445032623,0.0027541871510308098]]","[[0.0911498095702242,0.04633862009202992],[0.007549646445032623,0.0027541871424074525]]","[[0.30167687248300623,0.21507540930200506],[0.08686829463199333,0.05247589647769928]]","[[1.0,0.9115740740740741],[1.0,1.0]]","[[13.796024237738715,6.314798884921604],[3.9155504173702664,2.1356951766543917]]","[1.0,1.0]","[12.69507248489945,3.4283346441056994]","[null,null]"
residual_simvq_k16-4_d2-2_rate094-20260726-215551,9,0.02900995,0.02380971,0.05281966,0.02525480,0.02432411,22.02273109,0.89735091,0.02427891,0,Phase1-拓荒,0.000000,0.00000000,,9216,0.1406250000,0.0937500000,5e-05,"[0.065197570628866,0.005496747320069483]","[0.065197570628866,0.005496747314895469]","[[0.08655638353968108,0.04383875728343372],[0.007593320886156074,0.003400173709572603]]","[[0.08655638353968108,0.04383875724204161],[0.007593320886156074,0.0034001737082790997]]","[[0.29378962605087844,0.20905387125633382],[0.08688988746316345,0.05793493903345532]]","[[1.0,0.8997685185185185],[1.0,1.0]]","[[13.755952072143554,6.1792265229754975],[3.9029112475889702,2.1174901454537003]]","[1.0,1.0]","[12.538379001617432,3.4218070414331225]","[0.00021595861221107446,0.00023503445503997175]","[0.06688150788346926,0.005477821444057756]","[0.06688150774549555,0.005477821450956441]","[[0.08849936580216443,0.045263649495663465],[0.007012956210032657,0.0039426866729088406]]","[[0.08849936580216443,0.045263649302500264],[0.007012956210032657,0.0039426866780828546]]","[[0.29729194596961694,0.21259757567335058],[0.0837121394497377,0.0627620148162047]]","[[1.0,0.8967592592592593],[1.0,1.0]]","[[13.775767623053657,6.217540801012958],[3.929964613031458,2.0922425711596455]]","[1.0,1.0]","[12.613902840790924,3.417780973293163]","[null,null]"
residual_simvq_k16-4_d2-2_rate094-20260726-215551,10,0.02763417,0.02459596,0.05223013,0.03057995,0.03384767,21.19140655,0.88472103,0.02427891,0,Phase1-拓荒,0.000000,0.00000000,,9216,0.1406250000,0.0937500000,5e-05,"[0.0668997086170647,0.005903675189862649]","[0.06689970867225417,0.005903675190724984]","[[0.0881981711420748,0.04560124546427418],[0.00806923894021936,0.003738111402856669]]","[[0.0881981711420748,0.04560124549186892],[0.00806923894021936,0.0037381113985449905]]","[[0.29663537564101045,0.21327766593959596],[0.08940763105120923,0.06067854981455538]]","[[1.0,0.8918981481481482],[1.0,1.0]]","[[13.756069245161834,6.12538358811979],[3.9345317072338526,2.1294649172712257]]","[1.0,1.0]","[12.519200932538068,3.4513686144793474]","[0.00020382112213863165,0.00023735975147347844]","[0.09178418003850514,0.008264188678866182]","[0.09178418020407358,0.008264188675416841]","[[0.11713022065383416,0.06643813997507095],[0.011952660446641622,0.004575716862799945]]","[[0.11713022065383416,0.06643814030620787],[0.011952660446641622,0.004575716855901259]]","[[0.34204435966632984,0.2575899230109321],[0.10913028380385152,0.0675627644415255]]","[[1.0,0.9226851851851852],[1.0,1.0]]","[[14.26260306040446,6.560935112282082],[3.9480910142262777,2.3724160777197945]]","[1.0,1.0]","[12.82692519293891,3.628488196267022]","[null,null]"
residual_simvq_k16-4_d2-2_rate094-20260726-215551,11,0.02686702,0.02527191,0.05213892,0.02272804,0.02436847,22.53220100,0.90738894,0.02272804,1,Phase1-拓荒,0.000000,0.00000000,,9216,0.1406250000,0.0937500000,5e-05,"[0.07003208198757083,0.005419008677859825]","[0.07003208199446952,0.005419008675272818]","[[0.09161052721794005,0.048453635963852756],[0.007562493119837233,0.0032755241798305954]]","[[0.09161052721794005,0.04845363593625802],[0.007562493119837233,0.0032755241819864347]]","[[0.30228788124190437,0.21979812447119643],[0.08655573773991179,0.05693668928687219]]","[[1.0,0.8931712962962963],[1.0,1.0]]","[[13.79517003165351,6.113747153458772],[3.9292105966144137,2.122640445055785]]","[1.0,1.0]","[12.513307507832845,3.454019378732752]","[0.00020840974494704925,0.00019938221914883426]","[0.06770560421325543,0.005136753911911337]","[0.0677056043236344,0.005136753905012652]","[[0.0880448055488092,0.04736640224302256],[0.007484430681776118,0.0027890770471896286]]","[[0.0880448055488092,0.047366402298212054],[0.007484430681776118,0.0027890770368416]]","[[0.2965058547479135,0.21746184086358106],[0.08649187987601316,0.052797494028453476]]","[[1.0,0.8902777777777777],[1.0,1.0]]","[[13.624751098067673,5.980853451622857],[3.857255711378875,2.1602397706773546]]","[1.0,1.0]","[12.365054702758789,3.502526631178679]","[null,null]"
residual_simvq_k16-4_d2-2_rate094-20260726-215551,12,0.02558408,0.02550159,0.05108567,0.02043730,0.02558439,22.97306887,0.91187956,0.02043730,1,Phase1-拓荒,0.000000,0.00000000,,9216,0.1406250000,0.0937500000,5e-05,"[0.07176816859455021,0.004918453341815621]","[0.07176816859455021,0.004918453341815621]","[[0.09292398180674624,0.050612354506221084],[0.006920262313171945,0.0029166443100957958]]","[[0.09292398180674624,0.05061235437514605],[0.006920262313171945,0.002916644312251635]]","[[0.3045009031339928,0.22470021206471655],[0.08306512353872811,0.05392714719529505]]","[[1.0,0.8939814814814815],[1.0,1.0]]","[[13.822310866249932,6.04527455524162],[3.9501071289733605,2.1295359505547418]]","[1.0,1.0]","[12.445545496764007,3.4660557702735617]","[0.00019615035424875614,0.00015343727542737421]","[0.07297330520771168,0.004448376288982453]","[0.07297330548365911,0.004448376278634425]","[[0.09386014667926011,0.052086463349836847],[0.006305213665796651,0.002591538850080084]]","[[0.09386014667926011,0.05208646362578427],[0.006305213665796651,0.0025915388483554124]]","[[0.30614786037692315,0.2280359654514878],[0.07938931733369828,0.05088991638686922]]","[[1.0,0.8953703703703704],[1.0,1.0]]","[[13.841217980561433,6.004038538756194],[3.9540470582467537,2.1049484464857313]]","[1.0,1.0]","[12.386935961688007,3.4556206473597775]","[null,null]"
residual_simvq_k16-4_d2-2_rate094-20260726-215551,13,0.02488767,0.02625121,0.05113888,0.02478021,0.02972099,22.28584625,0.90868989,0.02043730,0,Phase1-拓荒,0.000000,0.00000000,,9216,0.1406250000,0.0937500000,5e-05,"[0.0745902331063041,0.00470681622908968]","[0.07459023319598701,0.004706816228227345]","[[0.09557074254585637,0.053609722631948964],[0.006651446507829759,0.0027621859231860275]]","[[0.09557074254585637,0.053609722790618736],[0.006651446507829759,0.002762185918443181]]","[[0.30883741549871585,0.23128611674463306],[0.08143808627846065,0.05246405185510715]]","[[1.0,0.8924768518518519],[1.0,1.0]]","[[13.828591895986486,6.013276392442209],[3.957232547689367,2.1332755296318617]]","[1.0,1.0]","[12.40644605424669,3.4857050273153516]","[0.00019431064050607987,0.0001463715456608312]","[0.08481902480125428,0.005144072396473752]","[0.08481902480125428,0.005144072403372438]","[[0.10853414723166713,0.06110390143262016],[0.007293010968714953,0.0029951338242325517]]","[[0.10853414723166713,0.06110390140502541],[0.007293010968714953,0.0029951338242325517]]","[[0.3292145605440493,0.24698771083796467],[0.08538080740858008,0.054714315881331764]]","[[1.0,0.9203703703703704],[1.0,1.0]]","[[13.914883712485985,6.3793969189679185],[3.9519997526098183,2.1653873055069535]]","[1.0,1.0]","[12.833595424228244,3.5472524996157047]","[null,null]"
residual_simvq_k16-4_d2-2_rate094-20260726-215551,14,0.02403631,0.02738629,0.05142261,0.02036723,0.02764181,22.95562362,0.91338800,0.02036723,1,Phase1-拓荒,0.000000,0.00000000,,9216,0.1406250000,0.0937500000,5e-05,"[0.07816833208004634,0.004733900104528638]","[0.0781683320938437,0.004733900103666302]","[[0.09919272004454224,0.05714394352226346],[0.006673891107655234,0.002793909059147592]]","[[0.09919272004454224,0.057143943508466084],[0.006673891107655234,0.002793909060009928]]","[[0.3145999197606687,0.23874378841784266],[0.08158318087182663,0.052762751598600985]]","[[1.0,0.8987268518518519],[1.0,1.0]]","[[13.839426653473465,6.006352459059821],[3.963014002199526,2.1301620244979858]]","[1.0,1.0]","[12.404301092359756,3.4951492238927773]","[0.00019451882311571992,0.00013693408680545097]","[0.07939786502608547,0.004527968230346838]","[0.07939786497089597,0.00452796821999881]","[[0.10008046566336243,0.05871526361615569],[0.006410278404062545,0.0026456579945429606]]","[[0.10008046566336243,0.05871526367134518],[0.006410278404062545,0.0026456579824702606]]","[[0.316142420636283,0.2421281620308205],[0.08005076337743688,0.05142886911829313]]","[[1.0,0.8944444444444445],[1.0,1.0]]","[[13.929338829605667,5.996436440503156],[3.9679691085109003,2.148996029959785]]","[1.0,1.0]","[12.41317982143826,3.5341738118065726]","[null,null]"
residual_simvq_k16-4_d2-2_rate094-20260726-215551,15,0.02370980,0.02831814,0.05202794,0.01936267,0.02905942,23.19637274,0.91717496,0.01936267,1,Phase1-拓荒,0.000000,0.00000000,,9216,0.1406250000,0.0937500000,5e-05,"[0.08089325399724422,0.0048623957809198785]","[0.08089325392825736,0.004862395785231557]","[[0.101737414272847,0.06004909292829257],[0.006865702935977391,0.0028590885810209094]]","[[0.101737414272847,0.0600490929144952],[0.006865702935977391,0.0028590885857637557]]","[[0.3186314927207099,0.24474851398004427],[0.0827351183940967,0.053411883715954095]]","[[1.0,0.899537037037037],[1.0,1.0]]","[[13.8397229830424,5.994852436913384],[3.9662336071332294,2.1352059324582418]]","[1.0,1.0]","[12.396235349443224,3.5077164928118387]","[0.00019289157700970666,0.00013855677849211067]","[0.08153197737755599,0.005729085724386904]","[0.08153197765350342,0.005729085724386904]","[[0.10220314805154447,0.06086080617926739],[0.008186582289636136,0.0032715890953248297]]","[[0.10220314805154447,0.060860806427620075],[0.008186582289636136,0.0032715890832521297]]","[[0.31949405118271157,0.2465250042853532],[0.09046496853784279,0.057190739777353075]]","[[1.0,0.9055555555555556],[1.0,1.0]]","[[13.787726042005751,5.978471017766882],[3.9774455776921025,2.2413178461569325]]","[1.0,1.0]","[12.332582162927698,3.5767167162012172]","[null,null]"
residual_simvq_k16-4_d2-2_rate094-20260726-215551,16,0.02345283,0.02899530,0.05244813,0.01829961,0.02980464,23.42480281,0.91862792,0.01829961,1,Phase1-拓荒,0.000000,0.00000000,,9216,0.1406250000,0.0937500000,5e-05,"[0.08297522637165256,0.004904868293346631]","[0.08297522637165256,0.004904868300245316]","[[0.10371976803850244,0.062230684173603855],[0.006914780182005079,0.002894956357259717]]","[[0.10371976803850244,0.062230684201198594],[0.006914780182005079,0.002894956361140228]]","[[0.3217272885419704,0.24916613101959229],[0.08307791287424388,0.05376496259123087]]","[[1.0,0.9009259259259259],[1.0,1.0]]","[[13.844466792212593,5.99243346673471],[3.971970087510568,2.1297910023618627]]","[1.0,1.0]","[12.399704368026168,3.5215430939639054]","[0.00019592410166364128,0.00012904962002519623]","[0.08557039653813397,0.004902220079330382]","[0.08557039664851294,0.00490222007588104]","[[0.10660940894374141,0.06453138347025271],[0.006940614107858251,0.0028638260301064563]]","[[0.10660940894374141,0.06453138377379489],[0.006940614107858251,0.002863826021483099]]","[[0.3263010126573068,0.2538479015783027],[0.0832982795657935,0.05350884052890319]]","[[1.0,0.9055555555555556],[1.0,1.0]]","[[13.842784832142017,5.9769313529685695],[3.9676121446821426,2.1310201344666657]]","[1.0,1.0]","[12.37787979973687,3.5671567969852025]","[null,null]"
residual_simvq_k16-4_d2-2_rate094-20260726-215551,17,0.02497579,0.02989189,0.05486768,0.01825652,0.03195031,23.47788143,0.92120714,0.01825652,1,Phase1-拓荒,0.000000,0.00000000,,9216,0.1406250000,0.0937500000,5e-05,"[0.08544344661964311,0.005105294494165314]","[0.085443446578251,0.005105294495027651]","[[0.10667621175999994,0.06421068107916249],[0.007194705630859567,0.00301588333375683]]","[[0.10667621175999994,0.06421068113435198],[0.007194705630859567,0.0030158833290139836]]","[[0.3260684393622257,0.2529216684125088],[0.0847144030034542,0.054873314334286584]]","[[1.0,0.9076388888888889],[1.0,0.999537037037037]]","[[13.851312206409595,6.012374714568809],[3.9673284384939405,2.1276721428941796]]","[1.0,1.0]","[12.405423597053245,3.5212167731037844]","[0.00021626532896469277,0.00013119160885253223]","[0.09282571176687876,0.004707646745912454]","[0.09282571165649979,0.004707646739013769]","[[0.11497561755003753,0.07067580523866195],[0.006532509597363296,0.002882783878939571]]","[[0.11497561755003753,0.07067580504549874],[0.006532509597363296,0.002882783858243514]]","[[0.3388375295533074,0.2656230903334088],[0.08081257470228054,0.05368508801416114]]","[[1.0,0.9157407407407407],[1.0,1.0]]","[[13.949373209917987,6.11076594458686],[3.967324407012374,2.1017708972648337]]","[1.0,1.0]","[12.54419888390435,3.543660879135132]","[null,null]"
residual_simvq_k16-4_d2-2_rate094-20260726-215551,18,0.02254326,0.03051788,0.05306114,0.01831766,0.03247727,23.42733144,0.91848094,0.01825652,0,Phase1-拓荒,0.000000,0.00000000,,9216,0.1406250000,0.0937500000,5e-05,"[0.08736454397439956,0.005146328452112222]","[0.08736454389161534,0.005146328456423901]","[[0.10801865744094054,0.06671043020431643],[0.007204008889729502,0.0030886479649106387]]","[[0.10801865744094054,0.0667104299766598],[0.007204008889729502,0.0030886479709469885]]","[[0.3283066282117808,0.2579556026944408],[0.0847961459170889,0.05552358041620917]]","[[1.0,0.9045138888888888],[1.0,1.0]]","[[13.872279709356803,5.9591298624321265],[3.973181042406294,2.1264036606859276]]","[1.0,1.0]","[12.379962680957936,3.5352924466133118]","[0.0001915550914148938,0.00012063275457034319]","[0.09399120095703337,0.004968032575453873]","[0.09399120106741234,0.00496803257200453]","[[0.11607423065989106,0.07190817164050209],[0.006676011384223347,0.003260053720118271]]","[[0.11607423065989106,0.07190817161290734],[0.006676011384223347,0.003260053720118271]]","[[0.3404500643412272,0.26792448461055757],[0.08169578374535949,0.05709056597616938]]","[[1.0,0.913425925925926],[1.0,1.0]]","[[13.91248730553521,6.126971099994801],[3.9561620111818665,2.0910390271080863]]","[1.0,1.0]","[12.611409681814688,3.5083023901338932]","[null,null]"
residual_simvq_k16-4_d2-2_rate094-20260726-215551,19,0.02231662,0.03134294,0.05365956,0.01764993,0.03456843,23.59633394,0.92186609,0.01764993,1,Phase1-拓荒,0.000000,0.00000000,,9216,0.1406250000,0.0937500000,5e-05,"[0.08972106145487892,0.0052881755021021324]","[0.08972106139968943,0.005288175504689139]","[[0.11037216690127497,0.06906995553247354],[0.0073614166031971025,0.0032149343630643906]]","[[0.11037216690127497,0.06906995542209457],[0.0073614166031971025,0.0032149343665137334]]","[[0.3318900712110378,0.26249553961334404],[0.0857265788923811,0.05666748073503927]]","[[1.0,0.9034722222222222],[1.0,1.0]]","[[13.877715806607847,5.9598449283176],[3.969207445780436,2.122988087601132]]","[1.0,1.0]","[12.392902964132803,3.5379272125385426]","[0.00018937417367447375,0.00012469058527602572]","[0.10124165912469228,0.004688663846226754]","[0.10124165917988177,0.004688663849676097]","[[0.12366598745187124,0.07881733057675538],[0.006359859014412871,0.003017468622851151]]","[[0.12366598745187124,0.07881733052156589],[0.006359859014412871,0.0030174686366485227]]","[[0.35139316585328845,0.2804890124886124],[0.0797371299178512,0.05492579694147463]]","[[1.0,0.912962962962963],[1.0,1.0]]","[[14.0054237930863,6.134988371531168],[3.972521679489701,2.070149388136687]]","[1.0,1.0]","[12.595757187737359,3.500723529745031]","[null,null]"
residual_simvq_k16-4_d2-2_rate094-20260726-215551,20,0.02203976,0.03198950,0.05402927,0.01936201,0.02995647,23.17763293,0.91922774,0.01764993,0,Phase1-拓荒,0.000000,0.00000000,,9216,0.1406250000,0.0937500000,5e-05,"[0.09157301738030381,0.005396698688639811]","[0.0915730172837222,0.0053966986895021465]","[[0.11214801386274674,0.07099802059431871],[0.007450507282003484,0.0033428900340503015]]","[[0.11214801386274674,0.07099802051843317],[0.007450507282003484,0.0033428900331879657]]","[[0.33447613743720234,0.26606215944996586],[0.08624953332322616,0.057783273483316105]]","[[1.0,0.9037037037037037],[1.0,1.0]]","[[13.882621187633939,5.951907860791242],[3.9730926390047427,2.120899364683363]]","[1.0,1.0]","[12.384715399918733,3.554350627793206]","[0.0001875401432227119,0.00011140817971156341]","[0.08516651259528266,0.005347092335836755]","[0.08516651242971421,0.0053470923461847834]","[[0.10473350098839512,0.06559952315356997],[0.007393106297348385,0.003301078332933011]]","[[0.10473350098839512,0.06559952307078573],[0.007393106297348385,0.003301078341556368]]","[[0.3234061020391959,0.2559187564584944],[0.08597142188637345,0.05744953379034996]]","[[1.0,0.8962962962962963],[1.0,1.0]]","[[13.782560051812066,5.8993661032782665],[3.9740050792694093,2.1064835760328506]]","[1.0,1.0]","[12.330360221862794,3.5556154798578334]","[null,null]"
residual_simvq_k16-4_d2-2_rate094-20260726-215551,21,0.02442338,0.03281529,0.05723867,0.02288948,0.03097048,22.51185885,0.90455541,0.01764993,0,Phase2-退火(0%),0.000000,0.00000000,,9216,0.1406250000,0.0937500000,5e-05,"[0.09339328252330974,0.0058078204126407705]","[0.09339328245432288,0.005807820414365442]","[[0.11434357155252386,0.07244299318365477],[0.007958666819009792,0.0036569739506510947]]","[[0.11434357155252386,0.07244299319745214],[0.007958666819009792,0.0036569739480640877]]","[[0.3377124023106363,0.26875034656237673],[0.08883775393995974,0.060284302452648125]]","[[1.0,0.9020833333333333],[1.0,1.0]]","[[13.848348748242413,5.989915682651379],[3.968548352188534,2.1231242100397747]]","[1.0,1.0]","[12.417697920622649,3.564025228111832]","[0.00023231818222147586,0.00015266115749033849]","[0.08590619519904807,0.0065996757880957034]","[0.08590619525423757,0.006599675791545047]","[[0.10789138277371725,0.06392100776235263],[0.008974006440904405,0.004225345107692259]]","[[0.10789138277371725,0.06392100784513685],[0.008974006440904405,0.004225345121489631]]","[[0.3281722115145789,0.25255506093855257],[0.09471437500582801,0.06499691153014148]]","[[1.0,0.9060185185185186],[1.0,0.9981481481481481]]","[[13.880039229216399,6.0006372628388585],[3.985184007220798,2.0501235608701354]]","[1.0,1.0]","[12.417175801595052,3.5210584728806107]","[null,null]"
residual_simvq_k16-4_d2-2_rate094-20260726-215551,22,0.02181707,0.03221438,0.05403146,0.01752290,0.03298265,23.62712273,0.92326696,0.01752290,1,Phase2-退火(2%),0.000000,0.00000000,,9216,0.1406250000,0.0937500000,5e-05,"[0.09093688544299867,0.006125619058945665]","[0.0909368855257829,0.006125619059808]","[[0.11177639641143658,0.07009737445386471],[0.00826153494503901,0.003989703118094001]]","[[0.11177639641143658,0.07009737457114237],[0.00826153494503901,0.003989703114644659]]","[[0.3339871980525829,0.264415940090462],[0.09082614633220214,0.06312474669819629]]","[[1.0,0.9050925925925926],[1.0,1.0]]","[[13.860757903699522,5.976803210929588],[3.9697602651737354,2.1107581191592746]]","[1.0,1.0]","[12.385073984993829,3.5782791830875254]","[0.00018013108056038618,0.00013135092266801856]","[0.09436248789230982,0.005637973636664726]","[0.0943624876163624,0.005637973633215383]","[[0.11554244900191271,0.07318252686549116],[0.007666584342304203,0.0036093628792851057]]","[[0.11554244900191271,0.07318252647916476],[0.007666584342304203,0.0036093628689370773]]","[[0.33967496554056803,0.27029526355089967],[0.08754759463999007,0.06007283495532142]]","[[1.0,0.8962962962962963],[1.0,1.0]]","[[13.899716066431116,6.061671606699625],[3.975628474906639,2.0786206121797917]]","[1.0,1.0]","[12.49542864340323,3.5513536523889613]","[null,null]"
residual_simvq_k16-4_d2-2_rate094-20260726-215551,23,0.02403675,0.03212878,0.05616554,0.01740744,0.03175871,23.67164095,0.92468298,0.01740744,1,Phase2-退火(3%),0.000000,0.00000000,,9216,0.1406250000,0.0937500000,5e-05,"[0.09095049817804937,0.006031326660713939]","[0.09095049813665726,0.006031326665025618]","[[0.11226387913856241,0.06963711709335998],[0.00813192068512931,0.0039307325940441205]]","[[0.11226387913856241,0.06963711701057575],[0.00813192068512931,0.003930732593181784]]","[[0.33449505208819,0.2633368938885353],[0.09004254189354402,0.06265602487794779]]","[[1.0,0.9054398148148148],[1.0,1.0]]","[[13.857563444420144,6.043352942113523],[3.9654666238360936,2.1091107726097107]]","[1.0,1.0]","[12.445738467463741,3.5776091469658744]","[0.00022525009819084383,0.00012129732751620597]","[0.08999404311180115,0.005915510419894148]","[0.08999404305661166,0.005915510433691519]","[[0.11074662180962386,0.06924146408284151],[0.00785690025874862,0.003974120536198219]]","[[0.11074662180962386,0.06924146391727307],[0.00785690025874862,0.003974120556894276]]","[[0.3325593246353997,0.2629264352498231],[0.08862671885225508,0.06303537981929602]]","[[1.0,0.9032407407407408],[1.0,1.0]]","[[13.88034144507514,6.02463925326312],[3.9571194772367124,2.090535202732793]]","[1.0,1.0]","[12.447388253388581,3.5818106916215684]","[null,null]"
residual_simvq_k16-4_d2-2_rate094-20260726-215551,24,0.02093663,0.03276374,0.05370038,0.01747749,0.03343346,23.65277808,0.92590076,0.01740744,0,Phase2-退火(5%),0.000000,0.00000000,,9216,0.1406250000,0.0937500000,5e-05,"[0.09330476868759703,0.005917544825071538]","[0.09330476863240754,0.00591754482248453]","[[0.11414533194016527,0.07246420546262353],[0.007923554512672126,0.003911535110738542]]","[[0.11414533194016527,0.07246420546262353],[0.007923554512672126,0.003911535109445039]]","[[0.3375370134909948,0.2688908830009125],[0.08887948375885134,0.062497437441790545]]","[[1.0,0.8997685185185185],[1.0,1.0]]","[[13.868970660810117,6.008408851976748],[3.9561933698477567,2.0985331115899264]]","[1.0,1.0]","[12.430181575704504,3.5922518602123965]","[0.0001762721349088544,0.00011192511366162864]","[0.0941731764210595,0.006571226197950266]","[0.09417317658662797,0.0065712261945009235]","[[0.11544145031107797,0.07290490208952516],[0.008707975030497268,0.004434477355055235]]","[[0.11544145031107797,0.07290490219990413],[0.008707975030497268,0.0044344773343591775]]","[[0.3395623366038005,0.26981812704492497],[0.09330007135868072,0.06658436297266572]]","[[1.0,0.9060185185185186],[1.0,1.0]]","[[13.92467229631212,6.091387865278456],[3.9456888958259864,2.137770755202682]]","[1.0,1.0]","[12.54730519188775,3.6341226754365143]","[null,null]"
residual_simvq_k16-4_d2-2_rate094-20260726-215551,25,0.02088691,0.03304279,0.05392970,0.01817287,0.03370388,23.46337370,0.92339347,0.01740744,0,Phase2-退火(7%),0.000000,0.00000000,,9216,0.1406250000,0.0937500000,5e-05,"[0.09416054310622039,0.00598778386634809]","[0.0941605432441941,0.0059877838715221045]","[[0.11494734735676536,0.07337373882118199],[0.00798352374005373,0.003992043951681504]]","[[0.11494734735676536,0.07337373897985176],[0.00798352374005373,0.0039920439577178545]]","[[0.33870059389758994,0.2705491171942817],[0.08930392103890578,0.06316364670379294]]","[[1.0,0.9024305555555555],[1.0,1.0]]","[[13.891784551408556,6.016832719025788],[3.952830918629964,2.0915744410620793]]","[1.0,1.0]","[12.43949138323466,3.606106211962523]","[0.00017915311353270362,0.00010412349186447467]","[0.09689510398440891,0.005667582654428703]","[0.09689510409478788,0.005667582644080674]","[[0.11802219847838084,0.07576800968360017],[0.007637031155603903,0.0036981341222094167]]","[[0.11802219847838084,0.07576800979397914],[0.007637031155603903,0.003698134111861388]]","[[0.34332306098054954,0.2750498672326406],[0.08737761036113456,0.060805717165823336]]","[[1.0,0.9041666666666667],[1.0,1.0]]","[[13.917296402542679,6.055787022908529],[3.9304030948215063,2.099104838901096]]","[1.0,1.0]","[12.496122988948116,3.639233868210404]","[null,null]"
residual_simvq_k16-4_d2-2_rate094-20260726-215551,26,0.02053107,0.03351744,0.05404851,0.01790483,0.03035296,23.51828644,0.92161987,0.01740744,0,Phase2-退火(8%),0.000000,0.00000000,,9216,0.1406250000,0.0937500000,5e-05,"[0.09618922393355105,0.00577387516386807]","[0.0961892239059563,0.005773875163005734]","[[0.11705911370615164,0.07531933405747017],[0.007676460689658092,0.0038712896070339613]]","[[0.11705911370615164,0.07531933409196359],[0.007676460689658092,0.0038712896027222827]]","[[0.3417467893825637,0.27406567475861976],[0.08757325488108175,0.062201190381138416]]","[[1.0,0.8991898148148149],[1.0,1.0]]","[[13.89473980444449,6.03264353275299],[3.9486784987979466,2.093625945073587]]","[1.0,1.0]","[12.452132933228103,3.6164641190458227]","[0.00017805908230204498,0.00010087180229068811]","[0.08602805259051147,0.005792049163331588]","[0.086028052424943,0.005792049159882245]","[[0.10508916764347642,0.06696693704084114],[0.007827286746490884,0.0037568115387801772]]","[[0.10508916764347642,0.06696693690286742],[0.007827286746490884,0.003756811535330834]]","[[0.3239585479100545,0.25857522123389776],[0.08846001040052484,0.06128765711629832]]","[[1.0,0.8875],[1.0,1.0]]","[[13.81049211996573,5.85145913583261],[3.9517936565257883,2.0834855362221045]]","[1.0,1.0]","[12.256755080046478,3.6205536754043015]","[null,null]"
residual_simvq_k16-4_d2-2_rate094-20260726-215551,27,0.02060683,0.03388014,0.05448696,0.01720103,0.03391295,23.72769772,0.92720911,0.01720103,1,Phase2-退火(10%),0.000000,0.00000000,,9216,0.1406250000,0.0937500000,5e-05,"[0.0971649994176847,0.005921807128901559]","[0.09716499934869784,0.005921807132350901]","[[0.11795511854191622,0.0763748799968097],[0.007863664239886459,0.003979949979111552]]","[[0.11795511854191622,0.07637487996231626],[0.007863664239886459,0.003979949975662209]]","[[0.3430709512145431,0.2759902882355231],[0.08861429717529704,0.06305973155906906]]","[[1.0,0.9006944444444445],[1.0,1.0]]","[[13.90602151023017,6.031380211865461],[3.950047289442133,2.092872366640303]]","[1.0,1.0]","[12.455445024702284,3.6160211823604724]","[0.00018179393828850825,0.00010638313977459027]","[0.09695845754058273,0.0060857851058244705]","[0.09695845754058273,0.006085785095476442]","[[0.11770146351169657,0.07621545123833197],[0.00801498424951677,0.0041565859138413715]]","[[0.11770146351169657,0.07621545118314249],[0.00801498424951677,0.004156585906942686]]","[[0.3428345516875938,0.27584235579879196],[0.08951224988257443,0.06446500075636087]]","[[1.0,0.8986111111111111],[1.0,1.0]]","[[13.895914063630281,6.076512364987974],[3.948962903905798,2.092451062025847]]","[1.0,1.0]","[12.532026396857368,3.6191920580687347]","[null,null]"
residual_simvq_k16-4_d2-2_rate094-20260726-215551,28,0.14202722,0.03360529,0.17563251,0.01652477,0.03388839,23.88302214,0.92769951,0.01652477,1,Phase2-退火(12%),0.000000,0.00000000,,9216,0.1406250000,0.0937500000,5e-05,"[0.09511629115376208,0.006595027256170632]","[0.09511629125724236,0.006595027265656326]","[[0.11722071841359138,0.07301186346621424],[0.008777730059120114,0.004412324428644583]]","[[0.11722071841359138,0.07301186356969454],[0.008777730059120114,0.004412324434680933]]","[[0.33808356727714894,0.26499166472090613],[0.09312734305858612,0.06623223410160453]]","[[0.9996527777777777,0.9055555555555556],[1.0,0.999537037037037]]","[[13.783579713326914,6.0363903619624955],[3.9495147519641454,2.094597926846257]]","[0.9996527777777777,1.0]","[12.37590482323258,3.605760968614508]","[0.0003109427601615338,0.0001429310244862723]","[0.09725865131175077,0.005938508661670817]","[0.09725865125656127,0.005938508668569503]","[[0.11950837384771418,0.0750089284170557],[0.007881893517656459,0.00399512381085919]]","[[0.11950837384771418,0.07500892852743467],[0.007881893517656459,0.00399512383500459]]","[[0.345461842528096,0.27365847263071275],[0.0887672190312986,0.0632018627943816]]","[[1.0,0.9078703703703703],[1.0,1.0]]","[[13.997811331572356,6.1549760465268735],[3.9580583537066425,2.087722426873666]]","[1.0,1.0]","[12.611765974539297,3.6195292790730793]","[null,null]"
residual_simvq_k16-4_d2-2_rate094-20260726-215551,29,0.01993397,0.03275270,0.05268667,0.01682915,0.03472224,23.79689761,0.92612224,0.01652477,0,Phase2-退火(13%),0.000000,0.00000000,,9216,0.1406250000,0.0937500000,5e-05,"[0.09349699656444567,0.006059803078985877]","[0.09349699646786407,0.006059803086746898]","[[0.1144741874050211,0.07251980555830179],[0.00800627299963876,0.0041133331626446714]]","[[0.1144741874050211,0.07251980547551755],[0.00800627299963876,0.00411333316480051]]","[[0.33798355493280624,0.26894037262709053],[0.08943919528413702,0.0641195025846914]]","[[1.0,0.8984953703703704],[1.0,1.0]]","[[13.915685923894246,6.023987976710002],[3.9474643808824044,2.0873990381205525]]","[1.0,1.0]","[12.432942558217931,3.627276016606225]","[0.0001661577997395027,9.94632558946183e-05]","[0.10009876555866665,0.005899498056344412]","[0.10009876555866665,0.005899498073591127]","[[0.12183313584989972,0.07836439609527587],[0.007780345788018571,0.00401865030914821]]","[[0.12183313584989972,0.07836439587451793],[0.007780345788018571,0.004018650317771567]]","[[0.3487996657689412,0.27970242389926203],[0.08818974941968918,0.06338639455261054]]","[[1.0,0.8967592592592593],[1.0,1.0]]","[[13.990360938178169,6.1146631276166],[3.9422559261322023,2.07003324120133]]","[1.0,1.0]","[12.572145652770995,3.6384897002467405]","[null,null]"
residual_simvq_k16-4_d2-2_rate094-20260726-215551,30,0.02011980,0.03350071,0.05362052,0.01666199,0.03456510,23.83122169,0.92664045,0.01652477,0,Phase2-退火(15%),0.000000,0.00000000,,9216,0.1406250000,0.0937500000,5e-05,"[0.09573039452510851,0.006201017802339737]","[0.09573039449751378,0.0062010178040644084]","[[0.11657817992899153,0.07488260881768333],[0.008166250656358898,0.004235784919863498]]","[[0.11657817992899153,0.07488260881768333],[0.008166250656358898,0.0042357849233128405]]","[[0.34107419715987314,0.27329593665070007],[0.09032007729013761,0.06506401143140263]]","[[1.0,0.8984953703703704],[1.0,1.0]]","[[13.926967836309363,6.03421542291288],[3.9428656074735855,2.0836482171659116]]","[1.0,1.0]","[12.447425383108634,3.632929179845033]","[0.0001737946419274926,0.00010433082964785474]","[0.09917097019928472,0.0061823442854263165]","[0.09917097030966371,0.006182344281976973]","[[0.12003669203431518,0.07830524886095966],[0.008168866519850713,0.004195822054451262]]","[[0.12003669203431518,0.07830524913690708],[0.008168866519850713,0.0041958220372045486]]","[[0.3462220194163146,0.27960066817424917],[0.09036744441147204,0.06477008312940598]]","[[1.0,0.899074074074074],[1.0,1.0]]","[[13.865968690095125,6.052160810541223],[3.9362025967350713,2.0741057254649973]]","[1.0,1.0]","[12.466753571121782,3.63488450050354]","[null,null]"
residual_simvq_k16-4_d2-2_rate094-20260726-215551,31,0.01972117,0.03392872,0.05364989,0.01747867,0.03341975,23.66289948,0.92754107,0.01652477,0,Phase2-退火(17%),0.000000,0.00000000,,9216,0.1406250000,0.0937500000,5e-05,"[0.09721951789602086,0.00619220652927955]","[0.09721951796500772,0.00619220652927955]","[[0.11800741638850283,0.07643161911379408],[0.008135797523169053,0.004248615520730339]]","[[0.11800741638850283,0.07643161921037568],[0.008135797523169053,0.004248615523748514]]","[[0.3431677073792175,0.27611593341937773],[0.09015684094693925,0.06515753663110513]]","[[1.0,0.8979166666666667],[1.0,1.0]]","[[13.928188587118077,6.039863695038689],[3.932673218515184,2.0764188832706876]]","[1.0,1.0]","[12.450604648943301,3.646837693673593]","[0.0001721477654629982,9.730402098621534e-05]","[0.09535613595335572,0.006320212881460234]","[0.09535613611892417,0.006320212881460234]","[[0.116169606645902,0.07454266561954109],[0.008229458542471682,0.004410967210100757]]","[[0.116169606645902,0.07454266561954109],[0.008229458542471682,0.004410967230796814]]","[[0.3405908324100353,0.2727905485365126],[0.09070102390315797,0.06640810751252704]]","[[1.0,0.8944444444444445],[1.0,1.0]]","[[13.936562022456416,6.086927141966643],[3.8955683937779177,2.075254041177255]]","[1.0,1.0]","[12.5422583827266,3.6856305369624387]","[null,null]"
residual_simvq_k16-4_d2-2_rate094-20260726-215551,32,0.02388849,0.03312287,0.05701136,0.01650815,0.03382254,23.88246248,0.92857554,0.01650815,1,Phase2-退火(18%),0.000000,0.00000000,,9216,0.1406250000,0.0937500000,5e-05,"[0.09400266581387431,0.006600280112966343]","[0.09400266575868484,0.0066002801146910145]","[[0.11527808630080134,0.07272724524416306],[0.008632251521986392,0.004568308670315202]]","[[0.11527808630080134,0.07272724516827751],[0.008632251521986392,0.004568308673764544]]","[[0.33894946900782763,0.26897924672122353],[0.09261842259654292,0.0675028207677382]]","[[1.0,0.9061342592592593],[1.0,0.999537037037037]]","[[13.911642364219382,6.072701762340687],[3.9343769523832535,2.0811343912725095]]","[1.0,1.0]","[12.445872329782556,3.64563085326442]","[0.00020887893706795122,0.00011805220849594291]","[0.09623381219528339,0.006604580236253915]","[0.09623381219528339,0.006604580222456543]","[[0.11719869441456265,0.07526892912056711],[0.008555965111763389,0.004653195353845755]]","[[0.11719869441456265,0.07526892906537762],[0.008555965111763389,0.004653195336599041]]","[[0.3420937037026441,0.274114673225968],[0.09248119002139127,0.06820596914600444]]","[[1.0,0.9041666666666667],[1.0,1.0]]","[[13.919820990385833,6.067166409669099],[3.9046059838047733,2.0799550303706416]]","[1.0,1.0]","[12.47672065452293,3.685764863755968]","[null,null]"
residual_simvq_k16-4_d2-2_rate094-20260726-215551,33,0.01937475,0.03378378,0.05315853,0.01719282,0.03458188,23.75615448,0.92613949,0.01650815,0,Phase2-退火(20%),0.000000,0.00000000,,9216,0.1406250000,0.0937500000,5e-05,"[0.09681862141523097,0.006271927937416843]","[0.09681862129105462,0.006271927932242828]","[[0.11770734149548742,0.07592990132807581],[0.00814281767061739,0.0044010381619618445]]","[[0.11770734149548742,0.07592990110731787],[0.00814281767061739,0.004401038157650166]]","[[0.34272858572226983,0.27520950019911483],[0.09017982052432166,0.06631118938050888]]","[[1.0,0.8993055555555556],[1.0,0.9990740740740741]]","[[13.939003976186116,6.0519220193227135],[3.9154025638545003,2.0657263044957763]]","[1.0,1.0]","[12.464562184722336,3.6708777758810256]","[0.00016945921914291964,9.843393344016038e-05]","[0.09868771742891383,0.006652396234373251]","[0.09868771759448228,0.00665239624472128]","[[0.12023814745523312,0.07713728734740505],[0.008674775388229776,0.004630017080516727]]","[[0.12023814745523312,0.07713728767854196],[0.008674775388229776,0.004630017090864755]]","[[0.3464924565067998,0.2774853738369765],[0.09312089218033684,0.06803507368873667]]","[[1.0,0.9023148148148148],[1.0,1.0]]","[[13.963642176875362,6.1344176398383246],[3.90843836289865,2.0656813427254006]]","[1.0,1.0]","[12.557077852884929,3.659089837250886]","[null,null]"
residual_simvq_k16-4_d2-2_rate094-20260726-215551,34,0.01997354,0.03397151,0.05394505,0.01777521,0.03343479,23.57931716,0.92664559,0.01650815,0,Phase2-退火(22%),0.000000,0.00000000,,9216,0.1406250000,0.0937500000,5e-05,"[0.09717772434707041,0.006466038925228295]","[0.09717772429188093,0.006466038925228295]","[[0.1183501263735471,0.07600532241717532],[0.00838690558448434,0.00454517224010218]]","[[0.1183501263735471,0.07600532232749241],[0.00838690558448434,0.00454517223837751]]","[[0.3436155238637218,0.2752924802126708],[0.09146060493809205,0.0673685162845585]]","[[1.0,0.896875],[1.0,0.999537037037037]]","[[13.910555500454374,6.053948311452513],[3.916076363016058,2.0647635402502837]]","[1.0,1.0]","[12.456601619720459,3.6613597688851534]","[0.00018936178581767577,0.00010252748694862627]","[0.09402507422146973,0.007270796403840736]","[0.09402507433184872,0.007270796431435479]","[[0.11490644155829041,0.07314370669148586],[0.009373531449172232,0.005168061379205297]]","[[0.11490644155829041,0.07314370669148586],[0.009373531449172232,0.005168061420597412]]","[[0.33875076792858266,0.27023330297735004],[0.09679605315128963,0.07187764368675373]]","[[1.0,0.8912037037037037],[1.0,1.0]]","[[13.950667501378943,6.063431330080386],[3.915988909756696,2.0871338208516437]]","[1.0,1.0]","[12.464152272542318,3.6636285481629547]","[null,null]"
residual_simvq_k16-4_d2-2_rate094-20260726-215551,35,0.01930992,0.03427526,0.05358518,0.01685121,0.03309215,23.78741459,0.92726498,0.01650815,0,Phase2-退火(23%),0.000000,0.00000000,,9216,0.1406250000,0.0937500000,5e-05,"[0.09803285347642722,0.006593190144781989]","[0.0980328533384535,0.006593190142194982]","[[0.11893598005451538,0.07712972626365998],[0.008517985858230128,0.0046683943985650934]]","[[0.11893598005451538,0.07712972613258494],[0.008517985858230128,0.0046683943959780864]]","[[0.34448169972057696,0.27734487903890787],[0.0922418648859969,0.06829978894028399]]","[[1.0,0.9013888888888889],[1.0,0.9935185185185185]]","[[13.935785056926585,6.053118654533669],[3.9053833851107846,2.058576621832671]]","[1.0,1.0]","[12.449851894378662,3.6735117435455322]","[0.0001727322350268002,9.821578194667516e-05]","[0.09378960601709507,0.00685204916668159]","[0.09378960612747404,0.006852049173580276]","[[0.11401883512735367,0.07356037715518916],[0.008907081228163508,0.0047970171051996725]]","[[0.11401883512735367,0.0735603770448102],[0.008907081228163508,0.004797017122446387]]","[[0.3374141754927459,0.2709746304485533],[0.09435438535831593,0.0692490800663277]]","[[1.0,0.8888888888888888],[1.0,0.9962962962962963]]","[[13.981632027802643,6.01681276957194],[3.905216466055976,2.065127471641258]]","[1.0,1.0]","[12.42087525261773,3.685414036998042]","[null,null]"
residual_simvq_k16-4_d2-2_rate094-20260726-215551,36,0.02177832,0.03389850,0.05567682,0.01772189,0.03076293,23.56718790,0.92248347,0.01650815,0,Phase2-退火(25%),0.000000,0.00000000,,9216,0.1406250000,0.0937500000,5e-05,"[0.09653591864086963,0.006822445697185618]","[0.09653591864086963,0.006822445691149268]","[[0.11757913437430505,0.07549270242452621],[0.00877776382646213,0.004867127544626042]]","[[0.11757913437430505,0.07549270230724855],[0.00877776382646213,0.00486712753686502]]","[[0.34226744009388815,0.2740111896837199],[0.09352512872881359,0.0696699246764183]]","[[1.0,0.8997685185185185],[1.0,0.9875]]","[[13.909531837039523,6.064615701746058],[3.9083792403892232,2.06025768076932]]","[1.0,1.0]","[12.463316753175523,3.671017583211263]","[0.00022926600632436694,0.00011100982231558495]","[0.08578033574201442,0.007234879607265746]","[0.08578033568682494,0.0072348795796710035]","[[0.1064649682354044,0.06509570288989279],[0.009215431632819,0.005254327543769722]]","[[0.1064649682354044,0.06509570286229804],[0.009215431632819,0.0052543274851308925]]","[[0.3260403129789564,0.2549065018141711],[0.0959744005843445,0.07247489977765967]]","[[1.0,0.9111111111111111],[1.0,0.9981481481481481]]","[[13.774604776170518,5.976840760972765],[3.8898487656204788,2.063333590825399]]","[1.0,1.0]","[12.31814417662444,3.6872511439853244]","[null,null]"
residual_simvq_k16-4_d2-2_rate094-20260726-215551,37,0.02283164,0.03345705,0.05628869,0.01702716,0.03086385,23.73618220,0.92701618,0.01650815,0,Phase2-退火(27%),0.000000,0.00000000,,9216,0.1406250000,0.0937500000,5e-05,"[0.09460676916771465,0.007186024404061889]","[0.09460676915391728,0.007186024404924225]","[[0.11602980531752109,0.07318373265227786],[0.009235242067801732,0.005136806730836354]]","[[0.11602980531752109,0.07318373266607522],[0.009235242067801732,0.0051368067351480326]]","[[0.3386912183077247,0.2674386137889491],[0.09527110349800852,0.07120736604211507]]","[[1.0,0.9026620370370371],[1.0,0.9810185185185185]]","[[13.78589245831525,6.070605874944616],[3.8904837842340823,2.0579295646261286]]","[1.0,1.0]","[12.390644679246126,3.653588964320995]","[0.0002548915099463624,0.00012513523592200794]","[0.08842469586266412,0.005965166114684608]","[0.08842469619380103,0.005965166121583294]","[[0.1098439496424463,0.06700544125503964],[0.007723732561700874,0.0042065996435229425]]","[[0.1098439496424463,0.06700544153098707],[0.007723732561700874,0.0042065996435229425]]","[[0.33118350042237177,0.2586249228980806],[0.08787106981983892,0.06485247098737293]]","[[1.0,0.9111111111111111],[1.0,0.9333333333333333]]","[[13.868424111825448,6.047042383971037],[3.9095903555552165,2.0309697645681877]]","[1.0,1.0]","[12.38267365914804,3.64117406739129]","[null,null]"
residual_simvq_k16-4_d2-2_rate094-20260726-215551,38,0.01874331,0.03272049,0.05146379,0.01612596,0.03402440,23.98912128,0.93061864,0.01612596,1,Phase2-退火(28%),0.000000,0.00000000,,9216,0.1406250000,0.0937500000,5e-05,"[0.09354917783704068,0.006498859642521926]","[0.09354917775425646,0.006498859637347912]","[[0.11470122149697057,0.07239713405983315],[0.008318633698271932,0.004679085566938199]]","[[0.11470122149697057,0.07239713390806207],[0.008318633698271932,0.004679085563488857]]","[[0.33832231588937617,0.2687182495439494],[0.09114206863774194,0.06836880339240586]]","[[1.0,0.9072916666666667],[1.0,0.9643518518518519]]","[[13.906193192799886,6.074709874612314],[3.886713805463579,2.048919963174396]]","[1.0,1.0]","[12.445360430964717,3.6744698290471676]","[0.00015646490964745343,9.566843374597267e-05]","[0.09841778664677231,0.006093383376935014]","[0.09841778642601437,0.006093383352789614]","[[0.12014174831134301,0.0766938245958752],[0.00772465907589153,0.004462107691775869]]","[[0.12014174831134301,0.07669382431992779],[0.00772465907589153,0.004462107650383755]]","[[0.34636751501648516,0.2766978718616344],[0.08787413079429555,0.0667897230497113]]","[[1.0,0.9018518518518519],[1.0,0.9111111111111111]]","[[14.024278026156955,6.18901645872328],[3.8968081721553096,2.028211832046509]]","[1.0,1.0]","[12.607951651679144,3.6661484594698304]","[null,null]"
residual_simvq_k16-4_d2-2_rate094-20260726-215551,39,0.01874553,0.03361995,0.05236548,0.01592994,0.03344356,24.03264869,0.92876030,0.01592994,1,Phase2-退火(30%),0.000000,0.00000000,,9216,0.1406250000,0.0937500000,5e-05,"[0.09654175350787463,0.006495346607536905]","[0.09654175346648251,0.006495346603225227]","[[0.11743839734958278,0.07564510921085323],[0.008290828659233671,0.004699864531694739]]","[[0.11743839734958278,0.07564510915566373],[0.008290828659233671,0.004699864529970068]]","[[0.3423014944350278,0.274653720524576],[0.09097923176983992,0.06851147823035716]]","[[1.0,0.9053240740740741],[1.0,0.9601851851851851]]","[[13.94291161077994,6.091956403520372],[3.904258844587538,2.052884417110019]]","[1.0,1.0]","[12.475730228424073,3.669125728695481]","[0.00016174278322001487,9.472575301414408e-05]","[0.09648992237117555,0.006193798135414168]","[0.09648992204003864,0.006193798142312854]","[[0.11742875344223447,0.07555109096897973],[0.007977355437146293,0.004410240816435328]]","[[0.11742875344223447,0.07555109058265333],[0.007977355437146293,0.004410240819884671]]","[[0.34242370658450655,0.27461537277257003],[0.08929579108953475,0.06639484404413788]]","[[1.0,0.9009259259259259],[1.0,0.9407407407407408]]","[[13.985637120847349,6.1259365187750925],[3.888861177585743,2.0565189979694507]]","[1.0,1.0]","[12.527946281433106,3.6876045297693323]","[null,null]"
residual_simvq_k16-4_d2-2_rate094-20260726-215551,40,0.01842855,0.03391360,0.05234215,0.01581014,0.03581553,24.08373678,0.93138865,0.01581014,1,Phase2-退火(32%),0.000000,0.00000000,,9216,0.1406250000,0.0937500000,5e-05,"[0.09829895926846398,0.006073995638224814]","[0.09829895929605872,0.006073995636500142]","[[0.11903229161269135,0.07756562648272072],[0.0077493648165492,0.004398626437910867]]","[[0.11903229161269135,0.07756562642753125],[0.0077493648165492,0.004398626439635538]]","[[0.3446040028223285,0.27810086616211466],[0.08794991118764436,0.066272899777525]]","[[1.0,0.9038194444444444],[1.0,0.9212962962962963]]","[[13.939217360814412,6.092231312504521],[3.904044081988158,2.053458735677931]]","[1.0,1.0]","[12.474547552179407,3.667440949987482]","[0.0001656811760228636,9.343442027077092e-05]","[0.10475049730804231,0.005856943371947165]","[0.10475049725285283,0.00585694337884585]","[[0.12644361908789034,0.08305737481073097],[0.007423936406633368,0.004289950340710304]]","[[0.12644361908789034,0.08305737497629943],[0.007423936406633368,0.004289950354507676]]","[[0.35530757352157877,0.2879199160469903],[0.08613671334805312,0.06547867639197244]]","[[1.0,0.9125],[1.0,0.8648148148148148]]","[[14.025300937228733,6.209920876114457],[3.9150729850486474,2.05420498141536]]","[1.0,1.0]","[12.616487531308774,3.663302661754467]","[null,null]"
residual_simvq_k16-4_d2-2_rate094-20260726-215551,41,0.01843651,0.03461003,0.05304654,0.01580037,0.03567482,24.07249185,0.93005140,0.01580037,1,Phase2-退火(33%),0.000000,0.00000000,,9216,0.1406250000,0.0937500000,5e-05,"[0.10054712112027187,0.006122992452475484]","[0.1005471211478666,0.006122992455924826]","[[0.12147309622830815,0.0796211456052131],[0.007779647608253139,0.004466337279451114]]","[[0.12147309622830815,0.07962114566730129],[0.007779647608253139,0.004466337285487464]]","[[0.3481402768029107,0.2817828281886048],[0.08802423830385561,0.06669339207863366]]","[[1.0,0.9079861111111112],[1.0,0.8833333333333333]]","[[13.946559792977792,6.11408696881047],[3.8990412014502067,2.0536373613057313]]","[1.0,1.0]","[12.498916320447568,3.6638310295564156]","[0.00016865640520538565,0.0001055547850632542]","[0.10546644346581566,0.005215795338153839]","[0.10546644341062617,0.005215795338153839]","[[0.1274284463237833,0.083504440607848],[0.006599298812862899,0.0038322918255020073]]","[[0.1274284463237833,0.0835044405526585],[0.006599298812862899,0.003832291844473393]]","[[0.3566991289456685,0.2887035080680141],[0.08122222556008232,0.06189397463092097]]","[[1.0,0.9111111111111111],[1.0,0.8203703703703704]]","[[14.043118441546405,6.242155629617197],[3.927439163349293,2.0344127637368663]]","[1.0,1.0]","[12.670414995264125,3.647451693923385]","[null,null]"
residual_simvq_k16-4_d2-2_rate094-20260726-215551,42,0.01817205,0.03449724,0.05266929,0.01685090,0.03428724,23.77962486,0.92852100,0.01580037,0,Phase2-退火(35%),0.000000,0.00000000,,9216,0.1406250000,0.0937500000,5e-05,"[0.10112827046325913,0.005613880307862053]","[0.10112827046325913,0.005613880305275045]","[[0.1220360333720843,0.08022050736127076],[0.007158721311673246,0.004069039291115822]]","[[0.1220360333720843,0.08022050740266287],[0.007158721311673246,0.004069039291115822]]","[[0.3489938629998101,0.28289352986547683],[0.08451569301110727,0.06372172711762013]]","[[1.0,0.9085648148148148],[1.0,0.8319444444444445]]","[[13.966209639443292,6.114434780897917],[3.9186473903832613,2.05277741573475]]","[1.0,1.0]","[12.504728815290663,3.6477048635482787]","[0.00016623695352151386,9.432033090585416e-05]","[0.09787749305919365,0.007176774650536202]","[0.09787749294881468,0.007176774657434887]","[[0.11817476506586429,0.07758022124568621],[0.009219276284178098,0.005134272975502191]]","[[0.11817476506586429,0.07758022124568621],[0.009219276284178098,0.005134272968603505]]","[[0.343469058142768,0.2782384122963305],[0.09597511959296685,0.0716156706765846]]","[[1.0,0.9018518518518519],[1.0,0.9629629629629629]]","[[13.946626415959111,6.069389484546803],[3.8710652298397488,2.104112411428381]]","[1.0,1.0]","[12.443656730651856,3.710875415802002]","[null,null]"
residual_simvq_k16-4_d2-2_rate094-20260726-215551,43,0.01835471,0.03455403,0.05290874,0.01661815,0.03571370,23.92570143,0.92959263,0.01580037,0,Phase2-退火(37%),0.000000,0.00000000,,9216,0.1406250000,0.0937500000,5e-05,"[0.10097909259299437,0.005873755285412901]","[0.10097909268957597,0.005873755286275237]","[[0.12188839619910276,0.08006978875922936],[0.0074899551061982355,0.004257555443500341]]","[[0.12188839619910276,0.08006978892479781],[0.0074899551061982355,0.004257555442206838]]","[[0.34875873007156233,0.282601308270737],[0.08644511437526456,0.065172782416145]]","[[1.0,0.9094907407407408],[1.0,0.8009259259259259]]","[[13.961435392167832,6.113236975669861],[3.911398956952272,2.055345184935464]]","[1.0,1.0]","[12.494464796560782,3.6460521199085094]","[0.0001698855603603146,0.00010239539374365618]","[0.10354283071226544,0.00657611905976578]","[0.10354283093302338,0.006576119063215123]","[[0.12500893357727264,0.08207672784725825],[0.00849444942065963,0.004657788726466674]]","[[0.12500893357727264,0.08207672834396362],[0.00849444942065963,0.004657788733365359]]","[[0.35330155977496397,0.2862346691113931],[0.09212295711040497,0.06820818665954802]]","[[1.0,0.912962962962963],[1.0,0.85]]","[[13.955517521610966,6.201292023835359],[3.913484463868318,2.073699278301663]]","[1.0,1.0]","[12.608923989755136,3.6645171147805673]","[null,null]"
residual_simvq_k16-4_d2-2_rate094-20260726-215551,44,0.02600088,0.03632346,0.06232434,0.01598815,0.03326091,24.03109681,0.92955113,0.01580037,0,Phase2-退火(38%),0.000000,0.00000000,,9216,0.1406250000,0.0937500000,5e-05,"[0.10422332357201311,0.00742995349034943]","[0.10422332361340522,0.007429953480863736]","[[0.1269176522200858,0.08152899364078486],[0.009418656669246654,0.005441250295067827]]","[[0.1269176522200858,0.08152899375806252],[0.009418656669246654,0.0054412502860133015]]","[[0.34795177468547117,0.27516351800273964],[0.09452331848442555,0.07166170886269323]]","[[1.0,0.9155092592592593],[1.0,0.8115740740740741]]","[[13.841547140368709,6.192213230662876],[3.9053156707021923,2.064541448487176]]","[1.0,1.0]","[12.52866737930863,3.6426649866280734]","[0.0003658747636412348,0.0001639431156204578]","[0.09667543371518453,0.006036797838492526]","[0.09667543371518453,0.006036797848840554]","[[0.11893348373748638,0.07441738316858257],[0.00778347029592152,0.004290125406933604]]","[[0.11893348373748638,0.07441738305820358],[0.00778347029592152,0.004290125431079004]]","[[0.3446244259675344,0.2725817874625877],[0.0882024567436289,0.06548195180517656]]","[[1.0,0.9097222222222222],[1.0,0.7592592592592593]]","[[13.944666509275082,6.1966694407992895],[3.8807612966608116,2.0500440774140536]]","[1.0,1.0]","[12.622539075215657,3.666230590255172]","[null,null]"
residual_simvq_k16-4_d2-2_rate094-20260726-215551,45,0.01783705,0.03283899,0.05067604,0.01557311,0.03360928,24.13292472,0.93171917,0.01557311,1,Phase2-退火(40%),0.000000,0.00000000,,9216,0.1406250000,0.0937500000,5e-05,"[0.09574900079104635,0.005834862977887194]","[0.09574900080484372,0.005834862983061208]","[[0.11676238437217695,0.07473561715472628],[0.007467347227416381,0.00420237872361516]]","[[0.11676238437217695,0.0747356171892197],[0.007467347227416381,0.004202378727926838]]","[[0.34136391712559594,0.2730370699255555],[0.08631817232127544,0.06474988430876423]]","[[1.0,0.9048611111111111],[1.0,0.7657407407407407]]","[[13.940241705929791,6.074384883598045],[3.9144909730664006,2.0534401535987854]]","[1.0,1.0]","[12.456197964703595,3.6489755904233014]","[0.0001554799115116044,9.655825019257867e-05]","[0.09938629429649423,0.005102134965084217]","[0.09938629418611526,0.00510213496853356]","[[0.12033346560266282,0.07843912254880976],[0.006600969681447303,0.003603300245271789]]","[[0.12033346560266282,0.07843912243843079],[0.006600969681447303,0.0036033002331990888]]","[[0.3466252402023033,0.2798144397912202],[0.08122370519019939,0.06000799843006664]]","[[1.0,0.9087962962962963],[1.0,0.75]]","[[13.933238050672744,6.117600176069471],[3.882395700172142,2.0574728541904026]]","[1.0,1.0]","[12.529426193237304,3.6741884143264207]","[null,null]"
residual_simvq_k16-4_d2-2_rate094-20260726-215551,46,0.01762750,0.03373127,0.05135877,0.01570103,0.03501215,24.09495639,0.93065476,0.01557311,0,Phase2-退火(42%),0.000000,0.00000000,,9216,0.1406250000,0.0937500000,5e-05,"[0.09935596168593124,0.005421545648843878]","[0.09935596175491809,0.005421545649706213]","[[0.12027412902701784,0.07843779428965515],[0.006936585055491715,0.003906506251250566]]","[[0.12027412902701784,0.07843779440003412],[0.006936585055491715,0.0039065062499570626]]","[[0.3464095213898906,0.2796735004142479],[0.08316580346888966,0.062406634380696]]","[[1.0,0.9078703703703703],[1.0,0.7537037037037037]]","[[13.983325288913868,6.107490798279091],[3.907897745679926,2.055239152466809]]","[1.0,1.0]","[12.498135156984683,3.6532308362148425]","[0.00016288407529861648,9.404940572966114e-05]","[0.10319555065146199,0.005585255974006873]","[0.10319555076184096,0.005585255977456217]","[[0.12438403075491941,0.08200707016167817],[0.007171446278139397,0.003999065668149678]]","[[0.12438403075491941,0.08200707065838354],[0.007171446278139397,0.003999065673323693]]","[[0.3524002816942003,0.2860947732572202],[0.0846600138478809,0.06321674737113493]]","[[1.0,0.9046296296296297],[1.0,0.7592592592592593]]","[[14.002568534568503,6.1543694990652575],[3.850266129882247,2.061373625861274]]","[1.0,1.0]","[12.570929597925257,3.687999063067966]","[null,null]"
residual_simvq_k16-4_d2-2_rate094-20260726-215551,47,0.01771049,0.03417863,0.05188912,0.01543200,0.03497694,24.16537657,0.93116533,0.01543200,1,Phase2-退火(43%),0.000000,0.00000000,,9216,0.1406250000,0.0937500000,5e-05,"[0.10078939323623975,0.00547800599079993]","[0.10078939327763187,0.005478005987350588]","[[0.12168675626593607,0.07989202982711571],[0.007031320783965013,0.003924691178663461]]","[[0.12168675626593607,0.07989202982711571],[0.007031320783965013,0.003924691171333608]]","[[0.34845976067913903,0.28227072035272915],[0.08377263955771923,0.0625763818345688]]","[[1.0,0.9077546296296296],[1.0,0.7537037037037037]]","[[13.984580954798945,6.108298675219218],[3.902402087494179,2.0595109754138523]]","[1.0,1.0]","[12.501405200251826,3.6505225539207458]","[0.000167026070953903,9.084839274254153e-05]","[0.10212746433637761,0.006254514706907449]","[0.10212746433637761,0.006254514706907449]","[[0.12340206658398664,0.08085286126092628],[0.007984543560693662,0.004524485863469265]]","[[0.12340206658398664,0.08085286131611577],[0.007984543560693662,0.004524485877266637]]","[[0.3510097512492427,0.28407383583210133],[0.08932280330746262,0.06723454636004236]]","[[1.0,0.8967592592592593],[1.0,0.7648148148148148]]","[[14.083035016942906,6.187963217276114],[3.870768834926464,2.072616140930741]]","[1.0,1.0]","[12.594283563119394,3.68968836289865]","[null,null]"
residual_simvq_k16-4_d2-2_rate094-20260726-215551,48,0.01768156,0.03458350,0.05226506,0.01669201,0.03153000,23.83479796,0.92818248,0.01543200,0,Phase2-退火(45%),0.000000,0.00000000,,9216,0.1406250000,0.0937500000,5e-05,"[0.10167175444463888,0.005803514830768108]","[0.101671754486031,0.005803514829043437]","[[0.12250262990042016,0.08084087835417854],[0.007425024445789556,0.004182005157539]]","[[0.12250262990042016,0.0808408783679759],[0.007425024445789556,0.004182005147622139]]","[[0.34960492689300465,0.2839273366387244],[0.0859245879644597,0.06440304921319087]]","[[1.0,0.9081018518518519],[1.0,0.7541666666666667]]","[[13.97965899043613,6.10908389709614],[3.9173564420806035,2.064371865325504]]","[1.0,1.0]","[12.490340644341927,3.6436509909453214]","[0.00016677625945131123,0.00010266323298748358]","[0.09284610130168773,0.005193480528477165]","[0.09284610124649825,0.005193480542274537]","[[0.11220699763960308,0.07348520441187753],[0.006713703888709899,0.0036732571475483755]]","[[0.11220699763960308,0.07348520432909329],[0.006713703888709899,0.0036732571768677896]]","[[0.33472001905794496,0.2708360860745112],[0.08191600894486463,0.06058293412680979]]","[[1.0,0.8981481481481481],[1.0,0.7555555555555555]]","[[13.8856079949273,5.938628705342611],[3.944882399947555,2.0528974639044866]]","[1.0,1.0]","[12.273816334759747,3.607560645209418]","[null,null]"
residual_simvq_k16-4_d2-2_rate094-20260726-215551,49,0.02051317,0.03346572,0.05397889,0.01551116,0.03456899,24.14382310,0.93115864,0.01543200,0,Phase2-退火(47%),0.000000,0.00000000,,9216,0.1406250000,0.0937500000,5e-05,"[0.09749716894218215,0.00625640219681103]","[0.097497169011169,0.006256402195948693]","[[0.11869308025472694,0.07630125684318718],[0.007963942469925517,0.004548861899119974]]","[[0.11869308025472694,0.07630125700875565],[0.007963942469925517,0.004548861892652457]]","[[0.34382209684009907,0.27525356467123385],[0.08847731358751103,0.06661534251438248]]","[[1.0,0.909375],[1.0,0.7569444444444444]]","[[13.910550265842014,6.106254525537844],[3.8795212675023962,2.063907887096758]]","[1.0,1.0]","[12.470033267692283,3.660648801591661]","[0.00021747821766540356,0.0001277890820751458]","[0.10240099490792663,0.005360728316009045]","[0.10240099485273714,0.0053607283229077304]","[[0.12352690001328787,0.08127508947142849],[0.006905326012659956,0.0038161306038360905]]","[[0.12352690001328787,0.0812750893610495],[0.006905326012659956,0.0038161306159087906]]","[[0.351190357738071,0.2848228030734592],[0.08307705477431969,0.06175721141475218]]","[[1.0,0.9064814814814814],[1.0,0.7555555555555555]]","[[13.991470675998263,6.119336167088261],[3.8939154501314515,2.050902047863713]]","[1.0,1.0]","[12.51809056599935,3.6437405603903312]","[null,null]"
residual_simvq_k16-4_d2-2_rate094-20260726-215551,50,0.01761134,0.03438704,0.05199838,0.01540857,0.03428860,24.17727430,0.93330529,0.01540857,1,Phase2-退火(48%),0.000000,0.00000000,,9216,0.1406250000,0.0937500000,5e-05,"[0.10136849499411053,0.005716507916373235]","[0.10136849498031315,0.005716507912923893]","[[0.12232468688377628,0.08041230279400392],[0.007408841048298334,0.004024174779274121]]","[[0.12232468688377628,0.08041230276640919],[0.007408841048298334,0.004024174768063757]]","[[0.34935717488880513,0.2831741726508847],[0.08595898573597273,0.06333128376001561]]","[[1.0,0.9096064814814815],[1.0,0.7555555555555555]]","[[13.989429413830793,6.122994952731663],[3.9130544547681456,2.067280179924435]]","[1.0,1.0]","[12.502111396083125,3.640956902503967]","[0.000163364955154032,0.0001075980027019762]","[0.10015747298796972,0.006307274451548303]","[0.10015747309834869,0.00630727442395356]","[[0.12085988361526419,0.07945506169840141],[0.008046582244612552,0.004567966613642596]]","[[0.12085988361526419,0.07945506186396988],[0.008046582244612552,0.00456796655845311]]","[[0.3473833304864389,0.2816169133892766],[0.08967436518934038,0.06756136257339407]]","[[1.0,0.9069444444444444],[1.0,0.7518518518518519]]","[[14.0628834689105,6.151847200040464],[3.911848866498029,2.084545119603475]]","[1.0,1.0]","[12.538046900431315,3.6599982756155507]","[null,null]"
residual_simvq_k16-4_d2-2_rate094-20260726-215551,51,0.01736728,0.03479359,0.05216087,0.01514660,0.03617653,24.25310273,0.93319216,0.01514660,1,Phase2-退火(50%),0.000000,0.00000000,,9216,0.1406250000,0.0937500000,5e-05,"[0.10247630899151167,0.00590878560518225]","[0.10247630906049852,0.005908785613805608]","[[0.12343066704493982,0.08152195066213608],[0.007598110739383157,0.004219460464944994]]","[[0.12343066704493982,0.08152195064833871],[0.007598110739383157,0.00421946048391638]]","[[0.35091173819921634,0.2851014955452195],[0.08704802656063328,0.06485133387010407]]","[[1.0,0.9112268518518518],[1.0,0.7537037037037037]]","[[13.968899084020544,6.1285837968190515],[3.8630385672604595,2.065850148819111]]","[1.0,1.0]","[12.511649371959544,3.659191428290473]","[0.00016713760633138008,0.00010653286739465396]","[0.10765719877349006,0.0054051268742316295]","[0.1076571986079216,0.005405126856984916]","[[0.1293222745259603,0.08599212280026189],[0.006979260441881639,0.003830993287610235]]","[[0.1293222745259603,0.08599212246912497],[0.006979260441881639,0.0038309932565661494]]","[[0.35931904911994933,0.2929518425906146],[0.08351577194752517,0.06186781244145499]]","[[1.0,0.9231481481481482],[1.0,0.7537037037037037]]","[[14.009753467418529,6.22907809857969],[3.86170381086844,2.072112210591634]]","[1.0,1.0]","[12.62499328189426,3.6770830384007205]","[null,null]"
residual_simvq_k16-4_d2-2_rate094-20260726-215551,52,0.01919205,0.03507932,0.05427137,0.01629620,0.03418385,23.93032013,0.92917440,0.01514660,0,Phase2-退火(52%),0.000000,0.00000000,,9216,0.1406250000,0.0937500000,5e-05,"[0.10329417211038094,0.006040209581799529]","[0.10329417208278621,0.006040209574038508]","[[0.12448879369982967,0.08209955039675589],[0.00771197749008597,0.004368441638157324]]","[[0.12448879369982967,0.08209955041055327],[0.00771197749008597,0.004368441633845645]]","[[0.35223751250240537,0.2858176401367894],[0.08716344535350799,0.06536974851731901]]","[[1.0,0.9107638888888889],[1.0,0.7638888888888888]]","[[13.955556715859307,6.1337496130554765],[3.855325448513031,2.074956561459435]]","[1.0,1.0]","[12.509646334471526,3.67090593929644]","[0.00021567672685907584,0.00011589581346790376]","[0.100598479255482,0.005925745575654286]","[0.10059847936586097,0.005925745551508886]","[[0.12262253639874635,0.07857442200183869],[0.007564878039475944,0.004286613087687227]]","[[0.12262253639874635,0.07857442222259663],[0.007564878039475944,0.0042866130462951135]]","[[0.3498906950155894,0.28003878129853144],[0.08694241814039372,0.06543761687698188]]","[[1.0,0.9314814814814815],[1.0,0.7537037037037037]]","[[13.949976066306785,6.201519916675709],[3.914907374205413,2.0690426773495143]]","[1.0,1.0]","[12.563721769827383,3.660048011497215]","[null,null]"
residual_simvq_k16-4_d2-2_rate094-20260726-215551,53,0.01717167,0.03427108,0.05144275,0.01513195,0.03525020,24.25235080,0.93315512,0.01513195,1,Phase2-退火(53%),0.000000,0.00000000,,9216,0.1406250000,0.0937500000,5e-05,"[0.10171277938341652,0.005423643402065392]","[0.10171277936961916,0.005423643399478385]","[[0.12305181473493576,0.08037374350759718],[0.006998037841791908,0.0038492489308636223]]","[[0.12305181473493576,0.08037374359038141],[0.006998037841791908,0.003849248933881797]]","[[0.350370905244792,0.283076506273614],[0.0835225652627371,0.061933927258683574]]","[[1.0,0.914699074074074],[1.0,0.7523148148148148]]","[[13.970898087819418,6.144726926309091],[3.8674757308430143,2.073305250980236]]","[1.0,1.0]","[12.508317295710246,3.660193783265573]","[0.00016948656196257584,0.00010543722015696673]","[0.1048090260889795,0.0054488242500358155]","[0.10480902586822156,0.005448824263833188]","[[0.12641509710638613,0.08320295402297267],[0.007154765694091718,0.0037428827766604997]]","[[0.12641509710638613,0.08320295374702524],[0.007154765694091718,0.0037428827956318854]]","[[0.35525222023328146,0.28815857988816723],[0.0845579770428163,0.06114857166453644]]","[[1.0,0.9162037037037037],[1.0,0.7537037037037037]]","[[14.021983076024938,6.185705435717547],[3.944182780936912,2.0891047301115813]]","[1.0,1.0]","[12.585487803706416,3.6326325204637318]","[null,null]"
residual_simvq_k16-4_d2-2_rate094-20260726-215551,54,0.01708337,0.03481925,0.05190261,0.01538666,0.03565899,24.17799519,0.93129719,0.01513195,0,Phase2-退火(55%),0.000000,0.00000000,,9216,0.1406250000,0.0937500000,5e-05,"[0.10363514449585368,0.005369964647710461]","[0.10363514453724579,0.005369964643398783]","[[0.12477066714178633,0.08249962138081038],[0.006967448176712626,0.003772481051446111]]","[[0.12477066714178633,0.08249962149118936],[0.006967448176712626,0.0037724810505837753]]","[[0.35283156605782334,0.28682520248823695],[0.08328293916527872,0.061275201573691984]]","[[1.0,0.9105324074074074],[1.0,0.7532407407407408]]","[[13.955753958666767,6.14438983157829],[3.891134971159476,2.0805916311564268]]","[1.0,1.0]","[12.540850153675786,3.634335317876604]","[0.00017462441503960657,9.85037104665362e-05]","[0.10533983105862582,0.006047549864484204]","[0.10533983089305736,0.006047549892078947]","[[0.1266277594146905,0.08405190220585576],[0.007825550136880742,0.004269549561043581]]","[[0.1266277594146905,0.08405190181952936],[0.007825550136880742,0.004269549630030438]]","[[0.35554284563771,0.28961097862985397],[0.08842884009635008,0.0653048735525873]]","[[1.0,0.9023148148148148],[1.0,0.7555555555555555]]","[[13.945346669797544,6.157853232489692],[3.6918592311717844,2.0890900717841254]]","[1.0,1.0]","[12.632882499694825,3.7402859175646745]","[null,null]"
residual_simvq_k16-4_d2-2_rate094-20260726-215551,55,0.01918399,0.03367674,0.05286073,0.01611802,0.03612729,24.00638851,0.93238577,0.01513195,0,Phase2-退火(57%),0.000000,0.00000000,,9216,0.1406250000,0.0937500000,5e-05,"[0.09871173686589356,0.0063166165206995275]","[0.09871173688658962,0.006316616521561863]","[[0.12015004898938868,0.07727342430778124],[0.008070564284679239,0.004562668731280913]]","[[0.12015004898938868,0.0772734243215786],[0.008070564284679239,0.0045626687321432486]]","[[0.3460628957108215,0.2772833450800843],[0.08860675794658837,0.06598585578440516]]","[[1.0,0.9121527777777778],[1.0,0.7513888888888889]]","[[13.947094943788317,6.135540398844967],[3.876804068353441,2.080438655614853]]","[1.0,1.0]","[12.528861912974605,3.6320958707067703]","[0.00021710925677864536,0.00012655780162647176]","[0.10739905144329424,0.0057267083579467404]","[0.10739905138810475,0.005726708354497397]","[[0.12975300362816564,0.08504509881690696],[0.00742393602375631,0.0040294806835138135]]","[[0.12975300362816564,0.08504509876171748],[0.00742393602375631,0.0040294806783397995]]","[[0.35989452490100154,0.29130663452325045],[0.08613429146784324,0.06344680154213199]]","[[1.0,0.9222222222222223],[1.0,0.75]]","[[14.034484665482132,6.2587716137921365],[3.933690081702338,2.0533866264201976]]","[1.0,1.0]","[12.641845222755714,3.5696728158880164]","[null,null]"
residual_simvq_k16-4_d2-2_rate094-20260726-215551,56,0.01836497,0.03456165,0.05292662,0.01617395,0.03327709,23.95797365,0.93123425,0.01513195,0,Phase2-退火(58%),0.000000,0.00000000,,9216,0.1406250000,0.0937500000,5e-05,"[0.10255959231268477,0.005673669364855245]","[0.10255959231268477,0.005673669364855245]","[[0.12431140459246105,0.08080777961898733],[0.007392407635537287,0.003954931063129118]]","[[0.12431140459246105,0.08080777961898733],[0.007392407635537287,0.003954931064422622]]","[[0.3521507343208348,0.2838068235527586],[0.0856899510793112,0.06260495959194722]]","[[1.0,0.9143518518518519],[1.0,0.7523148148148148]]","[[14.011996629503038,6.18040907824481],[3.907124406320077,2.0827473962748493]]","[1.0,1.0]","[12.559179590366504,3.6271077385655155]","[0.00019183188193926104,0.00011659085592125646]","[0.09962755568601467,0.004841741336578572]","[0.0996275555756357,0.004841741353825287]","[[0.12095183818428605,0.07830327291179587],[0.006278424220228637,0.003405058418435079]]","[[0.12095183818428605,0.0783032728014169],[0.006278424220228637,0.0034050584356817935]]","[[0.3474850716414275,0.27953755060831703],[0.07920285099082523,0.05831092480156157]]","[[1.0,0.9180555555555555],[1.0,0.75]]","[[13.956955507066514,6.139357980092367],[3.9635379049513073,2.073927328321669]]","[1.0,1.0]","[12.515731027391222,3.608531690526892]","[null,null]"
residual_simvq_k16-4_d2-2_rate094-20260726-215551,57,0.01690178,0.03454628,0.05144806,0.01491956,0.03312294,24.31139519,0.93376434,0.01491956,1,Phase2-退火(60%),0.000000,0.00000000,,9216,0.1406250000,0.0937500000,5e-05,"[0.10273252278566361,0.005582552193664015]","[0.10273252285465047,0.0055825522005627]","[[0.12424668675219572,0.08121835840521036],[0.007266770758562618,0.0038983335929784787]]","[[0.12424668675219572,0.08121835840521036],[0.007266770758562618,0.003898333600308332]]","[[0.3521102335717943,0.2846054737214689],[0.08504355073803001,0.0622332850954047]]","[[1.0,0.9100694444444445],[1.0,0.7523148148148148]]","[[13.954889931502166,6.165015248899107],[3.8499959186271386,2.0890915508623475]]","[1.0,1.0]","[12.565839474289506,3.6668206060374224]","[0.00017374981899694023,0.00010301626578573767]","[0.09989058910696595,0.004359150648599973]","[0.099890588886208,0.004359150645150631]","[[0.12100136920257851,0.0787798081835111],[0.005662610185229116,0.0030556910602306878]]","[[0.12100136920257851,0.07877980796275315],[0.005662610185229116,0.0030556910498826593]]","[[0.34758864751568547,0.2804182288823304],[0.07522355919634854,0.05524260288587323]]","[[1.0,0.9078703703703703],[1.0,0.75]]","[[13.942300323203758,6.12912275173046],[3.9025573288952864,2.061478817904437]]","[1.0,1.0]","[12.527580783985279,3.6391401202590377]","[null,null]"
residual_simvq_k16-4_d2-2_rate094-20260726-215551,58,0.01680055,0.03513639,0.05193694,0.01535963,0.03385947,24.19081992,0.93086138,0.01491956,0,Phase2-退火(62%),0.000000,0.00000000,,9216,0.1406250000,0.0937500000,5e-05,"[0.1046594472533023,0.005621926797795351]","[0.10465944744646549,0.005621926797795351]","[[0.1262325089700796,0.0830863853847539],[0.007325926248018665,0.0039179273251513085]]","[[0.1262325089700796,0.08308638569519476],[0.007325926248018665,0.003917927324288973]]","[[0.354897167119715,0.2878449191649755],[0.08537732798744131,0.06242293278790183]]","[[1.0,0.9119212962962963],[1.0,0.7518518518518519]]","[[13.938061136669583,6.158828501348142],[3.7600220724388405,2.1012578664002595]]","[1.0,1.0]","[12.572476706681428,3.7057484295633105]","[0.00017441843162857739,0.0001208775651321048]","[0.09842460839836686,0.007175191364216584]","[0.09842460812241943,0.007175191357317898]","[[0.11943684573526736,0.07741237034400304],[0.009237491739568887,0.005112890985414937]]","[[0.11943684573526736,0.07741236968172921],[0.009237491739568887,0.005112890957820195]]","[[0.34533789025412664,0.2779722876018948],[0.0960726836765254,0.07146300474802653]]","[[1.0,0.899074074074074],[1.0,0.7518518518518519]]","[[13.827265894854511,6.11879123405174],[3.5902085339581524,2.1032704724205864]]","[1.0,1.0]","[12.570667584737143,3.7329357818320945]","[null,null]"
residual_simvq_k16-4_d2-2_rate094-20260726-215551,59,0.01684809,0.03561292,0.05246101,0.01572292,0.03618268,24.10715263,0.93167263,0.01491956,0,Phase2-退火(63%),0.000000,0.00000000,,9216,0.1406250000,0.0937500000,5e-05,"[0.10598872259811119,0.005833634295224868]","[0.10598872257051645,0.0058336342995365465]","[[0.12766858337929957,0.0843088614443938],[0.00761680437458886,0.0040504641736064245]]","[[0.12766858337929957,0.08430886143059642],[0.00761680437458886,0.004050464183954453]]","[[0.3569241539747627,0.28997331774897045],[0.08705606500583667,0.06347089854103548]]","[[1.0,0.9160879629629629],[1.0,0.7541666666666667]]","[[13.935523133807711,6.174130644621672],[3.694828089961299,2.1159897490783974]]","[1.0,1.0]","[12.589687027754607,3.726634593804677]","[0.00018064744864305896,0.00012030999870586566]","[0.10745703478654225,0.006093323882669211]","[0.10745703478654225,0.006093323868871839]","[[0.12968868789849458,0.08522538167458993],[0.008009861164760811,0.0041767865988529395]]","[[0.12968868789849458,0.08522538172977942],[0.008009861164760811,0.004176786572982868]]","[[0.35985897845692105,0.2916752934455872],[0.0894606539496669,0.06458639049971546]]","[[1.0,0.9138888888888889],[1.0,0.7518518518518519]]","[[13.911784426371257,6.24782466535215],[3.6197450002034506,2.126995598828351]]","[1.0,1.0]","[12.727477391560873,3.745095157623291]","[null,null]"
residual_simvq_k16-4_d2-2_rate094-20260726-215551,60,0.02014421,0.03576009,0.05590431,0.01595459,0.03495203,24.07097490,0.93186190,0.01491956,0,Phase2-退火(65%),0.000000,0.00000000,,9216,0.1406250000,0.0937500000,5e-05,"[0.10555095983048281,0.006578768929466605]","[0.10555095972010382,0.006578768930328941]","[[0.12784530672210234,0.08325661187646566],[0.008448303889276252,0.004709233925677836]]","[[0.12784530672210234,0.08325661172469458],[0.008448303889276252,0.004709233926540172]]","[[0.35692997022911355,0.2877460693595586],[0.08867107672547853,0.06557860099193123]]","[[1.0,0.9118055555555555],[1.0,0.7555555555555555]]","[[13.958869338918616,6.185205103732922],[3.7884167194366456,2.1111652842274418]]","[1.0,1.0]","[12.576639938354493,3.6807488317842836]","[0.00023828424891689793,0.00014205566152398845]","[0.10425837199997019,0.005620840923101814]","[0.10425837216553864,0.005620840919652471]","[[0.1270827661509867,0.08143397840084853],[0.007511312735301477,0.0037303690677853644]]","[[0.1270827661509867,0.08143397834565905],[0.007511312735301477,0.003730369053987993]]","[[0.35618774096171063,0.28507852929609795],[0.08663166921447825,0.061035181361216086]]","[[1.0,0.9189814814814815],[1.0,0.7592592592592593]]","[[13.908142188743309,6.209146902296278],[3.7713954784252026,2.148281842690927]]","[1.0,1.0]","[12.619733831617568,3.7075424370942294]","[null,null]"
residual_simvq_k16-4_d2-2_rate094-20260726-215551,61,0.01676258,0.03485624,0.05161882,0.01576700,0.03600850,24.07298129,0.93121171,0.01491956,0,Phase2-退火(67%),0.000000,0.00000000,,9216,0.1406250000,0.0937500000,5e-05,"[0.1046378989600473,0.005176548410586461]","[0.1046378989048578,0.0051765484114487965]","[[0.12672867293435114,0.08254712483397236],[0.006813526435548232,0.0035395703446637426]]","[[0.12672867293435114,0.08254712472359339],[0.006813526435548232,0.003539570349837757]]","[[0.35561612281534405,0.28692569384972255],[0.0823156556321515,0.059303490369132274]]","[[1.0,0.9101851851851852],[1.0,0.7523148148148148]]","[[13.986575508117676,6.151608421184399],[3.810369254483117,2.109308163766508]]","[1.0,1.0]","[12.50475400465506,3.6763345771365694]","[0.00017824244608130322,9.422740823639389e-05]","[0.1086348506587523,0.004944271080333878]","[0.10863485043799435,0.00494427108378322]","[[0.13091111067268585,0.0863585900929239],[0.006436795148032683,0.003451746945372886]]","[[0.13091111067268585,0.08635858981697647],[0.006436795148032683,0.003451746972967629]]","[[0.361533819966846,0.29359163487399065],[0.08020048433983767,0.05871256703027972]]","[[1.0,0.9208333333333333],[1.0,0.75]]","[[14.012439282735189,6.224124717712402],[3.9546571961155643,2.0947629734321875]]","[1.0,1.0]","[12.572346002084238,3.585381513171726]","[null,null]"
residual_simvq_k16-4_d2-2_rate094-20260726-215551,62,0.01683330,0.03579396,0.05262727,0.01534617,0.03685077,24.19178332,0.93191937,0.01491956,0,Phase2-退火(68%),0.000000,0.00000000,,9216,0.1406250000,0.0937500000,5e-05,"[0.10684062059002894,0.005848151310864422]","[0.10684062049344734,0.005848151307415079]","[[0.12898285957398237,0.08469838091620692],[0.007501671496882207,0.004194631094664887]]","[[0.12898285957398237,0.08469838088861219],[0.007501671496882207,0.004194631092940215]]","[[0.3587476463229568,0.29063145087824926],[0.08601233403163927,0.06393686453639358]]","[[1.0,0.9098379629629629],[1.0,0.7537037037037037]]","[[13.963868086426347,6.190479350090027],[3.8968813931500472,2.1152377501682]]","[1.0,1.0]","[12.549652493441547,3.610259376190327]","[0.00019164049787192468,0.00010969406791479775]","[0.11058612239581567,0.0055719087348768005]","[0.1105861222854367,0.005571908769370229]","[[0.13350133691672925,0.0876709066607334],[0.007195078191795835,0.003948739255537037]]","[[0.13350133691672925,0.08767090677111238],[0.007195078191795835,0.0039487393245238945]]","[[0.365076975689994,0.29578699116353635],[0.08479249598803344,0.06279970217082236]]","[[1.0,0.9148148148148149],[1.0,0.75]]","[[13.997995129338017,6.273745448501022],[3.8040966828664144,2.1434991818887217]]","[1.0,1.0]","[12.68135072213632,3.7023965376394767]","[null,null]"
residual_simvq_k16-4_d2-2_rate094-20260726-215551,63,0.01645140,0.03582797,0.05227937,0.01521144,0.03527356,24.22831964,0.93212352,0.01491956,0,Phase2-退火(70%),0.000000,0.00000000,,9216,0.1406250000,0.0937500000,5e-05,"[0.10757161399556531,0.005444526959089907]","[0.10757161402316005,0.005444526957365236]","[[0.12953663040642385,0.0856065972328738],[0.007018954866496777,0.003870099037454498]]","[[0.12953663040642385,0.08560659721907642],[0.007018954866496777,0.0038700990335739874]]","[[0.35950202174760676,0.2921731051195551],[0.08357400044246956,0.06200617049579267]]","[[1.0,0.9120370370370371],[1.0,0.75]]","[[13.97365828620063,6.193520683712429],[3.830839211410946,2.1169421915654785]]","[1.0,1.0]","[12.588870654282747,3.665792077559012]","[0.00017811922156801705,0.00010590493623533769]","[0.10644003213555725,0.0049502697704290905]","[0.1064400323011257,0.004950269773878433]","[[0.12768909837360734,0.0851909660630756],[0.006441905553004256,0.0034586339085190382]]","[[0.12768909837360734,0.08519096617345456],[0.006441905553004256,0.0034586339136930527]]","[[0.3570688918784813,0.29161021091319894],[0.08023216233209328,0.05876976361981145]]","[[1.0,0.9004629629629629],[1.0,0.75]]","[[13.87453766575566,6.083068921830919],[3.8605009043658223,2.098824750052558]]","[1.0,1.0]","[12.493033599853515,3.687848997116089]","[null,null]"
residual_simvq_k16-4_d2-2_rate094-20260726-215551,64,0.01640373,0.03583658,0.05224031,0.01542329,0.03632500,24.17072547,0.93097540,0.01491956,0,Phase2-退火(72%),0.000000,0.00000000,,9216,0.1406250000,0.0937500000,5e-05,"[0.10837198466890388,0.004913050521820507]","[0.10837198461371439,0.004913050511903647]","[[0.13053136775615037,0.08621260047096897],[0.0063903935012166145,0.003435707494564768]]","[[0.13053136775615037,0.08621260044337423],[0.0063903935012166145,0.003435707487234915]]","[[0.3608887580257875,0.2932125805704682],[0.07977632746376373,0.058459875146272]]","[[1.0,0.9165509259259259],[1.0,0.7513888888888889]]","[[14.003392286653872,6.197928112524527],[3.8611799747855575,2.1210028423203364]]","[1.0,1.0]","[12.552583205258404,3.6689886706846733]","[0.00018349645207409694,8.81434110952897e-05]","[0.10975115911828147,0.00505622913716016]","[0.10975115895271301,0.005056229130261474]","[[0.1323727125370944,0.0871296047060578],[0.0065392470435687786,0.003573211199707455]]","[[0.1323727125370944,0.08712960437492089],[0.0065392470435687786,0.0035732111652140262]]","[[0.36354391045040557,0.2948998252550761],[0.08083366205294927,0.059734412337894796]]","[[1.0,0.9037037037037037],[1.0,0.75]]","[[14.058627587777597,6.208287401552553],[3.9050331433614094,2.1024589008755155]]","[1.0,1.0]","[12.611912812127008,3.6354570742006653]","[null,null]"
residual_simvq_k16-4_d2-2_rate094-20260726-215551,65,0.01618255,0.03557756,0.05176011,0.01531029,0.03690316,24.22489095,0.93284945,0.01491956,0,Phase2-退火(73%),0.000000,0.00000000,,9216,0.1406250000,0.0937500000,5e-05,"[0.10795440599322319,0.0046529984808768386]","[0.10795440604841268,0.00465299847656516]","[[0.12997641319202052,0.085932398242531],[0.006033877442004504,0.00327211944989998]]","[[0.12997641319202052,0.08593239838050472],[0.006033877442004504,0.0032721194516246517]]","[[0.36010694796288456,0.29272755908745307],[0.07756097011820033,0.057063288690039404]]","[[1.0,0.9160879629629629],[1.0,0.750462962962963]]","[[13.96630962336505,6.149901790972109],[3.886812275868875,2.0934438478063653]]","[1.0,1.0]","[12.53492231545625,3.6357984291182626]","[0.00018013314216255418,8.916175420381478e-05]","[0.11200331521254998,0.004805364494246465]","[0.11200331537811845,0.0048053644735504076]","[[0.13452492080352924,0.08948170906967587],[0.006157415360212326,0.0034533136058598757]]","[[0.13452492080352924,0.08948170940081278],[0.006157415360212326,0.003453313567917104]]","[[0.3664621196411274,0.29882188218611255],[0.07844291688115508,0.05872790653396536]]","[[1.0,0.9194444444444444],[1.0,0.7518518518518519]]","[[13.968546005531593,6.20282345171328],[3.9071202454743563,2.0938664542304144]]","[1.0,1.0]","[12.632049009535049,3.65713360397904]","[null,null]"
residual_simvq_k16-4_d2-2_rate094-20260726-215551,66,0.01627404,0.03576822,0.05204226,0.02034676,0.04161831,23.09131234,0.92626415,0.01491956,0,Phase2-退火(75%),0.000000,0.00000000,,9216,0.1406250000,0.0937500000,5e-05,"[0.1085806340807014,0.0047021399730713]","[0.10858063402551192,0.004702139973502468]","[[0.13049350553364666,0.08666776215864552],[0.006122148215460281,0.0032821316716123232]]","[[0.13049350553364666,0.08666776206206392],[0.006122148215460281,0.0032821316841161914]]","[[0.3608346061574088,0.2939837995502684],[0.07797142643895415,0.05701672763184265]]","[[1.0,0.9104166666666667],[1.0,0.75]]","[[13.972602098959463,6.136471587640268],[3.920266752772861,2.0919146211059005]]","[1.0,1.0]","[12.527524941055862,3.6132423758506773]","[0.00018463877597780622,8.801714589531507e-05]","[0.1222542455902806,0.008739470987132302]","[0.12225424575584906,0.00873947091124676]","[[0.14545341630776723,0.09905507465203603],[0.010329382638964388,0.007149559252515987]]","[[0.14545341630776723,0.09905507492798346],[0.010329382638964388,0.007149559121440958]]","[[0.38107982807689245,0.31443755803284823],[0.10160861401646226,0.08452205818008493]]","[[1.0,0.9337962962962963],[1.0,0.75]]","[[13.904664675394693,6.2923809440047656],[3.940565354735763,2.027841885884603]]","[1.0,1.0]","[12.655382008022732,3.3869645030410203]","[null,null]"
residual_simvq_k16-4_d2-2_rate094-20260726-215551,67,0.01976834,0.03589513,0.05566346,0.01716909,0.03678200,23.79149802,0.92858410,0.01491956,0,Phase2-退火(77%),0.000000,0.00000000,,9216,0.1406250000,0.0937500000,5e-05,"[0.10735632981415148,0.006087627723226669]","[0.10735632984174623,0.006087627725382508]","[[0.1300898976624012,0.0846227614691964],[0.007804030893129055,0.0043712244903737745]]","[[0.1300898976624012,0.08462276155887931],[0.007804030893129055,0.004371224495978957]]","[[0.36017026548032405,0.290274565556535],[0.08611132428050042,0.06399946091351685]]","[[1.0,0.9050925925925926],[1.0,0.7513888888888889]]","[[13.88865947899995,6.198997523166515],[3.899419562904923,2.121252120865716]]","[1.0,1.0]","[12.610579637244896,3.555248295377802]","[0.00026486767550253445,0.0001316244134984488]","[0.11215206495037786,0.004500262806605961]","[0.11215206500556733,0.004500262810055305]","[[0.13731946216689217,0.08698466701640023],[0.005783583620494162,0.003216941954774989]]","[[0.13731946216689217,0.08698466690602126],[0.005783583620494162,0.003216941973746375]]","[[0.37022253893039847,0.2945887799616213],[0.07601484888129764,0.05666201136730335]]","[[1.0,0.9273148148148148],[1.0,0.75]]","[[13.988486657319246,6.378931522369385],[3.8660393291049533,2.1464974120811178]]","[1.0,1.0]","[12.849853656910083,3.6844437599182127]","[null,null]"
residual_simvq_k16-4_d2-2_rate094-20260726-215551,68,0.01668931,0.03492011,0.05160941,0.01539081,0.03528480,24.18150105,0.93307794,0.01491956,0,Phase2-退火(78%),0.000000,0.00000000,,9216,0.1406250000,0.0937500000,5e-05,"[0.10546123229519085,0.005164196072318764]","[0.10546123229519085,0.005164196072749931]","[[0.12824725201008497,0.08267521208359135],[0.006627966772282013,0.0037004253322569032]]","[[0.12824725201008497,0.08267521212498347],[0.006627966772282013,0.0037004253322569032]]","[[0.35767051930780763,0.2870738045760879],[0.0810947581021874,0.06039924484988054]]","[[1.0,0.9082175925925926],[1.0,0.750462962962963]]","[[13.92837516643383,6.160844733979967],[3.8676625927289328,2.1376408965499314]]","[1.0,1.0]","[12.562595801883274,3.647859334504163]","[0.00021023936707125458,8.58464253892803e-05]","[0.10616681813089936,0.005543465708830842]","[0.10616681818608885,0.005543465712280185]","[[0.12829776036518592,0.08403587600699178],[0.007081439677211973,0.004005491709405625]]","[[0.12829776036518592,0.08403587606218126],[0.007081439677211973,0.0040054917128549685]]","[[0.3578927845866592,0.2895966911757434],[0.0841064425530257,0.063224799323965]]","[[1.0,0.9074074074074074],[1.0,0.75]]","[[13.828688423721879,6.128830814361573],[3.7663242604997422,2.164324912318477]]","[1.0,1.0]","[12.553795856899685,3.7277721722920734]","[null,null]"
residual_simvq_k16-4_d2-2_rate094-20260726-215551,69,0.01616072,0.03590993,0.05207065,0.01489551,0.03701726,24.32583680,0.93425942,0.01489551,1,Phase2-退火(80%),0.000000,0.00000000,,9216,0.1406250000,0.0937500000,5e-05,"[0.10770619815146482,0.006004650346262174]","[0.10770619798589635,0.006004650348418013]","[[0.13017817993682843,0.08523421553825891],[0.00779341459274292,0.004215886067443838]]","[[0.13017817993682843,0.0852342153450957],[0.00779341459274292,0.004215886074342524]]","[[0.36037618821417844,0.29152970402329054],[0.08776958070143505,0.06441861578711756]]","[[1.0,0.9072916666666667],[1.0,0.75]]","[[13.840887742572361,6.160123281125669],[3.5086226948985346,2.2048514132146484]]","[1.0,1.0]","[12.606375934459544,3.7551820088315893]","[0.00019142438937301955,0.00013403183211266879]","[0.11155199943869203,0.005752691319557252]","[0.1115519994938815,0.005752691312658566]","[[0.13479427347580591,0.08830972523600966],[0.007706977040679366,0.0037984055397963083]]","[[0.13479427347580591,0.08830972507044121],[0.007706977040679366,0.0037984055277236082]]","[[0.36683722116329054,0.2968638214800093],[0.08774584487632468,0.0615760056508912]]","[[1.0,0.9111111111111111],[1.0,0.75]]","[[13.82736531716806,6.214651980223479],[3.1505682698002566,2.2905176833823875]]","[1.0,1.0]","[12.694954024420845,3.7969287360156025]","[null,null]"
residual_simvq_k16-4_d2-2_rate094-20260726-215551,70,0.01583736,0.03590218,0.05173954,0.01521538,0.03607929,24.24072926,0.93306361,0.01489551,0,Phase2-退火(82%),0.000000,0.00000000,,9216,0.1406250000,0.0937500000,5e-05,"[0.10844062739224346,0.005447623316043367]","[0.10844062730945923,0.005447623313025192]","[[0.13081976149093222,0.08606149250710451],[0.007098065816831809,0.003797180788953685]]","[[0.13081976149093222,0.08606149224495446],[0.007098065816831809,0.00379718078593551]]","[[0.36132663173807994,0.2929900192552143],[0.08393884908269952,0.06139948178358652]]","[[1.0,0.9071759259259259],[1.0,0.75]]","[[13.852655287142154,6.136187503072951],[3.4304373802962127,2.223033815843088]]","[1.0,1.0]","[12.564460422374584,3.7583951292214572]","[0.00018774580053610004,0.00011460015915266316]","[0.10999550311653702,0.004612585815980478]","[0.10999550295096856,0.004612585802183107]","[[0.13275381591584948,0.0872371890478664],[0.005929465305612043,0.003295706281507457]]","[[0.13275381591584948,0.08723718877191897],[0.005929465305612043,0.003295706262536071]]","[[0.3640680268958763,0.29507509889426053],[0.07695715018996487,0.0573464525518594]]","[[1.0,0.9171296296296296],[1.0,0.7518518518518519]]","[[13.869431636951587,6.225717300838895],[3.629046415399622,2.1717259089152017]]","[1.0,1.0]","[12.692839749654134,3.7334174315134683]","[null,null]"
residual_simvq_k16-4_d2-2_rate094-20260726-215551,71,0.01586510,0.03630870,0.05217380,0.01655200,0.03690007,23.86135145,0.93105397,0.01489551,0,Phase2-退火(83%),0.000000,0.00000000,,9216,0.1406250000,0.0937500000,5e-05,"[0.1095048876962176,0.005728244902221141]","[0.10950488793077293,0.005728244909119827]","[[0.13210152288277943,0.08690825209573463],[0.007255375197295237,0.0042011145761029585]]","[[0.13210152288277943,0.08690825242687154],[0.007255375197295237,0.004201114588606827]]","[[0.3630562639898724,0.29440112285040043],[0.08440761339885217,0.06377045070683515]]","[[1.0,0.9148148148148149],[1.0,0.750462962962963]]","[[13.834465742111206,6.167348019282023],[3.4835102399190268,2.202186376960189]]","[1.0,1.0]","[12.58878263367547,3.7483111999653005]","[0.0001890872790412417,0.00011612276457526605]","[0.11021605994966295,0.006740710549746398]","[0.11021605994966295,0.006740710549746398]","[[0.1324852062596215,0.08794691270148312],[0.00865793049128519,0.004823490566815491]]","[[0.1324852062596215,0.08794691303262005],[0.00865793049128519,0.004823490573714177]]","[[0.36371664073732163,0.29628655005384374],[0.09300600351006896,0.06939625988403957]]","[[1.0,0.9171296296296296],[1.0,0.75]]","[[13.68844950640643,6.114196466516566],[3.5446159309811063,2.229954030778673]]","[1.0,1.0]","[12.463679970635308,3.7511265136577463]","[null,null]"
residual_simvq_k16-4_d2-2_rate094-20260726-215551,72,0.01578466,0.03647969,0.05226435,0.01669810,0.03690579,23.96943306,0.92803009,0.01489551,0,Phase2-退火(85%),0.000000,0.00000000,,9216,0.1406250000,0.0937500000,5e-05,"[0.10991349228554302,0.005931744884906544]","[0.10991349235452988,0.005931744884044208]","[[0.13238280817038484,0.08744417598678006],[0.007586803250187249,0.004276686484270074]]","[[0.13238280817038484,0.0874441759729827],[0.007586803250187249,0.004276686489444088]]","[[0.3634872594365367,0.2953482749837416],[0.08660893116008353,0.06500697177317408]]","[[1.0,0.9145833333333333],[1.0,0.7513888888888889]]","[[13.916539600160387,6.186552279083817],[3.446239123521028,2.2235802058820373]]","[1.0,1.0]","[12.571986433311745,3.7496977580918207]","[0.00018818535265583908,0.00011435904990422487]","[0.10936545724118198,0.0075939743020744235]","[0.10936545724118198,0.0075939743365678524]","[[0.13127274480130938,0.08745817001219149],[0.01004915740340948,0.0051387911110564516]]","[[0.13127274480130938,0.08745816995700201],[0.01004915740340948,0.005138791180043309]]","[[0.36201769555056534,0.29543458664858785],[0.10019909728456426,0.07163613653845258]]","[[1.0,0.899537037037037],[1.0,0.75]]","[[13.912135562190302,6.1600212980199744],[2.8423323966838696,2.339267552340472]]","[1.0,1.0]","[12.6108996991758,3.8331710497538247]","[null,null]"
residual_simvq_k16-4_d2-2_rate094-20260726-215551,73,0.01563716,0.03657617,0.05221333,0.01553927,0.03517369,24.12666856,0.92912489,0.01489551,0,Phase2-退火(87%),0.000000,0.00000000,,9216,0.1406250000,0.0937500000,5e-05,"[0.11053616688759238,0.005741972994938907]","[0.11053616672202393,0.005741972994076571]","[[0.1329692477843276,0.08810308508023068],[0.007310035907559924,0.0041739100517049705]]","[[0.1329692477843276,0.08810308492845959],[0.007310035907559924,0.004173910046099788]]","[[0.3642463790597739,0.2964036474073375],[0.08500124980454092,0.06420739081308798]]","[[1.0,0.9097222222222222],[1.0,0.75]]","[[13.932819928063287,6.169511137185274],[3.3333886795573764,2.2239543261351407]]","[1.0,1.0]","[12.594681261203908,3.7565555153069674]","[0.00019192687209902538,0.00011914708602826404]","[0.10639233313224934,0.00543836282428216]","[0.10639233302187037,0.00543836282428216]","[[0.12811028438585775,0.08467438094041965],[0.0068551235383859386,0.004021602096381011]]","[[0.12811028438585775,0.08467438071966171],[0.0068551235383859386,0.0040216020929316676]]","[[0.35764723155233596,0.29070932004186845],[0.08275256979244727,0.06335490155551168]]","[[1.0,0.8921296296296296],[1.0,0.75]]","[[13.914056445934154,6.0587151668689865],[3.535584008252179,2.147242108097783]]","[1.0,1.0]","[12.484905221727159,3.7096063490267155]","[null,null]"
residual_simvq_k16-4_d2-2_rate094-20260726-215551,74,0.02076710,0.03509090,0.05585800,0.01556843,0.03211493,24.12138797,0.93097805,0.01489551,0,Phase2-退火(88%),0.000000,0.00000000,,9216,0.1406250000,0.0937500000,5e-05,"[0.10462294749363706,0.006866812286467326]","[0.1046229474246502,0.006866812300695865]","[[0.12732476136750645,0.08192113317825177],[0.008646414867878236,0.005087209679186344]]","[[0.12732476136750645,0.08192113307477147],[0.008646414867878236,0.005087209686947366]]","[[0.3558458531896273,0.28466960887114207],[0.08728266529462955,0.06595678781331689]]","[[1.0,0.9136574074074074],[1.0,0.750462962962963]]","[[13.812446557150947,6.082322824442828],[3.5243556835033276,2.16246395000705]]","[1.0,1.0]","[12.467927494755498,3.705954560527095]","[0.00028584572770611245,0.00015293983152096864]","[0.09762970120818526,0.004601251282211807]","[0.09762970142894321,0.00460125133395195]","[[0.11945168375968933,0.07580771771845994],[0.005749837802378116,0.003452664708580684]]","[[0.11945168375968933,0.07580771810478634],[0.005749837802378116,0.003452664808611627]]","[[0.345335700556084,0.2750503894355562],[0.0757865219756409,0.0586986402394595]]","[[1.0,0.9171296296296296],[1.0,0.75]]","[[13.699322523894134,6.040564759572347],[3.54746257464091,2.1368590072349267]]","[1.0,1.0]","[12.417642374391908,3.750816680766918]","[null,null]"
residual_simvq_k16-4_d2-2_rate094-20260726-215551,75,0.01535528,0.03516046,0.05051574,0.01520814,0.03728956,24.28538497,0.93547333,0.01489551,0,Phase2-退火(90%),0.000000,0.00000000,,9216,0.1406250000,0.0937500000,5e-05,"[0.10657307687732909,0.005400371583851261]","[0.1065730769187212,0.0054003715804019185]","[[0.12933257180783483,0.0838135818640391],[0.006871306474527551,0.0039294366625620535]]","[[0.12933257180783483,0.0838135819606207],[0.006871306474527551,0.0039294366599750465]]","[[0.35927023346777315,0.28913088164947653],[0.08264330687622229,0.06242544920080238]]","[[1.0,0.9167824074074075],[1.0,0.750462962962963]]","[[13.916045860007957,6.162967693364179],[3.3774349671823005,2.193221860903281]]","[1.0,1.0]","[12.56515124992088,3.771409479335502]","[0.00018547619087998842,0.00010790821039268782]","[0.11394734531641007,0.004890230739558184]","[0.11394734531641007,0.0048902307292101556]","[[0.13713241545138535,0.09076227396726608],[0.0063816081594537805,0.0033988532627484314]]","[[0.13713241545138535,0.09076227396726608],[0.0063816081594537805,0.0033988532317043457]]","[[0.36997308951837043,0.30092675156063503],[0.0798379412955708,0.05823439864648713]]","[[1.0,0.9199074074074074],[1.0,0.75]]","[[13.861038469385218,6.251492235395643],[3.318030846560443,2.2100257096467195]]","[1.0,1.0]","[12.731469620598688,3.781157813248811]","[null,null]"
residual_simvq_k16-4_d2-2_rate094-20260726-215551,76,0.01512335,0.03526418,0.05038753,0.01500282,0.03629311,24.28238561,0.93321400,0.01489551,0,Phase2-退火(92%),0.000000,0.00000000,,9216,0.1406250000,0.0937500000,5e-05,"[0.10761217637746423,0.004830645367123738]","[0.1076121763912616,0.00483064537272892]","[[0.1298337596986029,0.08539059239405172],[0.006273702328541765,0.003387588389321334]]","[[0.1298337596986029,0.08539059238025436],[0.006273702328541765,0.003387588385440823]]","[[0.35991378768726634,0.29179636427649747],[0.07901520967759468,0.05804820658846034]]","[[1.0,0.9103009259259259],[1.0,0.750462962962963]]","[[13.856753043775205,6.143307094220762],[3.371113036738502,2.2162124616128427]]","[1.0,1.0]","[12.605469594178377,3.767027716283445]","[0.00018569454149218036,0.00010306432430095609]","[0.11098639137215084,0.004755280908473112]","[0.11098639142734033,0.004755280915371798]","[[0.1336624139988864,0.08831036852465736],[0.006116055759290854,0.003394505990393184]]","[[0.1336624139988864,0.08831036863503633],[0.006116055759290854,0.0033945059921178552]]","[[0.36530620831030386,0.2968764351473914],[0.07812778844877526,0.05816065357239158]]","[[1.0,0.9],[1.0,0.75]]","[[14.01301651707402,6.185542975531684],[3.5231589211357965,2.2216239505343967]]","[1.0,1.0]","[12.683954309534144,3.7181757026248508]","[null,null]"
residual_simvq_k16-4_d2-2_rate094-20260726-215551,77,0.01510569,0.03588831,0.05099400,0.01474071,0.03554654,24.37659885,0.93513457,0.01474071,1,Phase2-退火(93%),0.000000,0.00000000,,9216,0.1406250000,0.0937500000,5e-05,"[0.10919464732761737,0.005294952326436976]","[0.10919464732761737,0.005294952338078507]","[[0.13166632024502312,0.08672297395489834],[0.006712868502708497,0.0038770361130850183]]","[[0.13166632024502312,0.08672297396869572],[0.006712868502708497,0.003877036129038229]]","[[0.36241468560916407,0.2940230463389997],[0.08150377172838759,0.06173634473234415]]","[[1.0,0.9092592592592592],[1.0,0.75]]","[[13.902498526043361,6.171855929162767],[3.374968751271566,2.2357527953607064]]","[1.0,1.0]","[12.584568624143246,3.7584812031851875]","[0.00019481029513473104,0.0001036386506779376]","[0.10917624649074342,0.0042868836437938386]","[0.10917624654593291,0.004286883647243182]","[[0.13099734843881042,0.08735514371483415],[0.00541539269120053,0.003158374544647005]]","[[0.13099734843881042,0.08735514377002362],[0.00541539269120053,0.003158374556719705]]","[[0.3616545652901685,0.2952785222618668],[0.07353097962008583,0.05610814991372603]]","[[1.0,0.9115740740740741],[1.0,0.75]]","[[13.908885348284686,6.13415202388057],[3.3751425407550952,2.181439500384861]]","[1.0,1.0]","[12.5392565479985,3.7668662230173746]","[null,null]"
residual_simvq_k16-4_d2-2_rate094-20260726-215551,78,0.01498207,0.03520215,0.05018422,0.01494567,0.03563619,24.29878522,0.93316628,0.01474071,0,Phase2-退火(95%),0.000000,0.00000000,,9216,0.1406250000,0.0937500000,5e-05,"[0.10790272128802758,0.004518235435157463]","[0.10790272137081182,0.004518235433432791]","[[0.1301239589298213,0.08568148308744034],[0.005792412913352665,0.0032440579091026277]]","[[0.1301239589298213,0.0856814831564272],[0.005792412913352665,0.0032440579091026277]]","[[0.360340412568163,0.2923178038939282],[0.07554859685953016,0.05633870065902118]]","[[1.0,0.9135416666666667],[1.0,0.75]]","[[13.855227765330563,6.1491593873059305],[3.458352278338538,2.199383383768576]]","[1.0,1.0]","[12.60089731393037,3.756381211898945]","[0.00020023408412978623,9.288812332131244e-05]","[0.10855494505829281,0.005219856252962792]","[0.10855494538942972,0.005219856273658849]","[[0.13070284453807055,0.0864070447506728],[0.006749165992907904,0.003690546506118995]]","[[0.13070284453807055,0.08640704502662024],[0.006749165992907904,0.003690546544061767]]","[[0.36122405418643244,0.2936441507604387],[0.08208220838396638,0.06064180900101308]]","[[1.0,0.9097222222222222],[1.0,0.75]]","[[13.815494989465785,6.189265403041134],[2.903437305379797,2.2973903920915393]]","[1.0,1.0]","[12.648168563842773,3.791986322402954]","[null,null]"
residual_simvq_k16-4_d2-2_rate094-20260726-215551,79,0.01479442,0.03520187,0.04999630,0.01513029,0.03305383,24.24699412,0.93346159,0.01474071,0,Phase2-退火(97%),0.000000,0.00000000,,9216,0.1406250000,0.0937500000,5e-05,"[0.10772958061209431,0.00475782173625366]","[0.10772958059829695,0.004757821734528989]","[[0.12997095188884825,0.08548820861787708],[0.006070375298925986,0.00344526815029827]]","[[0.12997095188884825,0.08548820853509286],[0.006070375298925986,0.0034452681477112625]]","[[0.36009266172294263,0.2919510382745001],[0.07756108611270233,0.05841325830530237]]","[[1.0,0.9168981481481482],[1.0,0.75]]","[[13.85596463062145,6.149142519632975],[3.137526609279491,2.2545009855870846]]","[1.0,1.0]","[12.609717526259246,3.7596171268710386]","[0.00019834074418112222,0.00010128040641777463]","[0.10192871347621635,0.0037195715932520452]","[0.10192871336583738,0.003719571608774088]","[[0.12309155856017713,0.08076586861301352],[0.004642907421415051,0.002796235751291668]]","[[0.12309155856017713,0.08076586822668712],[0.004642907421415051,0.0027962357702630536]]","[[0.350584085782369,0.2839371701081594],[0.0679976514644093,0.05266676865242146]]","[[1.0,0.9041666666666667],[1.0,0.75]]","[[13.787121525517216,6.055794793588144],[3.3379245440165204,2.1385086801317]]","[1.0,1.0]","[12.528582142017505,3.7074106993498623]","[null,null]"
residual_simvq_k16-4_d2-2_rate094-20260726-215551,80,0.01703177,0.03566271,0.05269448,0.01449231,0.03388621,24.43987658,0.93602298,0.01449231,1,Phase2-退火(98%),0.000000,0.00000000,,9216,0.1406250000,0.0937500000,5e-05,"[0.10635411027404996,0.007639255798076866]","[0.10635411032923946,0.0076392558045443835]","[[0.12900138748464762,0.08370683248396273],[0.009085839537955406,0.006192672080619054]]","[[0.12900138748464762,0.08370683263573382],[0.009085839537955406,0.006192672107351461]]","[[0.35874993232665237,0.2888619120474215],[0.08350048336303896,0.066888620780298]]","[[1.0,0.9143518518518519],[1.0,0.7509259259259259]]","[[13.874835618336995,6.162618339503253],[3.4675713181495667,2.138052547419513]]","[1.0,1.0]","[12.573543472643252,3.661757402949863]","[0.00023509765432444746,0.00016514784470523914]","[0.10385075989696714,0.004509947792178503]","[0.10385075978658817,0.0045099478180485745]","[[0.12548801998297374,0.08221349953501313],[0.005179436880819224,0.003840458663870339]]","[[0.12548801998297374,0.08221349953501313],[0.005179436880819224,0.0038404587104364676]]","[[0.3539299638183029,0.2864138742287954],[0.07187310374445385,0.06185196014466109]]","[[1.0,0.9074074074074074],[1.0,0.75]]","[[13.79268569946289,6.010265385663068],[3.663586056673968,2.0100104791146736]]","[1.0,1.0]","[12.383487206918222,3.176232028890539]","[null,null]"
residual_simvq_k16-4_d2-2_rate094-20260726-215551,81,0.01459405,0.03471909,0.04931314,0.01450349,0.03706802,24.44731709,0.93628944,0.01449231,0,Phase3-微调,0.000000,0.00000000,,9216,0.1406250000,0.0937500000,5e-05,"[0.1054670545100062,0.005634032760927867]","[0.10546705437203248,0.005634032766101882]","[[0.12746634317768946,0.08346776534561758],[0.00666049350078942,0.004607572001879345]]","[[0.12746634317768946,0.08346776525593466],[0.00666049350078942,0.004607572002310513]]","[[0.3566316735965234,0.2884996127475191],[0.07904843164400922,0.06570725401656495]]","[[1.0,0.9135416666666667],[0.9986111111111111,0.7509259259259259]]","[[13.926736407809788,6.120632195472718],[3.545176472266515,2.0787013040648565]]","[1.0,1.0]","[12.574276351928711,3.2991074049914326]","[0.00018810925271450457,0.00011863953947492216]","[0.11035047913039173,0.008267169804484756]","[0.11035047902001274,0.00826716976309264]","[[0.13326649362290346,0.08743446381003768],[0.010018962290551927,0.006515377190791898]]","[[0.13326649362290346,0.08743446369965871],[0.010018962290551927,0.006515377125254383]]","[[0.36476603172443534,0.29540678924984404],[0.1000009419741454,0.0806331299521305]]","[[1.0,0.9268518518518518],[0.9833333333333333,0.75]]","[[13.942169931199816,6.262074156160708],[1.1818742593129477,2.4258853276570638]]","[1.0,1.0]","[12.763289154900445,3.2322911509761103]","[null,null]"
residual_simvq_k16-4_d2-2_rate094-20260726-215551,82,0.01416254,0.03432672,0.04848927,0.01412061,0.03432125,24.56371838,0.93810190,0.01412061,1,Phase3-微调,0.025000,0.03518519,8.40466392,9216,0.1406250000,0.0937500000,5e-05,"[0.10609500457843145,0.0037505095223120104]","[0.10609500446805248,0.003750509523605514]","[[0.12809681552979682,0.08409319301998174],[0.005171948657543571,0.0023290703592701227]]","[[0.12809681552979682,0.0840931928958054],[0.005171948657543571,0.002329070358623371]]","[[0.3575101134401781,0.2895742663078838],[0.07122964431980142,0.04701572554530921]]","[[1.0,0.91875],[0.3365740740740741,0.75]]","[[13.880706981376365,6.134088548024495],[1.0173817700809902,2.269668549519998]]","[1.0,1.0]","[12.613825895168164,3.0259959865499426]","[0.00014967292264811004,0.00011734598499094351]","[0.10634665445045188,0.003481332198889167]","[0.10634665450564137,0.0034813321902658102]","[[0.12871477835708195,0.0839785302678744],[0.005109411822976889,0.0018532525437573591]]","[[0.12871477835708195,0.08397853021268491],[0.005109411822976889,0.0018532525239236377]]","[[0.3584496189046789,0.28946334366445187],[0.07133957456659387,0.04279483120750498]]","[[1.0,0.9199074074074074],[0.25,0.75]]","[[13.922680911311398,6.214253192477756],[1.0,2.533295242874711]]","[1.0,1.0]","[12.721572409735785,3.1830690330929228]","[null,null]"
residual_simvq_k16-4_d2-2_rate094-20260726-215551,83,0.01412493,0.03414618,0.04827112,0.01399698,0.03424398,24.59221268,0.93789053,0.01399698,1,Phase3-微调,0.050000,0.05185185,5.88246850,9216,0.1406250000,0.0937500000,5e-05,"[0.10577868817857018,0.0034890999599290944]","[0.10577868810958332,0.003489099957773255]","[[0.12763567864894867,0.08392169708730998],[0.005013209730559201,0.0019649901431640264]]","[[0.12763567864894867,0.08392169700452574],[0.005013209730559201,0.0019649901401458513]]","[[0.3568682615403776,0.2892734577258428],[0.06989189071787728,0.04343270795350825]]","[[1.0,0.913425925925926],[0.25046296296296294,0.75]]","[[13.878986959104184,6.113117090861002],[1.000007814831204,2.346526672221996]]","[1.0,1.0]","[12.587974977493285,3.0623647888501484]","[0.00015042528121503657,0.00010096032914993379]","[0.10649541594364025,0.0030853098948244694]","[0.10649541555731384,0.0030853098913751265]","[[0.12868357957513243,0.08430725164987422],[0.004404240632774653,0.0017663791249678642]]","[[0.12868357957513243,0.08430725104278988],[0.004404240632774653,0.0017663791206561858]]","[[0.3584166365641135,0.29004113210572136],[0.06610231714116202,0.04155842385910175]]","[[1.0,0.9194444444444444],[0.2518518518518518,0.75]]","[[13.883719875194409,6.171584090480098],[1.0000117310771235,2.221258544921875]]","[1.0,1.0]","[12.662217394510906,2.980465194914076]","[null,null]"
residual_simvq_k16-4_d2-2_rate094-20260726-215551,84,0.01407174,0.03415219,0.04822393,0.01418087,0.03358953,24.52963480,0.93701069,0.01399698,0,Phase3-微调,0.075000,0.08518519,7.71283971,9216,0.1406250000,0.0937500000,5e-05,"[0.10556754009039314,0.003719463293371653]","[0.10556754000760891,0.0037194632886288067]","[[0.12740099693614024,0.08373408267205512],[0.005255414059178697,0.002183512477333554]]","[[0.12740099693614024,0.08373408255477746],[0.005255414059178697,0.0021835124749621307]]","[[0.35652034238532737,0.2889300541193397],[0.07201746778079757,0.04612051440333879]]","[[1.0,0.9126157407407407],[0.25046296296296294,0.75]]","[[13.86328152373985,6.1045254672015155],[1.000002932769281,2.2580592173117178]]","[1.0,1.0]","[12.584248959576643,3.0042274245509395]","[0.00015196502926873682,9.64465119607296e-05]","[0.10406895324035927,0.003417548928754749]","[0.10406895329554876,0.0034175489184067203]","[[0.12569267854646402,0.08244522721679122],[0.0048331596681641205,0.0020019381410545773]]","[[0.12569267854646402,0.08244522727198071],[0.0048331596681641205,0.0020019381263948702]]","[[0.3542236153726225,0.2868132613323353],[0.06923486002617413,0.04428134935873526]]","[[1.0,0.9083333333333333],[0.2518518518518518,0.75]]","[[13.839521464595089,6.066947601459645],[1.0000117310771235,2.1337629247594765]]","[1.0,1.0]","[12.559108642295556,2.9211535542099565]","[null,null]"
residual_simvq_k16-4_d2-2_rate094-20260726-215551,85,0.01763115,0.03536589,0.05299704,0.01428554,0.03446297,24.50092047,0.93630603,0.01399698,0,Phase3-微调,0.100000,0.10000000,6.35169336,9216,0.1406250000,0.0937500000,5e-05,"[0.10671563307168307,0.006455205685213312]","[0.10671563300269621,0.006455205683596432]","[[0.1292073295624168,0.08422393600145976],[0.008308826735527772,0.004601584624119655]]","[[0.1292073295624168,0.08422393594627027],[0.008308826735527772,0.0046015846339287235]]","[[0.3589103403466719,0.2894669137895107],[0.07271383648255357,0.049174986765892416]]","[[1.0,0.9122685185185185],[0.25462962962962965,0.7518518518518519]]","[[13.859969668918186,6.156676834600943],[1.0002088796209405,2.1795593484684272]]","[1.0,1.0]","[12.625793192121717,2.950181168097037]","[0.00021675597461041804,0.0001801094074498569]","[0.10789314795423437,0.0023883516262112946]","[0.10789314778866592,0.002388351624486623]","[[0.1303548198055338,0.08543147538547162],[0.00332085307928975,0.0014558501584731318]]","[[0.1303548198055338,0.08543147505433471],[0.00332085307928975,0.0014558501653718177]]","[[0.3607404046588474,0.29197487389599835],[0.05756411613137634,0.03808313677156413]]","[[1.0,0.9120370370370371],[0.25,0.75]]","[[13.902872975667318,6.124028820461697],[1.0,2.2884091659828467]]","[1.0,1.0]","[12.580848241735387,3.025459978315565]","[null,null]"
residual_simvq_k16-4_d2-2_rate094-20260726-215551,86,0.01393874,0.03387368,0.04781242,0.01389907,0.03581556,24.63294440,0.93872970,0.01389907,1,Phase3-微调,0.125000,0.12777778,7.74443994,9216,0.1406250000,0.0937500000,5e-05,"[0.10562698950094206,0.002768794681738924]","[0.1056269895285368,0.002768794684972683]","[[0.12756451273130046,0.08368946559451244],[0.004104713538523625,0.001432875793586761]]","[[0.12756451273130046,0.08368946569109405],[0.004104713538523625,0.001432875799730903]]","[[0.356743122195756,0.2888411952389611],[0.06381851785850745,0.037644492451929384]]","[[1.0,0.9056712962962963],[0.25,0.75]]","[[13.875955090699373,6.079602849041974],[1.0,2.377647787553293]]","[1.0,1.0]","[12.543139028549195,3.083479329833278]","[0.00014936514034397314,9.093360669322903e-05]","[0.11081873895945372,0.0037910677682332417]","[0.11081873901464322,0.003791067749261856]","[[0.1336019495571101,0.08803552780990247],[0.0057026930636277905,0.001879442436620593]]","[[0.1336019495571101,0.08803552786509196],[0.0057026930636277905,0.0018794424055765073]]","[[0.36518081470772074,0.29635907499878494],[0.07541276310329084,0.04319633612478221]]","[[1.0,0.9152777777777777],[0.25,0.75]]","[[13.928525253578469,6.20774092497649],[1.0,2.486659299002753]]","[1.0,1.0]","[12.715101355093497,3.1536490352065476]","[null,null]"
residual_simvq_k16-4_d2-2_rate094-20260726-215551,87,0.01412499,0.03439349,0.04851848,0.01456675,0.03387637,24.44744074,0.93559799,0.01389907,0,Phase3-微调,0.150000,0.17407407,7.81779622,9216,0.1406250000,0.0937500000,5e-05,"[0.10634653962872646,0.003712636270965622]","[0.10634653954594224,0.003712636270965622]","[[0.1283238248416671,0.08436925393287782],[0.005375742516480386,0.002049529978669145]]","[[0.1283238248416671,0.08436925377420805],[0.005375742516480386,0.0020495299866457504]]","[[0.3577823675892971,0.28999563204469503],[0.07071478604166596,0.04296031059628284]]","[[1.0,0.9079861111111112],[0.25,0.75]]","[[13.868533570678146,6.080821159150865],[1.0,2.27767381646015]]","[1.0,1.0]","[12.563494081850406,3.016994572568823]","[0.00015788593347544386,9.536794108902946e-05]","[0.10471711815507323,0.0036872764704404056]","[0.10471711832064169,0.0036872764428456622]","[[0.12722206270253217,0.08221217294534047],[0.005342986972795592,0.0020315659137580683]]","[[0.12722206270253217,0.08221217316609841],[0.005342986972795592,0.0020315658740906253]]","[[0.3563898439760561,0.28642088859169573],[0.07293763762270963,0.04484152106775178]]","[[1.0,0.9148148148148149],[0.25,0.75]]","[[13.81077353866012,6.112486772184019],[1.0,2.331286324395074]]","[1.0,1.0]","[12.613376638624404,3.053460069938942]","[null,null]"
residual_simvq_k16-4_d2-2_rate094-20260726-215551,88,0.01396936,0.03437199,0.04834135,0.01402044,0.03483412,24.58645279,0.93835722,0.01389907,0,Phase3-微调,0.175000,0.20370370,7.40619646,9216,0.1406250000,0.0937500000,5e-05,"[0.10619053116275204,0.003799843964063459]","[0.10619053124553628,0.003799843958458277]","[[0.12816202103815696,0.08421904084583123],[0.005401851638668665,0.00219783626078559]]","[[0.12816202103815696,0.08421904097000758],[0.005401851638668665,0.0021978362560427438]]","[[0.35752574415118604,0.2896972893564789],[0.07303080817477571,0.04638787150658943]]","[[1.0,0.9070601851851852],[0.25,0.75]]","[[13.853916982368187,6.084827105204265],[1.0,2.193958459297816]]","[1.0,1.0]","[12.575945324367947,2.9616004325725416]","[0.0001564921379111992,8.580728579680133e-05]","[0.10737863293400517,0.004090562954338061]","[0.10737863287881569,0.004090562961236746]","[[0.1293981217675739,0.08535914382448903],[0.005721579988797506,0.002459545921603287]]","[[0.1293981217675739,0.08535914387967851],[0.005721579988797506,0.0024595459345383226]]","[[0.35940902431805927,0.29184081112896954],[0.07542388593709028,0.049275275788925314]]","[[1.0,0.9027777777777778],[0.25,0.75]]","[[13.868123068632903,6.072355824929697],[1.0,2.1839494546254477]]","[1.0,1.0]","[12.585587233084219,2.955372338824802]","[null,null]"
residual_simvq_k16-4_d2-2_rate094-20260726-215551,89,0.01384321,0.03420934,0.04805255,0.01399437,0.03378860,24.60534516,0.93798354,0.01389907,0,Phase3-微调,0.200000,0.20370370,7.10430111,9216,0.1406250000,0.0937500000,5e-05,"[0.1054941477736941,0.003975752223265806]","[0.10549414775989674,0.0039757522137801125]","[[0.12720489129424095,0.08378340364606292],[0.005574225789125733,0.0023772786356319017]]","[[0.12720489129424095,0.08378340379783401],[0.005574225789125733,0.0023772786246371216]]","[[0.35624605273758925,0.28900733396962835],[0.07416684813107606,0.04815926564236482]]","[[1.0,0.9032407407407408],[0.25,0.75]]","[[13.859957447758427,6.053125342616329],[1.0,2.1840771085686153]]","[1.0,1.0]","[12.546829827626546,2.954998959876873]","[0.000154747335815315,8.265534000336764e-05]","[0.10496213331266686,0.0031613918297268727]","[0.10496213320228788,0.003161391831451544]","[[0.12680798802110885,0.08311627750043515],[0.00455361774570688,0.001769165879253436]]","[[0.12680798802110885,0.08311627727967721],[0.00455361774570688,0.0017691658758040932]]","[[0.35580083816139785,0.28798798366829204],[0.06734019228153759,0.0418461748847255]]","[[1.0,0.9078703703703703],[0.25,0.75]]","[[13.897497487951208,6.120981128127487],[1.0,2.1801426887512205]]","[1.0,1.0]","[12.645338171499747,2.952838419101856]","[null,null]"
residual_simvq_k16-4_d2-2_rate094-20260726-215551,90,0.01412109,0.03447907,0.04860016,0.01390809,0.03143226,24.61451173,0.93855940,0.01389907,0,Phase3-微调,0.225000,0.21296296,8.07503394,9216,0.1406250000,0.0937500000,5e-05,"[0.10638694467919844,0.003946065771419348]","[0.10638694462400895,0.003946065769479093]","[[0.12820152996314896,0.08457235884335305],[0.005521684508615484,0.0023704470058739254]]","[[0.12820152996314896,0.08457235873297408],[0.005521684508615484,0.00237044700339471]]","[[0.35756402374417695,0.29028497379687096],[0.07349102007984011,0.04761202046992602]]","[[1.0,0.9015046296296296],[0.25,0.75]]","[[13.861164893044366,6.063833672029001],[1.0,2.235001698025951]]","[1.0,1.0]","[12.55815017664874,2.9885068081043387]","[0.00016122975967947342,0.00010413083904562949]","[0.09716035486371428,0.0034228829649725445]","[0.09716035486371428,0.0034228829528998445]","[[0.11792082538207373,0.07639988371067577],[0.00473341115715879,0.0021123547382928707]]","[[0.11792082538207373,0.07639988365548628],[0.00473341115715879,0.0021123547081111204]]","[[0.34311749714392203,0.2761153210092474],[0.06855476225415866,0.04561634209972841]]","[[1.0,0.8972222222222223],[0.25,0.75]]","[[13.744425420407895,5.9268191125657825],[1.0,2.0281038619853833]]","[1.0,1.0]","[12.405553379765264,2.8479242942951344]","[null,null]"
residual_simvq_k16-4_d2-2_rate094-20260726-215551,91,0.01376584,0.03401765,0.04778349,0.01381264,0.03208199,24.64442421,0.93906571,0.01381264,1,Phase3-微调,0.250000,0.23888889,7.42456963,9216,0.1406250000,0.0937500000,5e-05,"[0.10464295234393191,0.004213523004997384]","[0.10464295227494505,0.004213523003272712]","[[0.12619187633196513,0.08309402803166045],[0.0057652037431210005,0.0026618422256972363]]","[[0.12619187633196513,0.0830940280040657],[0.0057652037431210005,0.00266184222699074]]","[[0.3548061434869413,0.28778504825852536],[0.07547989736000697,0.05097046907025355]]","[[1.0,0.9],[0.25,0.75]]","[[13.83545757399665,6.029959965635229],[1.0,2.1342264581609656]]","[1.0,1.0]","[12.520637386816519,2.9212712239336085]","[0.0001537617404311378,6.519441090959945e-05]","[0.09873913587243469,0.003923247685586964]","[0.09873913576205572,0.003923247671789593]","[[0.11967538628313276,0.07780288543414186],[0.005416990995958999,0.0024295043277864654]]","[[0.11967538628313276,0.07780288515819443],[0.005416990995958999,0.002429504292430701]]","[[0.34563449974413274,0.27860776671656856],[0.07325328734737856,0.048752118867856485]]","[[1.0,0.8962962962962963],[0.25,0.75]]","[[13.81166552790889,5.937272774731672],[1.0,2.152559992119118]]","[1.0,1.0]","[12.423075527615017,2.9340273910098604]","[null,null]"
residual_simvq_k16-4_d2-2_rate094-20260726-215551,92,0.02566751,0.03868082,0.06434833,0.01446245,0.03119620,24.44665347,0.93533813,0.01381264,0,Phase3-微调,0.275000,0.29814815,7.83087544,9216,0.1406250000,0.0937500000,5e-05,"[0.11680565822731566,0.006972968633959277]","[0.1168056582549104,0.006972968656595589]","[[0.1403878016880265,0.09322351431129156],[0.00849751130660513,0.005448425961744592]]","[[0.1403878016880265,0.09322351431819025],[0.00849751130660513,0.005448425993004262]]","[[0.36391901909201235,0.29210539898938603],[0.07698186444187606,0.058230681082716694]]","[[0.9979166666666667,0.9052083333333333],[0.4671296296296296,0.725925925925926]]","[[13.636060727084125,6.090620636056971],[1.5371768417181793,1.8800532828878473]]","[0.9980324074074074,0.8949074074074074]","[12.44606830543942,2.563263652501283]","[0.00042378729768744155,0.00019056310199327224]","[0.09734013025407438,0.0024877138987735464]","[0.09734013003331643,0.0024877138987735464]","[[0.11992449556235914,0.0747557646146527],[0.0030841886497068186,0.0018912391271442175]]","[[0.11992449556235914,0.07475576406275784],[0.0030841886497068186,0.001891239128868889]]","[[0.3460410828943606,0.2731683651606242],[0.055499731914864646,0.04347893388734923]]","[[1.0,0.9097222222222222],[0.75,0.75]]","[[13.767421263235587,5.998335093039054],[2.573564891461973,1.596994150126422]]","[1.0,0.75]","[12.451742066277397,2.4087861326005724]","[null,null]"
residual_simvq_k16-4_d2-2_rate094-20260726-215551,93,0.01370226,0.03238566,0.04608792,0.01364336,0.03212397,24.71657926,0.93976536,0.01364336,1,Phase3-微调,0.300000,0.27592593,7.43920702,9216,0.1406250000,0.0937500000,5e-05,"[0.10116855310345138,0.002465570486081695]","[0.101168553089654,0.002465570483279104]","[[0.12313311628445431,0.0792039895499194],[0.003023928406872545,0.0019072125467506271]]","[[0.12313311628445431,0.07920398949472993],[0.003023928406872545,0.0019072125459960833]]","[[0.3505325736822905,0.2810442153502394],[0.05356642242383074,0.041567592177953985]]","[[1.0,0.899074074074074],[0.750462962962963,0.750462962962963]]","[[13.825564375630131,5.994935263527764],[2.818302250349963,2.082925037984495]]","[1.0,0.750462962962963]","[12.450433911217583,2.669565791553921]","[0.00015366181587860746,9.583361950346982e-05]","[0.10027988729653535,0.002516805147752166]","[0.10027988718615638,0.002516805149476837]","[[0.12159651192250075,0.07896326200829612],[0.0031230595600963743,0.0019105507354079574]]","[[0.12159651192250075,0.07896326184272766],[0.0031230595600963743,0.0019105507440313144]]","[[0.34840738000693144,0.28069128968097545],[0.05570930352917424,0.043482587376126536]]","[[1.0,0.9004629629629629],[0.75,0.75]]","[[13.787348902667011,5.941202202549687],[2.78362682307208,1.9681269786976001]]","[1.0,0.75]","[12.402166967038754,2.532645359745732]","[null,null]"
residual_simvq_k16-4_d2-2_rate094-20260726-215551,94,0.01347825,0.03236024,0.04583848,0.01350870,0.03225735,24.75767195,0.94090215,0.01350870,1,Phase3-微调,0.325000,0.29629630,7.26514565,9216,0.1406250000,0.0937500000,5e-05,"[0.10111025059940638,0.002442506544455817]","[0.10111025068219061,0.002442506547042824]","[[0.12238380315679091,0.07983669762120203],[0.0029887102656411353,0.0018963028008497698]]","[[0.12238380315679091,0.07983669759360729],[0.0029887102656411353,0.001896302807101704]]","[[0.3494107480954241,0.2820880318681399],[0.05414696119863678,0.042903549300023804]]","[[1.0,0.8974537037037037],[0.75,0.75]]","[[13.831658845477634,5.987864841355218],[2.814040722228863,1.8605083386103312]]","[1.0,0.75]","[12.465534876011036,2.4624173142291883]","[0.0001496058610764858,7.982266072556539e-05]","[0.10107009874449836,0.0021534147698225245]","[0.10107009874449836,0.002153414768960189]","[[0.12228439152240753,0.0798558062977261],[0.0027668320332412365,0.001539997486570091]]","[[0.12228439152240753,0.0798558062977261],[0.0027668320332412365,0.001539997486570091]]","[[0.3493614340270007,0.28223826377480116],[0.05247526174342191,0.0390817959551458]]","[[1.0,0.9050925925925926],[0.75,0.75]]","[[13.831694567645037,6.008823193444146],[2.888325479295519,1.9622428743927567]]","[1.0,0.75]","[12.517539391694246,2.550337145063612]","[null,null]"
residual_simvq_k16-4_d2-2_rate094-20260726-215551,95,0.01762999,0.03315817,0.05078817,0.01361183,0.03281677,24.73247401,0.94047193,0.01350870,0,Phase3-微调,0.350000,0.34444444,7.23031926,9216,0.1406250000,0.0937500000,5e-05,"[0.10244525305374905,0.0036609041493782706]","[0.10244525305374905,0.003660904139245826]","[[0.1250930411948098,0.07979746476781589],[0.004362073948572355,0.0029597343413452445]]","[[0.1250930411948098,0.07979746477471458],[0.004362073948572355,0.002959734318924516]]","[[0.3520039685346462,0.28022573460583333],[0.05901570183535417,0.046611235090703876]]","[[1.0,0.9039351851851852],[0.7509259259259259,0.7509259259259259]]","[[13.777193530400593,6.072544104964645],[2.6398080737502485,1.5579091663713809]]","[1.0,0.7509259259259259]","[12.541398528770165,2.2578291213070907]","[0.0002527734659923698,8.655204952042873e-05]","[0.1026890567055455,0.002324619982391596]","[0.10268905676073498,0.002324619985840939]","[[0.12474361117239352,0.08063450223869748],[0.0028892311802202904,0.0017600087768018797]]","[[0.12474361117239352,0.08063450240426594],[0.0028892311802202904,0.0017600087768018797]]","[[0.3528886534549572,0.2836498342178486],[0.053700911115717,0.04193527621251565]]","[[1.0,0.9083333333333333],[0.75,0.75]]","[[13.816328303019207,6.058707350271719],[2.856080812878079,1.3791267845365736]]","[1.0,0.75]","[12.566847695244682,2.2903966709419534]","[null,null]"
residual_simvq_k16-4_d2-2_rate094-20260726-215551,96,0.01334713,0.03187012,0.04521725,0.01354993,0.03165797,24.72796669,0.93947467,0.01350870,0,Phase3-微调,0.375000,0.37222222,7.18978381,9216,0.1406250000,0.0937500000,5e-05,"[0.09989615986468615,0.002088225889882004]","[0.09989615983709141,0.0020882258918222592]","[[0.12110024825842292,0.07869207138816516],[0.0026830105772845587,0.0014934411954729714]]","[[0.12110024825842292,0.0786920713191783],[0.0026830105772845587,0.001493441196766475]]","[[0.34763162445139,0.28013671890453057],[0.05169436153438356,0.038508059263781265]]","[[1.0,0.897337962962963],[0.75,0.75]]","[[13.8195734695152,5.961489348058348],[2.887847729082461,1.7129210129932122]]","[1.0,0.75]","[12.450859272921527,2.445576618335865]","[0.00014221591775788478,2.6444913890844436e-05]","[0.09911311886928699,0.0021923981020572007]","[0.09911311897966597,0.002192398107231215]","[[0.11976073246311258,0.07846550510989295],[0.0028255786056871767,0.0015592176010142322]]","[[0.11976073246311258,0.07846550527546141],[0.0028255786056871767,0.0015592176061882464]]","[[0.3457444334471667,0.2797783092216209],[0.05299300587287656,0.039288464740470604]]","[[1.0,0.8944444444444445],[0.75,0.75]]","[[13.78192814014576,5.882234788824011],[2.873186519410875,1.88288348780738]]","[1.0,0.75]","[12.358347249914098,2.4999039031841135]","[null,null]"
residual_simvq_k16-4_d2-2_rate094-20260726-215551,97,0.01332593,0.03182156,0.04514748,0.01329517,0.03246637,24.82494712,0.94121370,0.01329517,1,Phase3-微调,0.400000,0.40185185,7.63153514,9216,0.1406250000,0.0937500000,5e-05,"[0.09975120368655081,0.0020777760925099116]","[0.09975120374174029,0.002077776094881335]","[[0.1206204601460033,0.0788819468545693],[0.0026985118523481545,0.0014570403235093518]]","[[0.1206204601460033,0.07888194691665747],[0.0026985118523481545,0.0014570403271742785]]","[[0.3468790243621226,0.2804036918061751],[0.05167977954088538,0.03781436570678596]]","[[1.0,0.8959490740740741],[0.75,0.75]]","[[13.816400259512442,5.947688249305442],[2.8861514683122986,1.9529621636426007]]","[1.0,0.75]","[12.432356209225125,2.5519612656699286]","[0.000143757236448302,3.5926849327720615e-05]","[0.10143791619274352,0.0024544633269585944]","[0.10143791613755403,0.0024544633269585944]","[[0.1223638333104275,0.08051199913024902],[0.0031638024702530217,0.0017451241707291316]]","[[0.1223638333104275,0.08051199918543851],[0.0031638024702530217,0.0017451241690044602]]","[[0.3495229972733392,0.28345293910415087],[0.05606804310723587,0.04153778690982748]]","[[1.0,0.8976851851851851],[0.75,0.75]]","[[13.876613143638329,6.022174089926261],[2.9172426912519667,2.0319420832174795]]","[1.0,0.75]","[12.54233489566379,2.6143374266447843]","[null,null]"
residual_simvq_k16-4_d2-2_rate094-20260726-215551,98,0.01341073,0.03212056,0.04553129,0.01356857,0.03198313,24.73328651,0.94067210,0.01329517,0,Phase3-微调,0.425000,0.43333333,7.74932161,9216,0.1406250000,0.0937500000,5e-05,"[0.10056039739262175,0.0022254107222478424]","[0.10056039732363489,0.0022254107218166743]","[[0.12146849261113891,0.07965230158081761],[0.002875335442540408,0.0015754859853553138]]","[[0.12146849261113891,0.07965230152562812],[0.002875335442540408,0.001575485984169602]]","[[0.3480793383938295,0.2817522623748691],[0.05330525158594052,0.03929419763110302]]","[[1.0,0.8954861111111111],[0.75,0.75]]","[[13.79682164368806,5.966531263457404],[2.9033638742234973,1.9802146587106917]]","[1.0,0.75]","[12.451664915791264,2.5843746326587818]","[0.0001464760064091361,4.323866893443024e-05]","[0.09939318531089358,0.0029528282565513143]","[0.09939318520051461,0.0029528282513773]","[[0.12006351252396902,0.07872285790465496],[0.003681396198010555,0.0022242602780116376]]","[[0.12006351252396902,0.07872285779427599],[0.003681396198010555,0.0022242602754246306]]","[[0.34618848650543776,0.2802496013817964],[0.06044758047770571,0.0468712396091885]]","[[1.0,0.8972222222222223],[0.75,0.75]]","[[13.827250148631908,5.952206021768076],[2.9254998330716733,2.0197451141145493]]","[1.0,0.75]","[12.455219869260434,2.610956566422074]","[null,null]"
residual_simvq_k16-4_d2-2_rate094-20260726-215551,99,0.01347326,0.03233276,0.04580602,0.01354928,0.03295271,24.73741967,0.94040048,0.01329517,0,Phase3-微调,0.450000,0.44444444,7.98672767,9216,0.1406250000,0.0937500000,5e-05,"[0.10106943740888878,0.0023953926682696437]","[0.10106943738129404,0.0023953926658982203]","[[0.12203953753191012,0.08009933705131213],[0.0030737099520154985,0.0017170753666303224]]","[[0.12203953753191012,0.08009933704441344],[0.0030737099520154985,0.0017170753612407242]]","[[0.34894345617956585,0.2825892224907875],[0.054602171797995216,0.04036829780649256]]","[[1.0,0.8986111111111111],[0.75,0.75]]","[[13.797201755311754,5.967449870815983],[2.8926438402246544,2.0024386483210104]]","[1.0,0.75]","[12.455147621366713,2.5899938534807276]","[0.0001495456404949504,5.297787969606428e-05]","[0.103155184785525,0.0022934817450328006]","[0.10315518489590397,0.002293481746757472]","[[0.12421702455591273,0.08209334484956883],[0.002929850422811729,0.001657113050007158]]","[[0.12421702455591273,0.08209334507032677],[0.002929850422811729,0.001657113050007158]]","[[0.35213295971905745,0.28619319222591544],[0.053980682293574014,0.04052265907327334]]","[[1.0,0.899537037037037],[0.75,0.75]]","[[13.85363936247649,5.996153407626682],[2.889459565833763,1.9982686554944074]]","[1.0,0.75]","[12.503150784527813,2.569027708194874]","[null,null]"
residual_simvq_k16-4_d2-2_rate094-20260726-215551,100,0.01334378,0.03215497,0.04549875,0.01324664,0.03152040,24.82866450,0.94103506,0.01324664,1,Phase3-微调,0.475000,0.50370370,7.08230890,9216,0.1406250000,0.0937500000,2.5e-05,"[0.10049328408031552,0.002402622670504368]","[0.10049328410791027,0.002402622673306959]","[[0.12129184374654735,0.07969472428990734],[0.0030767420136490493,0.0017285033169038664]]","[[0.12129184374654735,0.07969472420712312],[0.0030767420136490493,0.0017285033219700886]]","[[0.3477993289077723,0.2817932721089434],[0.055172687154953125,0.041170104430919445]]","[[1.0,0.899074074074074],[0.75,0.75]]","[[13.794267679143834,5.949689828908002],[2.917821655008528,1.9885872628953722]]","[1.0,0.75]","[12.447197751645689,2.5981027364730833]","[0.00014377057220068916,4.1684293036168027e-05]","[0.09853069473195959,0.0023345985786161487]","[0.0985306946767701,0.0023345985768914775]","[[0.1189386287773097,0.07812275999674091],[0.002985827143614491,0.0016833700144801428]]","[[0.1189386287773097,0.07812275988636193],[0.002985827143614491,0.0016833700067191211]]","[[0.3445572327684473,0.2791705994694321],[0.054487101954442486,0.040825302595341645]]","[[1.0,0.8935185185185185],[0.75,0.75]]","[[13.816881434122722,5.93947088100292],[2.9164366669125026,1.9917929410934447]]","[1.0,0.75]","[12.434045092264812,2.590390434971562]","[null,null]"
residual_simvq_k16-4_d2-2_rate094-20260726-215551,101,0.01281594,0.03224732,0.04506326,0.01287518,0.03274300,24.95531155,0.94325820,0.01287518,1,Phase3-微调,0.500000,0.47407407,7.30415120,9216,0.1406250000,0.0937500000,2.5e-05,"[0.10058234652711286,0.002609072471925713]","[0.1005823465547076,0.0026090724758062235]","[[0.12110804878175259,0.08005664374127432],[0.0033073550586036784,0.001910789873606215]]","[[0.12110804878175259,0.08005664376886906],[0.0033073550586036784,0.00191078987662439]]","[[0.34760154838915225,0.28250653227722206],[0.05718531718270646,0.043278415211372906]]","[[1.0,0.8996527777777777],[0.75,0.75]]","[[13.76839917147601,5.925219763649834],[2.9341891999597904,2.0023993582637223]]","[1.0,0.75]","[12.408454940937183,2.623819462016777]","[0.00012261007977940608,2.9553555288186072e-05]","[0.10182796551121606,0.0029496262298414]","[0.1018279653456476,0.002949626233290743]","[[0.12247777123142171,0.08117816006695783],[0.0036951721231970524,0.0022040803106156766]]","[[0.12247777123142171,0.08117816006695783],[0.0036951721231970524,0.002204080317514362]]","[[0.3496648837018896,0.28459600342644586],[0.06053388593373475,0.046606566315447844]]","[[1.0,0.9018518518518519],[0.75,0.75]]","[[13.788241012008102,5.946319922694453],[2.9361164181320754,2.0240814791785344]]","[1.0,0.75]","[12.450208282470703,2.6400779759442363]","[null,null]"
residual_simvq_k16-4_d2-2_rate094-20260726-215551,102,0.01283223,0.03242478,0.04525702,0.01291312,0.03169238,24.94448174,0.94291205,0.01287518,0,Phase3-微调,0.525000,0.51481481,8.00658836,9216,0.1406250000,0.0937500000,2.5e-05,"[0.10140132568776608,0.002357978793507856]","[0.10140132578434767,0.002357978795232527]","[[0.12179558081207452,0.08100707036339574],[0.0030951691543493697,0.0016207884209170178]]","[[0.12179558081207452,0.0810070705289642],[0.0030951691543493697,0.0016207884222105215]]","[[0.3485744586145436,0.2841736601182708],[0.05533813045670589,0.039817715132678]]","[[1.0,0.8979166666666667],[0.75,0.75]]","[[13.776664126360858,5.924756433345653],[2.9320226037943806,2.076302214242794]]","[1.0,0.75]","[12.412709011854949,2.6778831627633837]","[0.0001261745327442272,3.358855520774442e-05]","[0.0986609223264235,0.0027547039798702356]","[0.09866092243680248,0.002754703978145564]","[[0.11865014202064939,0.07867170202511328],[0.003562414068383751,0.0019469938689359912]]","[[0.11865014202064939,0.07867170208030277],[0.003562414068383751,0.001946993866348984]]","[[0.34416851114343716,0.28017974308243504],[0.05955357336335712,0.04395805928442213]]","[[1.0,0.8949074074074074],[0.75,0.75]]","[[13.778020180596245,5.911807900887949],[2.9416284684781675,2.0616244351422344]]","[1.0,0.75]","[12.417541129500778,2.6676051793275057]","[null,null]"
residual_simvq_k16-4_d2-2_rate094-20260726-215551,103,0.01276198,0.03240570,0.04516768,0.01303253,0.03141739,24.90293789,0.94223684,0.01287518,0,Phase3-微调,0.550000,0.53148148,7.67151062,9216,0.1406250000,0.0937500000,2.5e-05,"[0.10093121122982766,0.0027670262909615067]","[0.10093121120223293,0.0027670262922550102]","[[0.12104475178100445,0.08081767036131135],[0.0035295524302421622,0.0020045001281822033]]","[[0.12104475178100445,0.08081767041650083],[0.0035295524302421622,0.002004500127751035]]","[[0.3474960774735168,0.2838286713041641],[0.0591295568479432,0.04440575853266098]]","[[1.0,0.899074074074074],[0.75,0.75]]","[[13.78507746943721,5.909467901123895],[2.929150131455174,2.0412340225996792]]","[1.0,0.75]","[12.397050495500919,2.6559648646248712]","[0.00012218763386718585,3.209517879406997e-05]","[0.09786602584300218,0.00266961641350968]","[0.09786602578781269,0.0026696164152343518]","[[0.11762613913527241,0.07810591241275823],[0.003412437880480731,0.0019267949422269507]]","[[0.11762613913527241,0.07810591235756874],[0.003412437880480731,0.0019267949430892865]]","[[0.34266592661539713,0.2791533095969094],[0.058220125210505944,0.043619102598340426]]","[[1.0,0.8972222222222223],[0.75,0.75]]","[[13.746268964696814,5.870940798300284],[2.931240247797083,2.0450255076090493]]","[1.0,0.75]","[12.36507529505977,2.6680413352118597]","[null,null]"
residual_simvq_k16-4_d2-2_rate094-20260726-215551,104,0.01282414,0.03281466,0.04563880,0.01297042,0.03326886,24.92915562,0.94247136,0.01287518,0,Phase3-微调,0.575000,0.59814815,7.59122409,9216,0.1406250000,0.0937500000,2.5e-05,"[0.10213669463992119,0.0028702160863085064]","[0.10213669457093433,0.00287021608760201]","[[0.12235381008574256,0.08191957875258393],[0.0036424202620293257,0.00209801190196433]]","[[0.12235381008574256,0.08191957864220496],[0.0036424202620293257,0.002098011901317578]]","[[0.34936183983529057,0.28574924027478255],[0.059850973491039544,0.0451607052443756]]","[[1.0,0.9005787037037037],[0.75,0.75]]","[[13.77705226474338,5.925814018426118],[2.938769516679976,2.0472736846517634]]","[1.0,0.75]","[12.411824814478557,2.6651051075370225]","[0.00012778813890892908,3.8461515064396e-05]","[0.10328319061685491,0.0031771542056015243]","[0.10328319061685491,0.0031771542056015243]","[[0.12354005597255847,0.08302632481963546],[0.003988557662469921,0.002365750737522763]]","[[0.12354005597255847,0.08302632476444598],[0.003988557662469921,0.002365750726312399]]","[[0.3511450796215623,0.28777880094669483],[0.06288692010221658,0.04825942223822629]]","[[1.0,0.9037037037037037],[0.75,0.75]]","[[13.778534726743345,5.9178378564340095],[2.9509419635490133,2.0816063898581048]]","[1.0,0.75]","[12.405820790043583,2.6870854713298655]","[null,null]"
residual_simvq_k16-4_d2-2_rate094-20260726-215551,105,0.01280543,0.03280392,0.04560935,0.01306953,0.03239489,24.89698779,0.94255531,0.01287518,0,Phase3-微调,0.600000,0.65740741,7.34898340,9216,0.1406250000,0.0937500000,2.5e-05,"[0.10206199678833838,0.0029105508643961337]","[0.10206199678833838,0.0029105508643961337]","[[0.12232718590509009,0.08179680762329587],[0.0036820195248798916,0.00213908219916953]]","[[0.12232718590509009,0.08179680763019456],[0.0036820195248798916,0.002139082199385114]]","[[0.34936673216245795,0.28558219116595057],[0.06036581755788238,0.04582422427419159]]","[[1.0,0.9045138888888888],[0.75,0.75]]","[[13.748286724090576,5.9245678919333],[2.9486607410289625,2.035404631164339]]","[1.0,0.75]","[12.40892650462963,2.666738682323032]","[0.0001260680233422641,3.293129449991317e-05]","[0.10074599749512142,0.0029176353752889015]","[0.1007459976055004,0.002917635370114887]","[[0.12058682623836729,0.08090516850352288],[0.003645333114804493,0.0021899376400849884]]","[[0.12058682623836729,0.08090516850352288],[0.003645333114804493,0.0021899376340486386]]","[[0.3469471297882221,0.28410721796530264],[0.06017337259319094,0.046536141882340114]]","[[1.0,0.9013888888888889],[0.75,0.75]]","[[13.715078177275482,5.899322562747532],[2.947149728845667,2.026474290423923]]","[1.0,0.75]","[12.402796999613445,2.652070794282136]","[null,null]"
residual_simvq_k16-4_d2-2_rate094-20260726-215551,106,0.01279338,0.03293882,0.04573220,0.01282823,0.03316161,24.97450118,0.94336936,0.01282823,1,Phase3-微调,0.625000,0.59629630,7.22776325,9216,0.1406250000,0.0937500000,2.5e-05,"[0.10239463609953721,0.003009587567066774]","[0.10239463607194248,0.003009587569007029]","[[0.12259731754936554,0.08219195452553255],[0.0038060772961384997,0.0022130978121249765]]","[[0.12259731754936554,0.08219195442895094],[0.0038060772961384997,0.002213097812771728]]","[[0.3497379144032796,0.28625628628112654],[0.06135638599732408,0.046591800506468176]]","[[1.0,0.9019675925925926],[0.75,0.75]]","[[13.737755341000026,5.914220584763421],[2.954915004306369,2.0221852476950044]]","[1.0,0.75]","[12.39666322072347,2.6684242915224146]","[0.00012556790076174635,3.528204466352623e-05]","[0.10334693590799968,0.002770218879191412]","[0.10334693590799968,0.002770218872292726]","[[0.12378206109559095,0.0829118107755979],[0.003533863888501569,0.002006573859533226]]","[[0.12378206109559095,0.08291181066521892],[0.003533863888501569,0.0020065738560838832]]","[[0.3514999787012736,0.28759464731922857],[0.059238465516655535,0.0445099963358155]]","[[1.0,0.9064814814814814],[0.75,0.75]]","[[13.760403562475133,5.951877791793258],[2.953297433146724,2.0199287167301883]]","[1.0,0.75]","[12.43953603108724,2.67338419313784]","[null,null]"
residual_simvq_k16-4_d2-2_rate094-20260726-215551,107,0.01279161,0.03308769,0.04587930,0.01388528,0.03756269,24.64496495,0.93950616,0.01282823,0,Phase3-微调,0.650000,0.65555556,7.59086382,9216,0.1406250000,0.0937500000,2.5e-05,"[0.10272668401400248,0.0031539191606161357]","[0.10272668412438145,0.0031539191644966466]","[[0.12291519630838324,0.08253817118842292],[0.003958670430195829,0.002349167881766334]]","[[0.12291519630838324,0.08253817132639664],[0.003958670430195829,0.0023491678841377575]]","[[0.350181210482562,0.2868488660289182],[0.06251713783928642,0.047926810266519036]]","[[1.0,0.9046296296296297],[0.75,0.75]]","[[13.741654221216837,5.9128716301035],[2.9577952892692,2.030597303531788]]","[1.0,0.75]","[12.401379850175646,2.676732756914916]","[0.00012473017566123787,3.6611585892387664e-05]","[0.11334365551118497,0.0068569506828983625]","[0.11334365545599549,0.006856950655303619]","[[0.13534109791119894,0.09134621250408667],[0.008178788430436894,0.005535112893967717]]","[[0.13534109791119894,0.09134621244889718],[0.008178788430436894,0.005535112866372974]]","[[0.3675482694749479,0.30187411617349696],[0.09010771617845252,0.07397407409217623]]","[[1.0,0.9217592592592593],[0.75,0.75]]","[[13.79925700293647,6.103340936590124],[2.904008067095721,2.0178127544897575]]","[1.0,0.75]","[12.612265014648438,2.7324645272007695]","[null,null]"
residual_simvq_k16-4_d2-2_rate094-20260726-215551,108,0.01280599,0.03337765,0.04618364,0.01291711,0.03205365,24.94245661,0.94245169,0.01282823,0,Phase3-微调,0.675000,0.73888889,7.50572193,9216,0.1406250000,0.0937500000,2.5e-05,"[0.10371741397237336,0.003091057524067798]","[0.10371741388958913,0.003091057524067798]","[[0.12406956011222468,0.08336526759796672],[0.003888252151578113,0.0022938628836224476]]","[[0.12406956011222468,0.08336526759796672],[0.003888252151578113,0.0022938628844847834]]","[[0.35182087090280323,0.2882912544188676],[0.06192398584551281,0.047327050318320595]]","[[1.0,0.9046296296296297],[0.75,0.75]]","[[13.727458323372735,5.925891406447799],[2.9611328782858672,2.002415831883748]]","[1.0,0.75]","[12.416754621929593,2.664711900110598]","[0.00012641788800667403,3.64400849169518e-05]","[0.0990808994129852,0.0034907654031283326]","[0.09908089919222726,0.003490765404853004]","[[0.11873486042022705,0.07942693801941696],[0.004323183650288869,0.0026583471499314463]]","[[0.11873486042022705,0.07942693790903797],[0.004323183650288869,0.002658347155967796]]","[[0.3442637911549321,0.2814885414308972],[0.06545245247306647,0.05117378618430208]]","[[1.0,0.8921296296296296],[0.75,0.75]]","[[13.709524288883916,5.868997538531268],[2.9654131059293394,2.002282411963851]]","[1.0,0.75]","[12.375927882724339,2.659222650527954]","[null,null]"
residual_simvq_k16-4_d2-2_rate094-20260726-215551,109,0.01269690,0.03313716,0.04583405,0.01284991,0.03391999,24.96668344,0.94300015,0.01282823,0,Phase3-微调,0.700000,0.70370370,7.42903736,9216,0.1406250000,0.0937500000,2.5e-05,"[0.10286384774027048,0.003175049734784773]","[0.1028638477264731,0.0031750497360782766]","[[0.12294765807412289,0.08278003735122857],[0.003985955185446612,0.002364144269032059]]","[[0.12294765807412289,0.08278003728224172],[0.003985955185446612,0.0023641442670918034]]","[[0.35019856928675264,0.28723823257066583],[0.06275215492480331,0.04812346524386494]]","[[1.0,0.9013888888888889],[0.75,0.75]]","[[13.725151175039786,5.889653610300135],[2.968111953911958,2.0185915993319616]]","[1.0,0.75]","[12.371432837733517,2.685888498800772]","[0.00012278206150868857,3.568853544830172e-05]","[0.10518723671083097,0.0033567422449036883]","[0.10518723682120994,0.003356742251802374]","[[0.1252728781214467,0.08510159552097321],[0.004183541100334238,0.002529943371364088]]","[[0.1252728781214467,0.08510159585211012],[0.004183541100334238,0.0025299433756757667]]","[[0.3536221120092604,0.29138155557491163],[0.06437927964660857,0.04989639261254558]]","[[1.0,0.9],[0.75,0.75]]","[[13.741584530583134,5.902194100839121],[2.971390904320611,2.0306249380111696]]","[1.0,0.75]","[12.39652569382279,2.708872115170514]","[null,null]"
residual_simvq_k16-4_d2-2_rate094-20260726-215551,110,0.01267273,0.03328519,0.04595792,0.01277058,0.03317039,24.99163822,0.94317225,0.01277058,1,Phase3-微调,0.725000,0.75370370,7.75538588,9216,0.1406250000,0.0937500000,2.5e-05,"[0.10324287581498977,0.00326974687998666]","[0.10324287577359764,0.003269746878693156]","[[0.12329207898841964,0.08319367211725977],[0.004088546897077726,0.0024509468521163973]]","[[0.12329207898841964,0.08319367197238736],[0.004088546897077726,0.0024509468503917256]]","[[0.3507202634104976,0.287991680342842],[0.06354321059943349,0.04899282262971004]]","[[1.0,0.9012731481481482],[0.75,0.75]]","[[13.719956322069521,5.883129352993436],[2.9615510203220228,2.0116408039022375]]","[1.0,0.75]","[12.364525236906829,2.6729738752047223]","[0.00012101712922298315,3.752694205003435e-05]","[0.10325039829368944,0.0028948447356621425]","[0.10325039818331047,0.002894844737386814]","[[0.12334111090059634,0.08315968563159307],[0.0036415211511430915,0.0021481683132825074]]","[[0.12334111090059634,0.08315968541083513],[0.0036415211511430915,0.0021481683184565218]]","[[0.3508686061258669,0.288018998614064],[0.0601052425801754,0.04604291524048205]]","[[1.0,0.9],[0.75,0.75]]","[[13.721770265367295,5.884720159459997],[2.943240690231323,1.9607101202011108]]","[1.0,0.75]","[12.381376577306677,2.6437858917095043]","[null,null]"
residual_simvq_k16-4_d2-2_rate094-20260726-215551,111,0.01271154,0.03349420,0.04620574,0.01287217,0.03450197,24.96038767,0.94343248,0.01277058,0,Phase3-微调,0.750000,0.78333333,7.68975145,9216,0.1406250000,0.0937500000,2.5e-05,"[0.10379155596925152,0.003389898306017535]","[0.10379155578988569,0.003389898304292863]","[[0.12392352762873526,0.08365958366129134],[0.004226058361517197,0.0025537382240010493]]","[[0.12392352762873526,0.08365958347502682],[0.004226058361517197,0.0025537382261568886]]","[[0.35160066811022933,0.28877506062940317],[0.06458236932478569,0.04998609640945991]]","[[1.0,0.9],[0.75,0.75]]","[[13.720270029703777,5.8878659963607785],[2.9660438484615748,2.0141486046490846]]","[1.0,0.75]","[12.368773191946524,2.6801141760967395]","[0.0001244499534449359,3.900769995568596e-05]","[0.10767836642486078,0.00272794080277284]","[0.10767836648005026,0.0027279408044975115]","[[0.12858631726768283,0.08677041541647028],[0.0034936899836692545,0.0019621916063543824]]","[[0.12858631726768283,0.08677041541647028],[0.0034936899836692545,0.001962191612390732]]","[[0.3582206924756368,0.2941672958709575],[0.05894116516466494,0.04411213494561337]]","[[1.0,0.9120370370370371],[0.75,0.75]]","[[13.76615099730315,6.015509940959789],[2.9613862408532037,1.8920906411276923]]","[1.0,0.75]","[12.529795893916377,2.618187671237522]","[null,null]"
residual_simvq_k16-4_d2-2_rate094-20260726-215551,112,0.01262309,0.03350439,0.04612748,0.01269468,0.03353968,25.02262456,0.94437919,0.01269468,1,Phase3-微调,0.775000,0.79444444,7.83333541,9216,0.1406250000,0.0937500000,2.5e-05,"[0.10398001359016806,0.003234028298390546]","[0.10398001353497859,0.0032340282962347072]","[[0.1240301479206041,0.08392987912175832],[0.004065123795859378,0.0024029327756983953]]","[[0.1240301479206041,0.08392987900448066],[0.004065123795859378,0.00240293277268022]]","[[0.3517786082846147,0.2892713238519651],[0.06339372335760682,0.04853263026172364]]","[[1.0,0.9013888888888889],[0.75,0.75]]","[[13.72654928807859,5.882659700181749],[2.9671840416060555,2.0067995605645357]]","[1.0,0.75]","[12.366840678674203,2.678541346391042]","[0.00012217385389063834,3.562627567690571e-05]","[0.10426255000962151,0.003064417692453221]","[0.10426254989924254,0.0030644176959025637]","[[0.12419822409197136,0.08432687581689269],[0.0038652807129202064,0.0022635546719862354]]","[[0.12419822409197136,0.08432687559613475],[0.0038652807129202064,0.0022635546702615642]]","[[0.3520945467330791,0.29004491059868426],[0.06198620939696277,0.04734602904430142]]","[[1.0,0.8949074074074074],[0.75,0.75]]","[[13.742362721761067,5.870270407641375],[2.9711029529571533,1.9962145849510475]]","[1.0,0.75]","[12.367318548979583,2.6917944590250653]","[null,null]"
residual_simvq_k16-4_d2-2_rate094-20260726-215551,113,0.01262856,0.03354146,0.04617002,0.01267579,0.03461150,25.02751595,0.94408029,0.01267579,1,Phase3-微调,0.800000,0.78888889,7.43767526,9216,0.1406250000,0.0937500000,2.5e-05,"[0.10391532893258112,0.0034173399942961555]","[0.10391532894637849,0.003417339995589659]","[[0.12386171733615575,0.08396894008749062],[0.004253447587877788,0.0025812323810963855]]","[[0.12386171733615575,0.08396894017027484],[0.004253447587877788,0.0025812323849768964]]","[[0.3515216138627794,0.2893194265111729],[0.06483263564468533,0.05031104481054677]]","[[1.0,0.9019675925925926],[0.75,0.75]]","[[13.707380602094862,5.8735554191801285],[2.9676748081489848,2.008081308117619]]","[1.0,0.75]","[12.350411402737652,2.68505993993194]","[0.00012169004935626786,3.779253628871865e-05]","[0.10710930001956445,0.003647490861584191]","[0.10710929968842754,0.003647490873656891]","[[0.12793369436705554,0.08628490445790467],[0.004532432576848401,0.002762549167016038]]","[[0.12793369436705554,0.08628490407157827],[0.004532432576848401,0.0027625491747770596]]","[[0.35733340139742253,0.2933735792283659],[0.06705541585882505,0.05220381043575428]]","[[1.0,0.9180555555555555],[0.75,0.75]]","[[13.696657498677572,5.977334587662308],[2.9785869616049307,2.0518624906186704]]","[1.0,0.75]","[12.468533628958243,2.7107239246368406]","[null,null]"
residual_simvq_k16-4_d2-2_rate094-20260726-215551,114,0.01259283,0.03357775,0.04617059,0.01279698,0.03459393,24.99307787,0.94355164,0.01267579,0,Phase3-微调,0.825000,0.85740741,7.51688428,9216,0.1406250000,0.0937500000,2.5e-05,"[0.10399414037388784,0.0034546616157361616]","[0.10399414045667207,0.0034546616157361616]","[[0.12394281660241109,0.08404546382802504],[0.004301783304092371,0.00260753991681634]]","[[0.12394281660241109,0.08404546395220139],[0.004301783304092371,0.0026075399125046615]]","[[0.3516631842763336,0.28948499160232366],[0.06519490465935733,0.05056781260365689]]","[[1.0,0.9],[0.75,0.75]]","[[13.701644044452243,5.86749889144191],[2.9679420758176733,2.00817086674549]]","[1.0,0.75]","[12.347082593705919,2.688418330086602]","[0.00012139575105889148,3.705257025069807e-05]","[0.10579297415636203,0.0049076143169292695]","[0.10579297399079358,0.004907614332451312]","[[0.12588740509969218,0.08569854271632654],[0.005910627459417339,0.003904601127875072]]","[[0.12588740509969218,0.08569854238518962],[0.005910627459417339,0.0039046011502958007]]","[[0.3544680756551248,0.29238423660949425],[0.07639821447707988,0.06186864715483453]]","[[1.0,0.9004629629629629],[0.75,0.75]]","[[13.677637262697573,5.85530557985659],[2.976648074609262,1.992652244038052]]","[1.0,0.75]","[12.33101507116247,2.6850820823952004]","[null,null]"
residual_simvq_k16-4_d2-2_rate094-20260726-215551,115,0.01257057,0.03368997,0.04626054,0.01311544,0.03425858,24.89190536,0.94100590,0.01267579,0,Phase3-微调,0.850000,0.84074074,7.39632539,9216,0.1406250000,0.0937500000,2.5e-05,"[0.10435940970977148,0.003448491240851581]","[0.10435940973736622,0.003448491235246399]","[[0.12428119549596751,0.08443762358553984],[0.0042889666756511565,0.0026080157929013865]]","[[0.12428119549596751,0.08443762361313457],[0.0042889666756511565,0.002608015790529963]]","[[0.3521324044024503,0.29014578996985046],[0.0650994682063659,0.05057118204594762]]","[[1.0,0.8974537037037037],[0.75,0.75]]","[[13.694546782528912,5.860846063825819],[2.9695099729078787,2.0007148226102194]]","[1.0,0.75]","[12.33531117969089,2.686814620759752]","[0.0001209573344601301,3.66080356596083e-05]","[0.10627522545832174,0.003352220768660859]","[0.1062752252927533,0.0033522207617621732]","[[0.1263055717503583,0.08624487889033777],[0.004233548384918659,0.002470893133431673]]","[[0.1263055717503583,0.08624487844882188],[0.004233548384918659,0.0024708931463667087]]","[[0.35505303718425607,0.29330995502295315],[0.0648515191619043,0.049437260489772865]]","[[1.0,0.8935185185185185],[0.75,0.75]]","[[13.742961516203703,5.923127206166585],[2.9735107757427075,2.057692707026446]]","[1.0,0.75]","[12.437297856366193,2.736921525884558]","[null,null]"
residual_simvq_k16-4_d2-2_rate094-20260726-215551,116,0.01256083,0.03377366,0.04633449,0.01274811,0.03470855,25.00854819,0.94410367,0.01267579,0,Phase3-微调,0.875000,0.86666667,7.58229847,9216,0.1406250000,0.0937500000,2.5e-05,"[0.10452362430040484,0.0035520957985513465]","[0.10452362442458117,0.003552095800707186]","[[0.12442910621563594,0.08461814212302367],[0.004391434428247589,0.0027127571524707254]]","[[0.12442910621563594,0.08461814223340264],[0.004391434428247589,0.0027127571535486453]]","[[0.3523088672094875,0.29041644613499995],[0.06580009663960448,0.05150322629207814]]","[[1.0,0.9004629629629629],[0.75,0.75]]","[[13.696084066673562,5.863529456103289],[2.9730424607241597,1.9851491709550222]]","[1.0,0.75]","[12.341951031155057,2.683265335913058]","[0.0001216937930116223,3.8459318653217954e-05]","[0.10749183948393222,0.003575514503582208]","[0.10749183970469016,0.0035755145208289226]","[[0.12777917346468678,0.08720450473052484],[0.00443588775858559,0.0027151412339191192]]","[[0.12777917346468678,0.08720450511685124],[0.00443588775858559,0.0027151412494411625]]","[[0.3571006876450998,0.29491520104584873],[0.06630961039551982,0.05172213843023336]]","[[1.0,0.9050925925925926],[0.75,0.75]]","[[13.705573512889721,5.904233282583731],[2.981748421986898,2.010759543489527]]","[1.0,0.75]","[12.402445206818758,2.6972076680925157]","[null,null]"
residual_simvq_k16-4_d2-2_rate094-20260726-215551,117,0.01252833,0.03390374,0.04643207,0.01262176,0.03329126,25.04731678,0.94434323,0.01262176,1,Phase3-微调,0.900000,0.90370370,7.27490773,9216,0.1406250000,0.0937500000,2.5e-05,"[0.10496989063642644,0.0035220823824164216]","[0.1049698906502238,0.003522082381122918]","[[0.1248135823480509,0.08512619864885454],[0.004378391441854613,0.0026657733055159313]]","[[0.1248135823480509,0.08512619878682826],[0.004378391441854613,0.002665773303144508]]","[[0.3527667735461836,0.29119912805380643],[0.06577044143169014,0.05117014919028238]]","[[1.0,0.8962962962962963],[0.75,0.75]]","[[13.699467526541817,5.859178853034973],[2.9699920976603473,1.98267220126258]]","[1.0,0.75]","[12.340548147978605,2.6786072117310984]","[0.00012403203565756687,4.1423630827247745e-05]","[0.10287552050970218,0.0036565074800617163]","[0.10287552034413373,0.0036565074886850736]","[[0.12259335782792834,0.08315768313628656],[0.004489829818959589,0.0028231851480625294]]","[[0.12259335782792834,0.08315768280514964],[0.004489829818959589,0.002823185153236544]]","[[0.34981639274844417,0.28803086634035463],[0.06671896168479213,0.05277736120753818]]","[[1.0,0.8949074074074074],[0.75,0.75]]","[[13.701101197136772,5.845975059933132],[2.9802557344789857,1.9954586143846864]]","[1.0,0.75]","[12.33223144389965,2.69104692141215]","[null,null]"
residual_simvq_k16-4_d2-2_rate094-20260726-215551,118,0.01254910,0.03413700,0.04668610,0.01284537,0.03427731,24.98231949,0.94409750,0.01262176,0,Phase3-微调,0.925000,0.91296296,7.63215655,9216,0.1406250000,0.0937500000,2.5e-05,"[0.10563114464834884,0.0036072556796069776]","[0.10563114467594359,0.0036072556791758095]","[[0.12552775663358193,0.08573453231818146],[0.004453134165938805,0.002761377182280369]]","[[0.12552775663358193,0.08573453231818146],[0.004453134165938805,0.002761377181418033]]","[[0.3538408089015219,0.2923069289437047],[0.06634728606376383,0.05206345787478818]]","[[1.0,0.8991898148148149],[0.75,0.75]]","[[13.705982250637478,5.86766139931149],[2.971666779341521,1.9721382176434552]]","[1.0,0.75]","[12.34936446790342,2.6807723226370634]","[0.0001234101495895259,3.806809716782785e-05]","[0.10636294980843862,0.003324429951263247]","[0.10636294980843862,0.0033244299547125896]","[[0.126407279184571,0.08631861954927444],[0.00409556633827311,0.0025532935599417044]]","[[0.126407279184571,0.08631861949408495],[0.00409556633827311,0.002553293561666376]]","[[0.35519552319138137,0.29343119903847026],[0.06374941515149894,0.05022980057530933]]","[[1.0,0.9023148148148148],[0.75,0.75]]","[[13.699692867420337,5.878194706528275],[2.973165990688183,1.9358709167551111]]","[1.0,0.75]","[12.377117750379774,2.661018809565791]","[null,null]"
residual_simvq_k16-4_d2-2_rate094-20260726-215551,119,0.01247678,0.03404201,0.04651878,0.01294645,0.03443942,24.94021644,0.94285931,0.01262176,0,Phase3-微调,0.950000,0.94814815,7.34035780,9216,0.1406250000,0.0937500000,2.5e-05,"[0.10520113284389178,0.0037332953928314425]","[0.10520113280249967,0.003733295388088596]","[[0.12499828306889092,0.08540398226705966],[0.004598609214493384,0.0028679815554318745]]","[[0.12499828306889092,0.08540398217737674],[0.004598609214493384,0.002867981551120196]]","[[0.35307701815057685,0.29172784675050667],[0.06736326758508329,0.052991302711544216]]","[[1.0,0.8981481481481481],[0.75,0.75]]","[[13.682760814384178,5.8464417916757085],[2.9743514714417634,1.9871933579444885]]","[1.0,0.75]","[12.325157089586611,2.6944185923646997]","[0.00012259859407398228,4.1178590934712836e-05]","[0.1068845444255405,0.003321610796437771]","[0.10688454453591947,0.003321610799887114]","[[0.12678981500643272,0.08697927274085858],[0.004164638284041925,0.002478583299347924]]","[[0.12678981500643272,0.08697927285123755],[0.004164638284041925,0.002478583299347924]]","[[0.35574359231525,0.29456568316177084],[0.0643556083518046,0.049580359624491796]]","[[1.0,0.9018518518518519],[0.75,0.75]]","[[13.708524640401205,5.875434525807699],[2.9675370234030263,1.9534052036426686]]","[1.0,0.75]","[12.378776748092086,2.688405974706014]","[null,null]"
residual_simvq_k16-4_d2-2_rate094-20260726-215551,120,0.01247909,0.03411903,0.04659812,0.01283056,0.03273933,24.96770889,0.94339442,0.01262176,0,Phase3-微调,0.975000,0.96481481,7.71395102,9216,0.1406250000,0.0937500000,2.5e-05,"[0.10548851169921734,0.0036923823188300484]","[0.10548851158883836,0.003692382316674209]","[[0.12529229851508583,0.08568472431075794],[0.004552888671902043,0.0028318759467866684]]","[[0.12529229851508583,0.08568472417278422],[0.004552888671902043,0.002831875945924333]]","[[0.3535136111908489,0.2922290523019102],[0.06703374647983798,0.05267980980376403]]","[[1.0,0.9010416666666666],[0.75,0.75]]","[[13.678181959081579,5.848222652188054],[2.9753795742988585,1.9760316296860023]]","[1.0,0.75]","[12.325436475541856,2.6916632678773666]","[0.00012039202175165647,3.922699354545869e-05]","[0.10162435720364253,0.0031414998281333183]","[0.10162435720364253,0.0031414998212346322]","[[0.12147576229439841,0.0817729518921287],[0.0038956206843808847,0.002387378946878016]]","[[0.12147576229439841,0.08177295216807613],[0.0038956206843808847,0.0023873789382546588]]","[[0.34822020265791154,0.28562638450551914],[0.06219542313505102,0.04861073201453244]]","[[1.0,0.9023148148148148],[0.75,0.75]]","[[13.635121423226815,5.8479679319593645],[2.9742968435640686,1.9162817963847407]]","[1.0,0.75]","[12.329007756268537,2.6553536927258525]","[null,null]"
residual_simvq_k16-4_d2-2_rate094-20260726-215551,121,0.01251336,0.03434620,0.04685955,0.01264204,0.03416378,25.03617781,0.94386296,0.01262176,0,Phase3-微调,1.000000,1.00000000,7.42540997,9216,0.1406250000,0.0937500000,2.5e-05,"[0.1062085744821363,0.0036992593017337776]","[0.10620857442694681,0.003699259296990931]","[[0.12612108695838187,0.08629606174374069],[0.004556340346957936,0.0028421782427122473]]","[[0.12612108695838187,0.08629606166095645],[0.004556340346957936,0.0028421782399096563]]","[[0.35472419648258774,0.293315894846563],[0.06710964980086795,0.05285435910854075]]","[[1.0,0.9012731481481482],[0.75,0.75]]","[[13.659952750029387,5.8495480634548045],[2.9753962755203247,1.9615943926352042]]","[1.0,0.75]","[12.335812547471788,2.6918690244356793]","[0.0001221269351474432,3.9174361651290656e-05]","[0.10631845223682898,0.0030056286930899927]","[0.10631845229201847,0.0030056286879159787]","[[0.12634006363374214,0.0862968404535894],[0.0037499612973382074,0.0022612960526236783]]","[[0.12634006363374214,0.08629684028802094],[0.0037499612973382074,0.0022612960431379853]]","[[0.3551103737619188,0.2934052606423696],[0.06105802746282683,0.047355651827874004]]","[[1.0,0.899537037037037],[0.75,0.75]]","[[13.672706667582194,5.869587407288728],[2.9690384529255054,1.8888735011771873]]","[1.0,0.75]","[12.37656351018835,2.6559800059707075]","[null,null]"
residual_simvq_k16-4_d2-2_rate094-20260726-215551,122,0.01248180,0.03441821,0.04690001,0.01255246,0.03445529,25.06435002,0.94426080,0.01255246,1,Phase3-微调,1.000000,1.00000000,7.58509470,9216,0.1406250000,0.0937500000,2.5e-05,"[0.10645824734259535,0.0036800319708331867]","[0.10645824735639271,0.0036800319652280046]","[[0.1263611717218602,0.08655532277706597],[0.0045411122303145625,0.0028189516953986]]","[[0.1263611717218602,0.08655532279086334],[0.0045411122303145625,0.002818951692164841]]","[[0.35502728781214465,0.29372296703082545],[0.06696235829343399,0.05257586635373257]]","[[1.0,0.897337962962963],[0.75,0.75]]","[[13.672696759965685,5.838466684906571],[2.9754134195822255,1.956345945596695]]","[1.0,0.75]","[12.320148551022564,2.6917190723949007]","[0.00012159486700343054,3.823362434121481e-05]","[0.10637192019709835,0.0038849954665810976]","[0.10637192041785629,0.0038849954700304404]","[[0.12686754365762073,0.08587629712290235],[0.00477411913237086,0.002995871770609584]]","[[0.12686754365762073,0.08587629750922875],[0.00477411913237086,0.002995871774058927]]","[[0.35584839472064267,0.2926844369482111],[0.06877475460922276,0.054334522314645625]]","[[1.0,0.9050925925925926],[0.75,0.75]]","[[13.653752143294723,5.902465057373047],[2.9856253623962403,1.9721553970266272]]","[1.0,0.75]","[12.402989239162869,2.7050793011983236]","[null,null]"
residual_simvq_k16-4_d2-2_rate094-20260726-215551,123,0.01383088,0.03537072,0.04920160,0.01313384,0.03648520,24.86875120,0.94120078,0.01255246,0,Phase3-微调,1.000000,1.00000000,7.57335612,9216,0.1406250000,0.0937500000,2.5e-05,"[0.10877041177893126,0.00441588596182151]","[0.10877041175133652,0.004415885961390342]","[[0.12939788501847674,0.0881429379047067],[0.005300075263733527,0.003531696654735478]]","[[0.12939788501847674,0.08814293801508567],[0.005300075263733527,0.0035316966596939084]]","[[0.3591390962953921,0.29621370197446256],[0.06990934195755809,0.05620893000590581]]","[[1.0,0.9027777777777778],[0.75,0.75]]","[[13.707783430593985,5.908570890073423],[2.8507910035274646,1.7869244467329095]]","[1.0,0.75]","[12.413355518270421,2.563640684110147]","[0.00018068073124460945,7.644317801923198e-05]","[0.11294482466247346,0.0038078235876229075]","[0.11294482460728399,0.0038078235789995502]","[[0.1340452661116918,0.09184438227503389],[0.004601094602710671,0.0030145525345923723]]","[[0.1340452661116918,0.09184438210946543],[0.004601094602710671,0.003014552525969015]]","[[0.36577040486865575,0.3026846252105854],[0.0677552810145749,0.05487714636105078]]","[[1.0,0.8967592592592593],[0.75,0.75]]","[[13.774616036591706,5.966133333135534],[2.661675054055673,1.4133069232658104]]","[1.0,0.75]","[12.51954104812057,2.3186623926515932]","[null,null]"
residual_simvq_k16-4_d2-2_rate094-20260726-215551,124,0.01256978,0.03525559,0.04782537,0.01268672,0.03440993,25.02580511,0.94367945,0.01255246,0,Phase3-微调,1.000000,1.00000000,7.75801223,9216,0.1406250000,0.0937500000,2.5e-05,"[0.1090965213323081,0.003721368106737457]","[0.10909652122192913,0.003721368106737457]","[[0.1295090694118429,0.08868397272847317],[0.0044474377309800025,0.00299529847473389]]","[[0.1295090694118429,0.08868397234214677],[0.0044474377309800025,0.0029952984768897295]]","[[0.3594524763248585,0.29734528186144654],[0.06661077808174821,0.05470284191132695]]","[[1.0,0.8949074074074074],[0.75,0.75]]","[[13.727785583778664,5.890661318213851],[2.80868363821948,1.4043903909347675]]","[1.0,0.75]","[12.39781469768948,2.374767992673097]","[0.00012607182449115767,2.9833433275901675e-05]","[0.10652619473360203,0.0035855791583243343]","[0.1065261944576546,0.00358557916522302]","[[0.126444477836291,0.0866079110790182],[0.004257846083836975,0.002913312217289651]]","[[0.126444477836291,0.08660791063750231],[0.004257846083836975,0.0029133122155649794]]","[[0.35526954951109707,0.29395088730035007],[0.06520007917726481,0.05396254338600017]]","[[1.0,0.8907407407407407],[0.75,0.75]]","[[13.711983249805591,5.8379437411272965],[2.897498960848208,1.4023536267103973]]","[1.0,0.75]","[12.330250210232204,2.417314663639775]","[null,null]"
residual_simvq_k16-4_d2-2_rate094-20260726-215551,125,0.01243669,0.03472579,0.04716248,0.01308353,0.03342305,24.89122695,0.94232902,0.01255246,0,Phase3-微调,1.000000,1.00000000,7.84609221,9216,0.1406250000,0.0937500000,2.5e-05,"[0.10753594765232669,0.0035865737289121308]","[0.10753594767992143,0.0035865737284809626]","[[0.12758329959103354,0.08748859492716966],[0.004263666660645632,0.0029094807751890686]]","[[0.12758329959103354,0.08748859489957492],[0.004263666660645632,0.0029094807760514044]]","[[0.35676374860383847,0.29532395242540926],[0.06521857794788148,0.05391210490768707]]","[[1.0,0.8943287037037037],[0.75,0.75]]","[[13.70136073253773,5.850137126004254],[2.930945716963874,1.4115336409321537]]","[1.0,0.75]","[12.338406041816429,2.4215787481378626]","[0.00012018769938785462,2.720378942521401e-05]","[0.10358223423913673,0.0033715286223148858]","[0.10358223429432621,0.0033715286274889]","[[0.12312721085769159,0.08403725690311856],[0.003979517598808916,0.0027635396475455274]]","[[0.12312721085769159,0.08403725701349753],[0.003979517598808916,0.002763539661342899]]","[[0.3505735061786793,0.2895444949467977],[0.06302383619326132,0.05255037902130021]]","[[1.0,0.888425925925926],[0.75,0.75]]","[[13.68851291515209,5.781726459220604],[2.9342550224728052,1.4290718758547747]]","[1.0,0.75]","[12.271609482941804,2.421399536839238]","[null,null]"
residual_simvq_k16-4_d2-2_rate094-20260726-215551,126,0.01242961,0.03466630,0.04709591,0.01284815,0.03258072,24.97333574,0.94357305,0.01255246,0,Phase3-微调,1.000000,1.00000000,7.60607885,9216,0.1406250000,0.0937500000,2.5e-05,"[0.10749216914452889,0.003439989881762476]","[0.10749216924111048,0.0034399898809001402]","[[0.12747348366236244,0.08751085401961096],[0.0041191860835102425,0.0027607936688043453]]","[[0.12747348366236244,0.08751085415758468],[0.0041191860835102425,0.0027607936683731777]]","[[0.35662825582204044,0.29538163206091633],[0.06407821568212023,0.05249216226791894]]","[[1.0,0.8956018518518518],[0.75,0.75]]","[[13.702615137453433,5.835933016847681],[2.961796731860549,1.4694635033607484]]","[1.0,0.75]","[12.326052240089133,2.4405702396675393]","[0.00011984688693094843,2.9438141208023202e-05]","[0.10098116392338717,0.003277140607436498]","[0.10098116397857666,0.0032771406126105122]","[[0.12119912891476242,0.08076319871125398],[0.0039536067232903505,0.0026006744605385594]]","[[0.12119912891476242,0.08076319876644346],[0.0039536067232903505,0.002600674465712574]]","[[0.34787457563258983,0.2839092358394905],[0.06278043069221355,0.050947186157659245]]","[[1.0,0.9101851851851852],[0.75,0.75]]","[[13.65811575430411,5.898434285764341],[2.9666509381047,1.537778831411291]]","[1.0,0.75]","[12.399275158069752,2.467682354538529]","[null,null]"
residual_simvq_k16-4_d2-2_rate094-20260726-215551,127,0.01239259,0.03456010,0.04695269,0.01267343,0.03473095,25.03197347,0.94358902,0.01255246,0,Phase3-微调,1.000000,1.00000000,7.28960551,9216,0.1406250000,0.0937500000,2.5e-05,"[0.1072887289027373,0.0033035814253337403]","[0.10728872883375044,0.003303581424471405]","[[0.1271887466311455,0.0873887108500909],[0.004018028435745725,0.0025891344041425596]]","[[0.1271887466311455,0.08738871061553558],[0.004018028435745725,0.0025891344041425596]]","[[0.356225918619721,0.2951695559753312],[0.06323536514408058,0.05078283493855485]]","[[1.0,0.8954861111111111],[0.75,0.75]]","[[13.68522187868754,5.82763970957862],[2.9668854814988594,1.5718200083132143]]","[1.0,0.75]","[12.308361072893495,2.477186006969876]","[0.00011879359890708994,3.2362674851861404e-05]","[0.10784724040163887,0.0032917921448609344]","[0.10784724023607042,0.00329179213968692]","[[0.12804276137440293,0.08765171860103253],[0.004048467994909044,0.002535116270667425]]","[[0.12804276137440293,0.08765171854584305],[0.004048467994909044,0.0025351162723920963]]","[[0.35749997982272397,0.2957057970541495],[0.06347014065142031,0.05023037302825186]]","[[1.0,0.8962962962962963],[0.75,0.75]]","[[13.689670802928783,5.86979488796658],[2.9693107145803945,1.6347747334727534]]","[1.0,0.75]","[12.387659828751175,2.5052661772127505]","[null,null]"
residual_simvq_k16-4_d2-2_rate094-20260726-215551,128,0.01236975,0.03453693,0.04690668,0.01260045,0.03528022,25.05469234,0.94389724,0.01255246,0,Phase3-微调,1.000000,1.00000000,7.94258791,9216,0.1406250000,0.0937500000,2.5e-05,"[0.10725062584711445,0.0032675468453413083]","[0.10725062588850658,0.003267546846634812]","[[0.12710302470734827,0.0873982269178938],[0.004008790119809823,0.0025263035456494737]]","[[0.12710302470734827,0.08739822704207015],[0.004008790119809823,0.002526303549098817]]","[[0.3560447508538211,0.2951230431596438],[0.06307488348748949,0.05006423063438248]]","[[1.0,0.8951388888888889],[0.75,0.75]]","[[13.67512139920835,5.815221670821861],[2.964817127475032,1.6602098007996877]]","[1.0,0.75]","[12.298426721714161,2.518173995724431]","[0.00012079387256731192,3.8533504918329225e-05]","[0.10930100193730106,0.0035957047646796264]","[0.10930100204768005,0.0035957047577809403]","[[0.12955833298188668,0.08904367056157854],[0.004428978742065805,0.0027624307812570974]]","[[0.12955833298188668,0.08904367100309443],[0.004428978742065805,0.0027624307786700904]]","[[0.35958115613019026,0.2980124054131684],[0.0662994208711165,0.05230942291242105]]","[[1.0,0.9004629629629629],[0.75,0.75]]","[[13.683635231300636,5.850616031222874],[2.975256663781625,1.735588925856131]]","[1.0,0.75]","[12.3283182921233,2.567924709673281]","[null,null]"
residual_simvq_k16-4_d2-2_rate094-20260726-215551,129,0.01244482,0.03478069,0.04722552,0.01270364,0.03427487,25.02231155,0.94375683,0.01255246,0,Phase3-微调,1.000000,1.00000000,7.40869396,9216,0.1406250000,0.0937500000,2.5e-05,"[0.10799138457686813,0.0033068352788514286]","[0.10799138464585499,0.0033068352805761]","[[0.12797778292938514,0.08800498578283522],[0.004079641869584857,0.0025340286760453]]","[[0.12797778292938514,0.08800498587941682],[0.004079641869584857,0.002534028677985555]]","[[0.35726099974579284,0.29613591244927157],[0.0636163011400236,0.050097954776827935]]","[[1.0,0.8975694444444444],[0.75,0.75]]","[[13.657145788051464,5.816892628316526],[2.96639531188541,1.7362300886048212]]","[1.0,0.75]","[12.300014755460952,2.5647923195803606]","[0.00012158092229381307,3.777047447699631e-05]","[0.1065592015782992,0.003120380329589049]","[0.10655920163348868,0.003120380329589049]","[[0.126285641502451,0.08683276154376843],[0.003873719671672141,0.002367040968534571]]","[[0.126285641502451,0.08683276143338946],[0.003873719671672141,0.002367040978020264]]","[[0.3550119446383582,0.2942892708160259],[0.06206559756839717,0.04849653875938168]]","[[1.0,0.8935185185185185],[0.75,0.75]]","[[13.662976632294832,5.8115952915615505],[2.9517119513617622,1.7436204451101798]]","[1.0,0.75]","[12.311701597990814,2.5897936379468]","[null,null]"
residual_simvq_k16-4_d2-2_rate094-20260726-215551,130,0.01235876,0.03469796,0.04705672,0.01244942,0.03466120,25.10463433,0.94489833,0.01244942,1,Phase3-微调,1.000000,1.00000000,7.54518830,9216,0.1406250000,0.0937500000,2.5e-05,"[0.10772358619228557,0.0033098790432429977]","[0.1077235861784882,0.0033098790456144206]","[[0.12755214255993014,0.08789502976945153],[0.0040975358604488,0.0025222222010294598]]","[[0.12755214255993014,0.08789502964527518],[0.0040975358604488,0.002522222206850226]]","[[0.35666702428349745,0.29595106652489417],[0.06369380503892899,0.04992152045446414]]","[[1.0,0.89375],[0.75,0.75]]","[[13.663046158684624,5.792282938074183],[2.96443012687895,1.7784439992021632]]","[1.0,0.75]","[12.275560002856784,2.5936430365950973]","[0.00011975290641809503,3.942040000226741e-05]","[0.10789786510997348,0.0030179795947063853]","[0.10789786505478399,0.0030179795947063853]","[[0.12780718566090973,0.08798854411752136],[0.003766592976602691,0.0022693661791789864]]","[[0.12780718566090973,0.08798854400714239],[0.003766592976602691,0.002269366171417965]]","[[0.3571532746156057,0.2962558933982143],[0.06121889893655424,0.047505423095491196]]","[[1.0,0.8921296296296296],[0.75,0.75]]","[[13.715006559866445,5.826330022458677],[2.944345728556315,1.7485118689360442]]","[1.0,0.75]","[12.324000683537236,2.5711254896941007]","[null,null]"
residual_simvq_k16-4_d2-2_rate094-20260726-215551,131,0.01234654,0.03468454,0.04703108,0.01246701,0.03499110,25.10027013,0.94503829,0.01244942,0,Phase3-微调,1.000000,1.00000000,7.42523246,9216,0.1406250000,0.0937500000,2.5e-05,"[0.10758652248316342,0.003404016659543332]","[0.10758652245556867,0.0034040166552316534]","[[0.12736468902892537,0.0878083555234803],[0.004211091571832421,0.002596941733241288]]","[[0.12736468902892537,0.08780835550968294],[0.004211091571832421,0.0025969417261270185]]","[[0.35646002127064597,0.295863196308966],[0.06460260278372854,0.05066249408517723]]","[[1.0,0.8923611111111112],[0.75,0.75]]","[[13.656290116133514,5.790966857804192],[2.9621902611520556,1.7869023078017765]]","[1.0,0.75]","[12.266130800600406,2.606058049201965]","[0.00011973652418183283,3.9338546725452435e-05]","[0.10894125208810523,0.0030302697068287266]","[0.10894125208810523,0.0030302697068287266]","[[0.1288501637953299,0.08903234054644903],[0.003758844847066535,0.0023016945389961753]]","[[0.1288501637953299,0.08903234054644903],[0.003758844847066535,0.002301694542445518]]","[[0.3586166799068451,0.2980161847891631],[0.06112850981730002,0.04781601624908271]]","[[1.0,0.8921296296296296],[0.75,0.75]]","[[13.682386158130788,5.810832009492097],[2.9460958728083857,1.7294585016038684]]","[1.0,0.75]","[12.304968982272678,2.580322777783429]","[null,null]"
residual_simvq_k16-4_d2-2_rate094-20260726-215551,132,0.01233948,0.03484542,0.04718491,0.01257820,0.03402094,25.06203191,0.94450367,0.01244942,0,Phase3-微调,1.000000,1.00000000,7.61646393,9216,0.1406250000,0.0937500000,2.5e-05,"[0.1081003052216989,0.0034050459770865187]","[0.1081003052216989,0.003405045981829365]","[[0.1278215949182157,0.08837901511126095],[0.004207399232675218,0.0026026927154614693]]","[[0.1278215949182157,0.08837901518024781],[0.004207399232675218,0.002602692722791323]]","[[0.35709141018214047,0.2968244575239994],[0.06456689229579987,0.0507218653474141]]","[[1.0,0.8915509259259259],[0.75,0.75]]","[[13.657126426696777,5.788189924204791],[2.9609980331526864,1.7849627534548442]]","[1.0,0.75]","[12.26317817016884,2.6129641877280343]","[0.00011833080867223477,3.8892784619680174e-05]","[0.10540047376244156,0.003466528973162726]","[0.10540047370725208,0.0034665289628146973]","[[0.125110518987532,0.08569042754394036],[0.004260571366520943,0.0026724865677318086]]","[[0.125110518987532,0.08569042765431933],[0.004260571366520943,0.0026724865591084518]]","[[0.3533386223846012,0.2923279126485189],[0.06500483362211121,0.05141204752855831]]","[[1.0,0.9004629629629629],[0.75,0.75]]","[[13.614649384110063,5.782216234560366],[2.965759681772303,1.74221116260246]]","[1.0,0.75]","[12.271669105247215,2.593146788632428]","[null,null]"
residual_simvq_k16-4_d2-2_rate094-20260726-215551,133,0.01228633,0.03477347,0.04705980,0.01248320,0.03417215,25.09445962,0.94444791,0.01244942,0,Phase3-微调,1.000000,1.00000000,7.87066607,9216,0.1406250000,0.0937500000,2.5e-05,"[0.10776332975537689,0.003511768890355058]","[0.10776332974157951,0.0035117688925108974]","[[0.12740892967968076,0.08811772958272034],[0.004325791857101851,0.002697745902049873]]","[[0.12740892967968076,0.08811772952753084],[0.004325791857101851,0.0026977459054992156]]","[[0.3564657966847773,0.29632747173309326],[0.06543748155926113,0.05158890594762784]]","[[1.0,0.8952546296296297],[0.75,0.75]]","[[13.652609521371346,5.776993331202754],[2.9564804359718604,1.7844323341493253]]","[1.0,0.75]","[12.247966527938843,2.6199515960834643]","[0.00011845999666817349,4.0316178568968163e-05]","[0.10606487608618206,0.003286013460752589]","[0.10606487603099257,0.003286013459027917]","[[0.12529648100888288,0.08683327077715486],[0.004082578449958452,0.002489448459474025]]","[[0.12529648100888288,0.0868332706115864],[0.004082578449958452,0.002489448456024682]]","[[0.35363209004755375,0.29430827608814947],[0.06370785172890733,0.049705566189907215]]","[[1.0,0.8902777777777777],[0.75,0.75]]","[[13.622926316437898,5.746644761827257],[2.9631528783727576,1.7970321310891046]]","[1.0,0.75]","[12.223685285780165,2.6456531436355024]","[null,null]"
residual_simvq_k16-4_d2-2_rate094-20260726-215551,134,0.01227979,0.03484657,0.04712636,0.01273404,0.03596729,25.01216539,0.94426112,0.01244942,0,Phase3-微调,1.000000,1.00000000,7.53658667,9216,0.1406250000,0.0937500000,2.5e-05,"[0.10796598883138762,0.0035430472145822865]","[0.10796598870721129,0.003543047212857615]","[[0.1275490621725718,0.08838291484172697],[0.004361633416179016,0.0027244609978946824]]","[[0.1275490621725718,0.08838291486932172],[0.004361633416179016,0.002724460996170011]]","[[0.35669680624096484,0.2968127460391433],[0.06569957061912175,0.05184323864264621]]","[[1.0,0.89375],[0.75,0.75]]","[[13.656750482983059,5.772713097819576],[2.9489863881358396,1.7895031023908545]]","[1.0,0.75]","[12.24654544547752,2.626886441531005]","[0.00011916755979149862,4.083054185752257e-05]","[0.11180690460734898,0.0032884094053534448]","[0.11180690455215948,0.0032884094053534448]","[[0.13253480030430687,0.09107900874482261],[0.0040301871003100165,0.002546631693150158]]","[[0.13253480030430687,0.09107900846887518],[0.0040301871003100165,0.0025466316991865083]]","[[0.3636921045956788,0.3013990726735857],[0.06325696673658159,0.050234695192840365]]","[[1.0,0.9087962962962963],[0.75,0.75]]","[[13.656348058912489,5.912735091315375],[2.9391373563695837,1.7155534090819182]]","[1.0,0.75]","[12.410477277967665,2.5861791451772054]","[null,null]"
residual_simvq_k16-4_d2-2_rate094-20260726-215551,135,0.01222652,0.03480041,0.04702693,0.01254736,0.03526483,25.07460506,0.94465073,0.01244942,0,Phase3-微调,1.000000,1.00000000,7.68541420,9216,0.1406250000,0.0937500000,2.5e-05,"[0.10778138481632427,0.0035799280585100254]","[0.10778138483012165,0.0035799280559230184]","[[0.12732822950239533,0.08823453986810313],[0.00439956922998169,0.0027602868840201863]]","[[0.12732822950239533,0.08823453993708999],[0.00439956922998169,0.0027602868829422664]]","[[0.3563888359952856,0.2965672122659507],[0.06602710949739925,0.05222284627595433]]","[[1.0,0.8954861111111111],[0.75,0.75]]","[[13.656488847732543,5.765231020362289],[2.9448679169019063,1.7826288377797161]]","[1.0,0.75]","[12.239849177113285,2.6320539553960165]","[0.0001165320337653005,4.010268663242405e-05]","[0.1093923842465436,0.003455079719424248]","[0.10939238419135412,0.003455079721148919]","[[0.1288004004844913,0.08998436635291135],[0.004213620708496482,0.0026965387165546416]]","[[0.1288004004844913,0.08998436640810084],[0.004213620708496482,0.0026965387200039844]]","[[0.358510019602599,0.2995674532872659],[0.06467349910073811,0.0516830413153878]]","[[1.0,0.8944444444444445],[0.75,0.75]]","[[13.667367928116409,5.747535719694914],[2.948348605191266,1.7375322721622608]]","[1.0,0.75]","[12.220305471067075,2.614020981612029]","[null,null]"
residual_simvq_k16-4_d2-2_rate094-20260726-215551,136,0.01226958,0.03491673,0.04718631,0.01264227,0.03477795,25.04033312,0.94367344,0.01244942,0,Phase3-微调,1.000000,1.00000000,7.48450443,9216,0.1406250000,0.0937500000,2.5e-05,"[0.1081242011377105,0.0036093342812145474]","[0.10812420109631839,0.003609334279921044]","[[0.12766361796745548,0.08858478338354164],[0.004429530620540458,0.002789137930031521]]","[[0.12766361796745548,0.08858478336974426],[0.004429530620540458,0.0027891379280912654]]","[[0.35683611107093316,0.2971283888375318],[0.06626434306165686,0.05251891470893666]]","[[1.0,0.892824074074074],[0.75,0.75]]","[[13.660825531571,5.764345890504343],[2.9391996463139853,1.764827024936676]]","[1.0,0.75]","[12.235357980374937,2.625948350517838]","[0.00011805677260983632,4.0576876130284356e-05]","[0.10747949790071558,0.0038099544416009276]","[0.10747949790071558,0.003809954443325599]","[[0.12730653771647701,0.0876524575330593],[0.004664439673501032,0.002955469202802137]]","[[0.12730653771647701,0.08765245764343826],[0.004664439673501032,0.0029554692010774655]]","[[0.3564398233537321,0.2956716740572894],[0.06801910576996979,0.05407420402323758]]","[[1.0,0.9009259259259259],[0.75,0.75]]","[[13.649132078665275,5.819842200809055],[2.931838849738792,1.7409829422279641]]","[1.0,0.75]","[12.302349380210593,2.601363607689186]","[null,null]"
residual_simvq_k16-4_d2-2_rate094-20260726-215551,137,0.01226490,0.03512167,0.04738656,0.01246865,0.03552229,25.10044703,0.94457146,0.01244942,0,Phase3-微调,1.000000,1.00000000,7.72601022,9216,0.1406250000,0.0937500000,2.5e-05,"[0.10873200017269011,0.003657332841410405]","[0.10873200011750063,0.003657332841841573]","[[0.12833574418392446,0.08912825587171096],[0.0044681142166222414,0.002846551460808971]]","[[0.12833574418392446,0.0891282558993057],[0.0044681142166222414,0.002846551460377803]]","[[0.3578007103116424,0.2980615333274559],[0.06652622855509872,0.0530382161822032]]","[[1.0,0.8959490740740741],[0.75,0.75]]","[[13.649388627652769,5.770852300855848],[2.9305012159877353,1.7477474477556016]]","[1.0,0.75]","[12.242064039795487,2.622772787235401]","[0.00011867184336922407,4.298517515558665e-05]","[0.10992675534001103,0.0037445613045107434]","[0.10992675561595847,0.0037445613027860722]","[[0.13001767446597418,0.08983583588291097],[0.004567322778274064,0.0029217997962539947]]","[[0.13001767446597418,0.08983583632442686],[0.004567322778274064,0.0029217997910799803]]","[[0.3602122863133748,0.29933104625454654],[0.06732535072498852,0.053785599961324974]]","[[1.0,0.9046296296296297],[0.75,0.75]]","[[13.644326400756835,5.835529030693902],[2.9564962722637036,1.7344882532402321]]","[1.0,0.75]","[12.314293600011755,2.632324787422463]","[null,null]"
residual_simvq_k16-4_d2-2_rate094-20260726-215551,138,0.01226738,0.03526902,0.04753640,0.01244836,0.03545701,25.10143590,0.94458133,0.01244836,1,Phase3-微调,1.000000,1.00000000,7.64936412,9216,0.1406250000,0.0937500000,2.5e-05,"[0.10915054001465992,0.003710327919193164]","[0.10915053998706517,0.003710327922642507]","[[0.1288386180445,0.08946246148121578],[0.004511922573739732,0.0029087332376986053]]","[[0.1288386180445,0.0894624614674184],[0.004511922573739732,0.002908733247615466]]","[[0.35849907734879743,0.29861766436585674],[0.06687037528113082,0.05364530837784211]]","[[1.0,0.8975694444444444],[0.75,0.75]]","[[13.644751047205043,5.772255880744369],[2.9293003929985892,1.7390395261623242]]","[1.0,0.75]","[12.245350212521023,2.623249274271506]","[0.0001194230589236314,4.222153012320902e-05]","[0.10982886017472655,0.0036335592641046754]","[0.10982886022991604,0.0036335592641046754]","[[0.12932904064655304,0.09032867859911035],[0.004434889467019174,0.002832229024972077]]","[[0.12932904064655304,0.09032867887505779],[0.004434889467019174,0.002832229026696748]]","[[0.3592629529811718,0.3001590777326513],[0.06640792875378221,0.05305791734545319]]","[[1.0,0.8939814814814815],[0.75,0.75]]","[[13.622686280144585,5.739292918311225],[2.9036930543405037,1.7415412920492668]]","[1.0,0.75]","[12.218901415224428,2.626203448684127]","[null,null]"
residual_simvq_k16-4_d2-2_rate094-20260726-215551,139,0.01229206,0.03546309,0.04775514,0.01236816,0.03453304,25.13080636,0.94504540,0.01236816,1,Phase3-微调,1.000000,1.00000000,7.21503274,9216,0.1406250000,0.0937500000,2.5e-05,"[0.10968872263199753,0.0037931588922489297]","[0.10968872263199753,0.0037931588844879083]","[[0.12947986352222937,0.0898975813554393],[0.004587464312229443,0.0029988534554528695]]","[[0.12947986352222937,0.08989758154860249],[0.004587464312229443,0.002998853444242505]]","[[0.35930716903121385,0.2992660892506441],[0.06739415829932248,0.05444568491506356]]","[[1.0,0.8945601851851852],[0.75,0.75]]","[[13.625193332742763,5.769048569820545],[2.913945406013065,1.717349762386746]]","[1.0,0.75]","[12.240867012518423,2.6146548840734694]","[0.00012002444640933795,4.5973403117656106e-05]","[0.10733261963835469,0.00317310921985794]","[0.10733261980392315,0.0031731092095099115]","[[0.12707925907991552,0.08758598041755182],[0.003803156431833351,0.002543061988911143]]","[[0.12707925907991552,0.08758598052793079],[0.003803156431833351,0.0025430619837371288]]","[[0.35613798962699045,0.2955805043379466],[0.06154573832949003,0.05033050229152044]]","[[1.0,0.8958333333333334],[0.75,0.75]]","[[13.622245520132559,5.747775159058747],[2.8945102409080223,1.6736051418163158]]","[1.0,0.75]","[12.223272690949617,2.5977106906749583]","[null,null]"
residual_simvq_k16-4_d2-2_rate094-20260726-215551,140,0.01221665,0.03538829,0.04760494,0.01251311,0.03552437,25.08826369,0.94512925,0.01236816,0,Phase3-微调,1.000000,1.00000000,7.46912456,9216,0.1406250000,0.0937500000,2.5e-05,"[0.1093188052100164,0.003923724408054517]","[0.10931880516862427,0.003923724405898678]","[[0.12893363353278903,0.08970397614218571],[0.004708646727656877,0.0031388020530963936]]","[[0.12893363353278903,0.08970397601800936],[0.004708646727656877,0.0031388020543898975]]","[[0.35861737849535763,0.2990111214419206],[0.06830880208009923,0.05573983721573044]]","[[1.0,0.89375],[0.75,0.75]]","[[13.639075964468496,5.742683901610198],[2.9053898811340333,1.70813487039672]]","[1.0,0.75]","[12.208785219545717,2.618132989053373]","[0.00011776125142609494,4.8333425573016734e-05]","[0.10947040611947025,0.0042075729549483016]","[0.10947040611947025,0.004207572956672973]","[[0.12905175536870955,0.08988905626314658],[0.005063220261837597,0.0033519256256382773]]","[[0.12905175536870955,0.08988905620795709],[0.005063220261837597,0.003351925635986306]]","[[0.358866145434203,0.2994138249644527],[0.07090989064287256,0.05764842215511534]]","[[1.0,0.8912037037037037],[0.75,0.75]]","[[13.678001573350695,5.757934390174018],[2.9367106755574546,1.7555440690782336]]","[1.0,0.75]","[12.242739331280744,2.670880036883884]","[null,null]"
residual_simvq_k16-4_d2-2_rate094-20260726-215551,141,0.01222725,0.03551820,0.04774545,0.01231200,0.03560857,25.15059936,0.94535884,0.01231200,1,Phase3-微调,1.000000,1.00000000,7.63490875,9216,0.1406250000,0.0937500000,2.5e-05,"[0.10962081853714255,0.0040374191796959]","[0.10962081844056094,0.004037419181420572]","[[0.12924031055083982,0.0900013257852859],[0.00480770227904604,0.0032671360475770026]]","[[0.12924031055083982,0.0900013256887043],[0.00480770227904604,0.003267136046283499]]","[[0.35902574641837015,0.2994852361579736],[0.06903889993274653,0.05689328055552862]]","[[1.0,0.8964120370370371],[0.75,0.75]]","[[13.642808283699884,5.744739170427676],[2.9017958451200414,1.6842529091570113]]","[1.0,0.75]","[12.21284425523546,2.6106344805823434]","[0.00011853219891943607,4.6909077383571896e-05]","[0.10960329710333436,0.004344141971388901]","[0.10960329704814487,0.0043441419782875865]","[[0.12940527813302147,0.0898013155217524],[0.005208928876177028,0.0034793550372813585]]","[[0.12940527813302147,0.0898013155217524],[0.005208928876177028,0.003479355030382673]]","[[0.35936676020975467,0.2992778983381059],[0.07198146297423928,0.058811034731290956]]","[[1.0,0.8944444444444445],[0.75,0.75]]","[[13.67737197169551,5.784293729287607],[2.881498827757659,1.7464811598813093]]","[1.0,0.75]","[12.259054869192617,2.6663333486627647]","[null,null]"
residual_simvq_k16-4_d2-2_rate094-20260726-215551,142,0.01220890,0.03554767,0.04775657,0.01254107,0.03586970,25.08095690,0.94416903,0.01231200,0,Phase3-微调,1.000000,1.00000000,7.65462462,9216,0.1406250000,0.0937500000,2.5e-05,"[0.10949213884218975,0.0042603974441859736]","[0.10949213884218975,0.0042603974463418124]","[[0.12905174889774235,0.0899325280415791],[0.005026483791017974,0.0034943110947669655]]","[[0.12905174889774235,0.08993252802778173],[0.005026483791017974,0.0034943110947669655]]","[[0.3588023262995261,0.2994118774378741],[0.07061227585568472,0.0588519760373014]]","[[1.0,0.8943287037037037],[0.75,0.75]]","[[13.632388146718343,5.740365050457142],[2.896440030027319,1.6912288279445082]]","[1.0,0.75]","[12.205419616346006,2.619174400523857]","[0.00011914097206802884,5.397136044309634e-05]","[0.11050700374223568,0.004276051977649331]","[0.11050700368704619,0.004276051989722031]","[[0.13025377028518254,0.09076023664739397],[0.005025556607654801,0.003526547330397147]]","[[0.13025377028518254,0.090760236537015],[0.005025556607654801,0.0035265473528178753]]","[[0.360518639838254,0.300845440670296],[0.07066514999778183,0.05918330208018974]]","[[1.0,0.8930555555555556],[0.75,0.75]]","[[13.637700264542191,5.76869169164587],[2.8898685137430826,1.6760052504362883]]","[1.0,0.75]","[12.249923494127062,2.616610290386059]","[null,null]"
residual_simvq_k16-4_d2-2_rate094-20260726-215551,143,0.01215627,0.03569758,0.04785385,0.01247134,0.03627099,25.09983753,0.94493395,0.01231200,0,Phase3-微调,1.000000,1.00000000,7.52996006,9216,0.1406250000,0.0937500000,2.5e-05,"[0.10974889313457188,0.004483357848409839]","[0.1097488929828008,0.004483357848841007]","[[0.12929645758812075,0.09020132815672291],[0.005230475648702985,0.0037362400200907833]]","[[0.12929645758812075,0.09020132796355972],[0.005230475648702985,0.003736240020521951]]","[[0.35917417070379964,0.299896897872289],[0.07204914836695901,0.06088764028692687]]","[[1.0,0.8924768518518519],[0.750462962962963,0.75]]","[[13.639975256390041,5.73863656785753],[2.894092305059786,1.6871322254339853]]","[1.0,0.750462962962963]","[12.20770643905357,2.619800400733948]","[0.00011701725220687135,5.4646870056010946e-05]","[0.1107717176830327,0.005295437219104281]","[0.1107717181245486,0.005295437210480924]","[[0.13025151767112592,0.09129191775012899],[0.0061414229442124015,0.004449451497445504]]","[[0.13025151767112592,0.09129191830202385],[0.0061414229442124015,0.004449451493996161]]","[[0.3605416163250252,0.3017571795869757],[0.07810589086126399,0.06645919067992104]]","[[1.0,0.8925925925925926],[0.75,0.75]]","[[13.665611556724265,5.762196484318486],[2.900338557914451,1.7500783849645545]]","[1.0,0.75]","[12.243697879932546,2.644342780996252]","[null,null]"
residual_simvq_k16-4_d2-2_rate094-20260726-215551,144,0.01217971,0.03589218,0.04807189,0.01263525,0.03769568,25.05532395,0.94492130,0.01231200,0,Phase3-微调,1.000000,1.00000000,7.39523454,9216,0.1406250000,0.0937500000,2.5e-05,"[0.1099785302248266,0.004876461449182696]","[0.10997853033520558,0.004876461451769703]","[[0.1295556995741747,0.09040136088927588],[0.0056132029103874055,0.004139719964694921]]","[[0.1295556995741747,0.09040136105484432],[0.0056132029103874055,0.004139719967713096]]","[[0.3594608810212877,0.3001552975840039],[0.07456186487580892,0.06402777020853978]]","[[1.0,0.8927083333333333],[0.75,0.75]]","[[13.63887274176986,5.737860609866955],[2.8940091724748966,1.6788779903341222]]","[1.0,0.75]","[12.202984428405761,2.6167386333147684]","[0.00011974712668032024,6.429211959955326e-05]","[0.11528510324381015,0.0053410808159107415]","[0.11528510324381015,0.005341080819360084]","[[0.13523683459670455,0.09533337117345245],[0.006134510478349747,0.004547651098282249]]","[[0.13523683459670455,0.09533337111826297],[0.006134510478349747,0.004547651115528963]]","[[0.367341814438502,0.3083259383837382],[0.07808059006929398,0.06720547667808002]]","[[1.0,0.8949074074074074],[0.75,0.75]]","[[13.69306206173367,5.779684232782435],[2.860475681446217,1.6643726737410933]]","[1.0,0.75]","[12.251138305664062,2.618512780578048]","[null,null]"
residual_simvq_k16-4_d2-2_rate094-20260726-215551,145,0.01215001,0.03602136,0.04817137,0.01238511,0.03589257,25.12585991,0.94475099,0.01231200,0,Phase3-微调,1.000000,1.00000000,7.68207674,9216,0.1406250000,0.0937500000,2.5e-05,"[0.10997558734207241,0.00529277109782453]","[0.10997558742485665,0.005292771096099858]","[[0.12943107597529888,0.09052009800518],[0.006012677243065641,0.0045728649340432]]","[[0.12943107597529888,0.09052009797758526],[0.006012677243065641,0.004572864933612032]]","[[0.3592818274542137,0.3003350576316869],[0.07720096461060974,0.06732451960582424]]","[[1.0,0.8912037037037037],[0.75,0.75]]","[[13.64013698719166,5.731639765810083],[2.8964322867216885,1.6690400913909629]]","[1.0,0.75]","[12.192637288128887,2.609170651435852]","[0.00012064309098436584,6.489180079235532e-05]","[0.10847786466280619,0.00637836952659267]","[0.10847786466280619,0.00637836952659267]","[[0.12779892909306068,0.08915680012217274],[0.0071918639492381505,0.005564875103947189]]","[[0.12779892909306068,0.08915680039812017],[0.0071918639492381505,0.005564875107396532]]","[[0.35712869498464794,0.2981992818691112],[0.08451300031609005,0.07432121910430767]]","[[1.0,0.888425925925926],[0.75,0.75]]","[[13.654448396188242,5.728051807262279],[2.940117664690371,1.7265242717884206]]","[1.0,0.75]","[12.21086469579626,2.6396166448239926]","[null,null]"
residual_simvq_k16-4_d2-2_rate094-20260726-215551,146,0.01212348,0.03625688,0.04838037,0.01256973,0.03716508,25.07009553,0.94386293,0.01231200,0,Phase3-微调,1.000000,1.00000000,7.27924462,9216,0.1406250000,0.0937500000,2.5e-05,"[0.11021688054833147,0.005805151440047969]","[0.11021688064491307,0.005805151439185634]","[[0.12964605573150847,0.09078770495123334],[0.006535933252113561,0.005074369614185006]]","[[0.12964605573150847,0.0907877050202202],[0.006535933252113561,0.005074369609010992]]","[[0.3596077149664914,0.3008119249785388],[0.08046088817494887,0.07089085365749068]]","[[1.0,0.892824074074074],[0.7509259259259259,0.75]]","[[13.657772662904527,5.732713619867961],[2.906788267471172,1.6924450293735223]]","[1.0,0.7509259259259259]","[12.197022710023102,2.6231950609772294]","[0.00011965642845973855,7.086427505985032e-05]","[0.11273330996433893,0.006194959270457426]","[0.11273330985395996,0.006194959263558741]","[[0.1325603304637803,0.09290628924413964],[0.006961199517051379,0.005428718992819389]]","[[0.1325603304637803,0.09290628924413964],[0.006961199517051379,0.005428718985920703]]","[[0.36371577073026584,0.30439906848801507],[0.08319448232650757,0.07346440095592428]]","[[1.0,0.8967592592592593],[0.75,0.75]]","[[13.65079705980089,5.777487927896005],[2.8646333712118643,1.6911326620313856]]","[1.0,0.75]","[12.259627681308322,2.6209812376234267]","[null,null]"
residual_simvq_k16-4_d2-2_rate094-20260726-215551,147,0.01215689,0.03649175,0.04864864,0.01309377,0.03809392,24.98156042,0.94453817,0.01231200,0,Phase3-微调,1.000000,1.00000000,7.58175440,9216,0.1406250000,0.0937500000,2.5e-05,"[0.11054429318065996,0.006229302422488453]","[0.1105442931668626,0.006229302422488453]","[[0.13004187407592932,0.09104671180248261],[0.006955009199575418,0.005503595624274263]]","[[0.13004187407592932,0.09104671176109048],[0.006955009199575418,0.005503595616513242]]","[[0.36018771783069325,0.30127552355881093],[0.08304538677136103,0.07387290660429884]]","[[1.0,0.8934027777777778],[0.750462962962963,0.75]]","[[13.641949635964853,5.740890565624944],[2.9063048658547577,1.691495297573231]]","[1.0,0.750462962962963]","[12.205193602597271,2.6269576523039078]","[0.00012012425542235616,7.22809211866762e-05]","[0.11546243981078819,0.006438099558430689]","[0.11546243981078819,0.006438099537734632]","[[0.13603903629161693,0.09488584283325407],[0.007152277589948089,0.005723921495869204]]","[[0.13603903629161693,0.09488584266768561],[0.007152277589948089,0.0057239214889705185]]","[[0.36846702540362325,0.30763712701974094],[0.08434375712165126,0.07546522705643266]]","[[1.0,0.9101851851851852],[0.75,0.75]]","[[13.646043763337312,5.840843084123399],[2.913642962773641,1.7137674711368702]]","[1.0,0.75]","[12.307100910610624,2.636381634959468]","[null,null]"
residual_simvq_k16-4_d2-2_rate094-20260726-215551,148,0.01216850,0.03684425,0.04901275,0.01241915,0.03462633,25.11653096,0.94489670,0.01231200,0,Phase3-微调,1.000000,1.00000000,7.67897016,9216,0.1406250000,0.0937500000,2.5e-05,"[0.1112078890480377,0.006693724408331845]","[0.11120788892386137,0.006693724404020166]","[[0.13074589893221855,0.09166987852917777],[0.007420035027381446,0.005967413759962828]]","[[0.13074589893221855,0.0916698783222172],[0.007420035027381446,0.005967413766430346]]","[[0.36112861263531226,0.302268434729841],[0.08573243973983659,0.07687384882182986]]","[[1.0,0.8940972222222222],[0.7513888888888889,0.75]]","[[13.638293907377456,5.74067721720095],[2.919528845504478,1.6824002215155849]]","[1.0,0.7513888888888889]","[12.205576596436677,2.613122805401131]","[0.00012277477912397847,7.383994678565176e-05]","[0.10490522660590984,0.0058990347406102555]","[0.10490522644034138,0.005899034747508941]","[[0.12382670298770622,0.08598375033449243],[0.006503604507694642,0.005294464949380469]]","[[0.12382670298770622,0.08598375011373449],[0.006503604507694642,0.005294464966627182]]","[[0.3515394235098803,0.2928522209326426],[0.0804568283535816,0.07259382920132743]]","[[1.0,0.887962962962963],[0.75,0.75]]","[[13.608933886775263,5.6917844313162345],[2.930545444841738,1.6623846142380325]]","[1.0,0.75]","[12.163078230398673,2.594876003265381]","[null,null]"
residual_simvq_k16-4_d2-2_rate094-20260726-215551,149,0.01212233,0.03692904,0.04905138,0.01245732,0.03634057,25.10370411,0.94441817,0.01231200,0,Phase3-微调,1.000000,1.00000000,7.69065620,9216,0.1406250000,0.0937500000,2.5e-05,"[0.11095611832484051,0.007216813475652425]","[0.11095611835243525,0.007216813470478411]","[[0.13042286713090206,0.09148936866334191],[0.007929678630359746,0.006503948308872404]]","[[0.13042286713090206,0.09148936860815242],[0.007929678630359746,0.006503948298524375]]","[[0.3606898567742772,0.30197923133770627],[0.08858999724465388,0.0802165459703516]]","[[1.0,0.8940972222222222],[0.750462962962963,0.75]]","[[13.640088545834576,5.730372149856002],[2.9236122100441544,1.6690415687031217]]","[1.0,0.750462962962963]","[12.194310016985293,2.5986954715516832]","[0.00012052679007023538,8.14117118184017e-05]","[0.10852363021285445,0.0077661798197638104]","[0.10852363037842291,0.007766179833561182]","[[0.1276496676383195,0.08939759218030506],[0.008455071794903941,0.007077287827376966]]","[[0.1276496676383195,0.08939759234587351],[0.008455071794903941,0.007077287854971709]]","[[0.35692483010115444,0.2986104980663017],[0.09169659730460909,0.08389577826967946]]","[[1.0,0.8875],[0.75,0.75]]","[[13.62609907079626,5.682248062557644],[2.9476331180996365,1.5758969262794211]]","[1.0,0.75]","[12.141008864508734,2.5144138159575284]","[null,null]"
residual_simvq_k16-4_d2-2_rate094-20260726-215551,150,0.01215677,0.03727352,0.04943029,0.01219401,0.03611551,25.19033980,0.94536597,0.01219401,1,Phase3-微调,1.000000,1.00000000,7.32871693,9216,0.1406250000,0.0937500000,2.5e-05,"[0.11150536461284867,0.007769913064246928]","[0.11150536458525392,0.007769913053036564]","[[0.13105625849631097,0.09195447019128888],[0.008470570134792339,0.007069256020433925]]","[[0.13105625849631097,0.09195447012230203],[0.008470570134792339,0.007069256006636554]]","[[0.36156450394127104,0.30274321779056834],[0.09162274768782987,0.08369857635762956]]","[[1.0,0.8945601851851852],[0.7509259259259259,0.75]]","[[13.64072585105896,5.7315794503247295],[2.92258861373972,1.657261640495724]]","[1.0,0.7509259259259259]","[12.19981921337269,2.5968295914155464]","[0.00012194305408802056,8.245097534806215e-05]","[0.1085127846510322,0.00705685259912301]","[0.10851278487179014,0.007056852595673667]","[[0.12765801940803176,0.08936754978365369],[0.007706844289269712,0.006406860891729593]]","[[0.12765801940803176,0.0893675501147906],[0.007706844289269712,0.00640686088828025]]","[[0.3569325610443398,0.29855146165247315],[0.08758176051908069,0.07986195832490921]]","[[1.0,0.8888888888888888],[0.75,0.75]]","[[13.6060627690068,5.674061294838234],[2.9370147387186685,1.653993429077996]]","[1.0,0.75]","[12.139889604073984,2.5715732998318144]","[null,null]"
residual_simvq_k16-4_d2-2_rate094-20260726-215551,151,0.01210877,0.03740004,0.04950881,0.01237638,0.03984024,25.13811676,0.94509946,0.01219401,0,Phase3-微调,1.000000,1.00000000,7.49599336,9216,0.1406250000,0.0937500000,2.5e-05,"[0.11127626895904541,0.008403854358389421]","[0.11127626897284278,0.008403854363563437]","[[0.13069103967260431,0.0918614977625785],[0.009113354353165185,0.007694354336881252]]","[[0.13069103967260431,0.09186149787295747],[0.009113354353165185,0.007694354344642273]]","[[0.36108966375942586,0.30262288274588406],[0.09500548620190885,0.08729328852560785]]","[[1.0,0.8908564814814814],[0.750462962962963,0.75]]","[[13.638354479825056,5.717436197951988],[2.923665911180002,1.6682458266063973]]","[1.0,0.750462962962963]","[12.177124846423114,2.585496552343722]","[0.00012244732135042324,8.909957669621454e-05]","[0.1183679978052775,0.009120758133078064]","[0.11836799775008802,0.009120758122730034]","[[0.13893137750802217,0.09780461804734336],[0.009829797944122995,0.008411718256495617]]","[[0.13893137750802217,0.0978046178817749],[0.009829797944122995,0.008411718270292988]]","[[0.3723346321671097,0.31230529370131316],[0.09890202736413037,0.09148957646555371]]","[[1.0,0.9138888888888889],[0.75,0.75]]","[[13.649626385724103,5.871405470812762],[2.953593877509788,1.6581191769352666]]","[1.0,0.75]","[12.357139205932617,2.589851744969686]","[null,null]"
residual_simvq_k16-4_d2-2_rate094-20260726-215551,152,0.01207838,0.03766099,0.04973938,0.01241611,0.03674468,25.11652160,0.94519538,0.01219401,0,Phase3-微调,1.000000,1.00000000,7.39189683,9216,0.1406250000,0.0937500000,2.5e-05,"[0.11137620418987892,0.009138966561295092]","[0.11137620414848681,0.009138966556121078]","[[0.1308054873926772,0.09194691995227779],[0.009863812534173054,0.008414120566858738]]","[[0.1308054873926772,0.0919469198970883],[0.009863812534173054,0.00841412055823538]]","[[0.36121079728559213,0.30272656055512254],[0.09885634484666365,0.09129523894301167]]","[[1.0,0.893287037037037],[0.750462962962963,0.75]]","[[13.637590387132432,5.722189959773311],[2.9242802725897894,1.6876349016472145]]","[1.0,0.750462962962963]","[12.180484506818983,2.5967694644574766]","[0.000123103346184642,9.04827521245116e-05]","[0.10864421719754183,0.008938768526746167]","[0.10864421730792082,0.008938768543992882]","[[0.12778567009501987,0.08950276347222151],[0.009623419579670386,0.008254117529011435]]","[[0.12778567009501987,0.08950276380335843],[0.009623419579670386,0.00825411754625815]]","[[0.3571365559542621,0.2988087883702031],[0.09783545059186441,0.09060000777244567]]","[[1.0,0.8837962962962963],[0.75,0.75]]","[[13.675848014266403,5.685098842338279],[2.952979216752229,1.7193814154024478]]","[1.0,0.75]","[12.166282738579644,2.6072481332001862]","[null,null]"
residual_simvq_k16-4_d2-2_rate094-20260726-215551,153,0.01208328,0.03787702,0.04996029,0.01237053,0.03852104,25.13632064,0.94540837,0.01219401,0,Phase3-微调,1.000000,1.00000000,7.61212888,9216,0.1406250000,0.0937500000,2.5e-05,"[0.11143757089696549,0.009768886996985034]","[0.11143757091076285,0.009768887015956419]","[[0.1308111730825018,0.09206396842168438],[0.010483687821154794,0.009054086159880239]]","[[0.1308111730825018,0.09206396844927911],[0.010483687821154794,0.009054086176264617]]","[[0.3612161278172776,0.3029168900516298],[0.10189706214048244,0.09468035993200762]]","[[1.0,0.8913194444444444],[0.7509259259259259,0.75]]","[[13.647723824889571,5.724520177311367],[2.9281855711230524,1.675324958783609]]","[1.0,0.7509259259259259]","[12.185952656357376,2.5814458851461057]","[0.00012361108593823803,9.09179140526922e-05]","[0.11380408367624989,0.009463255400596945]","[0.11380408373143938,0.009463255400596945]","[[0.13365767300128936,0.09395049313704172],[0.010129905661085138,0.00879660499178701]]","[[0.13365767300128936,0.09395049313704172],[0.010129905661085138,0.008796604988337666]]","[[0.36521134155767937,0.306101695034239],[0.10036267621649636,0.09351844059096442]]","[[1.0,0.8953703703703704],[0.75,0.75]]","[[13.667098921316642,5.792659999706127],[2.9159584169034605,1.6179469797346326]]","[1.0,0.75]","[12.275897796065719,2.532259068665681]","[null,null]"
residual_simvq_k16-4_d2-2_rate094-20260726-215551,154,0.01208304,0.03817777,0.05026081,0.01240370,0.03984403,25.13058211,0.94563187,0.01219401,0,Phase3-微调,1.000000,1.00000000,7.28555573,9216,0.1406250000,0.0937500000,2.5e-05,"[0.11181248752055345,0.010356371146109369]","[0.11181248756194556,0.010356371134899005]","[[0.1312101933139342,0.09241478116148048],[0.01106896224104006,0.009643780040830649]]","[[0.1312101933139342,0.09241478113388574],[0.01106896224104006,0.009643780006337222]]","[[0.36178947146292084,0.30352187476776266],[0.10465618283660323,0.09767641935635496]]","[[1.0,0.8944444444444445],[0.7518518518518519,0.75]]","[[13.637377747782955,5.728203882111443],[2.9255580292807686,1.6713481209896228]]","[1.0,0.7518518518518519]","[12.189272742801242,2.574581891519052]","[0.0001229971861903323,9.574408066799623e-05]","[0.11602814252729769,0.011472746895419227]","[0.11602814236172923,0.011472746895419227]","[[0.13562450033647042,0.09643178504926186],[0.012256956686852154,0.01068853706949287]]","[[0.13562450033647042,0.09643178466293546],[0.012256956686852154,0.01068853706949287]]","[[0.3678853650887807,0.31011743788365964],[0.11044244777273249,0.10314124099634311]]","[[1.0,0.8949074074074074],[0.7518518518518519,0.75]]","[[13.66259019639757,5.758997825339988],[2.8967472376646817,1.6948611047532824]]","[1.0,0.7518518518518519]","[12.227189035768863,2.5906608952416312]","[null,null]"
residual_simvq_k16-4_d2-2_rate094-20260726-215551,155,0.01213337,0.03847353,0.05060690,0.01239675,0.03877285,25.12071131,0.94454710,0.01219401,0,Phase3-微调,1.000000,1.00000000,6.95042730,9216,0.1406250000,0.0937500000,2.5e-05,"[0.11216754470434454,0.010947743816197746]","[0.11216754478712877,0.010947743813610739]","[[0.1317061672884005,0.09262892119586467],[0.011675924884534821,0.010219562749585343]]","[[0.1317061672884005,0.09262892143042],[0.011675924884534821,0.010219562765107387]]","[[0.36247716706108163,0.3038767128630921],[0.10750033568452906,0.10056148615700228]]","[[1.0,0.8962962962962963],[0.7509259259259259,0.75]]","[[13.627421945995755,5.738194936293143],[2.93006444727933,1.6845159060425228]]","[1.0,0.7509259259259259]","[12.20247343911065,2.5789382387090614]","[0.00012344135482433356,0.00010360118323188982]","[0.11314818897732982,0.010924934771739774]","[0.11314818892214033,0.010924934792435831]","[[0.13293888927609832,0.09335748851299286],[0.011642142785368141,0.010207726765010092]]","[[0.13293888927609832,0.09335748856818235],[0.011642142785368141,0.010207726813300892]]","[[0.36424441470040214,0.3051522396228932],[0.1075066535561173,0.10065345471655882]]","[[1.0,0.8944444444444445],[0.75,0.75]]","[[13.63345548135263,5.770129903157552],[2.9692891509444626,1.7163215469430995]]","[1.0,0.75]","[12.251749660350658,2.582201434947826]","[null,null]"
residual_simvq_k16-4_d2-2_rate094-20260726-215551,156,0.01208347,0.03866727,0.05075074,0.01224888,0.03761444,25.17859768,0.94573849,0.01219401,0,Phase3-微调,1.000000,1.00000000,7.15115223,9216,0.1406250000,0.0937500000,2.5e-05,"[0.1119702707424208,0.011764993965280829]","[0.11197027082520503,0.011764993958382142]","[[0.1314515722984517,0.09248896849652131],[0.012486115798216174,0.011043872050423589]]","[[0.1314515722984517,0.09248896863449503],[0.012486115798216174,0.011043872075431324]]","[[0.3620680317282677,0.3035857798324691],[0.11113587729632854,0.1045053860793511]]","[[1.0,0.8938657407407408],[0.7518518518518519,0.75]]","[[13.629177741651182,5.7232026956699515],[2.923022602222584,1.6762346748952512]]","[1.0,0.7518518518518519]","[12.185427008734809,2.5722826065840545]","[0.00012478775123007062,0.0001105260999591135]","[0.11198672155539195,0.008379499900534198]","[0.11198672150020246,0.008379499914331569]","[[0.13168847422908853,0.09228496882650587],[0.008909482332981295,0.007849517354258784]]","[[0.13168847422908853,0.09228496866093741],[0.008909482332981295,0.00784951738530287]]","[[0.36253207061025833,0.3033989859951867],[0.09421025608424786,0.08843440385880294]]","[[1.0,0.8930555555555556],[0.75,0.75]]","[[13.626875997472693,5.738083751113327],[2.9085642514405428,1.5569738758934868]]","[1.0,0.75]","[12.225987632186325,2.4857757338771114]","[null,null]"
residual_simvq_k16-4_d2-2_rate094-20260726-215551,157,0.01201615,0.03856026,0.05057641,0.01228042,0.04194952,25.16684110,0.94510724,0.01219401,0,Phase3-微调,1.000000,1.00000000,7.48015481,9216,0.1406250000,0.0937500000,2.5e-05,"[0.11171719245612621,0.011675627805568554]","[0.11171719246992358,0.01167562781246724]","[[0.13104402556739472,0.09239035890334182],[0.012390666297223005,0.010960589294942718]]","[[0.13104402556739472,0.09239035887574708],[0.012390666297223005,0.010960589277696003]]","[[0.36153986360187884,0.3034565572385435],[0.1107399773404554,0.10413474624079687]]","[[1.0,0.890625],[0.7513888888888889,0.75]]","[[13.633034278728344,5.701678330809981],[2.9216326576692087,1.6756513410144382]]","[1.0,0.7513888888888889]","[12.162777332023339,2.5787639564938014]","[0.00012480168060628112,0.00011143728939983973]","[0.11764626944506609,0.016592179135315948]","[0.11764626966582405,0.016592179114619892]","[[0.13774413604427266,0.09754840174206982],[0.01755622852317713,0.015628129699163967]]","[[0.13774413604427266,0.09754840212839622],[0.01755622852317713,0.015628129685366594]]","[[0.3707318643728892,0.3118864666532587],[0.1319988869406559,0.12452408268495842]]","[[1.0,0.9004629629629629],[0.75,0.75]]","[[13.677865861963342,5.803333649811921],[2.927169199343081,1.7222450777336402]]","[1.0,0.75]","[12.271094654224537,2.6139860577053495]","[null,null]"
residual_simvq_k16-4_d2-2_rate094-20260726-215551,158,0.01205316,0.03875208,0.05080524,0.01236168,0.03975284,25.13742696,0.94440069,0.01219401,0,Phase3-微调,1.000000,1.00000000,7.30675165,9216,0.1406250000,0.0937500000,2.5e-05,"[0.11189120233886772,0.012115457381501242]","[0.111891202200894,0.012115457386675256]","[[0.1312889899506613,0.0924934144511267],[0.012832617962353483,0.01139829679892433]]","[[0.1312889899506613,0.09249341429935562],[0.012832617962353483,0.011398296803236008]]","[[0.3618890857255017,0.30363876587814753],[0.11268504540677424,0.10619141814057474]]","[[1.0,0.8957175925925925],[0.7509259259259259,0.75]]","[[13.628953629952889,5.72282466535215],[2.9235909152913977,1.6694317279038606]]","[1.0,0.7509259259259259]","[12.182293630529333,2.5678720072463705]","[0.00012465736426410903,0.00011599105895314736]","[0.11390437610723354,0.013304703006589855]","[0.11390437621761251,0.01330470297899511]","[[0.13357305587441834,0.0942356961744803],[0.014073643916183048,0.012535762110794033]]","[[0.13357305587441834,0.09423569628485927],[0.014073643916183048,0.012535762090097975]]","[[0.3650948848989275,0.30656445335458826],[0.11827307834669396,0.1116186726976324]]","[[1.0,0.8953703703703704],[0.75,0.75]]","[[13.623664093017577,5.74550396601359],[2.9079959410208245,1.7080757564968534]]","[1.0,0.75]","[12.215499009026422,2.611578012395788]","[null,null]"
residual_simvq_k16-4_d2-2_rate094-20260726-215551,159,0.01196808,0.03872277,0.05069085,0.01231039,0.04041198,25.15312727,0.94448516,0.01219401,0,Phase3-微调,1.000000,1.00000000,7.36439506,9216,0.1406250000,0.0937500000,2.5e-05,"[0.11158551880055004,0.012327340484976216]","[0.11158551874536055,0.012327340486700889]","[[0.13084685456145692,0.0923241829154668],[0.013042380014020536,0.011612300925750147]]","[[0.13084685456145692,0.09232418280508783],[0.013042380014020536,0.011612300936960512]]","[[0.36131524725092784,0.30340417711823076],[0.11363881742236791,0.10721941518562811]]","[[1.0,0.8913194444444444],[0.7509259259259259,0.75]]","[[13.626492516199749,5.697077689347444],[2.9254753364457025,1.670160416982792]]","[1.0,0.7509259259259259]","[12.154061345700864,2.57510061705554]","[0.00012302801044791487,0.0001120417987766376]","[0.11580577145020167,0.01351255495791082]","[0.11580577150539116,0.013512554985505564]","[[0.13572947680950165,0.09588206592533323],[0.014287799065587697,0.012737310912322115]]","[[0.13572947680950165,0.09588206570457529],[0.014287799065587697,0.012737310953714229]]","[[0.3680449176717688,0.3092518857231847],[0.1191844649888851,0.11252547905400948]]","[[1.0,0.9],[0.75,0.75]]","[[13.661197083084671,5.795219679231997],[2.907687388526069,1.7247833181310583]]","[1.0,0.75]","[12.25272339714898,2.606820187745271]","[null,null]"
residual_simvq_k16-4_d2-2_rate094-20260726-215551,160,0.01202033,0.03892880,0.05094912,0.01221160,0.04025987,25.18655063,0.94544764,0.01219401,0,Phase3-微调,1.000000,1.00000000,7.46940142,9216,0.1406250000,0.0937500000,2.5e-05,"[0.11248609867912751,0.01208605295892253]","[0.11248609859634329,0.01208605295892253]","[[0.13182158419103535,0.09315061250494586],[0.01279164135231878,0.01138046455345358]]","[[0.13182158419103535,0.09315061238076952],[0.01279164135231878,0.011380464545692559]]","[[0.36261698531883735,0.30471111938909246],[0.11242715703944366,0.10603356402781275]]","[[1.0,0.8938657407407408],[0.7509259259259259,0.75]]","[[13.62980764530323,5.7135856601927015],[2.9234187572090713,1.6634810246803142]]","[1.0,0.7509259259259259]","[12.173622873094347,2.5684967553174056]","[0.00012829516653491062,0.00011770623981040747]","[0.11426318762479006,0.014568395319360274]","[0.11426318751441109,0.014568395319360274]","[[0.13376365425410094,0.09476272060915276],[0.015378940567650178,0.01375785007107037]]","[[0.13376365425410094,0.09476272022282636],[0.015378940567650178,0.013757850043475628]]","[[0.3653461345919856,0.3074122155154193],[0.12364362312687768,0.11693624053840283]]","[[1.0,0.8898148148148148],[0.75,0.75]]","[[13.677628382930049,5.766762662816931],[2.914296273831968,1.70954125545643]]","[1.0,0.75]","[12.251873270670574,2.617916871883251]","[null,null]"
residual_simvq_k16-4_d2-2_rate094-20260726-215551,161,0.01203324,0.03935725,0.05139049,0.01252484,0.04254077,25.09109699,0.94491649,0.01219401,0,Phase3-微调,1.000000,1.00000000,7.46462349,9216,0.1406250000,0.0937500000,2.5e-05,"[0.11276058282841135,0.013182624379448869]","[0.11276058277322186,0.013182624386347555]","[[0.13219718145275558,0.09332398318306163],[0.013892071595829393,0.01247317719411243]]","[[0.13219718145275558,0.09332398312787214],[0.013892071595829393,0.012473177201011114]]","[[0.3631251777211825,0.3049813241870315],[0.1172853115256186,0.11112774384242517]]","[[1.0,0.8947916666666667],[0.750462962962963,0.75]]","[[13.618753493273699,5.714262077543471],[2.926607143878937,1.650126639339659]]","[1.0,0.750462962962963]","[12.173615252530134,2.5697955573046647]","[0.00012684454331637998,0.00011460800451459363]","[0.1220119388015182,0.014118521750249245]","[0.12201193885670768,0.014118521777843987]","[[0.14232463660063566,0.1016992402849374],[0.014871515250868267,0.013365528132352564]]","[[0.14232463660063566,0.10169924039531637],[0.014871515250868267,0.013365528166845993]]","[[0.37681977572264497,0.3184286861507981],[0.1215830816714852,0.1152609141336547]]","[[1.0,0.9],[0.75,0.75]]","[[13.69625823409469,5.821286999737775],[2.9175948248969186,1.637235833980419]]","[1.0,0.75]","[12.303214511164912,2.5767104272489196]","[null,null]"
residual_simvq_k16-4_d2-2_rate094-20260726-215551,162,0.01200983,0.03908281,0.05109264,0.01264809,0.04059620,25.04189240,0.94373375,0.01219401,0,Phase3-微调,1.000000,1.00000000,7.63715931,9216,0.1406250000,0.0937500000,2.5e-05,"[0.11225218906722687,0.01281279615747432]","[0.11225218908102425,0.012812796155749647]","[[0.1315636690981962,0.0929407085671469],[0.013514163667612053,0.012111428628365199]]","[[0.1315636690981962,0.09294070864993113],[0.013514163667612053,0.012111428628365199]]","[[0.3622338495320744,0.30433742823424165],[0.11557804660664664,0.10941134278696996]]","[[1.0,0.8956018518518518],[0.7509259259259259,0.75]]","[[13.640330076217651,5.7018497678968645],[2.927244046440831,1.6414733089782574]]","[1.0,0.7509259259259259]","[12.158969183321352,2.5648954338497587]","[0.0001257665501557144,0.00011360778099616356]","[0.11625348301949325,0.01365435674648594]","[0.11625348301949325,0.013654356725789882]","[[0.13663353290822772,0.09587343197177958],[0.014461269174461012,0.01284744428401744]]","[[0.13663353290822772,0.095873432247727],[0.014461269174461012,0.012847444215030581]]","[[0.36927860622052794,0.30924518704414367],[0.11997597361052478,0.11308145302313345]]","[[1.0,0.9041666666666667],[0.75,0.75]]","[[13.671056966428404,5.824836314166034],[2.9092852698432075,1.6554934969654789]]","[1.0,0.75]","[12.32236701824047,2.570209418402778]","[null,null]"
residual_simvq_k16-4_d2-2_rate094-20260726-215551,163,0.01203794,0.03963083,0.05166877,0.01429665,0.03604744,24.50795306,0.94184102,0.01219401,0,Phase3-微调,1.000000,1.00000000,7.42449973,9216,0.1406250000,0.0937500000,2.5e-05,"[0.11312279835067414,0.013695862283067847]","[0.11312279835067414,0.013695862300314561]","[[0.13254811271197267,0.09369748314773595],[0.014368850715389406,0.013022873879203365]]","[[0.13254811271197267,0.0936974832167228],[0.014368850715389406,0.01302287389645008]]","[[0.36356057188025226,0.30554310745663116],[0.11923065002041834,0.11351552630464236]]","[[1.0,0.8944444444444445],[0.7509259259259259,0.75]]","[[13.630359983444214,5.712963755042464],[2.917649001545376,1.6051081913488883]]","[1.0,0.7509259259259259]","[12.169074178625037,2.5451828607806455]","[0.0001374098275846336,0.00014145469535664973]","[0.10829736623499128,0.0070544446094168555]","[0.10829736606942283,0.00705444457837277]","[[0.12808572241553554,0.08850901022001549],[0.007323535045401917,0.006785354169982451]]","[[0.12808572241553554,0.08850900988887858],[0.007323535045401917,0.0067853541492863935]]","[[0.35757287078433564,0.2971671382586161],[0.0853815170901793,0.08219835267022804]]","[[1.0,0.8939814814814815],[0.75,0.75]]","[[13.645259708828396,5.816511867664478],[2.965451846299348,1.3683234991850677]]","[1.0,0.75]","[12.310310392026548,2.397713648831403]","[null,null]"
residual_simvq_k16-4_d2-2_rate094-20260726-215551,164,0.01505304,0.03796829,0.05302132,0.01229825,0.03715053,25.16351025,0.94449548,0.01219401,0,Phase3-微调,1.000000,1.00000000,7.88586711,9216,0.1406250000,0.0937500000,2.5e-05,"[0.11304633825741432,0.008452174234790383]","[0.11304633820222484,0.008452174242551404]","[[0.1335017456224671,0.09259093011281004],[0.009281852676671136,0.0076224957903226215]]","[[0.1335017456224671,0.09259093009901267],[0.009281852676671136,0.007622495791184958]]","[[0.36484790367108805,0.3036642684980675],[0.09067967219485176,0.08160572705997361]]","[[1.0,0.8972222222222223],[0.7509259259259259,0.75]]","[[13.752965300171464,5.844702547567862],[2.829717084875813,1.7110055334038206]]","[1.0,0.7509259259259259]","[12.342150421495791,2.6451155335814867]","[0.00021322215329241267,0.00018909276356714178]","[0.11191886166731517,0.006962836592423695]","[0.11191886139136774,0.006962836599322381]","[[0.13179882831043668,0.09203889491381469],[0.007652894890418759,0.006272778311675346]]","[[0.13179882831043668,0.09203889436191982],[0.007652894890418759,0.006272778332371403]]","[[0.3626911485636676,0.3030078148400342],[0.08728944455031995,0.07902814464436637]]","[[1.0,0.8972222222222223],[0.75,0.75]]","[[13.674015384250216,5.743633379759612],[2.913585129490605,1.6104189890402334]]","[1.0,0.75]","[12.213287593700267,2.57018248240153]","[null,null]"
residual_simvq_k16-4_d2-2_rate094-20260726-215551,165,0.01198254,0.03728019,0.04926273,0.01218189,0.03856332,25.20164451,0.94518743,0.01218189,1,Phase3-微调,1.000000,1.00000000,7.45832503,9216,0.1406250000,0.0937500000,2.5e-05,"[0.11101233063748589,0.00828428186510724]","[0.11101233060989114,0.008284281876317605]","[[0.13054857171244091,0.09147608942455715],[0.008989141426152654,0.007579422288539785]]","[[0.13054857171244091,0.09147608953493613],[0.008989141426152654,0.007579422308373506]]","[[0.360906440185176,0.30200969527165095],[0.09442703243758943,0.08667983841840868]]","[[1.0,0.8958333333333334],[0.75,0.75]]","[[13.667839142128273,5.714229396537498],[2.9229485697216457,1.6551447897045701]]","[1.0,0.75]","[12.172509693216394,2.5809719845100685]","[0.0001151006305951375,5.17285928658061e-05]","[0.11273257903478763,0.010670039630322545]","[0.11273257931073506,0.010670039630322545]","[[0.13227217545111974,0.09319298173542376],[0.01153520904481411,0.009804870208932294]]","[[0.13227217545111974,0.09319298201137119],[0.01153520904481411,0.009804870195134922]]","[[0.3633174507706254,0.3048719028631846],[0.10706105684792554,0.09869325144423378]]","[[1.0,0.8935185185185185],[0.75,0.75]]","[[13.625748288189923,5.685984784585458],[2.9569223121360495,1.7120146071469342]]","[1.0,0.75]","[12.132197832178187,2.593116203943888]","[null,null]"
residual_simvq_k16-4_d2-2_rate094-20260726-215551,166,0.01198530,0.03833381,0.05031911,0.01226889,0.03818829,25.16079083,0.94500944,0.01218189,0,Phase3-微调,1.000000,1.00000000,7.41297114,9216,0.1406250000,0.0937500000,2.5e-05,"[0.11160111303130786,0.011067080347695284]","[0.11160111303130786,0.011067080345108277]","[[0.13108812253232355,0.09211410286801833],[0.011798907182593313,0.010335253562812728]]","[[0.13108812253232355,0.09211410292320782],[0.011798907182593313,0.010335253550740027]]","[[0.36159244770253146,0.30300109524417806],[0.10807644600669543,0.10112229026854039]]","[[1.0,0.8944444444444445],[0.7509259259259259,0.75]]","[[13.650897942648994,5.713139894273546],[2.9316380028371456,1.6704830207206585]]","[1.0,0.7509259259259259]","[12.170191637674968,2.5748028547675523]","[0.00012080125141235637,6.916071211485865e-05]","[0.10992280509736803,0.012279708469631495]","[0.10992280498698906,0.012279708483428867]","[[0.12947195023298264,0.09037365979618496],[0.012967585110002094,0.011591831912045126]]","[[0.12947195023298264,0.09037365963061651],[0.012967585110002094,0.011591831925842497]]","[[0.3594667293407299,0.3002393947707282],[0.1136389387426553,0.10744573512563]]","[[1.0,0.8958333333333334],[0.75,0.75]]","[[13.632575607299804,5.736082868222837],[2.917848136689928,1.665981560283237]]","[1.0,0.75]","[12.199709150526258,2.5674927534880463]","[null,null]"
residual_simvq_k16-4_d2-2_rate094-20260726-215551,167,0.01197693,0.03957631,0.05155324,0.01226544,0.03922132,25.16472905,0.94460356,0.01218189,0,Phase3-微调,1.000000,1.00000000,7.54958680,9216,0.1406250000,0.0937500000,2.5e-05,"[0.11252829331766676,0.014115895427487514]","[0.11252829327627464,0.014115895449908242]","[[0.13199104310737717,0.09306554323821156],[0.014825888160892108,0.013405902697532265]]","[[0.13199104310737717,0.09306554314162996],[0.014825888160892108,0.013405902744098395]]","[[0.3628586787868429,0.30458615957586854],[0.12120157407113799,0.11523233705924617]]","[[1.0,0.892824074074074],[0.7513888888888889,0.75]]","[[13.64370040540342,5.701830909870289],[2.937754708307761,1.6460704470122303]]","[1.0,0.7513888888888889]","[12.151328178688331,2.556063723122632]","[0.00012526404662585938,9.259217225647902e-05]","[0.11008311808109283,0.015425107800574215]","[0.11008311808109283,0.0154251077591821]","[[0.1288140607100946,0.09135217478981725],[0.016192203077177208,0.014658012372200135]]","[[0.1288140607100946,0.09135217501057519],[0.016192203077177208,0.014658012323909335]]","[[0.3585224350293477,0.3018312070104811],[0.12686868343088362,0.12069947587119209]]","[[1.0,0.8814814814814815],[0.75,0.75]]","[[13.622960133022731,5.610289086235894],[2.9625130176544188,1.6692732916937933]]","[1.0,0.75]","[12.056307743213795,2.5486531911072907]","[null,null]"
residual_simvq_k16-4_d2-2_rate094-20260726-215551,168,0.01191210,0.04020082,0.05211292,0.01232388,0.04072763,25.15153658,0.94511022,0.01218189,0,Phase3-微调,1.000000,1.00000000,7.57658814,9216,0.1406250000,0.0937500000,2.5e-05,"[0.11241805501006268,0.016224583912709797]","[0.11241805492727845,0.016224583907535783]","[[0.13161594898060516,0.09322016068078853],[0.016912854968190744,0.015536312793416005]]","[[0.13161594898060516,0.09322016047382796],[0.016912854968190744,0.015536312812387392]]","[[0.36234337803390293,0.3048340180405864],[0.12951652970578936,0.12412463044402776]]","[[1.0,0.8899305555555556],[0.7509259259259259,0.75]]","[[13.664960502695154,5.693701639881841],[2.939819461769528,1.6273839851220449]]","[1.0,0.7509259259259259]","[12.144829029507108,2.546192448227494]","[0.00012456208903502018,0.00010754849563117778]","[0.11157232997594056,0.018756076748724336]","[0.11157232986556159,0.018756076755623022]","[[0.13076288534535302,0.0923817742202017],[0.019502917242546877,0.018009236213509684]]","[[0.13076288534535302,0.0923817738890648],[0.019502917242546877,0.018009236248003112]]","[[0.36122915788933085,0.30353228449821473],[0.13919414651614648,0.1337468045729178]]","[[1.0,0.8898148148148148],[0.75,0.75]]","[[13.643227895100912,5.696430926852756],[2.93590805972064,1.6514962372956452]]","[1.0,0.75]","[12.160937316329392,2.5818231052822536]","[null,null]"
residual_simvq_k16-4_d2-2_rate094-20260726-215551,169,0.01200518,0.04076864,0.05277382,0.01249235,0.04263301,25.09144427,0.94389965,0.01218189,0,Phase3-微调,1.000000,1.00000000,7.58730858,9216,0.1406250000,0.0937500000,2.5e-05,"[0.11341217374084173,0.017047478443149616]","[0.11341217372704435,0.01704747846039633]","[[0.1328041357850587,0.0940202109515667],[0.01772765863031425,0.016367298269782355]]","[[0.1328041357850587,0.0940202110481483],[0.01772765863031425,0.01636729830082644]]","[[0.363904491784396,0.3060637653425888],[0.13255742030839127,0.12737046226307197]]","[[1.0,0.8959490740740741],[0.750462962962963,0.75]]","[[13.660528952987105,5.719631131490072],[2.933842651490812,1.6197378635406494]]","[1.0,0.750462962962963]","[12.177864540947809,2.5403166046849]","[0.0001320317297844061,0.0001293695974204133]","[0.11583536565303802,0.02059027945139894]","[0.11583536576341699,0.020590279423804196]","[[0.13522911524331127,0.09644161529011197],[0.021529042741490735,0.01965151617510451]]","[[0.13522911524331127,0.09644161556605939],[0.021529042741490735,0.01965151617510451]]","[[0.3673400307143176,0.31012753424821077],[0.1462625863375487,0.13974030889846661]]","[[1.0,0.8949074074074074],[0.75,0.75]]","[[13.663469399346246,5.722667930744312],[2.9563027805752222,1.6625548760096232]]","[1.0,0.75]","[12.191479068332248,2.5775174935658773]","[null,null]"
residual_simvq_k16-4_d2-2_rate094-20260726-215551,170,0.01208203,0.04101390,0.05309593,0.01369834,0.04882360,24.78139122,0.94349959,0.01218189,0,Phase3-微调,1.000000,1.00000000,7.72071307,9216,0.1406250000,0.0937500000,2.5e-05,"[0.11441772856094219,0.0168267453779225]","[0.11441772864372642,0.016826745372748485]","[[0.13385520752657343,0.09498024915379506],[0.01746263563529485,0.016190855084332052]]","[[0.13385520752657343,0.09498024944353986],[0.01746263563529485,0.016190855096404753]]","[[0.36533950821117117,0.3076193454640883],[0.1313388987271874,0.1264783240440819]]","[[1.0,0.8940972222222222],[0.750462962962963,0.75]]","[[13.680639680226644,5.726057576250147],[2.9230304223519785,1.6055543484511199]]","[1.0,0.750462962962963]","[12.193255092479564,2.515254072348277]","[0.00016104895698339938,0.0001748637129788188]","[0.12727340586759425,0.028962100504173173]","[0.12727340553645736,0.02896210054556529]","[[0.148059330549505,0.10648748074416761],[0.02984275642644476,0.028081444775064787]]","[[0.148059330549505,0.10648748063378864],[0.02984275642644476,0.0280814449130385]]","[[0.38422719394719157,0.32569773859447904],[0.1717785112283848,0.16660964511058948]]","[[1.0,0.9175925925925926],[0.75,0.75]]","[[13.732960361904569,5.88951879783913],[2.962883158083315,1.687108235889011]]","[1.0,0.75]","[12.368949939586498,2.5937383704715304]","[null,null]"
residual_simvq_k16-4_d2-2_rate094-20260726-215551,171,0.01363170,0.03848243,0.05211413,0.01211736,0.03672153,25.22287146,0.94595120,0.01211736,1,Phase3-微调,1.000000,1.00000000,7.52247430,9216,0.1406250000,0.0937500000,2.5e-05,"[0.11381430385841264,0.00932945647035484]","[0.11381430376183103,0.00932945647035484]","[[0.1338766031243183,0.09375200406820686],[0.00998681528855943,0.008672097666809956]]","[[0.1338766031243183,0.09375200405440949],[0.00998681528855943,0.008672097658186599]]","[[0.3649269447282509,0.30495717779353815],[0.09771464584326303,0.09090112175930429]]","[[1.0,0.8965277777777778],[0.75,0.75]]","[[13.700034911544234,5.786964544543514],[2.931250411051291,1.4740930212868584]]","[1.0,0.75]","[12.265922622327452,2.430421006238019]","[0.0001985609595269327,0.00011098402957469699]","[0.10807949801286061,0.009429388034536882]","[0.10807949784729216,0.009429388041435569]","[[0.12723106995776848,0.08892792524011046],[0.010076657941357956,0.008782118138063837]]","[[0.12723106995776848,0.08892792540567893],[0.010076657941357956,0.008782118151861208]]","[[0.3563452005386353,0.2978324770927429],[0.10017673505677117,0.09353707134723663]]","[[1.0,0.8888888888888888],[0.75,0.75]]","[[13.664968335186993,5.696192342263681],[2.9314019450434934,1.4398757528375696]]","[1.0,0.75]","[12.164117368062337,2.438054303769712]","[null,null]"
residual_simvq_k16-4_d2-2_rate094-20260726-215551,172,0.01185604,0.03812792,0.04998396,0.01228082,0.03749018,25.16074765,0.94543200,0.01211736,0,Phase3-微调,1.000000,1.00000000,7.19649755,9216,0.1406250000,0.0937500000,2.5e-05,"[0.1114033226199724,0.010606029585728215]","[0.1114033226199724,0.010606029575380186]","[[0.13082487842550986,0.09198176638671646],[0.011215686453161415,0.009996372711396327]]","[[0.13082487842550986,0.09198176649709543],[0.011215686453161415,0.009996372700185963]]","[[0.36124820764418003,0.30280640450892626],[0.10559530463759546,0.09969572727051046]]","[[1.0,0.8931712962962963],[0.750462962962963,0.75]]","[[13.666119614353887,5.7136266646561795],[2.9322410499608074,1.4286818435898534]]","[1.0,0.750462962962963]","[12.164429445619936,2.4297024819586013]","[0.00011647335370610192,8.44696004201574e-05]","[0.10908715857399834,0.010881414699057738]","[0.10908715896032474,0.01088141467836168]","[[0.1281818233154438,0.08999249289433162],[0.011479626478696311,0.010283202871128366]]","[[0.1281818233154438,0.08999249350141596],[0.011479626478696311,0.010283202822837565]]","[[0.3576589681484081,0.29959280799936366],[0.10696452850544894,0.1012522945801417]]","[[1.0,0.8893518518518518],[0.75,0.75]]","[[13.663065769054272,5.688493841665762],[2.9392092016008164,1.434497591301247]]","[1.0,0.75]","[12.14716849150481,2.435597417972706]","[null,null]"
residual_simvq_k16-4_d2-2_rate094-20260726-215551,173,0.01182751,0.03810193,0.04992944,0.01234348,0.03851798,25.14277196,0.94545615,0.01211736,0,Phase3-微调,1.000000,1.00000000,7.39524889,9216,0.1406250000,0.0937500000,2.5e-05,"[0.1117662481273766,0.010159914266249096]","[0.1117662481687687,0.010159914272285447]","[[0.13100484623401254,0.09252764979998271],[0.010766805080627953,0.009553023466529946]]","[[0.13100484623401254,0.09252764978618533],[0.010766805080627953,0.009553023481189653]]","[[0.36148282405402926,0.3036821961402893],[0.10348362178990135,0.09748685398587474]]","[[1.0,0.8929398148148148],[0.75,0.75]]","[[13.656858355910689,5.692299779256185],[2.9416974023536397,1.4403332791946553]]","[1.0,0.75]","[12.139310550689697,2.440827496846517]","[0.00011499145865080344,7.69519046924769e-05]","[0.11322140859233008,0.01003613118082285]","[0.11322140864751958,0.010036131201518906]","[[0.1327080203427209,0.09373479651080238],[0.010684459870336232,0.009387802570644352]]","[[0.1327080203427209,0.0937347964004234],[0.010684459870336232,0.00938780259134041]]","[[0.36390645813058925,0.3057477390324628],[0.10320283472537994,0.09675463410439315]]","[[1.0,0.8939814814814815],[0.75,0.75]]","[[13.698348207826967,5.746784277315493],[2.9630847948568837,1.503880962619075]]","[1.0,0.75]","[12.214558891013816,2.5154656145307754]","[null,null]"
residual_simvq_k16-4_d2-2_rate094-20260726-215551,174,0.01190624,0.03853527,0.05044151,0.01223199,0.04127624,25.18450343,0.94535286,0.01211736,0,Phase3-微调,1.000000,1.00000000,7.54383956,9216,0.1406250000,0.0937500000,2.5e-05,"[0.11273666472622641,0.010576199813469968]","[0.11273666465723955,0.01057619982726734]","[[0.13208857098663296,0.09338475790012765],[0.011214125445285054,0.009938274155784813]]","[[0.13208857098663296,0.09338475784493817],[0.011214125445285054,0.009938274148023792]]","[[0.3629811386267344,0.30509652887229566],[0.10549293868243695,0.09930715588507828]]","[[1.0,0.8946759259259259],[0.75,0.75]]","[[13.646887141686898,5.702990977852433],[2.9465578030656885,1.4955630317882256]]","[1.0,0.75]","[12.150638728671604,2.476745465066698]","[0.00012116310058950654,8.422063859446401e-05]","[0.11850741301421766,0.013576546677008822]","[0.11850741290383869,0.013576546642515395]","[[0.13827377210060757,0.09874105348631187],[0.014201530434743122,0.012951562933071896]]","[[0.13827377210060757,0.09874105359669084],[0.014201530434743122,0.012951562870983724]]","[[0.3714257383788073,0.31377461000725076],[0.11887515093441363,0.11354341705640157]]","[[1.0,0.8976851851851851],[0.75,0.75]]","[[13.675761244032119,5.755399280124241],[2.920992151896159,1.5025852432957403]]","[1.0,0.75]","[12.214140856707537,2.4902650003080016]","[null,null]"
residual_simvq_k16-4_d2-2_rate094-20260726-215551,175,0.01202867,0.04023951,0.05226818,0.01269081,0.04182848,25.01857704,0.94435321,0.01211736,0,Phase3-微调,1.000000,1.00000000,7.43909905,9216,0.1406250000,0.0937500000,2.5e-05,"[0.11452840275510594,0.014238029820154662]","[0.11452840256194273,0.014238029816705319]","[[0.13396586691615758,0.09509093760064355],[0.014840461192997518,0.013635598415405386]]","[[0.13396586691615758,0.095090937283304],[0.014840461192997518,0.013635598413680715]]","[[0.3655328525989144,0.30784752391002795],[0.12122556336775973,0.11620305290928594]]","[[1.0,0.8969907407407407],[0.750462962962963,0.75]]","[[13.682098717159695,5.722111215414825],[2.928385504528328,1.4779373400741154]]","[1.0,0.750462962962963]","[12.17562446417632,2.455665114190843]","[0.0001506306267401669,0.0001531352353460399]","[0.11574951570343088,0.01810162399240114]","[0.11574951592418882,0.018101623951009026]","[[0.1353911159767045,0.09610791476788344],[0.018741789984482306,0.017461457986522603]]","[[0.1353911159767045,0.09610791509902036],[0.018741789984482306,0.01746145794513049]]","[[0.3675736138114223,0.30959899535885566],[0.13648296042724892,0.1317521654345371]]","[[1.0,0.8958333333333334],[0.75,0.75]]","[[13.680337277165165,5.751085157747622],[2.901475786279749,1.481994891166687]]","[1.0,0.75]","[12.210572044937699,2.4499333540598554]","[null,null]"
residual_simvq_k16-4_d2-2_rate094-20260726-215551,176,0.01213405,0.04198191,0.05411596,0.01255459,0.04682685,25.08321316,0.94480098,0.01211736,0,Phase3-微调,1.000000,1.00000000,7.39191604,9216,0.1406250000,0.0937500000,2.5e-05,"[0.11646758057177067,0.017874545305622398]","[0.1164675805579733,0.01787454528665101]","[[0.13616976502041023,0.09676539599895477],[0.01846380830673432,0.017285282285539088]]","[[0.13616976502041023,0.09676539590237317],[0.01846380830673432,0.017285282276915732]]","[[0.3685256873016004,0.31054648674196667],[0.1350745468089978,0.13067010712844354]]","[[1.0,0.8981481481481481],[0.750462962962963,0.75]]","[[13.696525448339957,5.762078916585004],[2.919768998799501,1.4376091164571267]]","[1.0,0.750462962962963]","[12.230238723754884,2.431363495190938]","[0.00016991189981194177,0.0001659316483912537]","[0.11982531359902135,0.030020603027056763]","[0.11982531365421083,0.03002060308224625]","[[0.13966706654539815,0.09998355993518122],[0.03084551243594399,0.029195693535385307]]","[[0.13966706654539815,0.09998355999037072],[0.03084551243594399,0.02919569364576428]]","[[0.3733278978753973,0.3157828293464802],[0.17517399390538532,0.1704293143969995]]","[[1.0,0.8925925925925926],[0.75,0.75]]","[[13.780272957130714,5.808416801028781],[2.838623202288592,1.4663608056527597]]","[1.0,0.75]","[12.297391404045953,2.4813849696406614]","[null,null]"
residual_simvq_k16-4_d2-2_rate094-20260726-215551,177,0.01205946,0.04178957,0.05384902,0.01231386,0.04138016,25.15533029,0.94508788,0.01211736,0,Phase3-微调,1.000000,1.00000000,7.56087380,9216,0.1406250000,0.0937500000,2.5e-05,"[0.11585827329092556,0.01786834000506335]","[0.11585827324953345,0.017868340022310063]","[[0.13540527003782768,0.09631127570238378],[0.01846785170233084,0.01726882830089717]]","[[0.13540527003782768,0.09631127572997852],[0.01846785170233084,0.0172688283233179]]","[[0.36745755070889435,0.3097746123318319],[0.13514101658430364,0.13070366817216078]]","[[1.0,0.892824074074074],[0.75,0.75]]","[[13.729056031615645,5.744441119829814],[2.8335065360422487,1.3858450980098158]]","[1.0,0.75]","[12.207984503993282,2.3731800935886525]","[0.00016835579066267842,0.00016584122152683752]","[0.11693340479223817,0.015483109825463207]","[0.1169334046266697,0.015483109804767149]","[[0.1368320256471634,0.09703478360617603],[0.016134187855102396,0.01483203188550693]]","[[0.1368320256471634,0.0970347833302286],[0.016134187855102396,0.014832031802722702]]","[[0.36950431907618486,0.3110660919436702],[0.12676168685709988,0.12155465798245536]]","[[1.0,0.8953703703703704],[0.75,0.75]]","[[13.70690813417788,5.762458239661322],[2.761193114739877,1.4626717549783212]]","[1.0,0.75]","[12.233438315214935,2.3584689723120795]","[null,null]"
residual_simvq_k16-4_d2-2_rate094-20260726-215551,178,0.01195248,0.04035136,0.05230384,0.01218302,0.04087195,25.20570923,0.94563910,0.01211736,0,Phase3-微调,1.000000,1.00000000,7.50032362,9216,0.1406250000,0.0937500000,2.5e-05,"[0.11448277417156431,0.014641578814566687]","[0.11448277407498271,0.014641578797319973]","[[0.13394266179314365,0.09502288588771114],[0.015343701413453177,0.013939456188085455]]","[[0.13394266179314365,0.0950228858601164],[0.015343701413453177,0.01393945617083874]]","[[0.3654819094472461,0.30770745757553314],[0.12306666349371274,0.11730649267081861]]","[[1.0,0.8946759259259259],[0.750462962962963,0.75]]","[[13.692965576383802,5.7338328741214895],[2.7659930975348863,1.5285196469889746]]","[1.0,0.750462962962963]","[12.18986400851497,2.381536572509342]","[0.0001472354582801927,0.00010917434102103234]","[0.11749900778134664,0.013291245719624891]","[0.11749900794691509,0.013291245685131462]","[[0.13747649209366905,0.09752152258599246],[0.014006886355302952,0.012575605021858657]]","[[0.13747649209366905,0.0975215228619399],[0.014006886355302952,0.0125756050011626]]","[[0.37035797944775334,0.3118316462746373],[0.11800957890572371,0.1118325588327867]]","[[1.0,0.9009259259259259],[0.75,0.75]]","[[13.7124102557147,5.806172441553186],[2.7785625952261466,1.5846522507844147]]","[1.0,0.75]","[12.281082110934788,2.4058004944412796]","[null,null]"
residual_simvq_k16-4_d2-2_rate094-20260726-215551,179,0.01193792,0.03877926,0.05071719,0.01201896,0.03812021,25.25396608,0.94629010,0.01201896,1,Phase3-微调,1.000000,1.00000000,7.57486151,9216,0.1406250000,0.0937500000,2.5e-05,"[0.11335952557899334,0.010734119468920484]","[0.11335952562038545,0.010734119472369828]","[[0.13274694350030686,0.09397210763008507],[0.011432385868910286,0.010035853067206012]]","[[0.13274694350030686,0.09397210779565351],[0.011432385868910286,0.01003585306548134]]","[[0.3638605605672907,0.3060277174468394],[0.10606744322511885,0.09930842496730663]]","[[1.0,0.8947916666666667],[0.75,0.75]]","[[13.703082806975754,5.737160135198523],[2.7914643627625924,1.5378744608826107]]","[1.0,0.75]","[12.194078426007872,2.40268486517447]","[0.00013537877049303563,8.970741267957136e-05]","[0.11356817875747327,0.008416485403560929]","[0.11356817853671533,0.008416485386314216]","[[0.13308240760255743,0.09405394963644169],[0.009105923651131215,0.007727047135294588]]","[[0.13308240760255743,0.09405394913973632],[0.009105923651131215,0.0077270471180478735]]","[[0.3644029292795393,0.3062471807003021],[0.0951454958430043,0.08766487770610386]]","[[1.0,0.8953703703703704],[0.75,0.75]]","[[13.6835232840644,5.7577005456995085],[2.7856491759971336,1.5122015555699666]]","[1.0,0.75]","[12.22589809982865,2.4169339179992675]","[null,null]"
residual_simvq_k16-4_d2-2_rate094-20260726-215551,180,0.01179350,0.03703080,0.04882430,0.01217662,0.03552559,25.19795797,0.94542003,0.01201896,0,Phase3-微调,1.000000,1.00000000,7.91366006,9216,0.1406250000,0.0937500000,2.5e-05,"[0.11196871895205092,0.0065298443625646605]","[0.11196871899344303,0.006529844376362033]","[[0.1311685186845285,0.09276891835033893],[0.007209528210848846,0.005850160492722083]]","[[0.1311685186845285,0.09276891851590739],[0.007209528210848846,0.005850160498758433]]","[[0.36171937082652694,0.3040897835735922],[0.08451107443758735,0.07608359934141239]]","[[1.0,0.8930555555555556],[0.75,0.75]]","[[13.67665812527692,5.709663600391812],[2.7796539514153094,1.4582884185843998]]","[1.0,0.75]","[12.159100301177414,2.379833216137356]","[0.00011159262250186185,5.1734354016203996e-05]","[0.10856020268466737,0.0051216711773088685]","[0.10856020285023583,0.005121671163511497]","[[0.1272827257712682,0.08983767943249808],[0.005778554575172839,0.004464787753574826]]","[[0.1272827257712682,0.08983767965325602],[0.005778554575172839,0.004464787741502126]]","[[0.3563867120831101,0.29931801535465097],[0.07589393318803223,0.06674258002528438]]","[[1.0,0.887962962962963],[0.75,0.75]]","[[13.620511556554723,5.651527535473859],[2.7970158576965334,1.4135633804180003]]","[1.0,0.75]","[12.094504017300077,2.3578195377632425]","[null,null]"
residual_simvq_k16-4_d2-2_rate094-20260726-215551,181,0.01181321,0.03645231,0.04826552,0.01221554,0.03740789,25.18610629,0.94568823,0.01201896,0,Phase3-微调,1.000000,1.00000000,7.50969224,9216,0.1406250000,0.0937500000,2.5e-05,"[0.11185869258587007,0.0047886909520322525]","[0.11185869265485693,0.004788690952894589]","[[0.13105527833104133,0.09266210606804601],[0.005460239995995329,0.00411714192531589]]","[[0.13105527833104133,0.09266210627500658],[0.005460239995995329,0.004117141924022387]]","[[0.3615509457058377,0.30390272008048164],[0.0737455407364501,0.06405534851192324]]","[[1.0,0.8938657407407408],[0.75,0.75]]","[[13.653755906776146,5.69589226687396],[2.8026374340057374,1.4290222329122049]]","[1.0,0.75]","[12.142332562693843,2.360836684703827]","[0.00011104249575442669,3.938816661233162e-05]","[0.11509626767149678,0.004608988003046425]","[0.11509626756111781,0.004608988003046425]","[[0.13504429901087725,0.0951482359457899],[0.005332251896874772,0.0038857240695506336]]","[[0.13504429901087725,0.09514823561465299],[0.005332251896874772,0.003885724067825962]]","[[0.367072750683184,0.3080165136743475],[0.07291788210471471,0.06228051977577033]]","[[1.0,0.9018518518518519],[0.75,0.75]]","[[13.698489069055627,5.808535441645869],[2.802855055420487,1.4862412523340296]]","[1.0,0.75]","[12.276116081520364,2.390359988035979]","[null,null]"
residual_simvq_k16-4_d2-2_rate094-20260726-215551,182,0.01189992,0.03659604,0.04849596,0.01203017,0.03639083,25.25804694,0.94674925,0.01201896,0,Phase3-微调,1.000000,1.00000000,7.51949527,9216,0.1406250000,0.0937500000,2.5e-05,"[0.11276751363443004,0.004339800763409585]","[0.11276751349645632,0.0043398007668589275]","[[0.1322608517827811,0.09327417453406034],[0.00503530563717639,0.0036442958745519045]]","[[0.1322608517827811,0.09327417436849188],[0.00503530563717639,0.0036442958754142403]]","[[0.3632449248322734,0.3049396550213849],[0.07083192215197616,0.060288992503450975]]","[[1.0,0.9001157407407407],[0.75,0.75]]","[[13.641826366495204,5.713319267166986],[2.8247679467554447,1.4660030740278738]]","[1.0,0.75]","[12.16352744102478,2.379570503588076]","[0.00011347182599247727,3.510702177428121e-05]","[0.1122708362561685,0.004179803230282333]","[0.11227083636654747,0.004179803218209633]","[[0.1315969153134911,0.09294475620543516],[0.004874599354203653,0.0034850070425481708]]","[[0.1315969153134911,0.0929447564261931],[0.004874599354203653,0.003485007039098828]]","[[0.362365072744864,0.3044376843505435],[0.06970902728261771,0.05897730037018105]]","[[1.0,0.8907407407407407],[0.75,0.75]]","[[13.64384374971743,5.718907246766267],[2.8271549789993853,1.4860059455589012]]","[1.0,0.75]","[12.184402564719871,2.3849724610646565]","[null,null]"
residual_simvq_k16-4_d2-2_rate094-20260726-215551,183,0.01185744,0.03663091,0.04848835,0.01216050,0.03604996,25.20697249,0.94532338,0.01201896,0,Phase3-微调,1.000000,1.00000000,7.66518630,9216,0.1406250000,0.0937500000,2.5e-05,"[0.11307963593690484,0.004139283465445731]","[0.11307963582652586,0.004139283466308067]","[[0.13253412209451199,0.09362514936537654],[0.004830298885806567,0.0034482680317186923]]","[[0.13253412209451199,0.09362514915841597],[0.004830298885806567,0.003448268035168035]]","[[0.3635843560099602,0.30547334794644954],[0.06937894332050173,0.058653217257448924]]","[[1.0,0.8959490740740741],[0.75,0.75]]","[[13.62971934389185,5.6989536320721665],[2.8426635777508773,1.4662039670679303]]","[1.0,0.75]","[12.151715449933652,2.3860325998730127]","[0.00011499037814414974,3.294229198015981e-05]","[0.11115210348809207,0.004207753571164277]","[0.11115210326733413,0.0042077535694396056]","[[0.130145829419295,0.09215837683942583],[0.004935326875635871,0.0034801802408226112]]","[[0.130145829419295,0.09215837634272045],[0.004935326875635871,0.0034801802408226112]]","[[0.36036567445154544,0.3031521867822718],[0.07014259420059345,0.05894007122627011]]","[[1.0,0.8856481481481482],[0.75,0.75]]","[[13.616925705803766,5.620410421159533],[2.8469180513311314,1.4831421083874172]]","[1.0,0.75]","[12.056003521106861,2.407155335391009]","[null,null]"
residual_simvq_k16-4_d2-2_rate094-20260726-215551,184,0.01185062,0.03662419,0.04847480,0.01194824,0.03565201,25.27684354,0.94595498,0.01194824,1,Phase3-微调,1.000000,1.00000000,7.39271564,9216,0.1406250000,0.0937500000,2.5e-05,"[0.11311261166852933,0.004084785395146658]","[0.11311261166852933,0.004084785399027169]","[[0.13246828415603548,0.09375693872570992],[0.00475586356629652,0.0034137072037319065]]","[[0.13246828415603548,0.09375693880849414],[0.00475586356629652,0.0034137072067500817]]","[[0.36343304674934457,0.3056221863185918],[0.06884316868942093,0.05836139633147805]]","[[1.0,0.8934027777777778],[0.75,0.75]]","[[13.64523639149136,5.683953475952149],[2.8474528405401442,1.453877470007649]]","[1.0,0.75]","[12.136343853561966,2.389199513859219]","[0.00011466347194207763,3.311326756071746e-05]","[0.11010147515270445,0.003984954841090021]","[0.11010147515270445,0.003984954853162722]","[[0.12932623310221567,0.09087671582345609],[0.004612774996914797,0.0033571346887145883]]","[[0.12932623310221567,0.09087671565788763],[0.004612774996914797,0.0033571347007872883]]","[[0.3592301479092351,0.30103661594567477],[0.06781789224456858,0.05789722883039051]]","[[1.0,0.8898148148148148],[0.75,0.75]]","[[13.622392682675962,5.6849199718899195],[2.862621623498422,1.431683200377005]]","[1.0,0.75]","[12.143068589104546,2.382468608573631]","[null,null]"
residual_simvq_k16-4_d2-2_rate094-20260726-215551,185,0.01171430,0.03638842,0.04810272,0.01197983,0.03668534,25.26490433,0.94617688,0.01194824,0,Phase3-微调,1.000000,1.00000000,7.54735833,9216,0.1406250000,0.0937500000,2.5e-05,"[0.11238872316424493,0.004054212792241877]","[0.11238872310905546,0.0040542127913795415]","[[0.13150070999507552,0.09327673538139573],[0.0047137469454254545,0.0033946786037025354]]","[[0.13150070999507552,0.0932767352020299],[0.0047137469454254545,0.003394678604133703]]","[[0.36219309595999893,0.30494157092438806],[0.06854062473608388,0.058205181746571154]]","[[1.0,0.8872685185185185],[0.75,0.75]]","[[13.658282661437989,5.664221807762429],[2.850887796172389,1.4404546779614908]]","[1.0,0.75]","[12.113543884842484,2.390221321582794]","[0.00011299835936774293,3.3746670528166254e-05]","[0.11325638796444293,0.004136687682734595]","[0.1132563880196324,0.004136687679285252]","[[0.1326309002108044,0.09388187411758635],[0.004862376157608297,0.0034109991664687794]]","[[0.1326309002108044,0.09388187406239686],[0.004862376157608297,0.003410999169918122]]","[[0.36379138363732233,0.3059755539452588],[0.06963519431926586,0.05836108169621891]]","[[1.0,0.8902777777777777],[0.75,0.75]]","[[13.676912456088596,5.717651130534985],[2.828437250631827,1.489220764901903]]","[1.0,0.75]","[12.182926142657244,2.417015967545686]","[null,null]"
residual_simvq_k16-4_d2-2_rate094-20260726-215551,186,0.01177117,0.03647105,0.04824222,0.01271474,0.04235491,25.02560600,0.94452936,0.01194824,0,Phase3-微调,1.000000,1.00000000,7.56457112,9216,0.1406250000,0.0937500000,2.5e-05,"[0.11267146702717852,0.004035893237407975]","[0.11267146698578641,0.004035893233527464]","[[0.1318161562361099,0.0935267775422997],[0.004673968700916265,0.0033978177471672773]]","[[0.1318161562361099,0.09352677755609706],[0.004673968700916265,0.0033978177406997594]]","[[0.36264502345411864,0.30536834205742236],[0.06825472685611911,0.05823766919611781]]","[[1.0,0.8905092592592593],[0.75,0.75]]","[[13.661952714566832,5.674247458246019],[2.8546081291304692,1.4172474582990011]]","[1.0,0.75]","[12.119941428855613,2.38983450907248]","[0.00011428993521904987,3.423133135516697e-05]","[0.13110927210913764,0.004426434015234311]","[0.13110927199875866,0.004426434023857668]","[[0.15279858366206842,0.10941995845900641],[0.005187667999416589,0.003665199994833933]]","[[0.15279858366206842,0.10941995867976435],[0.005187667999416589,0.0036652000172546616]]","[[0.3904329306549496,0.3302890764342414],[0.07192621584291811,0.06049856620806235]]","[[1.0,0.9226851851851852],[0.75,0.75]]","[[13.715758026970757,5.977099072491681],[2.8507173591189914,1.4870238772145024]]","[1.0,0.75]","[12.459200972097891,2.431040327637284]","[null,null]"
residual_simvq_k16-4_d2-2_rate094-20260726-215551,187,0.01175032,0.03665559,0.04840591,0.01227590,0.03703288,25.17177782,0.94489185,0.01194824,0,Phase3-微调,1.000000,1.00000000,7.16610869,9216,0.1406250000,0.0937500000,2.5e-05,"[0.1132544067584806,0.004043490656961997]","[0.11325440674468323,0.004043490654806158]","[[0.13246727062872163,0.09404154241912895],[0.004645701384827219,0.0034412798808059757]]","[[0.13246727062872163,0.09404154250191318],[0.004645701384827219,0.0034412798786501364]]","[[0.3634245576130019,0.30608221546367365],[0.06805161266001286,0.058611232911547025]]","[[1.0,0.8908564814814814],[0.75,0.75]]","[[13.65640355039526,5.673019399466338],[2.8610599628201236,1.3819810657589524]]","[1.0,0.75]","[12.123217167677703,2.385905323205171]","[0.00011593457168567477,3.3648302014962945e-05]","[0.11452870413109108,0.003976509218207664]","[0.1145287040759016,0.003976509228555692]","[[0.13353634117930024,0.09552106697250295],[0.004524191872527202,0.0034288265190466688]]","[[0.13353634117930024,0.09552106686212399],[0.004524191872527202,0.00342882653284404]]","[[0.36500919417098715,0.3086121216968254],[0.06719100955459807,0.05852871945610753]]","[[1.0,0.8814814814814815],[0.75,0.75]]","[[13.672492260403104,5.634611882103814],[2.8922621991899278,1.3311085912916396]]","[1.0,0.75]","[12.082585504319933,2.3878093754803693]","[null,null]"
residual_simvq_k16-4_d2-2_rate094-20260726-215551,188,0.01176393,0.03664768,0.04841160,0.01249164,0.03746728,25.10129465,0.94416856,0.01194824,0,Phase3-微调,1.000000,1.00000000,7.61770391,9216,0.1406250000,0.0937500000,2.5e-05,"[0.1131786962626157,0.004093869097306635]","[0.11317869638679204,0.004093869091270285]","[[0.1323238412125243,0.09403355070562275],[0.0046584461531084444,0.0035292920173594245]]","[[0.1323238412125243,0.09403355080220434],[0.0046584461531084444,0.0035292920134789136]]","[[0.3632329350820294,0.30607033493342223],[0.0681603380513412,0.05936541549723457]]","[[1.0,0.8934027777777778],[0.75,0.75]]","[[13.658918530852706,5.668932376967536],[2.876438926325904,1.3382614477917]]","[1.0,0.75]","[12.113940434985691,2.3822055322152598]","[0.00011532608657068556,3.410211153196643e-05]","[0.11555588157088668,0.004339417715177492]","[0.11555588162607616,0.004339417725525521]","[[0.13529103773611564,0.09582072512971031],[0.004973378567094052,0.003705456814970131]]","[[0.13529103773611564,0.09582072546084722],[0.004973378567094052,0.0037054568356661884]]","[[0.3674341881716693,0.3091309467951457],[0.07043897443347508,0.06084031335733555]]","[[1.0,0.8930555555555556],[0.75,0.75]]","[[13.673670380203813,5.731612346790455],[2.8511256906721325,1.3752331830837108]]","[1.0,0.75]","[12.202886426007305,2.39539338571054]","[null,null]"
residual_simvq_k16-4_d2-2_rate094-20260726-215551,189,0.01176436,0.03670521,0.04846957,0.01284433,0.03861444,24.97108370,0.94417150,0.01194824,0,Phase3-微调,1.000000,1.00000000,7.76893449,9216,0.1406250000,0.0937500000,2.5e-05,"[0.11331741246912215,0.004139254440087825]","[0.11331741240013529,0.004139254436207314]","[[0.1324785555816359,0.09415626863914507],[0.004663471612406688,0.003615037241467723]]","[[0.1324785555816359,0.09415626840458977],[0.004663471612406688,0.003615037238880716]]","[[0.36349607005163476,0.3063273326114372],[0.06819718382148832,0.06008434995870899]]","[[1.0,0.8925925925925926],[0.75,0.75]]","[[13.65541538838987,5.67313266771811],[2.8805497240137172,1.3007798969745636]]","[1.0,0.75]","[12.117145543628268,2.3788196740327057]","[0.00011582565301203565,3.434577666431088e-05]","[0.11939433575780303,0.004171884106472135]","[0.11939433581299252,0.004171884111646149]","[[0.13944133636024264,0.09934733399638424],[0.004656679624760593,0.003687088576110977]]","[[0.13944133636024264,0.09934733399638424],[0.004656679624760593,0.003687088593357691]]","[[0.3730174790929865,0.31476090638725845],[0.06816676794378845,0.06069460055894322]]","[[1.0,0.8935185185185185],[0.75,0.75]]","[[13.660884906627514,5.745192033273202],[2.8981364214861833,1.2615072232705575]]","[1.0,0.75]","[12.221358405219185,2.3876333113069887]","[null,null]"
residual_simvq_k16-4_d2-2_rate094-20260726-215551,190,0.01178968,0.03704091,0.04883059,0.01285863,0.03782090,24.97427811,0.94350721,0.01194824,0,Phase3-微调,1.000000,1.00000000,7.43564887,9216,0.1406250000,0.0937500000,2.5e-05,"[0.11424426717890633,0.0042866488815181784]","[0.11424426719270371,0.004286648879793507]","[[0.13357112157951903,0.0949174121229185],[0.004748831075374727,0.003824466666103237]]","[[0.13357112157951903,0.09491741227468958],[0.004748831075374727,0.003824466672570755]]","[[0.36498253952573845,0.30755113385341787],[0.06883056595645569,0.06180697355971292]]","[[1.0,0.8946759259259259],[0.75,0.75]]","[[13.649372104362206,5.6776160496252555],[2.9096210603360775,1.2288375607243291]]","[1.0,0.75]","[12.123997119620995,2.3820861396966158]","[0.00011579801027471182,3.847880939415686e-05]","[0.11657304675490768,0.004453825217637199]","[0.11657304647896025,0.004453825217637199]","[[0.13671871258152857,0.09642738021082348],[0.004946930889316179,0.0039607195649296045]]","[[0.13671871258152857,0.09642737965892863],[0.004946930889316179,0.0039607195597555905]]","[[0.3693757428063287,0.31011380840230873],[0.07027168831339589,0.06291065776237735]]","[[1.0,0.8986111111111111],[0.75,0.75]]","[[13.64226048787435,5.78441186481052],[2.8647911142419886,1.2398671194359108]]","[1.0,0.75]","[12.274625326085973,2.388965128086231]","[null,null]"
residual_simvq_k16-4_d2-2_rate094-20260726-215551,191,0.01177144,0.03717172,0.04894316,0.01204552,0.03742079,25.24948688,0.94618957,0.01194824,0,Phase3-微调,1.000000,1.00000000,7.63643521,9216,0.1406250000,0.0937500000,2.5e-05,"[0.1146123509992052,0.0043371681171400405]","[0.11461235102679994,0.004337168121882887]","[[0.13397159686794988,0.09525310484071572],[0.004756330016621009,0.0039180061948071755]]","[[0.13397159686794988,0.09525310490970258],[0.004756330016621009,0.0039180061948071755]]","[[0.36552398265511904,0.30809398895060575],[0.06888685785923843,0.06255684821969933]]","[[1.0,0.8925925925925926],[0.75,0.75]]","[[13.659504339430068,5.677875612400197],[2.9123796387954997,1.197278317698726]]","[1.0,0.75]","[12.129284560238874,2.381335633330875]","[0.00011699782836432052,3.931482390692475e-05]","[0.11527737202467742,0.004469169333094248]","[0.11527737180391948,0.004469169333094248]","[[0.13478131255617848,0.09577343099647098],[0.004890552221762913,0.004047786401308797]]","[[0.13478131255617848,0.09577343083090252],[0.004890552221762913,0.00404778640475814]]","[[0.3667081367086481,0.30902117645298993],[0.06987057306148388,0.0635976256871665]]","[[1.0,0.8935185185185185],[0.75,0.75]]","[[13.64813663341381,5.704364063121655],[2.9354268957067418,1.186631531185574]]","[1.0,0.75]","[12.175980829309534,2.3910273445977106]","[null,null]"
residual_simvq_k16-4_d2-2_rate094-20260726-215551,192,0.01182461,0.03743326,0.04925787,0.01210385,0.03721507,25.22890376,0.94530756,0.01194824,0,Phase3-微调,1.000000,1.00000000,7.43077270,9216,0.1406250000,0.0937500000,2.5e-05,"[0.11539952014055517,0.0043869269533186326]","[0.11539952037511049,0.004386926957199143]","[[0.13488835619279632,0.09591068357781128],[0.004765794424478102,0.004008059476985148]]","[[0.13488835619279632,0.09591068393654294],[0.004765794424478102,0.004008059481296827]]","[[0.3667967671597445,0.3091825601679307],[0.06895756153044877,0.06327330025809783]]","[[1.0,0.890625],[0.75,0.75]]","[[13.650609687522605,5.676373670719288],[2.9084972399252433,1.172949837313758]]","[1.0,0.75]","[12.12840911547343,2.3757272552560877]","[0.00011732079153632556,4.355031558892127e-05]","[0.11449052961888137,0.0045976908222116804]","[0.1144905295085024,0.004597690829110366]","[[0.13431523701658957,0.09466582128295192],[0.004990044167196309,0.004205337496198438]]","[[0.13431523701658957,0.09466582089662552],[0.004990044167196309,0.004205337501372452]]","[[0.366121925689556,0.30728299110024065],[0.07057995006993965,0.06482245315004279]]","[[1.0,0.8972222222222223],[0.75,0.75]]","[[13.65718431825991,5.737164613935683],[2.9016199270884195,1.1619338000262225]]","[1.0,0.75]","[12.19979019165039,2.375574336228547]","[null,null]"
residual_simvq_k16-4_d2-2_rate094-20260726-215551,193,0.01180242,0.03747104,0.04927345,0.01215715,0.03732287,25.21564525,0.94567882,0.01194824,0,Phase3-微调,1.000000,1.00000000,7.50554527,9216,0.1406250000,0.0937500000,2.5e-05,"[0.11552571606028963,0.004381608224422153]","[0.115525716074087,0.004381608222697482]","[[0.13495264120951847,0.09609879001423165],[0.004735158613227584,0.004028057821388184]]","[[0.13495264120951847,0.09609878995904216],[0.004735158613227584,0.0040280578205258485]]","[[0.3668551178442107,0.30945018303615074],[0.06873086478423189,0.06342801522049639]]","[[1.0,0.8927083333333333],[0.75,0.75]]","[[13.654030965875696,5.664897346496582],[2.91951915246469,1.1588529151898843]]","[1.0,0.75]","[12.114248016145494,2.3854808083286994]","[0.00011754888477702884,4.097627683626747e-05]","[0.1151748004886839,0.004258375033667242]","[0.11517480037830494,0.004258375040565928]","[[0.13450441123158843,0.0958451900769163],[0.0045689094466743645,0.003947840615486105]]","[[0.13450441123158843,0.09584518996653733],[0.0045689094466743645,0.003947840629283477]]","[[0.3663642735392959,0.30917262147974084],[0.06753830396466785,0.06280624780941893]]","[[1.0,0.8851851851851852],[0.75,0.75]]","[[13.671203761630588,5.674096273492884],[2.89185040085404,1.1414321219479595]]","[1.0,0.75]","[12.152808634440104,2.3524967281906695]","[null,null]"
residual_simvq_k16-4_d2-2_rate094-20260726-215551,194,0.01171932,0.03731831,0.04903763,0.01254634,0.03695283,25.07415890,0.94457607,0.01194824,0,Phase3-微调,1.000000,1.00000000,7.39903987,9216,0.1406250000,0.0937500000,2.5e-05,"[0.11507486488532137,0.004343727055540377]","[0.11507486489911874,0.004343727056402713]","[[0.13433467458795617,0.09581505438243901],[0.004671133164299169,0.004016320938589397]]","[[0.13433467458795617,0.09581505439623639],[0.004671133164299169,0.004016320935140053]]","[[0.36594821485104384,0.3089231116352258],[0.06825521402750855,0.06332885009685048]]","[[1.0,0.8905092592592593],[0.75,0.75]]","[[13.674858450006555,5.65402940026036],[2.923155944877201,1.1452795337747645]]","[1.0,0.75]","[12.107896880750303,2.3833086172739666]","[0.00011703566392329608,4.376596229020733e-05]","[0.11388937554977559,0.004359679103449539]","[0.1138893754945861,0.004359679100000196]","[[0.13307390522073817,0.09470484488540226],[0.0046873803112517905,0.0040319778990966304]]","[[0.13307390522073817,0.09470484516134968],[0.0046873803112517905,0.004031977883574588]]","[[0.36440396640035844,0.307319743765725],[0.06840545377797551,0.0634704916289559]]","[[1.0,0.888425925925926],[0.75,0.75]]","[[13.636344874346698,5.623849148220486],[2.874168599093402,1.1386970387564765]]","[1.0,0.75]","[12.071020988181786,2.381148299464473]","[null,null]"
residual_simvq_k16-4_d2-2_rate094-20260726-215551,195,0.01173432,0.03749625,0.04923057,0.01206749,0.03697503,25.23497498,0.94577035,0.01194824,0,Phase3-微调,1.000000,1.00000000,7.65249031,9216,0.1406250000,0.0937500000,2.5e-05,"[0.11562442735389426,0.004363579444449257]","[0.11562442738148901,0.004363579448760936]","[[0.13493107063350854,0.09631778316365348],[0.004672495164494548,0.004054663721385791]]","[[0.13493107063350854,0.09631778339820879],[0.004672495164494548,0.004054663724835135]]","[[0.36687482992808024,0.30985793438222675],[0.06827621543435035,0.06363487418189093]]","[[1.0,0.890625],[0.75,0.75]]","[[13.662408316576922,5.657651386437593],[2.920231314058657,1.136255736483468]]","[1.0,0.75]","[12.106621452614114,2.385196801468178]","[0.00011686990920107174,4.455328598514488e-05]","[0.11393485262438104,0.004385234325848244]","[0.11393485251400205,0.004385234322398901]","[[0.13292548281175118,0.09494422177473703],[0.004687981969780392,0.004082486668118724]]","[[0.13292548281175118,0.09494422166435806],[0.004687981969780392,0.004082486664669381]]","[[0.36420004456131544,0.3077094082479124],[0.06840836204312466,0.06386485251563567]]","[[1.0,0.8856481481481482],[0.75,0.75]]","[[13.674278718453866,5.652741891366464],[2.943117226494683,1.1347929186291166]]","[1.0,0.75]","[12.103474920767326,2.3838637634559916]","[null,null]"
residual_simvq_k16-4_d2-2_rate094-20260726-215551,196,0.01174253,0.03750366,0.04924619,0.01224496,0.03823614,25.18989531,0.94570523,0.01194824,0,Phase3-微调,1.000000,1.00000000,7.46333716,9216,0.1406250000,0.0937500000,2.5e-05,"[0.11567545469712329,0.004336250388856839]","[0.1156754546419338,0.004336250383682825]","[[0.13498535359071362,0.09636555518265123],[0.004629807178948626,0.0040426935750508194]]","[[0.13498535359071362,0.09636555516885387],[0.004629807178948626,0.004042693570739141]]","[[0.3669157969730872,0.3099027450437899],[0.06795721514909356,0.06353556053643977]]","[[1.0,0.8921296296296296],[0.75,0.75]]","[[13.677497348078974,5.665030471483866],[2.9245323291531315,1.1292543532671753]]","[1.0,0.75]","[12.116061387238679,2.3942599764576666]","[0.0001158166215544851,4.483664586216575e-05]","[0.11770699316704715,0.004648644201181553]","[0.11770699338780509,0.004648644190833525]","[[0.13740908514570307,0.0980049012987702],[0.005005309147829259,0.004291979264881876]]","[[0.13740908514570307,0.09800490151952815],[0.005005309147829259,0.004291979254533848]]","[[0.37028260319321243,0.31262350192776434],[0.07068121405663313,0.06548053511866817]]","[[1.0,0.8958333333333334],[0.75,0.75]]","[[13.692040047822175,5.733829007325349],[2.9196711010403105,1.1515809014991478]]","[1.0,0.75]","[12.204107058489765,2.420153412995515]","[null,null]"
residual_simvq_k16-4_d2-2_rate094-20260726-215551,197,0.01171873,0.03757188,0.04929062,0.01200936,0.03741361,25.26410191,0.94594760,0.01194824,0,Phase3-微调,1.000000,1.00000000,7.60771568,9216,0.1406250000,0.0937500000,2.5e-05,"[0.11590858837244687,0.004321443901345548]","[0.11590858840004162,0.004321443903070219]","[[0.13519476274097408,0.09662241307949579],[0.00460075788691433,0.0040421298950807085]]","[[0.13519476274097408,0.09662241317607738],[0.00460075788691433,0.004042129895511877]]","[[0.36718063602844875,0.3102920232547654],[0.06773846920717645,0.06352698064098755]]","[[1.0,0.8925925925925926],[0.75,0.75]]","[[13.678448330914533,5.659675275837934],[2.927031122755121,1.1214918690699118]]","[1.0,0.75]","[12.11198722521464,2.3865792018395884]","[0.00011663491406781961,4.606790761061819e-05]","[0.11527628716495301,0.004447262385791098]","[0.11527628738571097,0.004447262396139127]","[[0.13445810852227388,0.09609446470384245],[0.00476019033058374,0.004134334453071157]]","[[0.13445810852227388,0.09609446486941091],[0.00476019033058374,0.004134334465143857]]","[[0.3662698522762016,0.309539783221704],[0.06891989194684559,0.06426095681058036]]","[[1.0,0.8870370370370371],[0.75,0.75]]","[[13.639251617149071,5.624892715171532],[2.9350845725448043,1.1273670708691632]]","[1.0,0.75]","[12.070165549384223,2.39198284678989]","[null,null]"
residual_simvq_k16-4_d2-2_rate094-20260726-215551,198,0.01177326,0.03764855,0.04942181,0.01232057,0.04083958,25.15655475,0.94570723,0.01194824,0,Phase3-微调,1.000000,1.00000000,7.51953120,9216,0.1406250000,0.0937500000,2.5e-05,"[0.11615708449648486,0.004318282593265866]","[0.11615708455167435,0.0043182825980087125]","[[0.13552643259366354,0.09678773555766654],[0.0045899881019808905,0.004046577069028798]]","[[0.13552643259366354,0.09678773550247705],[0.0045899881019808905,0.004046577076789819]]","[[0.367624044197577,0.3105559034479989],[0.06766879362640557,0.06356497478015997]]","[[1.0,0.8930555555555556],[0.75,0.75]]","[[13.668057054943509,5.663931587007311],[2.922982398227409,1.1188314956647378]]","[1.0,0.75]","[12.116636678907607,2.3969393818466753]","[0.0001190100332745782,4.5665109504019104e-05]","[0.126119468609492,0.00456719395911528]","[0.126119468499113,0.004567193945317909]","[[0.14676288824390482,0.10547604925102658],[0.004890239738893729,0.00424414819140953]]","[[0.14676288824390482,0.10547604930621607],[0.004890239738893729,0.004244148172438145]]","[[0.382666833753939,0.3243040376239353],[0.0698661474166093,0.06511297173522136]]","[[1.0,0.9060185185185186],[0.75,0.75]]","[[13.706286289073804,5.801863175851327],[2.922200503172698,1.1310634904437595]]","[1.0,0.75]","[12.292932037070946,2.440975487673724]","[null,null]"
residual_simvq_k16-4_d2-2_rate094-20260726-215551,199,0.01172836,0.03774323,0.04947159,0.01211260,0.03907502,25.23044100,0.94589987,0.01194824,0,Phase3-微调,1.000000,1.00000000,8.00323667,9216,0.1406250000,0.0937500000,2.5e-05,"[0.11648835659854942,0.004289988228723545]","[0.11648835654335993,0.004289988231310552]","[[0.1359100939085086,0.09706661899884542],[0.004549282316239206,0.004030694148968905]]","[[0.1359100939085086,0.0970666188608717],[0.004549282316239206,0.004030694151555912]]","[[0.3682148542669084,0.31106941871069094],[0.06736325027628078,0.06343670572947573]]","[[1.0,0.8938657407407408],[0.75,0.75]]","[[13.655840324472498,5.663765686529654],[2.929532569867593,1.1128518082477428]]","[1.0,0.75]","[12.114814159605238,2.38900145733798]","[0.00011802112274852806,4.597899532941315e-05]","[0.12045617898305257,0.004583870393603489]","[0.12045617920381052,0.004583870397052831]","[[0.14023421715807033,0.10067813998019254],[0.004888176559298127,0.004279564229633521]]","[[0.14023421715807033,0.10067814003538203],[0.004888176559298127,0.004279564238256878]]","[[0.3740505810137148,0.31683473653263516],[0.06985142799439253,0.065383080172318]]","[[1.0,0.8893518518518518],[0.75,0.75]]","[[13.699398662425853,5.714583047231039],[2.9361046455524584,1.1292660112734194]]","[1.0,0.75]","[12.18242635373716,2.404239922982675]","[null,null]"
residual_simvq_k16-4_d2-2_rate094-20260726-215551,200,0.01173111,0.03775467,0.04948578,0.01232385,0.03811587,25.16049955,0.94562700,0.01194824,0,Phase3-微调,1.000000,1.00000000,7.45273452,9216,0.1406250000,0.0937500000,1.25e-05,"[0.11654175510285077,0.0042731733453735985]","[0.1165417550890534,0.00427317334494243]","[[0.135877960851347,0.0972055481125911],[0.004523557268031355,0.004022789412367813]]","[[0.135877960851347,0.09720554820917271],[0.004523557268031355,0.0040227894102119735]]","[[0.3681277342416622,0.31124902925005665],[0.06716516836097947,0.06336917942734781]]","[[1.0,0.8875],[0.75,0.75]]","[[13.670203463236492,5.656009682902583],[2.9254631709169456,1.1083546528109798]]","[1.0,0.75]","[12.106618766431454,2.4079945895406936]","[0.00011859876396084911,4.722774523610564e-05]","[0.117586225160846,0.004384554620763218]","[0.11758622521603548,0.004384554622487889]","[[0.13698031554619472,0.09819213438917089],[0.004625639248708332,0.004143469944527304]]","[[0.13698031554619472,0.09819213460992884],[0.004625639248708332,0.004143469958324675]]","[[0.36971907328676296,0.31293771885059496],[0.06795602954096264,0.0643362653752168]]","[[1.0,0.8893518518518518],[0.75,0.75]]","[[13.672318260758011,5.6722757233513725],[2.9188278304206,1.105774175679242]]","[1.0,0.75]","[12.138382600854944,2.38413337248343]","[null,null]"
