run_id,epoch,train_recon,train_vq,train_total,val_recon,val_vq,val_psnr,val_ms_ssim,best_val_recon,is_best,phase,channel_prob,channel_usage_ratio,mean_channel_snr,source_bits_per_image,source_bpp,transmission_ratio,learning_rate,train_rq_codebook_loss_per_scale,train_rq_commitment_loss_per_scale,train_rq_codebook_per_depth,train_rq_commitment_per_depth,train_rq_residual_norm_per_depth,train_rq_usage_per_depth,train_rq_perplexity_per_depth,train_rq_aggregate_usage_per_scale,train_rq_aggregate_perplexity_per_scale,train_rq_projection_grad_norm_per_scale,val_rq_codebook_loss_per_scale,val_rq_commitment_loss_per_scale,val_rq_codebook_per_depth,val_rq_commitment_per_depth,val_rq_residual_norm_per_depth,val_rq_usage_per_depth,val_rq_perplexity_per_depth,val_rq_aggregate_usage_per_scale,val_rq_aggregate_perplexity_per_scale,val_rq_projection_grad_norm_per_scale
stagewise_residual_simvq_k64x4-4x4_rate094-20260730-182026,1,0.60934685,0.10077326,0.71012011,0.05001354,0.04179588,19.37368696,0.81103416,0.05001354,1,Phase1-拓荒,0.000000,0.00000000,,9216,0.1406250000,0.0937500000,5e-05,"[0.2623717713687155,0.03005133049769534]","[0.26237177139631024,0.030051330513217383]","[[0.29049778751752997,0.23424575491635888],[0.032035001747620605,0.028067659268466136]]","[[0.29049778751752997,0.2342457550543326],[0.032035001747620605,0.028067659353406202]]","[[0.517187521579089,0.4593059607126095],[0.1408595586264575,0.1283200727223798]]","[[0.8692708333333333,1.0],[0.9986111111111111,0.9990740740740741]]","[[7.476762515527231,3.284638265768687],[3.708737627002928,3.2409661617543963]]","[0.8769607843137257,0.9988425925925926]","[9.770443356478657,6.916525781154633]","[0.0027013671356986312,0.0010286280061269214]","[0.12492014070351919,0.004413331679447933]","[0.12492014108984559,0.004413331672549248]","[[0.1445077548424403,0.10533252684054552],[0.005283274342892347,0.0035433889452919916]]","[[0.1445077548424403,0.1053325272820614],[0.005283274342892347,0.003543388950466006]]","[[0.37976890956913983,0.32407035474424006],[0.07263975982312802,0.05948090909255876]]","[[0.8568287037037037,1.0],[1.0,1.0]]","[[10.437501554135922,3.117918245880692],[3.85338211412783,3.208847400877211]]","[0.8652505446623098,1.0]","[11.400118206165455,7.032304650765878]","[null,null]"
stagewise_residual_simvq_k64x4-4x4_rate094-20260730-182026,2,0.06025367,0.03369008,0.09394375,0.05715374,0.02294725,18.46582973,0.80478730,0.05001354,0,Phase1-拓荒,0.000000,0.00000000,,9216,0.1406250000,0.0937500000,5e-05,"[0.09917146415898094,0.0043183948215166175]","[0.0991714642279678,0.004318394827552968]","[[0.11407406760586633,0.08426886041545206],[0.005671014143930128,0.0029657754721551166]]","[[0.11407406760586633,0.08426886051893234],[0.005671014143930128,0.0029657754797005544]]","[[0.3360656780225259,0.2886985454294417],[0.0721257083048975,0.05146370206580118]]","[[0.8355034722222222,1.0],[0.9939814814814815,0.9967592592592592]]","[[14.17174959006133,2.9398356168358415],[3.631980839040544,3.1408172572100606]]","[0.8451797385620902,0.9953703703703703]","[12.86154435299061,6.746957471635606]","[0.0007149199298173361,0.00019045611485058475]","[0.06687224592875551,0.0032794801035413036]","[0.06687224584597129,0.0032794801035413036]","[[0.07908921346620278,0.05465527797738711],[0.004714856265733639,0.0018441039025438605]]","[[0.07908921346620278,0.05465527806017134],[0.004714856265733639,0.001844103898232182]]","[[0.28105079487518025,0.23359260548044133],[0.06855474983652433,0.042838103020632706]]","[[0.871875,1.0],[1.0,1.0]]","[[16.72485836876763,3.068098481496175],[3.7466878166905158,3.124592387234723]]","[0.8794117647058817,1.0]","[14.316078518055104,6.842744096120199]","[null,null]"
stagewise_residual_simvq_k64x4-4x4_rate094-20260730-182026,3,0.04366979,0.02518611,0.06885590,0.03121450,0.02404989,21.11023363,0.86416736,0.03121450,1,Phase1-拓荒,0.000000,0.00000000,,9216,0.1406250000,0.0937500000,5e-05,"[0.07479290568994151,0.0029013190151157752]","[0.07479290562095466,0.00290131901425344]","[[0.08642301525644681,0.06316279533698603],[0.004283946959077622,0.0015186910442059377]]","[[0.08642301525644681,0.06316279533698603],[0.004283946959077622,0.0015186910426968501]]","[[0.2932865204910437,0.2507062874182507],[0.0651480467852067,0.038482511357438784]]","[[0.9068287037037037,1.0],[1.0,1.0]]","[[21.01137668998153,3.3623630060089957],[3.6579458876892375,3.0878879608931364]]","[0.9123093681917227,1.0]","[16.779375019779913,6.721086600974754]","[0.0003979063864486913,0.00013335221339932305]","[0.07235323461117568,0.0023032046630288715]","[0.07235323455598619,0.0023032046613042003]","[[0.08285536076183672,0.06185110788102503],[0.0035327132825774175,0.0010736960227842685]]","[[0.08285536076183672,0.06185110785343029],[0.0035327132825774175,0.0010736960197660933]]","[[0.2875096129046546,0.24835327598783705],[0.05934323478076193,0.03262443857060538]]","[[0.9393518518518519,1.0],[1.0,1.0]]","[[25.603708874737777,3.474823104010688],[3.702666923734877,3.0911459392971463]]","[0.9429193899782116,1.0]","[18.850652525160047,6.765901735093858]","[null,null]"
stagewise_residual_simvq_k64x4-4x4_rate094-20260730-182026,4,0.03914826,0.02214373,0.06129199,0.03160766,0.02429566,21.20228738,0.87579244,0.03121450,0,Phase1-拓荒,0.000000,0.00000000,,9216,0.1406250000,0.0937500000,5e-05,"[0.06570939563076805,0.002575276712930106]","[0.065709395610072,0.0025752767148703613]","[[0.07584907878190279,0.055569712334760914],[0.003999267728067935,0.0011512857037208354]]","[[0.07584907878190279,0.055569712245078],[0.003999267728067935,0.0011512857052299228]]","[[0.27444694872807573,0.2347638334940981],[0.0629999214231416,0.033544104918837546]]","[[0.9381944444444444,1.0],[1.0,1.0]]","[[27.892338155817104,3.576719855820691],[3.757015966044532,3.1296796485229774]]","[0.9418300653594796,1.0]","[19.946356752183704,6.8573978379920675]","[0.00030583585528937097,0.00011881660437346135]","[0.07241360492728374,0.0026662534223524507]","[0.072413604899689,0.0026662534240771223]","[[0.08402347299787734,0.06080373624960581],[0.0042136106122699045,0.0011188962363155076]]","[[0.08402347299787734,0.06080373638757953],[0.0042136106122699045,0.0011188962371778432]]","[[0.28956974855175727,0.24624776398694073],[0.06483924540656584,0.033327936049964695]]","[[0.962037037037037,1.0],[1.0,1.0]]","[[30.66339294998734,3.7343371903454816],[3.797879284399527,3.106216637293498]]","[0.9642701525054452,1.0]","[21.389157825046116,6.869042852189806]","[null,null]"
stagewise_residual_simvq_k64x4-4x4_rate094-20260730-182026,5,0.03591389,0.01870336,0.05461725,0.02798914,0.01702021,21.60974564,0.88139248,0.02798914,1,Phase1-拓荒,0.000000,0.00000000,,9216,0.1406250000,0.0937500000,5e-05,"[0.05470438740319676,0.0025731832668599154]","[0.05470438740319676,0.00257318326599758]","[[0.06382732113340386,0.045581453365998136],[0.004090320654385896,0.001056045877824848]]","[[0.06382732113340386,0.045581453400491564],[0.004090320654385896,0.0010560458758845925]]","[[0.2518772955018061,0.21273525583523292],[0.06375554769679352,0.03224591927395926]]","[[0.9666956018518519,1.0],[1.0,1.0]]","[[33.69476708306207,3.6595845889162133],[3.7709060668945313,3.1443286198156852]]","[0.9686546840958672,1.0]","[22.187734522642913,6.885864772620025]","[0.00023797532097281267,0.00012000953671910489]","[0.04989194009039137,0.0022863654117962276]","[0.04989194011798612,0.002286365410933892]","[[0.05819628804370209,0.041587591999106936],[0.003697372569392125,0.0008753582576496733]]","[[0.05819628804370209,0.0415875919715122],[0.003697372569392125,0.0008753582598055126]]","[[0.2409724560048845,0.20364932903537045],[0.06076901720629798,0.029529911459044173]]","[[0.981712962962963,1.0],[1.0,1.0]]","[[36.900405403419775,3.6850044391773364],[3.779390146114208,3.1232320697219285]]","[0.9827886710239644,1.0]","[23.31221344559281,6.870900839346427]","[null,null]"
stagewise_residual_simvq_k64x4-4x4_rate094-20260730-182026,6,0.03298097,0.01613634,0.04911731,0.02488462,0.01633439,22.22077952,0.89533362,0.02488462,1,Phase1-拓荒,0.000000,0.00000000,,9216,0.1406250000,0.0937500000,5e-05,"[0.04670269886652629,0.0024667924852110447]","[0.046702698845830226,0.002466792483917541]","[[0.054716332174009744,0.038689065434866485],[0.003948580708216738,0.0009850042775118102]]","[[0.054716332174009744,0.03868906543141714],[0.003948580708216738,0.000985004278374146]]","[[0.2333356732847514,0.1961062471071879],[0.06258882313828777,0.030950482079276333]]","[[0.9825520833333333,1.0],[1.0,1.0]]","[[39.45072810914781,3.7309303570676735],[3.7748387729680095,3.150929487193072]]","[0.9835784313725587,1.0]","[24.249428060319687,6.896777842662953]","[0.0002019238162136861,0.00011925325492888482]","[0.04805049043562677,0.0021097822011344964]","[0.04805049046322152,0.0021097822011344964]","[[0.05607323503052747,0.04002774586832082],[0.003427619783690682,0.000791944619871814]]","[[0.05607323503052747,0.040027745840726076],[0.003427619783690682,0.0007919446215964854]]","[[0.23650351928340063,0.1997503415301994],[0.058522226606254224,0.02809865598877271]]","[[0.9824074074074074,1.0],[1.0,1.0]]","[[42.48869253087927,3.7945334558133728],[3.758079950897782,3.101882579591539]]","[0.9834422657952064,1.0]","[25.38620260733145,6.828101419519495]","[null,null]"
stagewise_residual_simvq_k64x4-4x4_rate094-20260730-182026,7,0.03106543,0.01462278,0.04568822,0.02325770,0.01377658,22.40411673,0.89817556,0.02325770,1,Phase1-拓荒,0.000000,0.00000000,,9216,0.1406250000,0.0937500000,5e-05,"[0.04196871297985867,0.002412098586016024]","[0.04196871292121984,0.002412098586016024]","[[0.04923546999968864,0.03470195584620039],[0.0038785450294165423,0.0009456521502687354]]","[[0.04923546999968864,0.03470195572892273],[0.0038785450294165423,0.0009456521501609434]]","[[0.22145027418931326,0.18583163784609902],[0.06212349930709159,0.030496810673287623]]","[[0.9814525462962963,1.0],[1.0,1.0]]","[[43.67529191617613,3.8169657256868152],[3.7838695689483925,3.1588753806220162]]","[0.9825435729847581,1.0]","[25.813709492153592,6.91382745107015]","[0.00017118206691251275,0.00011845717379199212]","[0.039545187105735145,0.0022699304131997954]","[0.0395451870781404,0.0022699304131997954]","[[0.04647289796008004,0.0326174761272139],[0.0037698544561862945,0.0007700063883223468]]","[[0.04647289796008004,0.032617476003037556],[0.0037698544561862945,0.0007700063922028575]]","[[0.21534757823855788,0.18037257448390678],[0.06137794076844498,0.02770996561480893]]","[[0.9850694444444444,1.0],[1.0,1.0]]","[[44.62081216882776,3.8113117588890923],[3.7248618514449507,3.098965236875746]]","[0.9859477124183004,1.0]","[26.075248831289787,6.794589335830123]","[null,null]"
stagewise_residual_simvq_k64x4-4x4_rate094-20260730-182026,8,0.03004596,0.01421013,0.04425609,0.02229498,0.01397850,22.61393750,0.90280510,0.02229498,1,Phase1-拓荒,0.000000,0.00000000,,9216,0.1406250000,0.0937500000,5e-05,"[0.04023519904456205,0.0026186114226692116]","[0.040235199003169936,0.002618611415770526]","[[0.04709570807301336,0.03337468992297848],[0.004081559773638017,0.001155663069328983]]","[[0.04709570807301336,0.03337468987468768],[0.004081559773638017,0.001155663063292633]]","[[0.2166209404391271,0.182276718787573],[0.063363198246117,0.032812169397732724]]","[[0.9877025462962963,1.0],[1.0,1.0]]","[[47.07544604407416,3.8833120438787674],[3.765263949058674,3.1557151193971986]]","[0.9884259259259333,1.0]","[27.03306049770779,6.893271410906756]","[0.00015868665096705728,0.000130633239058187]","[0.03930435313118829,0.0027134164546926817]","[0.03930435313118829,0.002713416456417353]","[[0.04618743202752537,0.03242127405548537],[0.00426080702562575,0.0011660258509908561]]","[[0.04618743202752537,0.032421274138269604],[0.00426080702562575,0.0011660258565960382]]","[[0.21469589427665428,0.17984097644134803],[0.0652375839650631,0.03406443816644174]]","[[0.9903935185185185,1.0],[1.0,1.0]]","[[48.01298890290437,3.904244272797196],[3.7928712120762578,3.1412060967198125]]","[0.990958605664488,1.0]","[27.37763129340278,6.90292466128314]","[null,null]"
stagewise_residual_simvq_k64x4-4x4_rate094-20260730-182026,9,0.02797471,0.01439239,0.04236710,0.02318500,0.01279765,22.48319055,0.90884700,0.02229498,0,Phase1-拓荒,0.000000,0.00000000,,9216,0.1406250000,0.0937500000,5e-05,"[0.03916773433555607,0.0034439619837535753]","[0.039167734325208044,0.0034439619794418967]","[[0.04608433602584733,0.03225113247279768],[0.005102862022748148,0.0017850619178110113]]","[[0.04608433602584733,0.03225113247969636],[0.005102862022748148,0.0017850619119902452]]","[[0.21429488040782788,0.1792056685520543],[0.0700892143710344,0.03953567406645528]]","[[0.9993344907407408,1.0],[1.0,1.0]]","[[49.55749951821787,3.9263636792147603],[3.7646840497299476,3.048817634141004]]","[0.9993736383442265,1.0]","[27.89176621613679,6.771146047556842]","[0.0001354084759239211,0.00016322651936880665]","[0.03679138078457779,0.002080548834917998]","[0.03679138079837516,0.002080548831468655]","[[0.04355779993865225,0.030024961409745393],[0.0034704387515645334,0.0006906589243078122]]","[[0.04355779993865225,0.030024961506326994],[0.0034704387515645334,0.0006906589208584693]]","[[0.20853672104853171,0.17311894706001987],[0.058889608250723945,0.026240489093793763]]","[[1.0,1.0],[1.0,1.0]]","[[49.686881453902636,3.9496513719911928],[3.745983858461733,3.082491546207004]]","[1.0,1.0]","[28.01321723372848,6.795719051361084]","[null,null]"
stagewise_residual_simvq_k64x4-4x4_rate094-20260730-182026,10,0.02701274,0.01358565,0.04059839,0.02138153,0.01401858,22.82900075,0.91140507,0.02138153,1,Phase1-拓荒,0.000000,0.00000000,,9216,0.1406250000,0.0937500000,5e-05,"[0.03853434883058071,0.0024698610594323664]","[0.038534348837479394,0.002469861057060943]","[[0.04556595592725056,0.0315027415924878],[0.004012829308070381,0.0009268928021709952]]","[[0.04556595592725056,0.03150274160973452],[0.004012829308070381,0.0009268928006619077]]","[[0.2131629217002127,0.17718700093251688],[0.06320641978333394,0.030107822893532338]]","[[1.0,1.0],[1.0,1.0]]","[[51.2555534362793,3.9400042591271576],[3.781080495428156,3.1499886420038012]]","[1.0,1.0]","[28.41626880787037,6.901651521082278]","[0.00012469956348434572,8.618918923443912e-05]","[0.04006464942185967,0.0023973962688749587]","[0.04006464942185967,0.0023973962757736444]","[[0.047354437990321054,0.032774860660235085],[0.003758926806902444,0.0010358657610292235]]","[[0.047354437990321054,0.032774860660235085],[0.003758926806902444,0.00103586576577207]]","[[0.21743156402199357,0.18086294675314868],[0.06128828580732699,0.0321065804472676]]","[[1.0,1.0],[1.0,1.0]]","[[52.026806103741684,3.962958425945706],[3.7862380186716718,3.1239678647783067]]","[1.0,1.0]","[28.713708439579715,6.877948185249611]","[null,null]"
stagewise_residual_simvq_k64x4-4x4_rate094-20260730-182026,11,0.02715089,0.01503195,0.04218284,0.02028119,0.01675370,23.02057347,0.91545024,0.02028119,1,Phase1-拓荒,0.000000,0.00000000,,9216,0.1406250000,0.0937500000,5e-05,"[0.040085452674301685,0.004008393830628376]","[0.04008545267775103,0.004008393834077718]","[[0.047291787479210784,0.03287911769002676],[0.005746988395091008,0.0022697992312411468]]","[[0.047291787479210784,0.032879117759013615],[0.005746988395091008,0.002269799230917771]]","[[0.21715096864435407,0.1810018968802911],[0.07427632918374406,0.045069537987863575]]","[[1.0,1.0],[1.0,1.0]]","[[51.51894838545058,3.9472461453190557],[3.7600934584935506,3.0960201899210613]]","[1.0,1.0]","[28.514757304721407,6.821253007429617]","[0.0001420073579302644,0.0001798392912287791]","[0.0401055389256389,0.0067531564928315305]","[0.04010553895323365,0.006753156479034159]","[[0.047419606231980854,0.032791471688283814],[0.009383731452679192,0.004122581519186497]]","[[0.047419606231980854,0.03279147166068907],[0.009383731452679192,0.0041225815019397824]]","[[0.21758500668737624,0.18091219509089435],[0.09675172280382227,0.0640092539842482]]","[[1.0,1.0],[1.0,1.0]]","[[51.61759140579789,3.964302331429941],[3.885185455392908,2.5879431618584525]]","[1.0,1.0]","[28.606416377314815,6.340447503549082]","[null,null]"
stagewise_residual_simvq_k64x4-4x4_rate094-20260730-182026,12,0.02535382,0.01616727,0.04152109,0.01941541,0.01616942,23.23611864,0.91821369,0.01941541,1,Phase1-拓荒,0.000000,0.00000000,,9216,0.1406250000,0.0937500000,5e-05,"[0.04143656666080157,0.005149355634650284]","[0.041436566619409455,0.005149355632494445]","[[0.04881253083133035,0.034060602335052356],[0.007327508386569442,0.0029712028245234656]]","[[0.04881253083133035,0.034060602310906955],[0.007327508386569442,0.0029712028281883925]]","[[0.22065949550381414,0.18427313116413577],[0.08520805485270641,0.05408489354368713]]","[[1.0,1.0],[1.0,1.0]]","[[51.86714457759151,3.9473402835704663],[3.805587453312344,2.6326425976223415]]","[1.0,1.0]","[28.61329125298394,6.326149986408375]","[0.0001158553209986874,0.00019991926061198616]","[0.04183147637932389,0.0049553353408420524]","[0.041831476434513376,0.00495533533739271]","[[0.049210032241211996,0.03445292032427258],[0.006986124885992872,0.0029245457094576625]]","[[0.049210032241211996,0.03445292036566469],[0.006986124885992872,0.0029245457060083197]]","[[0.22166323750107378,0.18544266400513826],[0.08351320331847226,0.05399606222355807]]","[[1.0,1.0],[1.0,1.0]]","[[51.150061261212386,3.9277787703054923],[3.8054131967050058,2.713919077979194]]","[1.0,1.0]","[28.34479278281883,6.425720719937925]","[null,null]"
stagewise_residual_simvq_k64x4-4x4_rate094-20260730-182026,13,0.02431553,0.01707744,0.04139297,0.02253965,0.01988311,22.73125230,0.91655652,0.01941541,0,Phase1-拓荒,0.000000,0.00000000,,9216,0.1406250000,0.0937500000,5e-05,"[0.04386357199400663,0.0053921129386354655]","[0.04386357202850006,0.005392112937341962]","[[0.051407092278478325,0.036320051640548086],[0.0076104833166701375,0.003173742505626891]]","[[0.051407092278478325,0.036320051709534944],[0.0076104833166701375,0.003173742502177548]]","[[0.2264659855928686,0.19030640277045743],[0.08684567396563513,0.055848328569145116]]","[[1.0,1.0],[1.0,1.0]]","[[51.01183595304136,3.948145334367399],[3.811334381280122,3.4203714547333894]]","[1.0,1.0]","[28.378598940813983,7.208678614651715]","[0.00011689335371085219,0.00019458625017621133]","[0.05220353203239264,0.005711216669253729]","[0.052203531977203156,0.005711216669253729]","[[0.060804240626317486,0.043602823217709856],[0.008032852918323544,0.0033895804219085863]]","[[0.060804240626317486,0.04360282316252037],[0.008032852918323544,0.0033895804219085863]]","[[0.24639894101354812,0.20861721789395368],[0.08947757984753009,0.05801065406865544]]","[[1.0,1.0],[1.0,1.0]]","[[52.434407269513166,3.9335049434944436],[3.822488288526182,3.6561709615919327]]","[1.0,1.0]","[28.71948277508771,7.475800560138843]","[null,null]"
stagewise_residual_simvq_k64x4-4x4_rate094-20260730-182026,14,0.02416556,0.01824682,0.04241238,0.01839668,0.01792770,23.46146326,0.92100454,0.01839668,1,Phase1-拓荒,0.000000,0.00000000,,9216,0.1406250000,0.0937500000,5e-05,"[0.046796974594946264,0.005796421079516963]","[0.04679697460184495,0.005796421073911781]","[[0.05457202536916291,0.03902192366895852],[0.00813162540672002,0.0034612167109217907]]","[[0.05457202536916291,0.03902192364481312],[0.00813162540672002,0.0034612167035919373]]","[[0.2332781391011344,0.19720215968511723],[0.08961630169716146,0.05815532134362945]]","[[1.0,1.0],[1.0,1.0]]","[[50.64113454465513,3.952230081293318],[3.8060101844646312,3.4531918340259127]]","[1.0,1.0]","[28.289492066701253,7.246383843598543]","[0.0001270550975109304,0.00018648410727177246]","[0.04733036105279569,0.005019132758456247]","[0.04733036085963249,0.005019132758456247]","[[0.05516326485408677,0.0394974569203677],[0.007201983396791749,0.0028362820770039604]]","[[0.05516326485408677,0.039497456754799244],[0.007201983396791749,0.0028362820752792887]]","[[0.2346917716441331,0.19855684207545388],[0.0847225938682203,0.05310379023905153]]","[[1.0,1.0],[1.0,1.0]]","[[50.72652350531684,3.957306300269233],[3.7979991930502432,3.4004438100037753]]","[1.0,1.0]","[28.332761806911893,7.18601847048159]","[null,null]"
stagewise_residual_simvq_k64x4-4x4_rate094-20260730-182026,15,0.02297737,0.01872310,0.04170047,0.01799182,0.01944829,23.54315318,0.92516181,0.01799182,1,Phase1-拓荒,0.000000,0.00000000,,9216,0.1406250000,0.0937500000,5e-05,"[0.047473300703697735,0.00622030714078358]","[0.04747330068990036,0.0062203071399212434]","[[0.055259549045176416,0.039687052234593366],[0.008710317492174605,0.0037302967247173744]]","[[0.055259549045176416,0.03968705220009994],[0.008710317492174605,0.0037302967204056957]]","[[0.23481407160008394,0.19893997822094847],[0.09257381654999874,0.060130474606045974]]","[[1.0,1.0],[1.0,1.0]]","[[50.04961078785084,3.9555918486030013],[3.809631492031945,3.3747371192331665]]","[1.0,1.0]","[28.13587472703722,7.167598749090124]","[0.00011346162643382775,0.00017935638313280866]","[0.050384377163869364,0.005925083081065504]","[0.05038437721905885,0.005925083074166819]","[[0.05842898460449996,0.04233976972323877],[0.00831739381990499,0.0035327722628911338]]","[[0.05842898460449996,0.04233976975083351],[0.00831739381990499,0.0035327722542677765]]","[[0.24157001011901433,0.2056106729639901],[0.09111036371301721,0.059343367373501814]]","[[1.0,1.0],[1.0,1.0]]","[[50.48707591869213,3.9649605962965224],[3.8132224418498852,3.2282120563365795]]","[1.0,1.0]","[28.293409587718823,7.015825317524097]","[null,null]"
stagewise_residual_simvq_k64x4-4x4_rate094-20260730-182026,16,0.02254245,0.01956227,0.04210472,0.01808453,0.01964406,23.47405290,0.92321481,0.01799182,0,Phase1-拓荒,0.000000,0.00000000,,9216,0.1406250000,0.0937500000,5e-05,"[0.04932804657491269,0.006635606492421142]","[0.049328046616304806,0.006635606482935448]","[[0.057158315430084865,0.04149777766800037],[0.00936200744472444,0.003909205471562153]]","[[0.057158315430084865,0.0414977777990754],[0.00936200744472444,0.003909205460782956]]","[[0.23883027290856396,0.20344851190845173],[0.09639193273528858,0.062153705292277865]]","[[1.0,1.0],[1.0,1.0]]","[[49.794548437330455,3.954624761916973],[3.8142073388452884,3.3669741087489657]]","[1.0,1.0]","[28.06066053885001,7.165164480385957]","[0.00011277563652482867,0.0001559698538012863]","[0.05002637232343356,0.006417302728665096]","[0.05002637226824407,0.0064173027355637815]","[[0.05775555786159303,0.042297186564516136],[0.009050721951104977,0.003783883406194272]]","[[0.05775555786159303,0.0422971865369214],[0.009050721951104977,0.0037838834096436146]]","[[0.24017027307439734,0.20550475639325602],[0.09504645571664527,0.06144935364524524]]","[[1.0,1.0],[1.0,1.0]]","[[49.4620445534035,3.954166629579332],[3.8312685931170427,3.348254191433942]]","[1.0,1.0]","[27.96645646271882,7.162213756419995]","[null,null]"
stagewise_residual_simvq_k64x4-4x4_rate094-20260730-182026,17,0.02181701,0.02030159,0.04211860,0.01712982,0.02114410,23.75987242,0.92873193,0.01712982,1,Phase1-拓荒,0.000000,0.00000000,,9216,0.1406250000,0.0937500000,5e-05,"[0.05128484459386932,0.006840116719508337]","[0.05128484462836275,0.006840116718646001]","[[0.059165000315341686,0.043404688886194316],[0.009692945794409349,0.003987287572602293]]","[[0.059165000315341686,0.043404688962079864],[0.009692945794409349,0.003987287571739957]]","[[0.24297531730046978,0.208058432765581],[0.09815314327953038,0.06285927560594347]]","[[1.0,1.0],[1.0,1.0]]","[[49.741633584764266,3.956583344053339],[3.8172419053536872,3.4029778087580644]]","[1.0,1.0]","[28.05279003072668,7.20651454395718]","[0.00010834031822418588,0.00014115855352024988]","[0.05599096649222904,0.005835069819457001]","[0.05599096629906584,0.005835069816007658]","[[0.06418566022206236,0.04779627232087983],[0.00834739375859499,0.003322745819955512]]","[[0.06418566022206236,0.0477962720449324],[0.00834739375859499,0.0033227457923607692]]","[[0.25318048772988494,0.21844791792057178],[0.09128745866042597,0.05758450930869138]]","[[1.0,1.0],[1.0,1.0]]","[[50.567591603597,3.9666941024638986],[3.8173249262350577,3.3608332104153105]]","[1.0,1.0]","[28.322334713406033,7.162660312652588]","[null,null]"
stagewise_residual_simvq_k64x4-4x4_rate094-20260730-182026,18,0.02194413,0.02095914,0.04290326,0.01739930,0.02102291,23.66247497,0.92505322,0.01712982,0,Phase1-拓荒,0.000000,0.00000000,,9216,0.1406250000,0.0937500000,5e-05,"[0.05285047890825404,0.007109376773479636]","[0.052850478887557985,0.007109376768305622]","[[0.060763496457150686,0.04493746109030865],[0.01007365314807329,0.004145100340678322]]","[[0.060763496457150686,0.04493746106271391],[0.01007365314807329,0.004145100328605622]]","[[0.24624420393396307,0.2117076419017933],[0.10002127689895807,0.06407559535431641]]","[[1.0,1.0],[1.0,1.0]]","[[49.65914770762126,3.957944697803921],[3.812486082536203,3.440834355795825]]","[1.0,1.0]","[28.034738017894604,7.2420382782265]","[0.00011583483564781663,0.00014084339169736875]","[0.05537872849791138,0.005947286245861539]","[0.05537872838753241,0.005947286242412197]","[[0.06356830928060743,0.04718914735648367],[0.008552208180642791,0.0033423642334700736]]","[[0.06356830928060743,0.0471891472461047],[0.008552208180642791,0.0033423642265713875]]","[[0.2519609127883558,0.2170555024235337],[0.09242564158307182,0.057774872995085186]]","[[1.0,1.0],[1.0,1.0]]","[[50.21854281955295,3.9778821803905346],[3.772729562830042,3.4161685325481272]]","[1.0,1.0]","[28.26393726490162,7.179081987451624]","[null,null]"
stagewise_residual_simvq_k64x4-4x4_rate094-20260730-182026,19,0.02106833,0.02133400,0.04240234,0.01660541,0.02258450,23.86875856,0.92970737,0.01660541,1,Phase1-拓荒,0.000000,0.00000000,,9216,0.1406250000,0.0937500000,5e-05,"[0.05373116290817658,0.007268824633555832]","[0.053731162915075265,0.007268824637867511]","[[0.0616797155942078,0.04578260995999531],[0.010313346152435298,0.004224303083201111]]","[[0.0616797155942078,0.045782609987590046],[0.010313346152435298,0.004224303087943958]]","[[0.24809639302116854,0.21368541356038165],[0.10117264667318927,0.06455868018308171]]","[[1.0,1.0],[1.0,1.0]]","[[49.650734498765736,3.9560416958950184],[3.8050789029509935,3.5190725013061805]]","[1.0,1.0]","[28.025689178042942,7.317009498454906]","[0.00011040524228452274,0.00014497545569072288]","[0.05945100036484224,0.006409701284159113]","[0.05945100025446327,0.006409701284159113]","[[0.06779702358223774,0.051104976678336106],[0.009168935056637835,0.0036504674099247765]]","[[0.06779702358223774,0.051104976485172905],[0.009168935056637835,0.0036504674133741193]]","[[0.26021298159051826,0.2258869081735611],[0.09569944237117414,0.060369084140768754]]","[[1.0,1.0],[1.0,1.0]]","[[50.830799187554256,3.960670061464663],[3.705400468685009,3.597654132489805]]","[1.0,1.0]","[28.37446615431044,7.301504756786205]","[null,null]"
stagewise_residual_simvq_k64x4-4x4_rate094-20260730-182026,20,0.02074484,0.02208072,0.04282556,0.01918128,0.02290748,23.35525299,0.92756425,0.01660541,0,Phase1-拓荒,0.000000,0.00000000,,9216,0.1406250000,0.0937500000,5e-05,"[0.055790306965786,0.007433991282488461]","[0.05579030693819125,0.00743399128076379]","[[0.06378431912097667,0.04779629440357288],[0.010599907447101065,0.004268075092868121]]","[[0.06378431912097667,0.047796294348383395],[0.010599907447101065,0.004268075089418778]]","[[0.25224932498402064,0.21828870712606996],[0.10267302665721487,0.06509841768140043]]","[[1.0,1.0],[1.0,1.0]]","[[49.59857805040148,3.9518450021743776],[3.8144818782806396,3.5551834499394452]]","[1.0,1.0]","[27.99552279578315,7.36389655801985]","[0.00011004899516356764,0.0001358614708199942]","[0.05627068250819489,0.008516632675848625]","[0.056270682397815915,0.008516632689645996]","[[0.06482558730575773,0.04771577732430564],[0.012000237743335742,0.005033027546273337]]","[[0.06482558730575773,0.047715777351900385],[0.012000237743335742,0.0050330275393746515]]","[[0.2544558427951954,0.21826891082304495],[0.10948679518920404,0.07088910942828214]]","[[1.0,1.0],[1.0,1.0]]","[[50.33194851345486,3.9499175036395036],[3.9081856409708657,3.5884810129801434]]","[1.0,1.0]","[28.1961585715965,7.489312680562337]","[null,null]"
stagewise_residual_simvq_k64x4-4x4_rate094-20260730-182026,21,0.02051802,0.02236256,0.04288058,0.01818266,0.02549386,23.49927335,0.92488714,0.01660541,0,Phase2-退火(0%),0.000000,0.00000000,,9216,0.1406250000,0.0937500000,5e-05,"[0.05675485746038181,0.007402665610425174]","[0.056754857487976554,0.007402665609562839]","[[0.06478792890492413,0.048721785912359206],[0.010584728649162031,0.00422060248847292]]","[[0.06478792890492413,0.04872178600204212],[0.010584728649162031,0.004220602488904088]]","[[0.2542512326328843,0.2204200358302505],[0.10261707383173484,0.06474839064672037]]","[[1.0,1.0],[1.0,1.0]]","[[49.59491579974139,3.952453929406625],[3.8229395910545634,3.5648574829101562]]","[1.0,1.0]","[27.99705459100229,7.382145124011569]","[0.00011038752749704549,0.00012918716196576565]","[0.06287040718727642,0.009354980352024237]","[0.0628704068561395,0.009354980345125552]","[[0.07153229114634019,0.05420852256593881],[0.01335615263906894,0.005353807975296621]]","[[0.07153229114634019,0.05420852228999138],[0.01335615263906894,0.005353807978745964]]","[[0.2672504463681468,0.23260233302911124],[0.11542115763381676,0.0730198139393771]]","[[1.0,1.0],[1.0,1.0]]","[[50.67007740162037,3.966083436542087],[3.7676586027498598,3.705062744352553]]","[1.0,1.0]","[28.348759036593968,7.471884851102476]","[null,null]"
stagewise_residual_simvq_k64x4-4x4_rate094-20260730-182026,22,0.02020348,0.02290523,0.04310871,0.01671331,0.02494820,23.90465908,0.93198574,0.01660541,0,Phase2-退火(2%),0.000000,0.00000000,,9216,0.1406250000,0.0937500000,5e-05,"[0.057988382165354714,0.007718497715648954]","[0.05798838218605077,0.007718497713924282]","[[0.06602989380006437,0.04994687044096214],[0.011049567868381186,0.004387427496085702]]","[[0.06602989380006437,0.04994687041336739],[0.011049567868381186,0.004387427500397381]]","[[0.2566982869196821,0.22319816127419473],[0.10489644715907397,0.0660666295154779]]","[[1.0,1.0],[1.0,1.0]]","[[49.5982777984054,3.953193580221247],[3.820273760513023,3.572156482272678]]","[1.0,1.0]","[28.000919769428396,7.3872293569423535]","[0.00010887517482505817,0.0001277295799809508]","[0.06499172137291342,0.0074836228146321244]","[0.06499172148329241,0.00748362282153081]","[[0.07357313431523464,0.05641030826502376],[0.010802918817434046,0.004164326739394002]]","[[0.07357313431523464,0.05641030834780799],[0.010802918817434046,0.004164326763539402]]","[[0.2710453070976116,0.23729196831032082],[0.10388766405759034,0.06449745054598208]]","[[1.0,1.0],[1.0,1.0]]","[[51.04691741378219,3.962164299576371],[3.788477224773831,3.558658645771168]]","[1.0,1.0]","[28.440133582221137,7.342841476864285]","[null,null]"
stagewise_residual_simvq_k64x4-4x4_rate094-20260730-182026,23,0.02002453,0.02340214,0.04342667,0.01599146,0.02411571,24.03556860,0.93403082,0.01599146,1,Phase2-退火(3%),0.000000,0.00000000,,9216,0.1406250000,0.0937500000,5e-05,"[0.05945633966475725,0.007846013485040102]","[0.05945633969925068,0.007846013485040102]","[[0.06754876813264908,0.0513639108657285],[0.011199244167828174,0.004492782756979404]]","[[0.06754876813264908,0.05136391090712061],[0.011199244167828174,0.004492782752667727]]","[[0.25959336122980825,0.2262932854394118],[0.10541370006071196,0.06656974445062655]]","[[1.0,1.0],[1.0,1.0]]","[[49.659187966805916,3.9551087803310816],[3.81566483842002,3.580483431727798]]","[1.0,1.0]","[28.024640295240616,7.391239835597851]","[0.00011375637877790723,0.0001357862991224263]","[0.060271322975556055,0.008592689095961828]","[0.06027132283758234,0.008592689089063141]","[[0.06846440566910637,0.05207824006124779],[0.012324149920432657,0.004861228243896255]]","[[0.06846440566910637,0.05207823984048985],[0.012324149920432657,0.004861228243896255]]","[[0.2614763193660312,0.22800921897093454],[0.11092474317109144,0.0696504016717275]]","[[1.0,1.0],[1.0,1.0]]","[[50.04420117978697,3.9731065026036014],[3.8161581145392525,3.633737011309023]]","[1.0,1.0]","[28.19818368134675,7.447087955474854]","[null,null]"
stagewise_residual_simvq_k64x4-4x4_rate094-20260730-182026,24,0.02214616,0.02334595,0.04549211,0.01893074,0.02407817,23.33004836,0.91936809,0.01599146,0,Phase2-退火(5%),0.000000,0.00000000,,9216,0.1406250000,0.0937500000,5e-05,"[0.059864916811110794,0.007611352839093241]","[0.059864916776617365,0.00761135284944127]","[[0.06806161718236076,0.051668216157014724],[0.010866328001160313,0.004356377601571795]]","[[0.06806161718236076,0.05166821609492655],[0.010866328001160313,0.00435637760847048]]","[[0.2605067495946531,0.22685139802870927],[0.10387484235344109,0.06564748700432203]]","[[0.9993344907407408,1.0],[1.0,1.0]]","[[49.35731561095626,3.943531224462721],[3.8062391214900546,3.58034624920951]]","[0.9993736383442268,1.0]","[27.897748046451145,7.381776473257276]","[0.00014397446985067627,0.00013289805725367774]","[0.056890050045869965,0.010338507875524185]","[0.056890050128654196,0.0103385078686255]","[[0.06564788271983464,0.048132217013173634],[0.01459370774941312,0.006083307860212194]]","[[0.06564788271983464,0.048132217233931573],[0.01459370774941312,0.0060833078705602225]]","[[0.25602226654688515,0.21918541844244357],[0.12048058112462362,0.07757326949525763]]","[[1.0,1.0],[1.0,1.0]]","[[50.93194851345486,3.9309407110567447],[3.808803168049565,3.673228519934195]]","[1.0,1.0]","[28.29580815633138,7.480171464990686]","[null,null]"
stagewise_residual_simvq_k64x4-4x4_rate094-20260730-182026,25,0.02004821,0.02253921,0.04258742,0.01691935,0.02170674,23.76355989,0.92997182,0.01599146,0,Phase2-退火(7%),0.000000,0.00000000,,9216,0.1406250000,0.0937500000,5e-05,"[0.057295334166674705,0.007670760340988636]","[0.057295334076991784,0.007670760337539293]","[[0.06561794597655535,0.048972722053251885],[0.010979143818150516,0.004362376816398291]]","[[0.06561794597655535,0.0489727219497716],[0.010979143818150516,0.0043623768172606275]]","[[0.2558613459821101,0.22096525720424123],[0.10444838648868932,0.06572624781617412]]","[[1.0,1.0],[1.0,1.0]]","[[49.59974945209645,3.948855286615866],[3.8198373560552246,3.557748721264027]]","[1.0,1.0]","[27.98577491265756,7.371792497458281]","[0.0001219068119502885,0.0001214367105367947]","[0.056906503687302275,0.006494002689228014]","[0.05690650354932856,0.006494002689228014]","[[0.06497912644236176,0.04883388035275318],[0.009282053475854573,0.0037059518318899253]]","[[0.06497912644236176,0.04883388010440049],[0.009282053475854573,0.003705951823266568]]","[[0.2547241432799233,0.2207767089207967],[0.09628784341944588,0.06083338299283275]]","[[1.0,1.0],[1.0,1.0]]","[[49.28336950231481,3.948741356531779],[3.89476050624141,3.510859994535093]]","[1.0,1.0]","[27.89704468338578,7.395058582447193]","[null,null]"
stagewise_residual_simvq_k64x4-4x4_rate094-20260730-182026,26,0.01882145,0.02323652,0.04205797,0.02248596,0.02381036,22.53243864,0.92650292,0.01599146,0,Phase2-退火(8%),0.000000,0.00000000,,9216,0.1406250000,0.0937500000,5e-05,"[0.06062449178210011,0.00716471377570458]","[0.060624491726910625,0.007164713772255238]","[[0.06886074511955181,0.0523882378651588],[0.010265286692797585,0.004064140806440264]]","[[0.06886074511955181,0.05238823780996932],[0.010265286692797585,0.004064140805577928]]","[[0.26208217626920455,0.22851120567432157],[0.10106929721379722,0.06356294647687011]]","[[1.0,1.0],[1.0,1.0]]","[[49.67484440273709,3.9566600424272043],[3.8363614135318334,3.565633108880785]]","[1.0,1.0]","[28.034985150231254,7.395999423662821]","[0.00010675376099782254,0.00011501438990240719]","[0.06137205301611512,0.007732741983124503]","[0.06137205298852037,0.007732741993472532]","[[0.06963444341112066,0.05310966190364626],[0.011134629703506276,0.004330854174784488]]","[[0.06963444341112066,0.05310966201402523],[0.011134629703506276,0.004330854190306531]]","[[0.26368483934137554,0.23023403651184507],[0.10546867781215244,0.06576679150263469]]","[[1.0,1.0],[1.0,1.0]]","[[49.892225166603374,3.953670107876813],[3.6446026183940745,3.721254239258943]]","[1.0,1.0]","[28.08632152698658,7.364945680123788]","[null,null]"
stagewise_residual_simvq_k64x4-4x4_rate094-20260730-182026,27,0.01957674,0.02342498,0.04300171,0.01648016,0.02321737,23.93354909,0.93490615,0.01599146,0,Phase2-退火(10%),0.000000,0.00000000,,9216,0.1406250000,0.0937500000,5e-05,"[0.0604260071353228,0.007649428001604975]","[0.060426007121525425,0.007649428003329645]","[[0.06872715994853665,0.052124853859897013],[0.01095617012017303,0.00434268583043444]]","[[0.06872715994853665,0.05212485383920096],[0.01095617012017303,0.004342685830865607]]","[[0.2618310830383389,0.22792836921634496],[0.10431288153760963,0.06562368788377003]]","[[1.0,1.0],[1.0,1.0]]","[[49.5794270268193,3.9581932610935633],[3.8271489280241506,3.581036008728875]]","[1.0,1.0]","[28.012947690045394,7.402971748069481]","[0.00011878919494510801,0.00012826706338442078]","[0.059874926259120304,0.007589827971188006]","[0.05987492631430979,0.007589827984985378]","[[0.06804283934610861,0.05170701275821085],[0.010883032323585616,0.00429662361016704]]","[[0.06804283934610861,0.05170701286858982],[0.010883032323585616,0.0042966236153410544]]","[[0.26065876373538266,0.22717985378371344],[0.10427231672737333,0.06551741259517493]]","[[1.0,1.0],[1.0,1.0]]","[[49.549894120958115,3.9603889836205375],[3.8457173294491236,3.570924508130109]]","[1.0,1.0]","[28.013627228913485,7.410924823195846]","[null,null]"
stagewise_residual_simvq_k64x4-4x4_rate094-20260730-182026,28,0.01883025,0.02418680,0.04301705,0.01519380,0.02585154,24.25134215,0.93620697,0.01519380,1,Phase2-退火(12%),0.000000,0.00000000,,9216,0.1406250000,0.0937500000,5e-05,"[0.06263024982202936,0.007841149475253014]","[0.06263024982202936,0.007841149477840021]","[[0.0708904112930651,0.054370087868085615],[0.011232601278633982,0.004449697606334532]]","[[0.0708904112930651,0.05437008784738956],[0.011232601278633982,0.004449697614526721]]","[[0.2659392110451504,0.2328188874931247],[0.10550135187804699,0.06632497491383994]]","[[1.0,1.0],[1.0,1.0]]","[[49.649343773170756,3.958072099420759],[3.832573265499539,3.571554578675164]]","[1.0,1.0]","[28.03275776969062,7.398432955035457]","[0.00010872135839976922,0.00012871747715474124]","[0.06715857988154447,0.008265317279707503]","[0.06715857974357076,0.00826531727625816]","[[0.07576477480707346,0.058552384597283826],[0.011843595805543441,0.004687038738349521]]","[[0.07576477480707346,0.05855238456968908],[0.011843595805543441,0.004687038746972879]]","[[0.27504335697050447,0.2417404536847715],[0.10871872007846832,0.06836204098330603]]","[[1.0,1.0],[1.0,1.0]]","[[50.84384305035626,3.9515834154906098],[3.842610862520006,3.6503358116856326]]","[1.0,1.0]","[28.345760091145834,7.489929460596155]","[null,null]"
stagewise_residual_simvq_k64x4-4x4_rate094-20260730-182026,29,0.04437255,0.02456295,0.06893551,0.05383136,0.02757595,19.82128664,0.85909938,0.01519380,0,Phase2-退火(13%),0.000000,0.00000000,,9216,0.1406250000,0.0937500000,5e-05,"[0.064306622053738,0.007657944085076451]","[0.06430662203994063,0.007657944084214116]","[[0.07261148140662246,0.056001762169654724],[0.01094574716149105,0.004370140940537331]]","[[0.07261148140662246,0.056001762100667866],[0.01094574716149105,0.004370140940106164]]","[[0.2690732277377888,0.236206993267492],[0.10428723952284566,0.06579652379646346]]","[[1.0,1.0],[1.0,1.0]]","[[49.62473695543077,3.9587829461804143],[3.8274613089031644,3.5806205811323943]]","[1.0,1.0]","[28.02855425587407,7.402912900182936]","[0.0001249993183187649,0.00011831188026176447]","[0.06863714440001381,0.010503156214124627]","[0.06863714428963484,0.010503156221023312]","[[0.07869761050851257,0.058576678457083524],[0.014744552528416669,0.006261759758409527]]","[[0.07869761050851257,0.05857667840189404],[0.014744552528416669,0.00626175976185887]]","[[0.2804332360073372,0.24192522587599577],[0.12136842812652941,0.07908515212712465]]","[[1.0,1.0],[1.0,1.0]]","[[51.000273612693505,3.965197367138333],[3.7304456498887806,3.849446415018152]]","[1.0,1.0]","[28.43713808412905,7.578536835423222]","[null,null]"
stagewise_residual_simvq_k64x4-4x4_rate094-20260730-182026,30,0.01964103,0.02365588,0.04329692,0.01586870,0.02350159,24.04809398,0.93257663,0.01519380,0,Phase2-退火(15%),0.000000,0.00000000,,9216,0.1406250000,0.0937500000,5e-05,"[0.06100049388629419,0.007945044011877919]","[0.061000493872496814,0.007945044008428576]","[[0.06940319541565798,0.05259779186022502],[0.011371993616706244,0.004518094354447115]]","[[0.06940319541565798,0.05259779186022502],[0.011371993616706244,0.00451809435962113]]","[[0.2631256478252234,0.2289652154125549],[0.10636681127879355,0.06700338868217336]]","[[1.0,1.0],[1.0,1.0]]","[[49.71237306241636,3.9574685604483992],[3.8177097784148324,3.599296984407637]]","[1.0,1.0]","[28.04860783682929,7.412663195751332]","[0.00011947714920097496,0.00011960106169647555]","[0.06236924777428309,0.006938292251692878]","[0.06236924769149886,0.006938292244794192]","[[0.07052859230725854,0.054209902910170735],[0.010010815494590335,0.0038657689432579057]]","[[0.07052859230725854,0.05420990279979176],[0.010010815494590335,0.0038657689415332345]]","[[0.26536818588221517,0.2326030221250322],[0.10001290131498267,0.06215000417497423]]","[[1.0,1.0],[1.0,1.0]]","[[49.00057847764757,3.9696492089165583],[3.753455645949752,3.5268201386487044]]","[1.0,1.0]","[27.890370022809066,7.276076094309489]","[null,null]"
stagewise_residual_simvq_k64x4-4x4_rate094-20260730-182026,31,0.01795983,0.02445882,0.04241865,0.01587678,0.02399615,24.05104881,0.93542367,0.01519380,0,Phase2-退火(17%),0.000000,0.00000000,,9216,0.1406250000,0.0937500000,5e-05,"[0.0643561425998255,0.007588410620681114]","[0.06435614264121763,0.007588410624130457]","[[0.07267666136914933,0.056035623347593676],[0.010886497896475096,0.004290323295733995]]","[[0.07267666136914933,0.05603562340278317],[0.010886497896475096,0.004290323302632681]]","[[0.2692662072126512,0.23635933780007892],[0.10413882768264524,0.06535708012266292]]","[[1.0,1.0],[1.0,1.0]]","[[49.62745060390896,3.958569876352946],[3.833822504679362,3.624789391623603]]","[1.0,1.0]","[28.028564036334004,7.4548976474338104]","[0.00010401899302518426,0.00010156453910760185]","[0.06377943420299777,0.007095398884956483]","[0.06377943400983457,0.007095398884956483]","[[0.07195678502321243,0.05560208269291454],[0.010203550017818256,0.003987247671035153]]","[[0.07195678502321243,0.055602082389372365],[0.010203550017818256,0.003987247671035153]]","[[0.2680326066635273,0.23555900796695992],[0.10096937329680832,0.063113333809155]]","[[1.0,1.0],[1.0,1.0]]","[[49.0469031157317,3.966310907293249],[3.837618942613955,3.609291758360686]]","[1.0,1.0]","[27.891951045283566,7.442929306736699]","[null,null]"
stagewise_residual_simvq_k64x4-4x4_rate094-20260730-182026,32,0.02595483,0.02392384,0.04987867,0.01526912,0.02283853,24.24457299,0.93601611,0.01519380,0,Phase2-退火(18%),0.000000,0.00000000,,9216,0.1406250000,0.0937500000,5e-05,"[0.06216578478062594,0.007921381593095484]","[0.062165784766828575,0.007921381597407162]","[[0.07110030297189951,0.05323126584429432],[0.011337905670343726,0.004504857471436952]]","[[0.07110030297189951,0.053231265851193005],[0.011337905670343726,0.004504857492133009]]","[[0.26558257479358605,0.2295376262455075],[0.10600847713649272,0.06667174389930787]]","[[0.9999131944444445,1.0],[1.0,1.0]]","[[49.27097410979094,3.957014987645326],[3.82220987478892,3.6111330014688]]","[0.9999183006535949,1.0]","[27.918189190052175,7.429211468166775]","[0.00019499426633518414,0.00014014511954074907]","[0.05898199233191985,0.007762186984635062]","[0.05898199227673036,0.007762186977736376]","[[0.06746597099635336,0.05049801380546005],[0.011114964489307669,0.004409409495484498]]","[[0.06746597099635336,0.05049801380546005],[0.011114964489307669,0.004409409495484498]]","[[0.25955369472503664,0.22450837073502716],[0.1053838563186151,0.06637048933792997]]","[[1.0,1.0],[1.0,1.0]]","[[49.608404117160376,3.9596553714187057],[3.883254305521647,3.6121506143499302]]","[1.0,1.0]","[28.027486688119392,7.490012483243589]","[null,null]"
stagewise_residual_simvq_k64x4-4x4_rate094-20260730-182026,33,0.01757330,0.02365048,0.04122379,0.01513945,0.02531525,24.27758376,0.93776117,0.01513945,1,Phase2-退火(20%),0.000000,0.00000000,,9216,0.1406250000,0.0937500000,5e-05,"[0.06207492824091956,0.007559229490450687]","[0.06207492817883138,0.007559229482689666]","[[0.07054960724242308,0.05360024890138043],[0.01084966807608941,0.004268790856521163]]","[[0.07054960724242308,0.05360024881169752],[0.01084966807608941,0.00426879084703547]]","[[0.26532064345147877,0.2311887970401181],[0.10390910750461949,0.06515169209904141]]","[[1.0,1.0],[1.0,1.0]]","[[49.63386578030057,3.959825653500027],[3.8410517741132666,3.620206959159286]]","[1.0,1.0]","[28.034490761933505,7.457206007286354]","[9.969730118528889e-05,0.00010231273024180189]","[0.06548884720714004,0.008622194716223964]","[0.06548884723473478,0.008622194709325279]","[[0.07424293632308641,0.05673475789803046],[0.012329533199469249,0.004914856181238537]]","[[0.07424293632308641,0.056734758036004175],[0.012329533199469249,0.004914856184687879]]","[[0.27227520214186773,0.2379644317759408],[0.11098888389490269,0.07006569184638836]]","[[1.0,1.0],[1.0,1.0]]","[[50.50767183657046,3.9613971886811434],[3.8655562877655028,3.680099222395155]]","[1.0,1.0]","[28.286777015968607,7.542979943310773]","[null,null]"
stagewise_residual_simvq_k64x4-4x4_rate094-20260730-182026,34,0.01750861,0.02437520,0.04188381,0.01708442,0.03137358,23.82608708,0.93341364,0.01513945,0,Phase2-退火(22%),0.000000,0.00000000,,9216,0.1406250000,0.0937500000,5e-05,"[0.06463571056999542,0.00749435240264844]","[0.06463571052170462,0.00749435240264844]","[[0.07306762594315741,0.05620379450006618],[0.010726740691569392,0.004261964030943259]]","[[0.07306762594315741,0.05620379455525566],[0.010726740691569392,0.004261964037410777]]","[[0.26996113740735583,0.23667922969217653],[0.10329977127688902,0.06508336083756552]]","[[1.0,1.0],[1.0,1.0]]","[[49.624866273668076,3.960229267897429],[3.837965279596823,3.6134702346943044]]","[1.0,1.0]","[28.03331692307084,7.447219475110372]","[0.00010567247300059534,0.00010378558671180616]","[0.06959969075741591,0.01726866155448887]","[0.0695996908126054,0.01726866157518493]","[[0.07852258809186795,0.06067679281587954],[0.023870283572210205,0.010667039440185936]]","[[0.07852258809186795,0.06067679292625851],[0.023870283572210205,0.01066703944708462]]","[[0.27996771225222833,0.2460447382043909],[0.15436605093655764,0.10313214323034993]]","[[1.0,1.0],[1.0,1.0]]","[[50.61120054456923,3.964502889138681],[3.928079550354569,3.924977744067157]]","[1.0,1.0]","[28.32677459716797,7.8528997315300835]","[null,null]"
stagewise_residual_simvq_k64x4-4x4_rate094-20260730-182026,35,0.01749349,0.02469662,0.04219011,0.01541986,0.02649739,24.18090030,0.93660521,0.01513945,0,Phase2-退火(23%),0.000000,0.00000000,,9216,0.1406250000,0.0937500000,5e-05,"[0.0652864744334861,0.007778891394156273]","[0.0652864744403848,0.007778891391569265]","[[0.07370125632733107,0.05687169198774629],[0.011133483099682187,0.004424299617918829]]","[[0.07370125632733107,0.05687169199464498],[0.011133483099682187,0.004424299614900654]]","[[0.2711289012321719,0.23808359981135085],[0.10515573667707266,0.06624854001458044]]","[[1.0,1.0],[1.0,1.0]]","[[49.68941259030942,3.9595491188543814],[3.8374668792442037,3.6092949509620667]]","[1.0,1.0]","[28.048813911720558,7.442304939693875]","[0.00010611627493980685,0.00010626055160779894]","[0.06719539055117854,0.0099601438820914]","[0.06719539066155751,0.009960143875192713]","[[0.0757102184549526,0.05868056190234643],[0.014156853918124128,0.005763433711534297]]","[[0.0757102184549526,0.05868056220588861],[0.014156853918124128,0.005763433687388897]]","[[0.27490048827948393,0.24195370387147974],[0.11877519731168394,0.07567706179839594]]","[[1.0,1.0],[1.0,1.0]]","[[50.1193445276331,3.9704486423068577],[3.8839914321899416,3.8195465405782065]]","[1.0,1.0]","[28.209801144070095,7.702955722808838]","[null,null]"
stagewise_residual_simvq_k64x4-4x4_rate094-20260730-182026,36,0.01755011,0.02492955,0.04247966,0.01518671,0.03099107,24.29517983,0.93683913,0.01513945,0,Phase2-退火(25%),0.000000,0.00000000,,9216,0.1406250000,0.0937500000,5e-05,"[0.06591355739230359,0.007920568732165352]","[0.06591355729572199,0.007920568729578345]","[[0.07431096776768013,0.05751614680306779],[0.011329288078747966,0.004511849333842595]]","[[0.07431096776768013,0.057516146747878305],[0.011329288078747966,0.0045118493295309165]]","[[0.2722502909324787,0.2394251353210873],[0.10614018240184696,0.06694032020039029]]","[[1.0,1.0],[1.0,1.0]]","[[49.67860445799651,3.9599846870810897],[3.8351871146096124,3.624293847437258]]","[1.0,1.0]","[28.04797362221612,7.45573178573891]","[0.00010775536665513991,0.00010322866809373308]","[0.0793485078546736,0.011327376816835669]","[0.07934850790986309,0.011327376796139611]","[[0.08850505738346665,0.07019195813271735],[0.015940986725467222,0.006713766670199456]]","[[0.08850505738346665,0.07019195838107004],[0.015940986725467222,0.0067137666391553705]]","[[0.2972289635075463,0.26463988368157987],[0.12617588153591863,0.08185872082357053]]","[[1.0,1.0],[1.0,1.0]]","[[51.005772852014616,3.9659799805393927],[3.887005426265575,3.6807596012398047]]","[1.0,1.0]","[28.442473729451496,7.564600185111717]","[null,null]"
stagewise_residual_simvq_k64x4-4x4_rate094-20260730-182026,37,0.01910583,0.02418390,0.04328974,0.01460271,0.02373432,24.40988816,0.93783601,0.01460271,1,Phase2-退火(27%),0.000000,0.00000000,,9216,0.1406250000,0.0937500000,5e-05,"[0.06380056122800819,0.007839187846036145]","[0.06380056130389372,0.007839187853797166]","[[0.07228328884337787,0.05531783337118449],[0.01120970023761469,0.004468675382883736]]","[[0.07228328884337787,0.05531783350225952],[0.01120970023761469,0.004468675391507093]]","[[0.2684717228843106,0.23474713442502199],[0.10546677236755689,0.06652307028847712]]","[[1.0,1.0],[1.0,1.0]]","[[49.65667605223479,3.9586919281217785],[3.8307534376780192,3.6166999847800643]]","[1.0,1.0]","[28.037109163072373,7.44343553295842]","[0.00012404772718986755,0.00010736987510258418]","[0.06367310111721357,0.007082720080183612]","[0.06367310114480831,0.007082720076734269]","[[0.07201214283704757,0.05533405914902687],[0.010166891781544243,0.003998548315010137]]","[[0.07201214283704757,0.05533405917662161],[0.010166891781544243,0.003998548296038751]]","[[0.268128224324297,0.23498010337352754],[0.10078328925150412,0.0631977588766151]]","[[1.0,1.0],[1.0,1.0]]","[[49.459661130551936,3.9606225508230706],[3.814773425349483,3.6480953463801633]]","[1.0,1.0]","[27.988930384318035,7.4605138001618565]","[null,null]"
stagewise_residual_simvq_k64x4-4x4_rate094-20260730-182026,38,0.01695940,0.02471148,0.04167088,0.01485283,0.02516112,24.38922006,0.93626335,0.01460271,0,Phase2-退火(28%),0.000000,0.00000000,,9216,0.1406250000,0.0937500000,5e-05,"[0.06597847461838413,0.0076300603242728995]","[0.06597847457009333,0.007630060329446914]","[[0.0743978361012759,0.05755911285264625],[0.01088408855635121,0.004376032029675251]]","[[0.0743978361012759,0.057559112797456756],[0.01088408855635121,0.004376032037436272]]","[[0.27241009324789045,0.23951848218286478],[0.10401026838355594,0.06590569867166104]]","[[1.0,1.0],[1.0,1.0]]","[[49.6411685095893,3.960967140727573],[3.8370397457370053,3.61375559480102]]","[1.0,1.0]","[28.040565321180555,7.4465348455641]","[0.00010514483829966694,0.00010038787376187328]","[0.06946604365000018,0.006436633139296814]","[0.06946604351202647,0.006436633125499443]","[[0.07811697313079127,0.060815114086424864],[0.00920806364328773,0.003665202547347656]]","[[0.07811697313079127,0.06081511389326166],[0.00920806364328773,0.0036652025421736417]]","[[0.2792507500560195,0.24633529958901582],[0.09589208894305759,0.06049467614955372]]","[[1.0,1.0],[1.0,1.0]]","[[50.17659245243779,3.9761109458075627],[3.8111887437325938,3.4363542715708415]]","[1.0,1.0]","[28.246110845495153,7.237156723163746]","[null,null]"
stagewise_residual_simvq_k64x4-4x4_rate094-20260730-182026,39,0.01709103,0.02495335,0.04204438,0.01644604,0.02647137,23.91526792,0.93010382,0.01460271,0,Phase2-退火(30%),0.000000,0.00000000,,9216,0.1406250000,0.0937500000,5e-05,"[0.06663566036494793,0.007773571543361025]","[0.06663566039944137,0.00777357154249869]","[[0.07508779115698956,0.0581835292900602],[0.011101514240726829,0.004445628777870701]]","[[0.07508779115698956,0.058183529296958886],[0.011101514240726829,0.004445628779164205]]","[[0.27365414652007597,0.2407982895495715],[0.10506343188937063,0.06644801507117572]]","[[1.0,1.0],[1.0,1.0]]","[[49.7052211549547,3.959966755796362],[3.8384153335182756,3.616706175715835]]","[1.0,1.0]","[28.05482973875823,7.450937543974982]","[0.00010857236384590915,9.915770181881575e-05]","[0.0703482977769993,0.008447114968051513]","[0.07034829783218878,0.008447114985298227]","[[0.07912597865970046,0.06157061650797173],[0.012068693243243077,0.004825536782542865]]","[[0.07912597865970046,0.061570616563161214],[0.012068693243243077,0.004825536796340236]]","[[0.28103562593460085,0.24784342326499798],[0.10977648182047738,0.06939376421548703]]","[[1.0,1.0],[1.0,1.0]]","[[50.147271106861254,3.9823559425495287],[3.8317371209462485,3.746164675112124]]","[1.0,1.0]","[28.25987213982476,7.576969934392858]","[null,null]"
stagewise_residual_simvq_k64x4-4x4_rate094-20260730-182026,40,0.01680514,0.02500510,0.04181024,0.01508219,0.02571300,24.35556195,0.93624096,0.01460271,0,Phase2-退火(32%),0.000000,0.00000000,,9216,0.1406250000,0.0937500000,5e-05,"[0.06775148019056629,0.00728603751760804]","[0.06775148025265447,0.007286037516745704]","[[0.0762443174297611,0.05925864282029646],[0.010395224014711048,0.004176850958848027]]","[[0.0762443174297611,0.05925864296516886],[0.010395224014711048,0.004176850950655838]]","[[0.275718257493443,0.24297216186920803],[0.10161488134827878,0.06435318993473495]]","[[1.0,1.0],[1.0,1.0]]","[[49.74794240880895,3.9600776999085037],[3.840033903386858,3.6169454879230925]]","[1.0,1.0]","[28.0675131338614,7.452661713847408]","[0.00011708947755256237,9.662430339732155e-05]","[0.07052960219206633,0.006981378069354428]","[0.07052960219206633,0.006981378072803771]","[[0.07921051763825947,0.06184868677346795],[0.010001666319591028,0.003961089746681628]]","[[0.07921051763825947,0.06184868696663115],[0.010001666319591028,0.003961089758754329]]","[[0.2811455841417666,0.2483514298995336],[0.09995131420868414,0.06289002103386102]]","[[1.0,1.0],[1.0,1.0]]","[[49.81961579499421,3.9467401363231516],[3.8657838114985714,3.6420789029863148]]","[1.0,1.0]","[28.041416224726923,7.504082524334943]","[null,null]"
stagewise_residual_simvq_k64x4-4x4_rate094-20260730-182026,41,0.01998325,0.02468363,0.04466688,0.01451864,0.02392433,24.43268710,0.93834871,0.01451864,1,Phase2-退火(33%),0.000000,0.00000000,,9216,0.1406250000,0.0937500000,5e-05,"[0.06683849338442087,0.00728948195896077]","[0.06683849335682612,0.0072894819606854405]","[[0.07548562207569678,0.0581913640446685],[0.01032921347025506,0.004249750369625097]]","[[0.07548562207569678,0.0581913641412501],[0.01032921347025506,0.004249750368331594]]","[[0.274004155093873,0.24029701462498418],[0.10102191230765095,0.06436008158381339]]","[[1.0,1.0],[1.0,1.0]]","[[49.63191138373481,3.95634093063849],[3.8298346735813,3.62844254705641]]","[1.0,1.0]","[28.020413967415138,7.4544835735250405]","[0.0001552469919261057,0.00011433018882800954]","[0.06649324557295552,0.006038771490393965]","[0.06649324584890295,0.006038771500741994]","[[0.07519951371683015,0.05778697704275449],[0.008697951667838627,0.003379591231889747]]","[[0.07519951371683015,0.05778697734629666],[0.008697951667838627,0.0033795912422377753]]","[[0.27398450473944347,0.24012176273045716],[0.09322112600008646,0.05810916418278659]]","[[1.0,1.0],[1.0,1.0]]","[[49.851565806070965,3.969842642324942],[3.77809501224094,3.5210484593002884]]","[1.0,1.0]","[28.13211518746835,7.293973467085096]","[null,null]"
stagewise_residual_simvq_k64x4-4x4_rate094-20260730-182026,42,0.01625350,0.02449254,0.04074604,0.01524203,0.02537251,24.22622172,0.93615438,0.01451864,0,Phase2-退火(35%),0.000000,0.00000000,,9216,0.1406250000,0.0937500000,5e-05,"[0.06723310398282828,0.006753342725440032]","[0.06723310395523353,0.006753342720266018]","[[0.0758520578827571,0.058614149565498035],[0.009663279244193324,0.003843406138993386]]","[[0.0758520578827571,0.058614149565498035],[0.009663279244193324,0.0038434061346817074]]","[[0.2750684951190595,0.24170811554348026],[0.09804108384306784,0.06180232490792319]]","[[1.0,1.0],[1.0,1.0]]","[[49.74118188928675,3.9601163029670716],[3.838684909432023,3.6214460293451944]]","[1.0,1.0]","[28.06622039653637,7.456121920656275]","[0.00010202729104936158,8.753096485802584e-05]","[0.06878830602875462,0.007517415295458503]","[0.06878830602875462,0.007517415295458503]","[[0.07740453741064778,0.060172074370914035],[0.010744133881396717,0.004290696699172258]]","[[0.07740453741064778,0.060172074260535065],[0.010744133881396717,0.004290696685374887]]","[[0.2778689158183557,0.24489524673532556],[0.10358911162173307,0.06544441804289818]]","[[1.0,1.0],[1.0,1.0]]","[[49.634335101092304,3.9564551441757767],[3.859024563542119,3.751576026280721]]","[1.0,1.0]","[28.023397035951966,7.609499977253101]","[null,null]"
stagewise_residual_simvq_k64x4-4x4_rate094-20260730-182026,43,0.01635242,0.02505330,0.04140572,0.01441581,0.02654095,24.54850176,0.93998210,0.01441581,1,Phase2-退火(37%),0.000000,0.00000000,,9216,0.1406250000,0.0937500000,5e-05,"[0.068424425750143,0.007191513423566465]","[0.06842442585362328,0.00719151342270413]","[[0.07700190017068828,0.05984695100535949],[0.010283712331309086,0.004099314477449904]]","[[0.07700190017068828,0.05984695110883978],[0.010283712331309086,0.004099314474862897]]","[[0.27715928493826475,0.24425623383786943],[0.1011141530479546,0.06381013454110535]]","[[1.0,1.0],[1.0,1.0]]","[[49.74485881946705,3.959828039010366],[3.8447516079302186,3.6223565812464114]]","[1.0,1.0]","[28.066329461556894,7.462900561756558]","[0.00010605200788834028,9.061546831987841e-05]","[0.07183484782775243,0.008018080214107479]","[0.07183484757939974,0.008018080210658135]","[[0.0806739392655867,0.06299575625194444],[0.011449096565721212,0.004587063815927616]]","[[0.0806739392655867,0.06299575592080751],[0.011449096565721212,0.004587063815927616]]","[[0.28378289584760313,0.2507086838837023],[0.10694097545411851,0.06767747355280099]]","[[1.0,1.0],[1.0,1.0]]","[[50.3628823739511,3.9602984887582284],[3.869192103986387,3.6611956384446884]]","[1.0,1.0]","[28.242317058421946,7.527120155758328]","[null,null]"
stagewise_residual_simvq_k64x4-4x4_rate094-20260730-182026,44,0.01904489,0.02478889,0.04383378,0.01427553,0.02390637,24.54137182,0.93994562,0.01427553,1,Phase2-退火(38%),0.000000,0.00000000,,9216,0.1406250000,0.0937500000,5e-05,"[0.06706363985108005,0.0075840014731511475]","[0.06706363985797874,0.007584001474875819]","[[0.07587327000995477,0.05825400951973818],[0.010794051439087423,0.004373951489105821]]","[[0.07587327000995477,0.05825400947144738],[0.010794051439087423,0.004373951488674653]]","[[0.27488417887577304,0.24071122250623173],[0.1033980742510822,0.06559599343411349]]","[[0.9999421296296296,1.0],[1.0,1.0]]","[[49.49267128132008,3.9562883928970054],[3.8236318641238745,3.6318330548427724]]","[0.9999455337690633,1.0]","[27.98069131286056,7.4518882477725]","[0.00015115483239006372,0.00011262181214988232]","[0.06522555950063247,0.006974119289467732]","[0.0652255595282272,0.006974119299815761]","[[0.07383119348022672,0.05661992502433282],[0.010043656391402086,0.0039045821357932354]]","[[0.07383119348022672,0.05661992516230654],[0.010043656391402086,0.0039045821392425786]]","[[0.2714959782582742,0.2376962822896463],[0.10016745814570674,0.06245474222081679]]","[[1.0,1.0],[1.0,1.0]]","[[49.721940499764905,3.947240052399812],[3.841057085107874,3.572817502198396]]","[1.0,1.0]","[28.01561585885507,7.408470782527218]","[null,null]"
stagewise_residual_simvq_k64x4-4x4_rate094-20260730-182026,45,0.01606081,0.02490746,0.04096827,0.01477043,0.02363374,24.36557558,0.93721069,0.01427553,0,Phase2-退火(40%),0.000000,0.00000000,,9216,0.1406250000,0.0937500000,5e-05,"[0.06823496716441932,0.007168066933647626]","[0.06823496718511537,0.007168066935372298]","[[0.07683495273468671,0.059634981283711065],[0.010257146473870509,0.004078987346858614]]","[[0.07683495273468671,0.05963498132510318],[0.010257146473870509,0.0040789873507391244]]","[[0.27682281506282314,0.24378097967969048],[0.10101815253772117,0.06367505428691705]]","[[1.0,1.0],[1.0,1.0]]","[[49.66482270558675,3.960775089263916],[3.8478521678182815,3.623028556505839]]","[1.0,1.0]","[28.046651614153827,7.46668976854395]","[0.0001024279248667881,8.933019327944041e-05]","[0.06719418631659614,0.005271112791228073]","[0.06719418653735408,0.005271112794677416]","[[0.07561643661724196,0.058771935436460705],[0.0075587893146331665,0.0029834362281555378]]","[[0.07561643661724196,0.05877193546405545],[0.0075587893146331665,0.0029834362281555378]]","[[0.27471953365537854,0.2421295318338606],[0.08690900322463778,0.05459655796488126]]","[[1.0,1.0],[1.0,1.0]]","[[48.981790924072264,3.963767887044836],[3.8392000604558874,3.5923935272075513]]","[1.0,1.0]","[27.864351809466328,7.427047577610722]","[null,null]"
stagewise_residual_simvq_k64x4-4x4_rate094-20260730-182026,46,0.01741595,0.02520698,0.04262293,0.01411409,0.02533780,24.57924927,0.94068529,0.01411409,1,Phase2-退火(42%),0.000000,0.00000000,,9216,0.1406250000,0.0937500000,5e-05,"[0.06930945506664338,0.007170231679144005]","[0.0693094552046171,0.007170231661034955]","[[0.07799869349433317,0.06062021643199302],[0.010096139735024837,0.004244323540047777]]","[[0.07799869349433317,0.06062021665964965],[0.010096139735024837,0.00424432351719588]]","[[0.27889996242743953,0.24577156920675877],[0.09916890734047801,0.06329689414274914]]","[[1.0,1.0],[1.0,1.0]]","[[49.77035243422897,3.964055132865906],[3.8416438080646373,3.6317222180189908]]","[1.0,1.0]","[28.08757114763613,7.469439969239412]","[0.00012065840385696868,0.00010420584448756589]","[0.07173277012727879,0.005904117150715104]","[0.07173277015487353,0.005904117161063133]","[[0.08060163430593632,0.06286390641773189],[0.008470347023534554,0.003337887214082811]]","[[0.08060163430593632,0.06286390669367932],[0.008470347023534554,0.003337887214082811]]","[[0.28366159840866373,0.2504516300227907],[0.09199920313225853,0.05774784786281762]]","[[1.0,1.0],[1.0,1.0]]","[[50.47961137559679,3.9554547433499936],[3.86328207121955,3.5898258368174236]]","[1.0,1.0]","[28.25781969141077,7.447649033864339]","[null,null]"
stagewise_residual_simvq_k64x4-4x4_rate094-20260730-182026,47,0.01577715,0.02491835,0.04069550,0.01396910,0.02432974,24.60103008,0.93864154,0.01396910,1,Phase2-退火(43%),0.000000,0.00000000,,9216,0.1406250000,0.0937500000,5e-05,"[0.06928910206037539,0.006669964543026354]","[0.06928910197759117,0.006669964549062705]","[[0.07788826380338934,0.06068994008280613],[0.009544564675781186,0.003795364347321016]]","[[0.07788826380338934,0.06068994000692059],[0.009544564675781186,0.0037953643568067086]]","[[0.278724525510161,0.2459397660361396],[0.09752781756774143,0.06148326270006321]]","[[1.0,1.0],[1.0,1.0]]","[[49.721941262704355,3.96139982453099],[3.854215822837971,3.6358888087449253]]","[1.0,1.0]","[28.065327344117343,7.4862320131725735]","[0.00010241039329870276,8.181585418680225e-05]","[0.06847333461046219,0.005988397466501704]","[0.06847333472084116,0.005988397459603018]","[[0.07699932406346004,0.059947344660758975],[0.008577545835740037,0.0033992490144791427]]","[[0.07699932406346004,0.059947344798732684],[0.008577545835740037,0.0033992490110298]]","[[0.27720783573609814,0.24452082183625962],[0.09257642030715943,0.058276187738886584]]","[[1.0,1.0],[1.0,1.0]]","[[49.52153097082068,3.957054048114353],[3.8457479194358544,3.5586411087601273]]","[1.0,1.0]","[27.993731180826824,7.398306602901883]","[null,null]"
stagewise_residual_simvq_k64x4-4x4_rate094-20260730-182026,48,0.01580865,0.02502824,0.04083689,0.01487482,0.02517488,24.35055748,0.93774609,0.01396910,0,Phase2-退火(45%),0.000000,0.00000000,,9216,0.1406250000,0.0937500000,5e-05,"[0.06967847477644681,0.006717354391218611]","[0.0696784747833455,0.006717354387769269]","[[0.07826341771417195,0.06109353128682684],[0.009610787717866952,0.003823921031801513]]","[[0.07826341771417195,0.06109353132821895],[0.009610787717866952,0.0038239210214534845]]","[[0.27937315180897715,0.24673260097150448],[0.0978266759051217,0.0616803011684506]]","[[1.0,1.0],[1.0,1.0]]","[[49.71026426244665,3.9602708957813406],[3.852272865065822,3.6273092525976676]]","[1.0,1.0]","[28.05802177499842,7.47546972433726]","[0.00010605309529367972,7.98031666851818e-05]","[0.06882710084319114,0.007569362105870689]","[0.06882710078800167,0.007569362109320031]","[[0.07727308596173922,0.060381114924395525],[0.010879012045485002,0.004259712130038275]]","[[0.07727308596173922,0.06038111486920604],[0.010879012045485002,0.0042597121231395885]]","[[0.277736183780211,0.2454539359719665],[0.10426027636837076,0.06523164138197898]]","[[1.0,1.0],[1.0,1.0]]","[[49.550278670699505,3.9954378145712393],[3.8404624426806415,3.7679035946174904]]","[1.0,1.0]","[28.13725023622866,7.607646112088804]","[null,null]"
stagewise_residual_simvq_k64x4-4x4_rate094-20260730-182026,49,0.01574966,0.02507441,0.04082407,0.01366841,0.02695309,24.71157677,0.94182324,0.01366841,1,Phase2-退火(47%),0.000000,0.00000000,,9216,0.1406250000,0.0937500000,5e-05,"[0.06989473392841992,0.0067456734711649246]","[0.06989473396981204,0.006745673461679231]","[[0.0784852293147533,0.061304238224747],[0.009626367820978716,0.0038649790454655885]]","[[0.0784852293147533,0.06130423830063255],[0.009626367820978716,0.003864979037704567]]","[[0.2797730288019887,0.2471599611695166],[0.09778586660546285,0.0619149526650155]]","[[1.0,1.0],[1.0,1.0]]","[[49.77210028613055,3.960665902826521],[3.8464782313064294,3.6247704192444132]]","[1.0,1.0]","[28.07695174747043,7.467269159246374]","[0.00010586557326422297,8.102125844002499e-05]","[0.0771238925004447,0.005951730658610662]","[0.07712389255563418,0.005951730651711976]","[[0.08605908381718176,0.06818870134927608],[0.00851862151865606,0.0033848396761135924]]","[[0.08605908381718176,0.06818870118370762],[0.00851862151865606,0.0033848396743889207]]","[[0.2930830454384839,0.2608194026682112],[0.09225483106242285,0.05814726661752771]]","[[1.0,1.0],[1.0,1.0]]","[[50.483484988742404,3.964560959074232],[3.8398097974282726,3.578753141120628]]","[1.0,1.0]","[28.291331609090168,7.413473083354809]","[null,null]"
stagewise_residual_simvq_k64x4-4x4_rate094-20260730-182026,50,0.02069739,0.02453083,0.04522823,0.01380533,0.02640697,24.66527069,0.94263351,0.01366841,0,Phase2-退火(48%),0.000000,0.00000000,,9216,0.1406250000,0.0937500000,5e-05,"[0.06687510673094679,0.0076638817761300335]","[0.06687510676544021,0.007663881791652076]","[[0.07586884204022311,0.05788137081458613],[0.010858839302737679,0.004468924183122538]]","[[0.07586884204022311,0.0578813708766743],[0.010858839302737679,0.004468924195626406]]","[[0.27352360354529487,0.23829951209050637],[0.10330956685874197,0.06574901596953471]]","[[1.0,1.0],[1.0,1.0]]","[[49.65528786270707,3.9525603426827325],[3.8480462851347745,3.6333930691083274]]","[1.0,1.0]","[28.01379431265372,7.477507548862033]","[0.00017714155790734501,0.00011170103373809036]","[0.07168189855637373,0.008453013503027183]","[0.07168189858396848,0.008453013492679155]","[[0.08057160487881414,0.06279219187520169],[0.012035670048660702,0.004870356819419949]]","[[0.08057160487881414,0.06279219198558066],[0.012035670048660702,0.004870356843565349]]","[[0.2835817403263516,0.2502810418605804],[0.1096605920681247,0.06974589245186912]]","[[1.0,1.0],[1.0,1.0]]","[[50.07601451167354,3.9720768769582113],[3.8964403187787093,3.7432658195495607]]","[1.0,1.0]","[28.20339899416323,7.63783202347932]","[null,null]"
stagewise_residual_simvq_k64x4-4x4_rate094-20260730-182026,51,0.01528718,0.02466885,0.03995604,0.01370694,0.02495702,24.72720379,0.94179812,0.01366841,0,Phase2-退火(50%),0.000000,0.00000000,,9216,0.1406250000,0.0937500000,5e-05,"[0.06878938228581791,0.00676730019988975]","[0.06878938226512185,0.006767300194715736]","[[0.07745147141179552,0.060127292628641485],[0.009667073102254007,0.003867527270361919]]","[[0.07745147141179552,0.06012729268383097],[0.009667073102254007,0.0038675272716554225]]","[[0.2779187278063209,0.2447704157895512],[0.09805731552618521,0.0619901479670295]]","[[1.0,1.0],[1.0,1.0]]","[[49.58245214532923,3.961206410549305],[3.8464778794182672,3.6241267045338947]]","[1.0,1.0]","[28.025252303370724,7.466515859851131]","[0.00010232030065337852,7.711778465549017e-05]","[0.07023736975259251,0.00641673952686014]","[0.07023736975259251,0.006416739523410797]","[[0.07895389944314957,0.06152083973089854],[0.009163581766188145,0.0036698971995738922]]","[[0.07895389944314957,0.06152083997925122],[0.009163581766188145,0.003669897194399878]]","[[0.2807357481232396,0.24774995070916636],[0.09567513316869736,0.060536454811140346]]","[[1.0,1.0],[1.0,1.0]]","[[49.98573000872577,3.9745842651084615],[3.875467515874792,3.6787901595786767]]","[1.0,1.0]","[28.18696315906666,7.551262633005778]","[null,null]"
stagewise_residual_simvq_k64x4-4x4_rate094-20260730-182026,52,0.01530373,0.02480433,0.04010806,0.01370902,0.02534495,24.69648855,0.94145121,0.01366841,0,Phase2-退火(52%),0.000000,0.00000000,,9216,0.1406250000,0.0937500000,5e-05,"[0.06991669292803164,0.006375619247383266]","[0.06991669296252506,0.0063756192465209294]","[[0.07858546393475047,0.06124792170055487],[0.009096895486840771,0.0036543429398012382]]","[[0.07858546393475047,0.06124792172814961],[0.009096895486840771,0.0036543429359207273]]","[[0.27993310996227794,0.2470317766070366],[0.09516388173732493,0.06029174714176743]]","[[1.0,1.0],[1.0,1.0]]","[[49.76487075664379,3.9610774371359083],[3.8601711944297508,3.631363170676761]]","[1.0,1.0]","[28.075922930682147,7.4872882516295824]","[0.00010428869912478451,7.177317546410012e-05]","[0.07130805907977952,0.006603895572738515]","[0.0713080591901585,0.0066038955692891725]","[[0.0799979740270862,0.0626181437185517],[0.009397456008527014,0.003810335064513816]]","[[0.0799979740270862,0.06261814380133593],[0.009397456008527014,0.0038103350558904587]]","[[0.28258931769265067,0.24995583891868592],[0.09689613911840651,0.0616923240047914]]","[[1.0,1.0],[1.0,1.0]]","[[49.93419876098633,3.956531621791698],[3.898262219958835,3.632977340839527]]","[1.0,1.0]","[28.108399949250398,7.526188818613688]","[null,null]"
stagewise_residual_simvq_k64x4-4x4_rate094-20260730-182026,53,0.01523753,0.02491073,0.04014826,0.01467671,0.02480873,24.39710520,0.93847430,0.01366841,0,Phase2-退火(53%),0.000000,0.00000000,,9216,0.1406250000,0.0937500000,5e-05,"[0.0705534121228589,0.006246093563149097]","[0.0705534120262773,0.006246093557112747]","[[0.07923862340135707,0.061868200568413294],[0.008918690398611404,0.0035734966591310998]]","[[0.07923862340135707,0.061868200416642205],[0.008918690398611404,0.0035734966423155534]]","[[0.28106571609775227,0.24824320218629306],[0.09422399569992666,0.059615251435725776]]","[[1.0,1.0],[1.0,1.0]]","[[49.74206285829897,3.9604502298213817],[3.8558845087333964,3.632326149498975]]","[1.0,1.0]","[28.067107327779134,7.484082084231907]","[0.00010676987485904074,7.189039752120152e-05]","[0.06858382081543958,0.007366451852161575]","[0.0685838208982238,0.007366451852161575]","[[0.07712038120737782,0.06004725973363276],[0.010557513463276404,0.004175390177233903]]","[[0.07712038120737782,0.06004726000958019],[0.010557513463276404,0.004175390175509232]]","[[0.2774357779158486,0.2447428133752611],[0.10270063634271975,0.06457591934336557]]","[[1.0,1.0],[1.0,1.0]]","[[49.17379483823423,3.9735033882988824],[3.8743189440833197,3.756736499291879]]","[1.0,1.0]","[27.953065151638455,7.629811029080991]","[null,null]"
stagewise_residual_simvq_k64x4-4x4_rate094-20260730-182026,54,0.01510552,0.02488634,0.03999186,0.01347650,0.02479961,24.76445752,0.94164967,0.01347650,1,Phase2-退火(55%),0.000000,0.00000000,,9216,0.1406250000,0.0937500000,5e-05,"[0.07053812431102549,0.006274600340812294]","[0.07053812424203863,0.006274600343399302]","[[0.07919776981903447,0.061878478699536235],[0.008967079880164453,0.0035821207199694107]]","[[0.07919776981903447,0.06187847860295464],[0.008967079880164453,0.003582120725574593]]","[[0.2810226233469115,0.24829958006739616],[0.09448051743761257,0.05970043623475013]]","[[1.0,1.0],[1.0,1.0]]","[[49.65642960159867,3.9597269142115556],[3.8548131889767117,3.632864424475917]]","[1.0,1.0]","[28.040448640894006,7.48347148542051]","[0.00010574634671448385,6.98014400768443e-05]","[0.07026862681463912,0.006269055967115694]","[0.07026862656628644,0.006269055963666351]","[[0.07899680076925843,0.06154045274964085],[0.008976058886145,0.00356205300324493]]","[[0.07899680076925843,0.06154045266685663],[0.008976058886145,0.003562052999795587]]","[[0.2807990645920789,0.2477739679592627],[0.09469997960108298,0.05965368571104827]]","[[1.0,1.0],[1.0,1.0]]","[[49.96154912312826,3.9595091395907933],[3.8877044872001365,3.6204308845378734]]","[1.0,1.0]","[28.12660704718696,7.502979426913791]","[null,null]"
stagewise_residual_simvq_k64x4-4x4_rate094-20260730-182026,55,0.01504856,0.02504263,0.04009119,0.01401476,0.02472408,24.61297670,0.93914220,0.01347650,0,Phase2-退火(57%),0.000000,0.00000000,,9216,0.1406250000,0.0937500000,5e-05,"[0.0709406172580741,0.006415667888466959]","[0.07094061722358068,0.006415667888466959]","[[0.0795850081300294,0.0622962261515635],[0.009141757635882607,0.0036895780875864956]]","[[0.0795850081300294,0.06229622614466482],[0.009141757635882607,0.003689578089742335]]","[[0.2817429142417731,0.24917852014855102],[0.09533030995064312,0.060526242424492484]]","[[1.0,1.0],[1.0,1.0]]","[[49.68134329760516,3.96148760760272],[3.8596949881977505,3.6197318973364654]]","[1.0,1.0]","[28.05389131616663,7.474733681148953]","[0.00010619785538842228,6.906167136212051e-05]","[0.06889141568983043,0.007134171395942017]","[0.06889141574501992,0.007134171395942017]","[[0.07735727429389953,0.06042555606475583],[0.010117470693809015,0.0041508720532335616]]","[[0.07735727429389953,0.060425556037161085],[0.010117470693809015,0.004150872054958233]]","[[0.27785153377939154,0.24550174353299317],[0.10053046809302436,0.06437765506130677]]","[[1.0,1.0],[1.0,1.0]]","[[49.27489912245009,3.9779945461838335],[3.897838737346508,3.674221384966815]]","[1.0,1.0]","[27.997493913438586,7.568408902486166]","[null,null]"
stagewise_residual_simvq_k64x4-4x4_rate094-20260730-182026,56,0.01918609,0.02434400,0.04353009,0.04155507,0.02041955,19.84532198,0.89749298,0.01347650,0,Phase2-退火(58%),0.000000,0.00000000,,9216,0.1406250000,0.0937500000,5e-05,"[0.06868254970069285,0.006506991564054732]","[0.06868254959721257,0.006506991558018382]","[[0.07767048571948652,0.059694612985131915],[0.00923101662537428,0.0037829664251249695]]","[[0.07767048571948652,0.05969461282646214],[0.00923101662537428,0.0037829664143457734]]","[[0.27774604015328264,0.24319366318760094],[0.0950516404653037,0.06040376204031485]]","[[1.0,1.0],[1.0,1.0]]","[[49.664343501903396,3.961253090699514],[3.8523124125268726,3.636013433226833]]","[1.0,1.0]","[28.047092896920663,7.484266529259858]","[0.00016258040886896197,9.93199582303027e-05]","[0.05575544798263797,0.006767371569380716]","[0.0557554480654222,0.006767371576279402]","[[0.06305496979642797,0.04845592638960591],[0.009488909194866816,0.004045833886980458]]","[[0.06305496979642797,0.04845592666555334],[0.009488909194866816,0.004045833902502501]]","[[0.25092039781588094,0.21992168106414653],[0.09737579000216944,0.06357764538239549]]","[[1.0,1.0],[1.0,1.0]]","[[42.811129082573785,3.9422395635534215],[3.9343532844826026,3.526325582574915]]","[1.0,1.0]","[25.978331134937427,7.449169883021602]","[null,null]"
stagewise_residual_simvq_k64x4-4x4_rate094-20260730-182026,57,0.01554258,0.02336739,0.03890997,0.01315848,0.02304467,24.87173707,0.94379613,0.01315848,1,Phase2-退火(60%),0.000000,0.00000000,,9216,0.1406250000,0.0937500000,5e-05,"[0.06608036346043701,0.006210918475321873]","[0.06608036342594359,0.006210918476184209]","[[0.07487030304554436,0.05729042326824533],[0.00886683539159734,0.003555001509462104]]","[[0.07487030304554436,0.05729042321305584],[0.00886683539159734,0.0035550015081686004]]","[[0.27322326928929047,0.23887449130415916],[0.09387622917139972,0.05936881683214947]]","[[1.0,1.0],[1.0,1.0]]","[[49.64716225376836,3.9601472867859733],[3.8598536681245874,3.6247264500017518]]","[1.0,1.0]","[28.038901993080422,7.480131542241132]","[0.00011153588188958734,7.420608783798309e-05]","[0.067040836562713,0.0047872158112349334]","[0.06704083645233401,0.004787215818133619]","[[0.07575460258457396,0.058327069961362416],[0.006857906978715349,0.002716524664450575]]","[[0.07575460258457396,0.058327070044146646],[0.006857906978715349,0.002716524666175246]]","[[0.2749841236405902,0.24122418253510086],[0.0827788390495159,0.052096147255765064]]","[[1.0,1.0],[1.0,1.0]]","[[49.91589847140842,3.960862080256144],[3.8497050815158422,3.549751555478131]]","[1.0,1.0]","[28.118547594988787,7.392893130690963]","[null,null]"
stagewise_residual_simvq_k64x4-4x4_rate094-20260730-182026,58,0.01446969,0.02382895,0.03829864,0.01312084,0.02342359,24.88423422,0.94327517,0.01312084,1,Phase2-退火(62%),0.000000,0.00000000,,9216,0.1406250000,0.0937500000,5e-05,"[0.06846216995682981,0.005631663132872847]","[0.06846217001891798,0.005631663133735182]","[[0.07714607432070705,0.059778265323903824],[0.008043262655674307,0.0032200635428091995]]","[[0.07714607432070705,0.05977826531700514],[0.008043262655674307,0.003220063552294892]]","[[0.2774021308179255,0.24409720787295588],[0.08947429734247703,0.056590377553193655]]","[[1.0,1.0],[1.0,1.0]]","[[49.672526578549984,3.9597843788288256],[3.869743943655932,3.6256429769374705]]","[1.0,1.0]","[28.045264526649756,7.49068159615552]","[9.949398020883868e-05,6.185762910751725e-05]","[0.06659380876355701,0.006044577510544547]","[0.06659380843242009,0.006044577513993891]","[[0.0750784027631636,0.058109214350029276],[0.008622180732587973,0.0034669741953688637]]","[[0.0750784027631636,0.05810921390851339],[0.008622180732587973,0.0034669742091662354]]","[[0.273741669676922,0.2407641299344875],[0.09281799108893783,0.058849027504523595]]","[[1.0,1.0],[1.0,1.0]]","[[49.641673194037544,3.9755448359030265],[3.879356938821298,3.7350431036066127]]","[1.0,1.0]","[28.09289102907534,7.6127200762430824]","[null,null]"
stagewise_residual_simvq_k64x4-4x4_rate094-20260730-182026,59,0.01457137,0.02412912,0.03870049,0.01301906,0.02526200,24.91466553,0.94452741,0.01301906,1,Phase2-退火(63%),0.000000,0.00000000,,9216,0.1406250000,0.0937500000,5e-05,"[0.06915049056212107,0.005899531626211548]","[0.0691504905966145,0.005899531626211548]","[[0.0777967981580231,0.06050418251780448],[0.008410885993874184,0.0033881771938737344]]","[[0.0777967981580231,0.06050418264887951],[0.008410885993874184,0.0033881771908555593]]","[[0.2785587884761669,0.2455601873221221],[0.09145464330083794,0.05800489472156321]]","[[1.0,1.0],[1.0,1.0]]","[[49.66864584463614,3.960654698477851],[3.866269097504792,3.6477265976093434]]","[1.0,1.0]","[28.04756656576086,7.510097470989933]","[0.00010279554736809115,6.350630210363306e-05]","[0.07245902126585996,0.0061312544849459775]","[0.0724590212934547,0.00613125448839532]","[[0.08123765168366609,0.06368039059970114],[0.008772908023524064,0.0034896008463369474]]","[[0.08123765168366609,0.06368039065489063],[0.008772908023524064,0.0034896008618589902]]","[[0.28475788103209604,0.2520521452029546],[0.09362605583888513,0.05904319192524309]]","[[1.0,1.0],[1.0,1.0]]","[[50.32001170405635,3.9679960639388474],[3.8777429951561824,3.6740811277318883]]","[1.0,1.0]","[28.25763097692419,7.548690774705675]","[null,null]"
stagewise_residual_simvq_k64x4-4x4_rate094-20260730-182026,60,0.01507391,0.02411174,0.03918565,0.01346549,0.02368300,24.77244288,0.94297938,0.01301906,0,Phase2-退火(65%),0.000000,0.00000000,,9216,0.1406250000,0.0937500000,5e-05,"[0.06905922076354425,0.005998775822593382]","[0.06905922077044292,0.0059987758191440395]","[[0.07775496113355514,0.06036348028315438],[0.008495440490164414,0.0035021110700822816]]","[[0.07775496113355514,0.060363480386634666],[0.008495440490164414,0.0035021110666329388]]","[[0.2784999451979443,0.24529175990157656],[0.09160980640186203,0.05844495290959323]]","[[1.0,1.0],[1.0,1.0]]","[[49.7267029232449,3.961947026517656],[3.8541211362238283,3.641036343574524]]","[1.0,1.0]","[28.06850920429936,7.491220627007661]","[0.00011245286884702552,7.375509406604882e-05]","[0.0663023350139459,0.007024641779975758]","[0.06630233495875641,0.007024641762729045]","[[0.07494466779408632,0.05766000270291611],[0.00998560254358583,0.004063681012916344]]","[[0.07494466779408632,0.057660002454563423],[0.00998560254358583,0.004063680990495615]]","[[0.2735154189445354,0.23984620571136475],[0.09987814194626278,0.0637025621202257]]","[[1.0,1.0],[1.0,1.0]]","[[49.91104431152344,3.9578180065861455],[3.8888847174467864,3.7990174805676498]]","[1.0,1.0]","[28.106407660025138,7.687092067577221]","[null,null]"
stagewise_residual_simvq_k64x4-4x4_rate094-20260730-182026,61,0.01437980,0.02408981,0.03846961,0.01285423,0.02561712,24.96649996,0.94480682,0.01285423,1,Phase2-退火(67%),0.000000,0.00000000,,9216,0.1406250000,0.0937500000,5e-05,"[0.06919287176871741,0.005920901699681525]","[0.0691928716790345,0.005920901696232182]","[[0.07780338790681628,0.06058235553403695],[0.008432657492381555,0.003409145819885587]]","[[0.07780338790681628,0.06058235545125273],[0.008432657492381555,0.003409145808244055]]","[[0.2785706736699299,0.24571761577217668],[0.09164915111053873,0.058247422054409984]]","[[1.0,1.0],[1.0,1.0]]","[[49.735236401028104,3.9602068578755416],[3.8648479086381418,3.6430603217195583]]","[1.0,1.0]","[28.064955856181957,7.503960406338727]","[0.00010106727666560026,6.302999572316939e-05]","[0.07309729465179973,0.006658113847866102]","[0.07309729459661024,0.006658113840967417]","[[0.08192544424975359,0.06426914494346689],[0.009483336602096205,0.003832891043620529]]","[[0.08192544424975359,0.06426914491587216],[0.009483336602096205,0.003832891040171186]]","[[0.2859427902433607,0.2531934594666516],[0.09733883164547108,0.06187158398054264]]","[[1.0,1.0],[1.0,1.0]]","[[50.40916996708623,3.961124801635742],[3.8539251998618798,3.6891721849088315]]","[1.0,1.0]","[28.258167394002278,7.54092466213085]","[null,null]"
stagewise_residual_simvq_k64x4-4x4_rate094-20260730-182026,62,0.01727979,0.02380629,0.04108607,0.01289754,0.02338934,24.95127991,0.94445222,0.01285423,0,Phase2-退火(68%),0.000000,0.00000000,,9216,0.1406250000,0.0937500000,5e-05,"[0.06806328397382189,0.006164683182551353]","[0.06806328402211269,0.006164683182982521]","[[0.07701755287470641,0.05910901483148336],[0.008734159533762269,0.003595206754592558]]","[[0.07701755287470641,0.05910901490736891],[0.008734159533762269,0.003595206753730222]]","[[0.27554995839794477,0.2408980532100907],[0.09275625310838223,0.05918607099188699]]","[[1.0,1.0],[1.0,1.0]]","[[49.667801758095074,3.9577459242608812],[3.848850623766581,3.623248972716155]]","[1.0,1.0]","[28.034390283513954,7.4677948889908965]","[0.00016504754853991069,7.64256731532374e-05]","[0.06766902994778422,0.005450782383343688]","[0.06766902983740523,0.005450782372995659]","[[0.0763122135842288,0.05902584606298694],[0.007782583149081027,0.0031189815020533623]]","[[0.0763122135842288,0.05902584589741848],[0.007782583149081027,0.0031189814899806622]]","[[0.27598632684460395,0.24266035766513258],[0.08817211715159592,0.05581579329790892]]","[[1.0,1.0],[1.0,1.0]]","[[49.778471854881005,3.9623069586577238],[3.850120021678783,3.556801435682509]]","[1.0,1.0]","[28.08475526880335,7.40060663929692]","[null,null]"
stagewise_residual_simvq_k64x4-4x4_rate094-20260730-182026,63,0.01397264,0.02356052,0.03753316,0.01320804,0.02307926,24.85652800,0.94340578,0.01285423,0,Phase2-退火(70%),0.000000,0.00000000,,9216,0.1406250000,0.0937500000,5e-05,"[0.06831401779695793,0.005445884735564943]","[0.06831401787284348,0.005445884736427278]","[[0.07695719903955857,0.059670836105942725],[0.00774460777260915,0.003147161641606578]]","[[0.07695719903955857,0.05967083613353747],[0.00774460777260915,0.0031471616411754104]]","[[0.2770117025684427,0.24381460387397696],[0.08785146702494886,0.055982365949010404]]","[[1.0,1.0],[1.0,1.0]]","[[49.739493136935764,3.958660110720882],[3.8665528805167586,3.625016811158922]]","[1.0,1.0]","[28.060260433620876,7.486878181386877]","[9.898320274293871e-05,5.80616685544589e-05]","[0.06675219759345055,0.005462652006772933]","[0.06675219748307157,0.005462652006772933]","[[0.07529318625176394,0.058211207969321145],[0.00776009873866483,0.0031652051972708216]]","[[0.07529318625176394,0.05821120799691589],[0.00776009873866483,0.0031652052007201644]]","[[0.2741343967340611,0.24097531780048653],[0.0880497947887138,0.056224333798443826]]","[[1.0,1.0],[1.0,1.0]]","[[49.68773057725694,3.955527339158235],[3.9095081700219048,3.6248812339924]]","[1.0,1.0]","[28.035162212230542,7.52865561026114]","[null,null]"
stagewise_residual_simvq_k64x4-4x4_rate094-20260730-182026,64,0.01390588,0.02372841,0.03763429,0.01289488,0.02261359,24.94769025,0.94427430,0.01285423,0,Phase2-退火(72%),0.000000,0.00000000,,9216,0.1406250000,0.0937500000,5e-05,"[0.0690108547470084,0.00539225643604166]","[0.06901085482289394,0.005392256435179324]","[[0.07761065584641916,0.060411052916336944],[0.007650459409449939,0.0031340534156360836]]","[[0.07761065584641916,0.060411052992222485],[0.007650459409449939,0.0031340534160672513]]","[[0.2782005977299478,0.24534373876673204],[0.0872437423164094,0.05579646431185581]]","[[1.0,1.0],[1.0,1.0]]","[[49.78424828847249,3.959442590342628],[3.86450473246751,3.633661617173089]]","[1.0,1.0]","[28.07603198863842,7.49385689717752]","[0.00010031613911215336,5.6262363082000606e-05]","[0.0644021119232531,0.006203671499948811]","[0.06440211200603732,0.006203671506847496]","[[0.0728382659179193,0.05596595792858689],[0.00880083505547157,0.0036065078512937934]]","[[0.0728382659179193,0.05596595814934483],[0.00880083505547157,0.0036065078599171506]]","[[0.2696468857703386,0.23630186771904982],[0.0937724992632866,0.06001720817552673]]","[[1.0,1.0],[1.0,1.0]]","[[49.67623104519314,3.957204419595224],[3.868983766767714,3.660153959415577]]","[1.0,1.0]","[28.037934027777776,7.525856819859257]","[null,null]"
stagewise_residual_simvq_k64x4-4x4_rate094-20260730-182026,65,0.01385728,0.02377294,0.03763022,0.01331970,0.02519745,24.83205334,0.94469800,0.01285423,0,Phase2-退火(73%),0.000000,0.00000000,,9216,0.1406250000,0.0937500000,5e-05,"[0.06940761573474716,0.0052624752628616985]","[0.06940761570025374,0.005262475263724035]","[[0.0779984114691615,0.06081681939324847],[0.007478817017679965,0.003046133443368254]]","[[0.0779984114691615,0.060816819372552414],[0.007478817017679965,0.003046133442505918]]","[[0.2788588625689348,0.24612459071256496],[0.08630356890735803,0.05504296742103718]]","[[1.0,1.0],[1.0,1.0]]","[[49.86137739110876,3.958222836918301],[3.871755943916462,3.632255173612524]]","[1.0,1.0]","[28.09338800995438,7.499537728450917]","[0.00010182080984156562,5.410556704764194e-05]","[0.07413006667737608,0.005132966409264891]","[0.07413006673256556,0.005132966412714234]","[[0.08294181288392455,0.06531832058120657],[0.007318192334086807,0.0029477404240794754]]","[[0.08294181288392455,0.06531832066399079],[0.007318192334086807,0.0029477404309781615]]","[[0.28770830322194985,0.25525269618740787],[0.08550630134564859,0.05425863652317612]]","[[1.0,1.0],[1.0,1.0]]","[[50.68843889589663,3.976088626296432],[3.881464311811659,3.678694467191343]]","[1.0,1.0]","[28.389686513830114,7.557055469795509]","[null,null]"
stagewise_residual_simvq_k64x4-4x4_rate094-20260730-182026,66,0.01387478,0.02385663,0.03773141,0.01753386,0.02345288,23.62534594,0.93647366,0.01285423,0,Phase2-退火(75%),0.000000,0.00000000,,9216,0.1406250000,0.0937500000,5e-05,"[0.06944172164356267,0.005519597711369257]","[0.06944172169185348,0.005519597717405607]","[[0.07802194379683998,0.060861499124655015],[0.007810412979408822,0.0032287823743428344]]","[[0.07802194379683998,0.06086149921433793],[0.007810412979408822,0.0032287823782233454]]","[[0.2789406356160288,0.24626058574627946],[0.08808416811128457,0.05655940989791243]]","[[1.0,1.0],[1.0,1.0]]","[[49.89222874111599,3.958952518745705],[3.8655869554590296,3.6221522861056856]]","[1.0,1.0]","[28.104676356139006,7.482984360059103]","[0.00010253738988400006,5.740450745145575e-05]","[0.06478841343411693,0.008208629806284552]","[0.06478841329614321,0.008208629813183236]","[[0.07359587464619566,0.05598095161495385],[0.011569010638804347,0.0048482489806634405]]","[[0.07359587464619566,0.0559809516425486],[0.011569010638804347,0.0048482489703154125]]","[[0.27104800751915686,0.23633378666860086],[0.10749212188853158,0.06956593256305765]]","[[1.0,1.0],[1.0,1.0]]","[[49.71613599989149,3.9875045405493843],[3.8892952971988253,3.898003092518559]]","[1.0,1.0]","[28.15625914114493,7.787156472382722]","[null,null]"
stagewise_residual_simvq_k64x4-4x4_rate094-20260730-182026,67,0.01728007,0.02664054,0.04392061,0.01281813,0.02199178,24.98343951,0.94521940,0.01281813,1,Phase2-退火(77%),0.000000,0.00000000,,9216,0.1406250000,0.0937500000,5e-05,"[0.06615605092848893,0.015481358398338434]","[0.06615605096298235,0.01548135839920077]","[[0.0750016920544483,0.05731040927822943],[0.018213343825536195,0.012749372035075255]]","[[0.0750016920544483,0.05731040923683731],[0.018213343825536195,0.012749372033350583]]","[[0.2730849111797633,0.23845814689993858],[0.09861933086757306,0.06616984930717283]]","[[0.9997395833333333,1.0],[1.0,1.0]]","[[49.55621544166848,3.955945807033115],[3.806109802811234,3.6234910819265576]]","[0.9997549019607843,1.0]","[27.992922118858054,7.42536582770171]","[0.00015634562893898909,0.00014417606718982118]","[0.0648609293003877,0.004469822978393899]","[0.06486092941076667,0.004469822978393899]","[[0.07338645201590326,0.05633540603297728],[0.006382261158001644,0.00255738478153944]]","[[0.07338645201590326,0.056335406253735225],[0.006382261158001644,0.00255738478153944]]","[[0.2706491080699144,0.23706702634140298],[0.07985973755518595,0.0505452876565633]]","[[1.0,1.0],[1.0,1.0]]","[[49.50037768328632,3.9500595604931865],[3.877053412684688,3.6148227921238654]]","[1.0,1.0]","[27.96310437520345,7.486905666633889]","[null,null]"
stagewise_residual_simvq_k64x4-4x4_rate094-20260730-182026,68,0.01363683,0.02313801,0.03677484,0.01279247,0.02242645,25.00046721,0.94542591,0.01279247,1,Phase2-退火(78%),0.000000,0.00000000,,9216,0.1406250000,0.0937500000,5e-05,"[0.06736826636587027,0.005484957109136438]","[0.06736826640036371,0.0054849571099987735]","[[0.07597651627190687,0.05876001608730466],[0.007791343294256539,0.0031785708757255363]]","[[0.07597651627190687,0.05876001605281123],[0.007791343294256539,0.0031785708791748795]]","[[0.2752316960857974,0.24193602447156554],[0.0880749530400391,0.05621468184722794]]","[[1.0,1.0],[1.0,1.0]]","[[49.85364903344048,3.9563757922914293],[3.870551621030878,3.6408137025656524]]","[1.0,1.0]","[28.084651166421395,7.507134631828025]","[9.549555276559356e-05,5.243560542146076e-05]","[0.06561576265979696,0.005053875964410879]","[0.06561576274258119,0.005053875967860222]","[[0.07406590202892269,0.057165622683586895],[0.007215052970719558,0.0028926989253334427]]","[[0.07406590202892269,0.057165622849155356],[0.007215052970719558,0.002892698923608771]]","[[0.27186706640102243,0.23877364352897362],[0.08490574437159079,0.0537558915162528]]","[[1.0,1.0],[1.0,1.0]]","[[49.51717868381076,3.9577437418478505],[3.840325065895363,3.5724090770438863]]","[1.0,1.0]","[27.994748051961263,7.407432736290826]","[null,null]"
stagewise_residual_simvq_k64x4-4x4_rate094-20260730-182026,69,0.01593078,0.02311770,0.03904849,0.01259191,0.02375956,25.06242999,0.94636263,0.01259191,1,Phase2-退火(80%),0.000000,0.00000000,,9216,0.1406250000,0.0937500000,5e-05,"[0.06737112480871103,0.005504603890477921]","[0.06737112493978606,0.005504603886166242]","[[0.07620920914880655,0.05853304026165494],[0.007768050202651432,0.0032411575218214204]]","[[0.07620920914880655,0.05853304039272997],[0.007768050202651432,0.003241157513198063]]","[[0.27511289199745215,0.2409064696342857],[0.08761973905342596,0.0562830677807883]]","[[1.0,1.0],[1.0,1.0]]","[[49.84712458010073,3.953368795801092],[3.8409292031217506,3.6504057928367897]]","[1.0,1.0]","[28.070819190696433,7.487656817612825]","[0.0001460695351448117,6.474891472155124e-05]","[0.06955836418050307,0.005393523515926467]","[0.06955836420809781,0.005393523515926467]","[[0.07838540761559099,0.060731320276304526],[0.007669884183754524,0.0031171628360257106]]","[[0.07838540761559099,0.06073132011073607],[0.007669884183754524,0.003117162834301039]]","[[0.2796965120015321,0.2461250908948757],[0.08754041465344252,0.055800824170863184]]","[[1.0,1.0],[1.0,1.0]]","[[50.24783867730035,3.961877614480478],[3.8739062538853397,3.6029457604443587]]","[1.0,1.0]","[28.21546550326877,7.471527502271864]","[null,null]"
stagewise_residual_simvq_k64x4-4x4_rate094-20260730-182026,70,0.01327562,0.02286140,0.03613701,0.01253698,0.02474480,25.09178109,0.94703984,0.01253698,1,Phase2-退火(82%),0.000000,0.00000000,,9216,0.1406250000,0.0937500000,5e-05,"[0.06701275189579636,0.005191873454626787]","[0.06701275189579636,0.005191873453764452]","[[0.07562471116996473,0.05840079195245548],[0.00735616456820733,0.003027582282407416]]","[[0.07562471116996473,0.05840079204903709],[0.00735616456820733,0.003027582283269752]]","[[0.2746393370131652,0.24124114687244097],[0.08560622926387522,0.05488766202772105]]","[[1.0,1.0],[1.0,1.0]]","[[49.86134112322772,3.956297147274017],[3.865974169307285,3.626759281423357]]","[1.0,1.0]","[28.08708410616274,7.4882826849266335]","[9.26561599111732e-05,4.737917745808739e-05]","[0.0732270291282071,0.005033509364282643]","[0.07322702934896505,0.005033509367731987]","[[0.08216820110877356,0.064285856788909],[0.007133466508929376,0.0029335521954905104]]","[[0.08216820110877356,0.06428585700966694],[0.007133466508929376,0.0029335521920411676]]","[[0.2863558252652486,0.2532148962771451],[0.08442212873035007,0.05412783137074223]]","[[1.0,1.0],[1.0,1.0]]","[[50.80336803860135,3.9586778587765163],[3.878536969644052,3.62322429727625]]","[1.0,1.0]","[28.359684103506584,7.497065925598145]","[null,null]"
stagewise_residual_simvq_k64x4-4x4_rate094-20260730-182026,71,0.01328425,0.02290186,0.03618611,0.01333313,0.02443531,24.84768610,0.94557344,0.01253698,0,Phase2-退火(83%),0.000000,0.00000000,,9216,0.1406250000,0.0937500000,5e-05,"[0.06742711539069811,0.005021861961749555]","[0.06742711542519154,0.005021861967354737]","[[0.07598294322551401,0.05887128724544136],[0.007098357699363044,0.0029453661784322725]]","[[0.07598294322551401,0.05887128731442822],[0.007098357699363044,0.002945366182743951]]","[[0.27524004451654577,0.24216475445363256],[0.08408524496135888,0.05412489686989122]]","[[1.0,1.0],[1.0,1.0]]","[[49.884900163721156,3.9554231091781897],[3.8689345682108844,3.6244911392529806]]","[1.0,1.0]","[28.08992237161707,7.488855441411336]","[9.667082682022334e-05,4.4367041499316215e-05]","[0.0711057373770961,0.00607478163998436]","[0.07110573721152764,0.006074781626186989]","[[0.08003405807194887,0.06217741601996952],[0.008502449643694692,0.0036471135120976854]]","[[0.08003405807194887,0.06217741610275374],[0.008502449643694692,0.0036471135000249854]]","[[0.2826427146240517,0.2490613009090777],[0.09215705466491204,0.06033771912808771]]","[[1.0,1.0],[1.0,1.0]]","[[51.22816803543656,3.964063036883319],[3.8733594523535833,3.7062111183449074]]","[1.0,1.0]","[28.497283243249964,7.5774074625085905]","[null,null]"
stagewise_residual_simvq_k64x4-4x4_rate094-20260730-182026,72,0.01329214,0.02302307,0.03631521,0.01396729,0.02382281,24.59869573,0.94146089,0.01253698,0,Phase2-退火(85%),0.000000,0.00000000,,9216,0.1406250000,0.0937500000,5e-05,"[0.06769548488987817,0.0051985618386728065]","[0.06769548482089131,0.0051985618386728065]","[[0.07623251364048984,0.05915845559427032],[0.007338414956056686,0.0030587086872266673]]","[[0.07623251364048984,0.0591584555528782],[0.007338414956056686,0.003058708685070828]]","[[0.2757485859923893,0.2428216683919783],[0.08542663104556225,0.05509510442476582]]","[[1.0,1.0],[1.0,1.0]]","[[49.92294350376836,3.9566010828371403],[3.8679531662552447,3.6194224534211337]]","[1.0,1.0]","[28.104945906886346,7.482465317514207]","[9.81431731175959e-05,4.6693378731611626e-05]","[0.06524020645905423,0.0095589445558963]","[0.06524020645905423,0.0095589445558963]","[[0.07373577541223279,0.05674463676081763],[0.012951543478778116,0.006166345557128941]]","[[0.07373577541223279,0.05674463681600712],[0.012951543478778116,0.006166345564027628]]","[[0.2713222704551838,0.2379600797538404],[0.11372590638973094,0.07842807813926979]]","[[1.0,1.0],[1.0,1.0]]","[[49.19534426088686,3.953777145456385],[3.899908373090956,3.812998671001858]]","[1.0,1.0]","[27.889838550708912,7.71224468725699]","[null,null]"
stagewise_residual_simvq_k64x4-4x4_rate094-20260730-182026,73,0.01558177,0.02311335,0.03869512,0.04314315,0.02190982,19.69896658,0.86475486,0.01253698,0,Phase2-退火(87%),0.000000,0.00000000,,9216,0.1406250000,0.0937500000,5e-05,"[0.06795378459134588,0.00530199578066391]","[0.06795378455685244,0.00530199578454442]","[[0.07648961722022957,0.05941795175550161],[0.007354654233764719,0.0032493373051423716]]","[[0.07648961722022957,0.05941795166581869],[0.007354654233764719,0.0032493373146280646]]","[[0.2761567760396887,0.2432620701690515],[0.08456509174020202,0.05528874144096065]]","[[0.9999421296296296,1.0],[1.0,1.0]]","[[49.66198996791133,3.9576362508314626],[3.865583125750224,3.5997644314059505]]","[0.9999455337690633,1.0]","[28.030357163040726,7.459705892315617]","[0.00013739764340075285,5.7870463118618954e-05]","[0.06230641413066122,0.006886781810748356]","[0.06230641407547174,0.006886781807299014]","[[0.0716068356125443,0.05300599234523597],[0.009645284181115803,0.004128279416235509]]","[[0.0716068356125443,0.053005992152072766],[0.009645284181115803,0.0041282794145108374]]","[[0.2675010204315186,0.2301378630929523],[0.09818495523046564,0.06422831410611117]]","[[1.0,1.0],[1.0,1.0]]","[[47.38406804402669,3.979044442706638],[3.7453873740302193,3.794626403737951]]","[1.0,1.0]","[27.457917050962095,7.539636919233534]","[null,null]"
stagewise_residual_simvq_k64x4-4x4_rate094-20260730-182026,74,0.01537529,0.02133021,0.03670550,0.01254764,0.02157086,25.07099314,0.94684268,0.01253698,0,Phase2-退火(88%),0.000000,0.00000000,,9216,0.1406250000,0.0937500000,5e-05,"[0.06255095118863715,0.005109597285519595]","[0.06255095118173847,0.005109597287244267]","[[0.07150649983021948,0.053595402036552074],[0.007178549859155383,0.003040644679977386]]","[[0.07150649983021948,0.053595402084842876],[0.007178549859155383,0.0030406446791150506]]","[[0.26693975213501187,0.23094618582615145],[0.08400417644944456,0.05428511985336189]]","[[1.0,1.0],[1.0,1.0]]","[[50.10340190463596,3.955315055229046],[3.8035702131412648,3.6327905080936573]]","[1.0,1.0]","[28.150769332603172,7.430867519202056]","[0.00014498314283426024,6.0081892287497697e-05]","[0.06288955120576753,0.0054960086424317624]","[0.06288955120576753,0.005496008649330448]","[[0.07151332707316788,0.054265774620903866],[0.007704136310214246,0.0032878809246338074]]","[[0.07151332707316788,0.054265774565714374],[0.007704136310214246,0.003287880938431179]]","[[0.26718021664354535,0.23267644113964506],[0.08772355318069458,0.05729223624975593]]","[[1.0,1.0],[1.0,1.0]]","[[49.87697307445385,3.9480695618523494],[3.905793520256325,3.710512242493806]]","[1.0,1.0]","[28.06226268344455,7.613505200986509]","[null,null]"
stagewise_residual_simvq_k64x4-4x4_rate094-20260730-182026,75,0.01277404,0.02200693,0.03478097,0.01289522,0.02538387,25.01386599,0.94731174,0.01253698,0,Phase2-退火(90%),0.000000,0.00000000,,9216,0.1406250000,0.0937500000,5e-05,"[0.06530293097926511,0.00465384518287869]","[0.06530293097926511,0.004653845184172193]","[[0.07391051792850097,0.05669534363680416],[0.006553182595719894,0.002754507711398657]]","[[0.07391051792850097,0.05669534351262781],[0.006553182595719894,0.0027545077088116494]]","[[0.2715563494850088,0.2377483367368027],[0.08078722512280499,0.0523411276301852]]","[[1.0,1.0],[1.0,1.0]]","[[49.909240630820946,3.9547601094952336],[3.8643066066282765,3.6008460742455943]]","[1.0,1.0]","[28.09509080251058,7.459891529436464]","[9.030347190235733e-05,3.9084376870353786e-05]","[0.07596726362352017,0.004782831268729987]","[0.0759672635683307,0.004782831268729987]","[[0.08508217136065165,0.06685235596917294],[0.006702672286580006,0.0028629902491552964]]","[[0.08508217136065165,0.06685235585879397],[0.006702672286580006,0.0028629902457059536]]","[[0.2913526685149581,0.25817828708224827],[0.08181498762634065,0.05345160017410914]]","[[1.0,1.0],[1.0,1.0]]","[[51.19683026914243,3.966107017022592],[3.8685096934989645,3.5739206225783735]]","[1.0,1.0]","[28.496012977317527,7.436172944528085]","[null,null]"
stagewise_residual_simvq_k64x4-4x4_rate094-20260730-182026,76,0.01279327,0.02222730,0.03502057,0.01273480,0.02120338,25.01152369,0.94546782,0.01253698,0,Phase2-退火(92%),0.000000,0.00000000,,9216,0.1406250000,0.0937500000,5e-05,"[0.06608768954045242,0.004652010761115148]","[0.06608768965773008,0.0046520107593904765]","[[0.07462801135800502,0.05754736748834451],[0.006530020928389772,0.0027740005571912562]]","[[0.07462801135800502,0.05754736763321691],[0.006530020928389772,0.002774000552017242]]","[[0.27280110595402896,0.23945496636960242],[0.08058656411314452,0.05246688337927615]]","[[1.0,1.0],[1.0,1.0]]","[[49.87234112774884,3.9538491112214547],[3.8690599295828076,3.579602133344721]]","[1.0,1.0]","[28.08070842248422,7.442270787556966]","[9.65976497658024e-05,3.945262179614575e-05]","[0.06353352812153322,0.003985187371640846]","[0.06353352823191219,0.003985187381988874]","[[0.07182133401985522,0.05524572167131636],[0.005629063659796009,0.0023413110714129827]]","[[0.07182133401985522,0.05524572178169533],[0.005629063659796009,0.0023413110748623255]]","[[0.2677380422751109,0.23475195169448854],[0.07498736370492864,0.04834963086026686]]","[[1.0,1.0],[1.0,1.0]]","[[49.483153618706595,3.9512168142530655],[3.855163005546287,3.484590267252039]]","[1.0,1.0]","[27.96233383461281,7.329930697547065]","[null,null]"
stagewise_residual_simvq_k64x4-4x4_rate094-20260730-182026,77,0.01265173,0.02216614,0.03481788,0.01241476,0.02293396,25.13136797,0.94833415,0.01241476,1,Phase2-退火(93%),0.000000,0.00000000,,9216,0.1406250000,0.0937500000,5e-05,"[0.06618357578775397,0.004451327059090276]","[0.06618357576015922,0.00445132706210845]","[[0.07468618499460043,0.05768096623597322],[0.006226275141212951,0.002676378951959864]]","[[0.07468618499460043,0.0576809661462903],[0.006226275141212951,0.0026763789571338783]]","[[0.27289384976029396,0.2397113018841655],[0.07873783402696803,0.0515691926219949]]","[[1.0,1.0],[1.0,1.0]]","[[49.91579014813458,3.9524573626341644],[3.8683704636715075,3.5841552319350067]]","[1.0,1.0]","[28.088451618618436,7.446375258763632]","[9.764520905769637e-05,3.739255155239705e-05]","[0.0689406479674357,0.004170027061331051]","[0.06894064802262519,0.004170027063055723]","[[0.07762357702961674,0.060257718794875674],[0.005776462872961053,0.0025635912134829497]]","[[0.07762357702961674,0.060257718905254644],[0.005776462872961053,0.0025635912307296637]]","[[0.278302072374909,0.24512234230836233],[0.07594414701064428,0.05056298181966499]]","[[1.0,1.0],[1.0,1.0]]","[[50.44449703075268,3.9450585700847483],[3.875281994431107,3.499086003833347]]","[1.0,1.0]","[28.210722831443505,7.3643577328434695]","[null,null]"
stagewise_residual_simvq_k64x4-4x4_rate094-20260730-182026,78,0.01531239,0.02164390,0.03695629,0.01248701,0.02139259,25.09619276,0.94639134,0.01241476,0,Phase2-退火(95%),0.000000,0.00000000,,9216,0.1406250000,0.0937500000,5e-05,"[0.06439943429496553,0.004629579624506059]","[0.06439943422597867,0.004629579624074891]","[[0.07325846800511635,0.05554040030196861],[0.0064101419196015705,0.0028490172957794536]]","[[0.07325846800511635,0.055540400108805406],[0.0064101419196015705,0.0028490172981508765]]","[[0.27010520431730484,0.2350403401862692],[0.07941566395262876,0.052596841511075146]]","[[0.9999710648148148,1.0],[1.0,1.0]]","[[50.01351994408502,3.954394667678409],[3.8112286430818063,3.566386630358519]]","[0.9999727668845316,1.0]","[28.121239934144196,7.371124326741254]","[0.0001478159687125029,4.58230876894824e-05]","[0.06426704459720188,0.00398974156835013]","[0.06426704456960713,0.003989741558002101]","[[0.07286194060687666,0.055672148477148124],[0.005560920404753199,0.0024185626957289597]]","[[0.07286194060687666,0.055672148449553385],[0.005560920404753199,0.002418562687105603]]","[[0.2696709366860213,0.23565381202432845],[0.07450826041124485,0.049111312351844925]]","[[1.0,1.0],[1.0,1.0]]","[[49.93741147076642,3.9582634572629574],[3.885872477072257,3.4168946619387026]]","[1.0,1.0]","[28.115448874014394,7.287252136513039]","[null,null]"
stagewise_residual_simvq_k64x4-4x4_rate094-20260730-182026,79,0.01235890,0.02160635,0.03396525,0.01244198,0.02273289,25.14812261,0.94819867,0.01241476,0,Phase2-退火(97%),0.000000,0.00000000,,9216,0.1406250000,0.0937500000,5e-05,"[0.06484048109225653,0.004161141494168313]","[0.06484048108535784,0.004161141496324153]","[[0.07339275558651598,0.05628820605300091],[0.00578262981855207,0.002539653148226164]]","[[0.07339275558651598,0.056288206073696966],[0.00578262981855207,0.0025396531503820035]]","[[0.27056095183447554,0.2368475079536438],[0.07589585714870029,0.050240969871757205]]","[[1.0,1.0],[1.0,1.0]]","[[49.88767374533194,3.950117642791183],[3.862589614921146,3.5441765979484274]]","[1.0,1.0]","[28.072059998688875,7.3991652391575]","[9.380966459031225e-05,3.367323398648565e-05]","[0.06835690929933831,0.004246794178874956]","[0.06835690952009625,0.004246794177150285]","[[0.07715202917655309,0.059561788870228664],[0.005774867596725622,0.0027187207110088182]]","[[0.07715202917655309,0.05956178900820237],[0.005774867596725622,0.002718720705834804]]","[[0.2774727946078336,0.24372110587579232],[0.07590502837189922,0.05202005593865006]]","[[1.0,1.0],[1.0,1.0]]","[[50.493660086172596,3.947677331500583],[3.894419318658334,3.53029886175085]]","[1.0,1.0]","[28.23386626066985,7.415372618922481]","[null,null]"
stagewise_residual_simvq_k64x4-4x4_rate094-20260730-182026,80,0.01226929,0.02159183,0.03386113,0.01203723,0.02108582,25.26421502,0.94811792,0.01203723,1,Phase2-退火(98%),0.000000,0.00000000,,9216,0.1406250000,0.0937500000,5e-05,"[0.06481979469320288,0.004204009244373689]","[0.06481979461041866,0.004204009245667193]","[[0.0733247111103049,0.05631487791736921],[0.005743877042550594,0.0026641414397292665]]","[[0.0733247111103049,0.056314877793192865],[0.005743877042550594,0.0026641414380045953]]","[[0.2704455726676517,0.23691190914423377],[0.0755581662127817,0.05134443653126557]]","[[1.0,1.0],[1.0,1.0]]","[[49.927850808037654,3.9482768102928443],[3.8409119530960365,3.5033860246340436]]","[1.0,1.0]","[28.077213799511945,7.335738042548851]","[9.333177471557132e-05,3.217184678558422e-05]","[0.06349983855530068,0.0039096338864139935]","[0.06349983858289542,0.0039096338812399795]","[[0.07194867859835978,0.05505099779477826],[0.005295667366159183,0.0025236003868350826]]","[[0.07194867859835978,0.055050997877562485],[0.005295667366159183,0.0025236003730377114]]","[[0.26797322796450723,0.23433278832170698],[0.07264970226420296,0.050057783115793154]]","[[1.0,1.0],[1.0,1.0]]","[[50.00241687915943,3.953843503528171],[3.8084704257823803,3.4996211599420617]]","[1.0,1.0]","[28.118073456375686,7.301111648700855]","[null,null]"
stagewise_residual_simvq_k64x4-4x4_rate094-20260730-182026,81,0.01214479,0.02124808,0.03339287,0.01254862,0.02139874,25.11826835,0.94808967,0.01203723,0,Phase3-微调,0.000000,0.00000000,,9216,0.1406250000,0.0937500000,5e-05,"[0.06389320808014384,0.004100651697566112]","[0.06389320806634646,0.004100651699721951]","[[0.07236878224131134,0.05541763357404206],[0.005463505444047904,0.0027377979045181914]]","[[0.07236878224131134,0.055417633560244685],[0.005463505444047904,0.0027377979012844327]]","[[0.26865869087201577,0.23499968708665284],[0.07363059066787914,0.05190491218257833]]","[[1.0,1.0],[1.0,1.0]]","[[49.872125166433825,3.945021834638384],[3.7962338041376182,3.4658237479351186]]","[1.0,1.0]","[28.04931814405653,7.25374635413841]","[9.354901714552263e-05,2.5400571586134093e-05]","[0.06404336453587921,0.0044326135509268]","[0.06404336467385292,0.004432613554376143]","[[0.07261498142723684,0.055471747285789914],[0.00582631835024114,0.0030389087059086673]]","[[0.07261498142723684,0.05547174745135837],[0.00582631835024114,0.0030389087041839957]]","[[0.26920742690563204,0.23521782755851744],[0.07607806120757703,0.05472539511543733]]","[[1.0,1.0],[1.0,1.0]]","[[50.30935609605577,3.934378387309887],[3.7753286449997514,3.5013141261206733]]","[1.0,1.0]","[28.13476606298376,7.271054518664324]","[null,null]"
stagewise_residual_simvq_k64x4-4x4_rate094-20260730-182026,82,0.01209630,0.02137965,0.03347596,0.01209529,0.02270148,25.24966783,0.94844610,0.01203723,0,Phase3-微调,0.025000,0.03518519,8.40466392,9216,0.1406250000,0.0937500000,5e-05,"[0.06419298833719006,0.0042218986032013265]","[0.06419298841307561,0.004221898601476655]","[[0.07266170190716231,0.055724274394688786],[0.005578237394284871,0.0028655598004762497]]","[[0.07266170190716231,0.05572427451196644],[0.005578237394284871,0.0028655597927152283]]","[[0.2691879642230493,0.23562977854852324],[0.07430488420995297,0.05293120092677849]]","[[1.0,1.0],[1.0,1.0]]","[[49.92512580730297,3.9437856956764503],[3.762026812412121,3.451831151820995]]","[1.0,1.0]","[28.060069847106934,7.206418470983152]","[9.443980330548517e-05,2.966687896804177e-05]","[0.06759477931040304,0.005049952869820926]","[0.06759477931040304,0.005049952880168954]","[[0.07633959043909003,0.058849968292095045],[0.006553954151631506,0.003545951558690932]]","[[0.07633959043909003,0.05884996812652658],[0.006553954151631506,0.003545951569038961]]","[[0.27599045303132796,0.24223724890638282],[0.08050774043356931,0.058802885672560444]]","[[1.0,1.0],[1.0,1.0]]","[[50.56174135561343,3.941710846512406],[3.6207270869502315,3.5168581821300364]]","[1.0,1.0]","[28.23156175966616,7.136439786133943]","[null,null]"
stagewise_residual_simvq_k64x4-4x4_rate094-20260730-182026,83,0.01203980,0.02124768,0.03328748,0.01194633,0.01999677,25.27749022,0.94809174,0.01194633,1,Phase3-微调,0.050000,0.05185185,5.88246850,9216,0.1406250000,0.0937500000,5e-05,"[0.063649940131991,0.004342647948026381]","[0.06364994007680151,0.00434264795018222]","[[0.07210566789187767,0.055194211840905526],[0.005688910925312451,0.00299638494594816]]","[[0.07210566789187767,0.05519421181331078],[0.005688910925312451,0.0029963849498286705]]","[[0.26816705117623013,0.23451857428859782],[0.07486423657586178,0.05385994642145104]]","[[1.0,1.0],[1.0,1.0]]","[[49.9365332002993,3.941028134028117],[3.717827896718626,3.4507058470337477]]","[1.0,1.0]","[28.053730918742993,7.16281194863496]","[9.376839956261123e-05,2.723418562406247e-05]","[0.06056892372391842,0.0034207324652622143]","[0.060568923696323676,0.0034207324704362287]","[[0.0689112201333046,0.05222662687301636],[0.004556284879368764,0.0022851800416699712]]","[[0.0689112201333046,0.052226626928205844],[0.004556284879368764,0.002285180043394643]]","[[0.262242481664375,0.22822261419561174],[0.06725604164379614,0.04740523958095798]]","[[1.0,1.0],[1.0,1.0]]","[[49.731453365749786,3.9356405911622225],[3.59228862479881,3.2825692971547444]]","[1.0,1.0]","[27.97709987781666,6.86733736815276]","[null,null]"
stagewise_residual_simvq_k64x4-4x4_rate094-20260730-182026,84,0.01670600,0.02643578,0.04314178,0.01225160,0.02220674,25.17839382,0.94837862,0.01194633,0,Phase3-微调,0.075000,0.08518519,7.71283971,9216,0.1406250000,0.0937500000,5e-05,"[0.06637145181496938,0.01822304708443375]","[0.06637145171838778,0.01822304797263954]","[[0.07524106904036469,0.0575018342860319],[0.019782521682187776,0.01666357347383854]]","[[0.07524106904036469,0.05750183415495687],[0.019782521682187776,0.016663574368080677]]","[[0.27193863317370415,0.23699980643060473],[0.08525522627212383,0.06488190987319858]]","[[0.9995659722222222,1.0],[1.0,1.0]]","[[49.53177785873413,3.942954616634934],[3.2663512649359525,3.283098938730028]]","[0.9995915032679739,1.0]","[27.932730462816025,6.541318926987825]","[0.0001784739391479417,0.00010437620127824496]","[0.06573254993116415,0.005329026057626363]","[0.06573254982078516,0.005329026061075705]","[[0.07469454639487796,0.056770553357071346],[0.006845560073162671,0.003812492038640711]]","[[0.07469454639487796,0.05677055321909763],[0.006845560073162671,0.0038124920369160395]]","[[0.27303947629751985,0.23796305159727732],[0.08248279453427704,0.06134910045398606]]","[[1.0,1.0],[1.0,1.0]]","[[50.727047475179035,3.9214884404782895],[3.4382311785662614,3.812885706513016]]","[1.0,1.0]","[28.205145970097295,7.2412998552675605]","[null,null]"
stagewise_residual_simvq_k64x4-4x4_rate094-20260730-182026,85,0.01187476,0.02136069,0.03323545,0.01208391,0.02212240,25.23171022,0.94816046,0.01194633,0,Phase3-微调,0.100000,0.10000000,6.35169336,9216,0.1406250000,0.0937500000,5e-05,"[0.06341158190259227,0.004942635052268289]","[0.0634115818887949,0.004942635056579968]","[[0.07202540689182502,0.0547977565822226],[0.006227897547392382,0.003657372530842959]]","[[0.07202540689182502,0.05479775652013443],[0.006227897547392382,0.003657372530196207]]","[[0.2680667994198976,0.23372720187460935],[0.07839080063557183,0.059650506389637786]]","[[1.0,1.0],[1.0,1.0]]","[[49.91926410816334,3.937070360890141],[3.6220436065285293,3.6978990576885367]]","[1.0,1.0]","[28.034874665295636,7.3188944569340455]","[8.883021052531183e-05,3.05819949685597e-05]","[0.06569382087500007,0.005097844667249807]","[0.06569382093018955,0.005097844667249807]","[[0.07450412191726544,0.05688351939121882],[0.006379362802814554,0.0038163264902929465]]","[[0.07450412191726544,0.05688351939121882],[0.006379362802814554,0.003816326492017618]]","[[0.2726621209471314,0.2381666362285614],[0.07940645692525086,0.061040679586154445]]","[[1.0,1.0],[1.0,1.0]]","[[50.3714764630353,3.9305382675594753],[3.6813963413238526,3.6874687830607096]]","[1.0,1.0]","[28.138396072387696,7.368758879767524]","[null,null]"
stagewise_residual_simvq_k64x4-4x4_rate094-20260730-182026,86,0.01356380,0.02295050,0.03651430,0.01215722,0.02107660,25.20522369,0.94770798,0.01194633,0,Phase3-微调,0.125000,0.12777778,7.74443994,9216,0.1406250000,0.0937500000,5e-05,"[0.06737969970261609,0.006061904856512599]","[0.06737969966812266,0.006061904844439899]","[[0.0762595837590871,0.05849981525981868],[0.007426092144602013,0.0046977174899506344]]","[[0.0762595837590871,0.05849981523912262],[0.007426092144602013,0.004697717483267533]]","[[0.27462494856229536,0.2400166123829506],[0.07943540925367011,0.06121172250972854]]","[[1.0,1.0],[0.9990740740740741,0.9972222222222222]]","[[49.7499002456665,3.942492468268783],[3.440556640095181,3.2308039294348823]]","[1.0,0.9981481481481481]","[28.0023520010489,6.657091435679683]","[0.0001467518519348232,7.733647986006636e-05]","[0.06376496525826278,0.0036801612435805576]","[0.06376496523066803,0.0036801612418558864]","[[0.07254555131550189,0.05498437892507624],[0.004816890030202491,0.002543432418153518]]","[[0.07254555131550189,0.05498437889748149],[0.004816890030202491,0.002543432418153518]]","[[0.2691072475027155,0.23421753137199966],[0.06927792440961908,0.05027468588065218]]","[[1.0,1.0],[1.0,1.0]]","[[49.965928875958475,3.9411018954383],[3.575524257730555,2.9597833968974925]]","[1.0,1.0]","[28.062519638626664,6.506047174665663]","[null,null]"
stagewise_residual_simvq_k64x4-4x4_rate094-20260730-182026,87,0.01193201,0.02150966,0.03344166,0.01344276,0.02058875,24.85258999,0.94414078,0.01194633,0,Phase3-微调,0.150000,0.17407407,7.81779622,9216,0.1406250000,0.0937500000,5e-05,"[0.06458167559984658,0.004249230385068114]","[0.06458167562054264,0.004249230387655121]","[[0.07325311264506093,0.05591023838216508],[0.0055454419710224976,0.002953018773890411]]","[[0.07325311264506093,0.05591023834767165],[0.0055454419710224976,0.0029530187771241697]]","[[0.2702971531837075,0.23604534097291804],[0.07410231549292803,0.0538138751078535]]","[[1.0,1.0],[1.0,1.0]]","[[49.847884538438585,3.9410871686758817],[3.5819832179281446,3.3791776952920136]]","[1.0,1.0]","[28.028644141444452,6.956400790920964]","[9.158601500261014e-05,4.028795562455209e-05]","[0.06242893136761807,0.0034550752473512182]","[0.06242893145040229,0.003455075250800561]","[[0.07116662426679222,0.053691238468443904],[0.004589826368761284,0.0023203240810996954]]","[[0.07116662426679222,0.053691238744391336],[0.004589826368761284,0.002320324082824367]]","[[0.2665543885142715,0.2314672569433848],[0.06756885004816232,0.047875240555515994]]","[[1.0,1.0],[1.0,1.0]]","[[50.279428976553454,3.926557766949689],[3.5742168143943505,3.3980645780210144]]","[1.0,1.0]","[28.09852655198839,6.969902148070159]","[null,null]"
stagewise_residual_simvq_k64x4-4x4_rate094-20260730-182026,88,0.01290177,0.02197106,0.03487283,0.01618797,0.02589156,24.10656594,0.93317291,0.01194633,0,Phase3-微调,0.175000,0.20370370,7.40619646,9216,0.1406250000,0.0937500000,5e-05,"[0.06536554202299427,0.004941848526639795]","[0.06536554207128507,0.004941848522328116]","[[0.0741295164037082,0.056601567262852634],[0.006276752215085758,0.00360694480736533]]","[[0.0741295164037082,0.05660156729044737],[0.006276752215085758,0.0036069448054250742]]","[[0.27163343895916586,0.23716495373734722],[0.07767383445192266,0.05806762488489901]]","[[1.0,1.0],[1.0,1.0]]","[[50.02722043637876,3.93455710278617],[3.6500277528056393,3.4501069479518467]]","[1.0,1.0]","[28.055722007045038,7.096696459805524]","[0.00011654701994066946,4.922802022520045e-05]","[0.07839269560796243,0.004460291047063139]","[0.07839269549758346,0.004460291047063139]","[[0.08926673498418596,0.06751865620414416],[0.005674336088338384,0.003246245960946436]]","[[0.08926673498418596,0.06751865592819672],[0.005674336088338384,0.003246245962671108]]","[[0.2985512731251893,0.2596076944360027],[0.07530859769494445,0.05695993387036853]]","[[1.0,1.0],[1.0,1.0]]","[[52.11854581479673,3.983186787146109],[3.4367576510817917,3.169330351440995]]","[1.0,1.0]","[28.813086884110064,6.60036173220034]","[null,null]"
stagewise_residual_simvq_k64x4-4x4_rate094-20260730-182026,89,0.01196109,0.02149990,0.03346099,0.01189188,0.02204384,25.30511750,0.94867819,0.01189188,1,Phase3-微调,0.200000,0.20370370,7.10430111,9216,0.1406250000,0.0937500000,5e-05,"[0.06456587676786714,0.004233807333555348]","[0.06456587676786714,0.004233807334848852]","[[0.07335950508023854,0.055772248103662776],[0.005452749648786805,0.0030148649827525433]]","[[0.07335950508023854,0.055772248103662776],[0.005452749648786805,0.003014864983399295]]","[[0.27046767067578104,0.2357191612323125],[0.07294425137892917,0.053654283098876474]]","[[1.0,1.0],[1.0,1.0]]","[[49.94088949980559,3.94160190820694],[3.5556155235679063,3.164323850472768]]","[1.0,1.0]","[28.05713688885724,6.704611100090874]","[9.71710326026638e-05,3.603571238744297e-05]","[0.06582257380640065,0.0047177197239189235]","[0.06582257399956386,0.004717719713570895]","[[0.07471760599701494,0.05692754147781266],[0.006242003247003865,0.0031934361473691685]]","[[0.07471760599701494,0.05692754180894958],[0.006242003247003865,0.003193436145644497]]","[[0.27308926063555256,0.2383003963364495],[0.07883320688097566,0.05623084268084279]]","[[1.0,1.0],[1.0,1.0]]","[[50.28873175161856,3.9376852565341527],[3.5232109758589,3.3320667372809516]]","[1.0,1.0]","[28.140915722317168,6.852538546809444]","[null,null]"
stagewise_residual_simvq_k64x4-4x4_rate094-20260730-182026,90,0.01178146,0.02111510,0.03289656,0.01221484,0.02000922,25.18471784,0.94564255,0.01189188,0,Phase3-微调,0.225000,0.21296296,8.07503394,9216,0.1406250000,0.0937500000,5e-05,"[0.06313616089108917,0.004432147761582638]","[0.0631361608841905,0.004432147759857967]","[[0.0717815718303124,0.05449074973800668],[0.005706036075328787,0.0031582594211040822]]","[[0.0717815718303124,0.05449074975870274],[0.005706036075328787,0.0031582594195949947]]","[[0.26753735614043694,0.23298710990283225],[0.07503689920046815,0.0554125782792215]]","[[1.0,1.0],[1.0,1.0]]","[[49.88287333735713,3.933717916188417],[3.579806208169019,3.3088118310327883]]","[1.0,1.0]","[28.012251098067672,6.882988344298469]","[9.423478467296162e-05,3.0186429424887778e-05]","[0.059330185392388594,0.004699321015289536]","[0.059330185392388594,0.004699321022188222]","[[0.06777333288832947,0.050887037344552855],[0.005974964628478995,0.0034236773934767204]]","[[0.06777333288832947,0.05088703739974234],[0.005974964628478995,0.0034236773934767204]]","[[0.26007901706077435,0.22528861032591926],[0.07682011502760427,0.05773916448707934]]","[[1.0,1.0],[1.0,1.0]]","[[49.41772986518012,3.9281040297614203],[3.6127271263687697,3.304168941356518]]","[1.0,1.0]","[27.861981554384585,6.909912201210305]","[null,null]"
stagewise_residual_simvq_k64x4-4x4_rate094-20260730-182026,91,0.01362867,0.02146958,0.03509826,0.01177731,0.02104181,25.34997169,0.94993276,0.01177731,1,Phase3-微调,0.250000,0.23888889,7.42456963,9216,0.1406250000,0.0937500000,5e-05,"[0.06275522067315048,0.005947447259893158]","[0.06275522060416362,0.005947447262480165]","[[0.0714868353334842,0.054023605523010096],[0.007380350423476624,0.0045145440598760075]]","[[0.0714868353334842,0.05402360541952981],[0.007380350423476624,0.0045145440387487825]]","[[0.2667765236011258,0.23171723167653438],[0.07899896817074882,0.05866025606929152]]","[[0.9999131944444445,1.0],[1.0,1.0]]","[[49.65079554098624,3.9359010639014067],[3.5377573088363365,3.3108631858119257]]","[0.9999183006535949,1.0]","[27.949788238384105,6.839041057339421]","[0.00013168277395447217,6.357154683158754e-05]","[0.06303751126483635,0.0042962743262587874]","[0.06303751132002583,0.004296274324534116]","[[0.07181542463324687,0.05425959786883107],[0.005633841261819557,0.002958707312225468]]","[[0.07181542463324687,0.054259597813641584],[0.005633841261819557,0.002958707324298168]]","[[0.26773040095965067,0.23264360637576492],[0.0748410689610022,0.05403664575682746]]","[[1.0,1.0],[1.0,1.0]]","[[49.99481017501266,3.9303624718277543],[3.3395450715665462,3.6684233294592965]]","[1.0,1.0]","[28.032414824874312,7.000013920112893]","[null,null]"
stagewise_residual_simvq_k64x4-4x4_rate094-20260730-182026,92,0.01171894,0.02103325,0.03275219,0.01168475,0.02077470,25.39042456,0.95028850,0.01168475,1,Phase3-微调,0.275000,0.29814815,7.83087544,9216,0.1406250000,0.0937500000,5e-05,"[0.06277525459450704,0.004531135149645033]","[0.06277525450482413,0.0045311351513697045]","[[0.07146332116314659,0.05408718776371744],[0.005841466328301639,0.0032208039541728795]]","[[0.07146332116314659,0.05408718758435161],[0.005841466328301639,0.003220803951585872]]","[[0.26696271143025824,0.23213604211255356],[0.07587947280456622,0.0558744837426477]]","[[1.0,1.0],[1.0,1.0]]","[[49.90316595148157,3.9278437195000824],[3.4975126019230593,3.713324874418753]]","[1.0,1.0]","[27.997692708615904,7.206798255002057]","[8.900889774344654e-05,3.111568681662094e-05]","[0.06193569062484635,0.004543360076085837]","[0.06193569090079378,0.004543360060563794]","[[0.07061785671997953,0.05325352483325534],[0.005826640832755301,0.003260079248704844]]","[[0.07061785671997953,0.053253525136797514],[0.005826640832755301,0.0032600792383568156]]","[[0.2654920481973224,0.2304779499769211],[0.07588506594852165,0.056346127666808944]]","[[1.0,1.0],[1.0,1.0]]","[[50.091621822781036,3.9213163835031013],[3.543018694277163,3.654147900475396]]","[1.0,1.0]","[28.027402750651042,7.196146933237712]","[null,null]"
stagewise_residual_simvq_k64x4-4x4_rate094-20260730-182026,93,0.01171512,0.02098989,0.03270502,0.01245616,0.01968340,25.13702140,0.94835634,0.01168475,0,Phase3-微调,0.300000,0.27592593,7.43920702,9216,0.1406250000,0.0937500000,5e-05,"[0.06237990895493163,0.004787753559476524]","[0.06237990894113426,0.004787753554302509]","[[0.0709845986424221,0.05377521897079768],[0.006107012652447103,0.0034684944421449608]]","[[0.0709845986424221,0.05377521894320294],[0.006107012652447103,0.003468494444516384]]","[[0.26610112289587656,0.23150946467562958],[0.07727387045958528,0.05747741244871307]]","[[1.0,1.0],[1.0,1.0]]","[[49.80383246386493,3.921226613168363],[3.578904793439088,3.70585531923506]]","[1.0,1.0]","[27.946471627553304,7.283327646608706]","[9.018822203398924e-05,3.3529230503753987e-05]","[0.05993956702726859,0.0030473269608423665]","[0.05993956722043179,0.003047326971190395]","[[0.06843090904531655,0.051448224540109985],[0.004104842576715681,0.0019898113156496373]]","[[0.06843090904531655,0.05144822470567845],[0.004104842576715681,0.0019898113216859875]]","[[0.26135901576942866,0.22655341669365212],[0.06383919776589782,0.044187690483199225]]","[[1.0,1.0],[1.0,1.0]]","[[49.86202180650499,3.9346634758843315],[3.453607764067473,3.553671626691465]]","[1.0,1.0]","[28.010410506637008,7.006404293908013]","[null,null]"
stagewise_residual_simvq_k64x4-4x4_rate094-20260730-182026,94,0.01487886,0.02408062,0.03895947,0.01221485,0.02029034,25.19823170,0.94878371,0.01168475,0,Phase3-微调,0.325000,0.29629630,7.26514565,9216,0.1406250000,0.0937500000,5e-05,"[0.0689663279870594,0.008091643693236013]","[0.068966328083641,0.008091643805339657]","[[0.07800897299139588,0.05992368261019389],[0.009639498551755592,0.006543788815098297]]","[[0.07800897299139588,0.059923682596396514],[0.009639498551755592,0.0065437889239681815]]","[[0.27477818346685834,0.2393453450390586],[0.08349251780934908,0.06318281544717373]]","[[0.9998553240740741,1.0],[0.999537037037037,1.0]]","[[49.360271273718936,3.9509308364656235],[3.0005378043210067,2.997565397951338]]","[0.999863834422658,0.9997685185185186]","[27.92035045623779,5.995865368843079]","[0.00018846854553784297,6.990592358609622e-05]","[0.0602971033917533,0.004631989928721277]","[0.06029710341934805,0.004631989914923906]","[[0.06895400398859271,0.05164020251896646],[0.005999858708431323,0.0032641210955464176]]","[[0.06895400398859271,0.05164020265694018],[0.005999858708431323,0.003264121092097075]]","[[0.2623533012690368,0.2269696765475803],[0.07728370406009533,0.05691916233411542]]","[[1.0,1.0],[1.0,1.0]]","[[49.3536085623282,3.943621340504399],[2.810585445827908,2.958431107909591]]","[1.0,1.0]","[27.899046834309896,5.7669717011628325]","[null,null]"
stagewise_residual_simvq_k64x4-4x4_rate094-20260730-182026,95,0.01169742,0.02069297,0.03239039,0.01188328,0.02143910,25.34296765,0.94926303,0.01168475,0,Phase3-微调,0.350000,0.34444444,7.23031926,9216,0.1406250000,0.0937500000,5e-05,"[0.06202860957494488,0.004188909235462133]","[0.06202860958184357,0.004188909230719286]","[[0.07081029312340198,0.05324692582642591],[0.0056505732164994155,0.0027272452156197418]]","[[0.07081029312340198,0.05324692584022328],[0.0056505732164994155,0.002727245214541822]]","[[0.2657700524561935,0.23036100345629232],[0.07471613170648063,0.051440099171466296]]","[[1.0,1.0],[1.0,1.0]]","[[49.80124046184398,3.930758007367452],[3.306490452201278,3.5648845001503275]]","[1.0,1.0]","[27.97971500467371,6.860088658332825]","[8.815640975862388e-05,2.712729085740446e-05]","[0.06347750690248277,0.005127606496076893]","[0.06347750695767226,0.005127606494352221]","[[0.07240965791322566,0.054545355339845024],[0.006632308579153485,0.003622904419898987]]","[[0.07240965791322566,0.05454535547781874],[0.006632308579153485,0.003622904419898987]]","[[0.26882904414777403,0.23324429944709496],[0.08100890660727465,0.05951002173953586]]","[[1.0,1.0],[1.0,1.0]]","[[50.4828412939001,3.9243991763503465],[3.704255787531535,3.452224870964333]]","[1.0,1.0]","[28.14792849222819,7.151949313834861]","[null,null]"
stagewise_residual_simvq_k64x4-4x4_rate094-20260730-182026,96,0.01161737,0.02076458,0.03238195,0.01225011,0.01876069,25.16388114,0.94648023,0.01168475,0,Phase3-微调,0.375000,0.37222222,7.18978381,9216,0.1406250000,0.0937500000,5e-05,"[0.062048524852704116,0.004398146806353772]","[0.06204852486650149,0.004398146803766765]","[[0.07080672742040069,0.05329032203665486],[0.005743504614845194,0.003052788976519541]]","[[0.07080672742040069,0.053290322043553544],[0.005743504614845194,0.0030527889743637016]]","[[0.26578987122133924,0.23048745545524138],[0.0752669370767695,0.05444224973519643]]","[[1.0,1.0],[1.0,1.0]]","[[49.91093704788773,3.9197732121856124],[3.6657784250047474,3.169743300367285]]","[1.0,1.0]","[27.971245288848877,6.816443657875061]","[8.896829459883048e-05,2.9703890615766997e-05]","[0.056342775540219416,0.00369141966070014]","[0.056342775485029924,0.003691419664149483]","[[0.06471365866837678,0.04797189191535667],[0.0048564370911292455,0.002526402195777606]]","[[0.06471365866837678,0.0479718918049777],[0.0048564370911292455,0.002526402194052935]]","[[0.25416288431043976,0.21876017782423232],[0.06940581265974928,0.049803702340081885]]","[[1.0,1.0],[1.0,1.0]]","[[48.90827405011213,3.9010900267848263],[3.59955197263647,3.154432683520847]]","[1.0,1.0]","[27.62286868625217,6.739182408650716]","[null,null]"
stagewise_residual_simvq_k64x4-4x4_rate094-20260730-182026,97,0.01160141,0.02070983,0.03231124,0.01162136,0.02045677,25.43618311,0.95005273,0.01162136,1,Phase3-微调,0.400000,0.40185185,7.63153514,9216,0.1406250000,0.0937500000,5e-05,"[0.061722818962125864,0.004548627558095312]","[0.061722818900037696,0.004548627556801808]","[[0.07045374670652328,0.05299189063823885],[0.005907641250329713,0.0031896138419310943]]","[[0.07045374670652328,0.05299189051406251],[0.005907641250329713,0.0031896138412843425]]","[[0.265093523291526,0.2298050768121525],[0.07615242061653622,0.0553600258504351]]","[[1.0,1.0],[1.0,1.0]]","[[49.8036296138057,3.912518671265355],[3.6646373483869765,3.30404856160835]]","[1.0,1.0]","[27.915173177365904,6.959121430361712]","[9.068075750864982e-05,3.4224713051487386e-05]","[0.061205080703452784,0.004256596912940344]","[0.06120508073104752,0.004256596907766329]","[[0.06989809718948824,0.0525120635551435],[0.005612433846626017,0.002900759937862555]]","[[0.06989809718948824,0.05251206344476453],[0.005612433846626017,0.0029007599430365696]]","[[0.2641378428097124,0.22887014327225863],[0.07464877455322831,0.05342194429702229]]","[[1.0,1.0],[1.0,1.0]]","[[49.881946111608436,3.911585557019269],[3.677949055918941,3.3254314316643607]]","[1.0,1.0]","[27.934057207460757,6.994408095324481]","[null,null]"
stagewise_residual_simvq_k64x4-4x4_rate094-20260730-182026,98,0.01164467,0.02087312,0.03251780,0.01186678,0.02072539,25.33007221,0.95051667,0.01162136,0,Phase3-微调,0.425000,0.43333333,7.74932161,9216,0.1406250000,0.0937500000,5e-05,"[0.06221091509969146,0.004583082492980692]","[0.06221091527215861,0.004583082486944342]","[[0.0709939865740361,0.053427843225223044],[0.00594082791056415,0.0032253370279687697]]","[[0.0709939865740361,0.05342784334939939],[0.00594082791056415,0.0032253370223635875]]","[[0.2660684670563097,0.23070103252927462],[0.07623129730561265,0.055484661694478105]]","[[1.0,1.0],[1.0,1.0]]","[[49.836654373451516,3.9090724883256134],[3.6870952045475995,3.326031227906545]]","[1.0,1.0]","[27.91214084625244,7.003617450926039]","[9.244386228264948e-05,3.4868039128249854e-05]","[0.06115529700009911,0.005165966722631344]","[0.06115529711047808,0.005165966726080687]","[[0.06995081217200667,0.05235978196616526],[0.006710683033560161,0.003621250337541655]]","[[0.06995081217200667,0.052359782021354745],[0.006710683033560161,0.003621250335816984]]","[[0.2642447955078549,0.22854552776725204],[0.08155955583960922,0.05960292352570428]]","[[1.0,1.0],[1.0,1.0]]","[[50.12267588862667,3.916491393689756],[3.7886169345290575,3.412497161935877]]","[1.0,1.0]","[28.01903750101725,7.191206889682346]","[null,null]"
stagewise_residual_simvq_k64x4-4x4_rate094-20260730-182026,99,0.01166516,0.02091446,0.03257962,0.01151480,0.02075340,25.45980162,0.95069852,0.01151480,1,Phase3-微调,0.450000,0.44444444,7.98672767,9216,0.1406250000,0.0937500000,5e-05,"[0.06233788739751887,0.0045883983576290865]","[0.062337887432012296,0.00458839835892259]","[[0.07116105179129928,0.053514722513931766],[0.005961426953284966,0.003215369736534302]]","[[0.07116105179129928,0.05351472261051337],[0.005961426953284966,0.0032153697382589735]]","[[0.26641957301784447,0.2309301695338002],[0.07628685789251768,0.055248102531940846]]","[[1.0,1.0],[1.0,1.0]]","[[49.821265376055685,3.9061207201745773],[3.7075785910641708,3.346227584944831]]","[1.0,1.0]","[27.89740961216114,7.044353478926199]","[9.258590653863158e-05,3.493993323765473e-05]","[0.062329140553871794,0.004081732890120259]","[0.06232914058146653,0.004081732890120259]","[[0.07109647238696062,0.053561808582809234],[0.005397000360406108,0.002766465382753975]]","[[0.07109647238696062,0.053561808555214495],[0.005397000360406108,0.0027664653741306176]]","[[0.2663772894276513,0.23112712027849974],[0.07318426348544933,0.0521387403761899]]","[[1.0,1.0],[1.0,1.0]]","[[49.80739446569372,3.9116316742367214],[3.742438379923503,3.3540101952022976]]","[1.0,1.0]","[27.91341035630968,7.085723438969365]","[null,null]"
stagewise_residual_simvq_k64x4-4x4_rate094-20260730-182026,100,0.01169182,0.02095856,0.03265038,0.01144050,0.02115065,25.47693229,0.95103595,0.01144050,1,Phase3-微调,0.475000,0.50370370,7.08230890,9216,0.1406250000,0.0937500000,2.5e-05,"[0.062362168273992005,0.004705220656210763]","[0.062362168308485434,0.004705220652761421]","[[0.07120511905738601,0.05351921723534663],[0.006101891329443014,0.0033085499515032603]]","[[0.07120511905738601,0.05351921731123218],[0.006101891329443014,0.0033085499452513265]]","[[0.26645101350214745,0.23087827607437417],[0.0771544539473123,0.05603356949157185]]","[[1.0,1.0],[1.0,1.0]]","[[49.785039032830134,3.906315330664317],[3.707534056681174,3.346643206366786]]","[1.0,1.0]","[27.887687248653837,7.044606362448798]","[9.95469486480471e-05,3.781712568727218e-05]","[0.06322613788975609,0.0044559431727975605]","[0.06322613780697187,0.004455943174522232]","[[0.07208096073181541,0.05437131513048101],[0.005834613343769754,0.003077273005274711]]","[[0.07208096073181541,0.05437131490972307],[0.005834613343769754,0.003077273001825368]]","[[0.26817642483446336,0.232821743355857],[0.07595455376086412,0.0547445545869845]]","[[1.0,1.0],[1.0,1.0]]","[[49.895077797218605,3.9089950031704372],[3.7072889222039116,3.3160574241920755]]","[1.0,1.0]","[27.928299967447916,7.0123617454811376]","[null,null]"
stagewise_residual_simvq_k64x4-4x4_rate094-20260730-182026,101,0.01104560,0.02091633,0.03196194,0.01103710,0.02141225,25.63361546,0.95280089,0.01103710,1,Phase3-微调,0.500000,0.47407407,7.30415120,9216,0.1406250000,0.0937500000,2.5e-05,"[0.062398338655906695,0.004533928634892046]","[0.06239833872489355,0.004533928634892046]","[[0.0711468747506539,0.05364980217483309],[0.005919073528989597,0.003148783711043911]]","[[0.0711468747506539,0.0536498023128068],[0.005919073528989597,0.003148783717511429]]","[[0.2664236283412686,0.23125798729834735],[0.07625168230108641,0.05502597118417422]]","[[1.0,1.0],[1.0,1.0]]","[[49.643432525352196,3.9039179417822094],[3.752050612590931,3.3340816113683913]]","[1.0,1.0]","[27.83998052102548,7.073684133423699]","[7.778902001720982e-05,2.7263945441046855e-05]","[0.06369825093834489,0.004820940676317722]","[0.06369825099353436,0.00482094067286838]","[[0.07250410216274085,0.05489239921724355],[0.006272818289559196,0.0033690629820166914]]","[[0.07250410216274085,0.05489239935521726],[0.006272818289559196,0.0033690629699439914]]","[[0.26900780973611055,0.233992064109555],[0.07883512681281125,0.05743906807016443]]","[[1.0,1.0],[1.0,1.0]]","[[49.848463694254555,3.9085971885257296],[3.7901616520351835,3.373727775503088]]","[1.0,1.0]","[27.913997014363606,7.151682451036241]","[null,null]"
stagewise_residual_simvq_k64x4-4x4_rate094-20260730-182026,102,0.01104335,0.02106352,0.03210686,0.01110509,0.02104165,25.60693895,0.95228007,0.01103710,0,Phase3-微调,0.525000,0.51481481,8.00658836,9216,0.1406250000,0.0937500000,2.5e-05,"[0.06277739271797515,0.004625855818718534]","[0.06277739273177253,0.004625855816131527]","[[0.07154711535269463,0.054007669600347676],[0.006013779985908143,0.0032379316312640353]]","[[0.07154711535269463,0.05400766969692928],[0.006013779985908143,0.0032379316297549477]]","[[0.2671437211334705,0.2319901312942858],[0.07610260247494335,0.05479682810190651]]","[[1.0,1.0],[1.0,1.0]]","[[49.724636967976885,3.904318208164639],[3.715823641088274,3.357355294845722]]","[1.0,1.0]","[27.863659042782253,7.063565070540816]","[9.264865412087938e-05,3.268102851776617e-05]","[0.06276407443262913,0.004569206345412466]","[0.06276407440503438,0.004569206335064437]","[[0.07140751828749975,0.05412063030181108],[0.005997864912367529,0.0031405477405146314]]","[[0.07140751828749975,0.05412063016383736],[0.005997864912367529,0.0031405477232679174]]","[[0.2669832737357528,0.2323611875375112],[0.0771499384884481,0.055551713787847096]]","[[1.0,1.0],[1.0,1.0]]","[[49.6725791366012,3.9031693546860304],[3.7547257547025326,3.3873312226048222]]","[1.0,1.0]","[27.84540261162652,7.132502255616365]","[null,null]"
stagewise_residual_simvq_k64x4-4x4_rate094-20260730-182026,103,0.01097444,0.02109485,0.03206929,0.01135436,0.01994911,25.50603260,0.95135949,0.01103710,0,Phase3-微调,0.550000,0.53148148,7.67151062,9216,0.1406250000,0.0937500000,2.5e-05,"[0.06294494244373507,0.00455858725450795]","[0.06294494241614032,0.004558587254939118]","[[0.0715448417045452,0.05434504261723271],[0.005957830107460419,0.0031593443789191683]]","[[0.0715448417045452,0.054345042582739284],[0.005957830107460419,0.003159344376763329]]","[[0.26715813952463646,0.23274938174419932],[0.0765057142134066,0.05512990145081723]]","[[1.0,1.0],[1.0,1.0]]","[[49.57337836512813,3.9005145174485665],[3.7543550592881663,3.366849684715271]]","[1.0,1.0]","[27.807860886609113,7.110500321564851]","[7.724622924730216e-05,2.804245913028825e-05]","[0.059864059145803804,0.003973079874628672]","[0.059864059145803804,0.003973079871179329]","[[0.06826410036947993,0.05146401739782757],[0.005273821577429771,0.002672338142508158]]","[[0.06826410036947993,0.051464017315043346],[0.005273821577429771,0.0026723381407834867]]","[[0.26104011193469717,0.22658374464070355],[0.07238714830191047,0.05131001171690446]]","[[1.0,1.0],[1.0,1.0]]","[[49.17790835345233,3.8961969216664634],[3.7476974893499304,3.3160007618091725]]","[1.0,1.0]","[27.6816847342032,7.050397551501239]","[null,null]"
stagewise_residual_simvq_k64x4-4x4_rate094-20260730-182026,104,0.01102392,0.02124455,0.03226847,0.01126646,0.02141560,25.55401029,0.95194402,0.01103710,0,Phase3-微调,0.575000,0.59814815,7.59122409,9216,0.1406250000,0.0937500000,2.5e-05,"[0.0634099484110872,0.00457260733453074]","[0.06340994843868193,0.004572607336255411]","[[0.07201662044282313,0.054803276082707776],[0.005988574335006652,0.0031566403191795366]]","[[0.07201662044282313,0.05480327597922749],[0.005988574335006652,0.003156640314652274]]","[[0.26803369102654634,0.23371791000719425],[0.0767730621483039,0.05522851852907075]]","[[1.0,1.0],[1.0,1.0]]","[[49.65447606687193,3.8982698219793814],[3.762474881278144,3.3702849984169005]]","[1.0,1.0]","[27.82265800546717,7.121851572283992]","[7.870838138236043e-05,2.8038192008521206e-05]","[0.06432654714142835,0.004203361566006034]","[0.06432654727940205,0.004203361564281362]","[[0.0730027825192169,0.05565031146009763],[0.005535891141604494,0.002870831958501151]]","[[0.0730027825192169,0.05565031146009763],[0.005535891141604494,0.002870831981784216]]","[[0.26992040817384366,0.23558810551961262],[0.07412748171223535,0.05313247955507702]]","[[1.0,1.0],[1.0,1.0]]","[[49.825915951199,3.8987918306280065],[3.780766812077275,3.327107325306645]]","[1.0,1.0]","[27.872712693391023,7.093301073710124]","[null,null]"
stagewise_residual_simvq_k64x4-4x4_rate094-20260730-182026,105,0.01107779,0.02144484,0.03252262,0.01154179,0.02054082,25.43652770,0.95114462,0.01103710,0,Phase3-微调,0.600000,0.65740741,7.34898340,9216,0.1406250000,0.0937500000,2.5e-05,"[0.06403386361759018,0.004589619098179456]","[0.06403386354170464,0.0045896190986106245]","[[0.07266789565069807,0.05539983102568874],[0.0060042902352978236,0.00317494793475985]]","[[0.07266789565069807,0.055399831011891366],[0.0060042902352978236,0.00317494793368193]]","[[0.26925220188719257,0.2350003083271009],[0.07671977108413422,0.05515235634865584]]","[[1.0,1.0],[1.0,1.0]]","[[49.75810713591399,3.8946120575622274],[3.767758423752255,3.3687122578974122]]","[1.0,1.0]","[27.838676918877496,7.125163091553582]","[8.389524215022834e-05,2.9528544352312262e-05]","[0.061765998381155506,0.003964641059024466]","[0.061765998050018596,0.003964641067647824]","[[0.07025746289226743,0.053274533400932945],[0.005297858554317995,0.0026314235464842232]]","[[0.07025746289226743,0.053274532904227574],[0.005297858554317995,0.002631423550795902]]","[[0.2648138303447653,0.23052462041378022],[0.0725822749513167,0.05094803033603562]]","[[1.0,1.0],[1.0,1.0]]","[[49.29384864524559,3.8919856389363607],[3.749381745303119,3.3580768161349828]]","[1.0,1.0]","[27.6992797003852,7.096595718242504]","[null,null]"
stagewise_residual_simvq_k64x4-4x4_rate094-20260730-182026,106,0.01102857,0.02148229,0.03251086,0.01118509,0.02239604,25.57337486,0.95222810,0.01103710,0,Phase3-微调,0.625000,0.59629630,7.22776325,9216,0.1406250000,0.0937500000,2.5e-05,"[0.06414796656894463,0.0045953719579200775]","[0.06414796646546435,0.004595371959644749]","[[0.07276233655435067,0.055533595955758186],[0.006032585585489869,0.003158158295210106]]","[[0.07276233655435067,0.0555335956591147],[0.006032585585489869,0.0031581583016776237]]","[[0.2694266488154729,0.2352839810428796],[0.07711186958131967,0.05532249502699684]]","[[1.0,1.0],[1.0,1.0]]","[[49.72592745180483,3.8966199367134657],[3.781470869647132,3.3761613801673604]]","[1.0,1.0]","[27.836992048334192,7.146036920724092]","[7.823494272964093e-05,2.8525678739983792e-05]","[0.06646611552547525,0.005201227937100662]","[0.06646611544269103,0.0052012279336513196]","[[0.07525170188811091,0.057680528942081664],[0.006767164063812406,0.0036352917672721322]]","[[0.07525170188811091,0.05768052899727115],[0.006767164063812406,0.0036352917724461467]]","[[0.2740343302488327,0.23983549850958366],[0.08187740141594851,0.05965593918054192]]","[[1.0,1.0],[1.0,1.0]]","[[50.22709130181207,3.9058548503451878],[3.856724311687328,3.4380079057481554]]","[1.0,1.0]","[28.01007686191135,7.282616085476345]","[null,null]"
stagewise_residual_simvq_k64x4-4x4_rate094-20260730-182026,107,0.01104768,0.02162468,0.03267235,0.01111453,0.02129412,25.60275911,0.95186843,0.01103710,0,Phase3-微调,0.650000,0.65555556,7.59086382,9216,0.1406250000,0.0937500000,2.5e-05,"[0.06451861531370216,0.004680351560711171]","[0.06451861536199296,0.004680351557261828]","[[0.07314115329473107,0.055896076953245534],[0.006108314104171263,0.003252388971331702]]","[[0.07314115329473107,0.05589607704292845],[0.006108314104171263,0.0032523889659421034]]","[[0.2700987143373048,0.23601757287979125],[0.07733217458482142,0.05574790782950543]]","[[1.0,1.0],[1.0,1.0]]","[[49.85827623296667,3.895058284865485],[3.790603205009743,3.3779120900012827]]","[1.0,1.0]","[27.86833942554615,7.156518218252394]","[8.104508406513897e-05,2.994402277552042e-05]","[0.06385249779732138,0.0042886925706019]","[0.06385249776972665,0.004288692560253872]","[[0.07252151113417414,0.055183483494652644],[0.005703246659012856,0.0028741384356248158]]","[[0.07252151113417414,0.05518348352224738],[0.005703246659012856,0.0028741384270014585]]","[[0.2690236596045671,0.23459343435587707],[0.07534810078364831,0.053331242639709404]]","[[1.0,1.0],[1.0,1.0]]","[[49.937225624367045,3.8929058057290535],[3.7762265064098215,3.3379525944038675]]","[1.0,1.0]","[27.882795319733795,7.100579622056749]","[null,null]"
stagewise_residual_simvq_k64x4-4x4_rate094-20260730-182026,108,0.01108736,0.02187030,0.03295766,0.01115989,0.02128189,25.58233122,0.95152888,0.01103710,0,Phase3-微调,0.675000,0.73888889,7.50572193,9216,0.1406250000,0.0937500000,2.5e-05,"[0.06504389760946785,0.004941056589854674]","[0.06504389765085998,0.004941056595459856]","[[0.073724314349669,0.056363480510535066],[0.0064008314291843105,0.0034812817287510605]]","[[0.073724314349669,0.05636348052433243],[0.0064008314291843105,0.003481281730044564]]","[[0.27119480407348384,0.2370330260031753],[0.07863539931950746,0.056873304741802036]]","[[1.0,1.0],[1.0,1.0]]","[[49.852001105414494,3.8963119559817843],[3.7922526858471057,3.3865762070373253]]","[1.0,1.0]","[27.870907935389766,7.16719407858672]","[8.481776906895296e-05,3.534210405565251e-05]","[0.06345225757470838,0.004649805960555872]","[0.0634522574643294,0.0046498059588312]","[[0.07196554356703051,0.05493897114087034],[0.006111024575376952,0.003188587292269976]]","[[0.07196554356703051,0.054938971058086115],[0.006111024575376952,0.0031885872870959617]]","[[0.2680073097900108,0.23409187186647346],[0.07789121937972528,0.056006356273536326]]","[[1.0,1.0],[1.0,1.0]]","[[49.600697694001376,3.8945888148413763],[3.815289651023017,3.3827436765034995]]","[1.0,1.0]","[27.794700707329643,7.184935251871745]","[null,null]"
stagewise_residual_simvq_k64x4-4x4_rate094-20260730-182026,109,0.01110815,0.02179308,0.03290123,0.01105432,0.02150239,25.62818503,0.95262887,0.01103710,0,Phase3-微调,0.700000,0.70370370,7.42903736,9216,0.1406250000,0.0937500000,2.5e-05,"[0.06499916122605404,0.004738690611406195]","[0.06499916123295271,0.004738690610975027]","[[0.07367532690642056,0.05632299529043613],[0.0061174255446530875,0.003359955662421675]]","[[0.07367532690642056,0.056322995214550586],[0.0061174255446530875,0.0033599556499178075]]","[[0.2710539180647444,0.23687986295532298],[0.07612945745802588,0.05499258255241094]]","[[1.0,1.0],[1.0,1.0]]","[[49.77675119329382,3.9014167692926196],[3.7642582367967674,3.385357548572399]]","[1.0,1.0]","[27.867538286138466,7.138779117442944]","[9.075760988505661e-05,4.097625913143727e-05]","[0.0646193438106113,0.004188302221397559]","[0.06461934364504285,0.0041883022127742016]","[[0.07334132972690795,0.05589735825304632],[0.005554965286757107,0.0028216390956745103]]","[[0.07334132972690795,0.055897358115072605],[0.005554965286757107,0.0028216390887758247]]","[[0.27054570813973744,0.23610968777426966],[0.07437829049649063,0.05290574494887281]]","[[1.0,1.0],[1.0,1.0]]","[[49.90551381994177,3.8973930288244176],[3.8310365623897975,3.4056674992596663]]","[1.0,1.0]","[27.88996777004666,7.224116957629168]","[null,null]"
stagewise_residual_simvq_k64x4-4x4_rate094-20260730-182026,110,0.01092611,0.02165392,0.03258003,0.01098735,0.02140611,25.64994890,0.95271525,0.01098735,1,Phase3-微调,0.725000,0.75370370,7.75538588,9216,0.1406250000,0.0937500000,2.5e-05,"[0.06473330785002973,0.004559249947002779]","[0.06473330779484025,0.004559249946571611]","[[0.07334965194265047,0.0561169633158931],[0.005967817524517024,0.0031506823375821113]]","[[0.07334965194265047,0.05611696324000756],[0.005967817524517024,0.0031506823470678043]]","[[0.27048923171780725,0.23649034734677385],[0.07664857250120904,0.055165504402032606]]","[[1.0,1.0],[1.0,1.0]]","[[49.74801339043511,3.8945201763400323],[3.7914338054480377,3.3705025805367366]]","[1.0,1.0]","[27.83546400776616,7.149455985316524]","[7.742148907844374e-05,3.1245242248419177e-05]","[0.06399017180557605,0.004509378807550227]","[0.06399017175038656,0.004509378800651541]","[[0.07259927187804822,0.055381070960451056],[0.005953015863067574,0.0030657417209887946]]","[[0.07259927187804822,0.055381070877666826],[0.005953015863067574,0.0030657417192641234]]","[[0.26917013735682876,0.23501363275227724],[0.07694463023432979,0.05505741255150901]]","[[1.0,1.0],[1.0,1.0]]","[[49.86929394757306,3.8860717914722582],[3.797357783494172,3.3678172217475044]]","[1.0,1.0]","[27.83941130461516,7.15220490914804]","[null,null]"
stagewise_residual_simvq_k64x4-4x4_rate094-20260730-182026,111,0.01093844,0.02185514,0.03279358,0.01095284,0.02210047,25.66241903,0.95266338,0.01095284,1,Phase3-微调,0.750000,0.78333333,7.68975145,9216,0.1406250000,0.0937500000,2.5e-05,"[0.06506140837100921,0.004875042188602189]","[0.06506140848138818,0.004875042197656714]","[[0.0736635770096823,0.056459239690944],[0.006316713862879961,0.0034333704694829606]]","[[0.0736635770096823,0.0564592397392348],[0.006316713862879961,0.0034333704886699303]]","[[0.2710770828856362,0.23722325246091241],[0.07823056216455168,0.056661719932324356]]","[[1.0,1.0],[1.0,1.0]]","[[49.77712614977801,3.8894399501659254],[3.7956748529716773,3.36413347058826]]","[1.0,1.0]","[27.825332659262198,7.146670410368178]","[7.848364850899627e-05,3.149576338930476e-05]","[0.06585560507244534,0.00486590956096296]","[0.06585560507244534,0.004865909559238288]","[[0.07453241190976567,0.05717879776601438],[0.006382470122641987,0.0033493489302970744]]","[[0.07453241190976567,0.05717879806955655],[0.006382470122641987,0.003349348921673717]]","[[0.2727203993885605,0.2387883303342042],[0.0796488207799417,0.057504895522638606]]","[[1.0,1.0],[1.0,1.0]]","[[50.177722478795936,3.8986629309477627],[3.840972654907792,3.4094489097595213]]","[1.0,1.0]","[27.97055313675492,7.23749003233733]","[null,null]"
stagewise_residual_simvq_k64x4-4x4_rate094-20260730-182026,112,0.01087396,0.02179644,0.03267040,0.01082678,0.02160106,25.71481962,0.95327680,0.01082678,1,Phase3-微调,0.775000,0.79444444,7.83333541,9216,0.1406250000,0.0937500000,2.5e-05,"[0.0650101682930081,0.004738448267474909]","[0.06501016832060284,0.00473844826316323]","[[0.07358849579123435,0.05643184026358304],[0.006187376706791973,0.003289519780082628]]","[[0.07358849579123435,0.056431840277380414],[0.006187376706791973,0.003289519782669635]]","[[0.2709559533883024,0.23718380293360464],[0.07782757392636051,0.05605406194097466]]","[[1.0,1.0],[1.0,1.0]]","[[49.76461558871799,3.8903689088644806],[3.8049529676084166,3.3808095455169678]]","[1.0,1.0]","[27.825668719962792,7.1731109504346495]","[7.830049008016768e-05,3.119492318917226e-05]","[0.064533406385669,0.004589975218254107]","[0.06453340646845324,0.004589975230326807]","[[0.07305791074479068,0.05600890114351555],[0.006044844831167548,0.003135105572571909]]","[[0.07305791074479068,0.05600890139186824],[0.006044844831167548,0.003135105588093952]]","[[0.2700258576207691,0.23635244203938377],[0.07751067738842081,0.055624397650912955]]","[[1.0,1.0],[1.0,1.0]]","[[49.66153700086806,3.8809754301000523],[3.802376980251736,3.3964701493581138]]","[1.0,1.0]","[27.763159066659433,7.187317841141312]","[null,null]"
stagewise_residual_simvq_k64x4-4x4_rate094-20260730-182026,113,0.01094755,0.02200600,0.03295355,0.01125713,0.02402186,25.54840855,0.95134165,0.01082678,0,Phase3-微调,0.800000,0.78888889,7.43767526,9216,0.1406250000,0.0937500000,2.5e-05,"[0.06558102851526605,0.004838164223151075]","[0.0655810284876713,0.004838164221857571]","[[0.07415230986144808,0.057009746624087844],[0.006294452252849522,0.0033818761617617887]]","[[0.07415230986144808,0.057009746596493105],[0.006294452252849522,0.003381876164779964]]","[[0.27197383628399285,0.23837725122769673],[0.07830476002008827,0.05658762946172997]]","[[1.0,1.0],[1.0,1.0]]","[[49.70541445414225,3.890286241637336],[3.8171810260525456,3.3906677369718197]]","[1.0,1.0]","[27.808065375575314,7.195042160705284]","[8.172904510030532e-05,3.400492126746502e-05]","[0.07153672520761137,0.005333230542708878]","[0.07153672551115355,0.005333230539259535]","[[0.08046864961032514,0.06260480099806079],[0.006962427703870668,0.0037040332918641746]]","[[0.08046864961032514,0.06260480135679244],[0.006962427703870668,0.0037040332918641746]]","[[0.28339066969023813,0.24989073287557673],[0.08318277889931644,0.060459363846867176]]","[[1.0,1.0],[1.0,1.0]]","[[50.29655750415943,3.8964739587571886],[3.853562600524337,3.4659584875460023]]","[1.0,1.0]","[27.995760006374784,7.309157971982603]","[null,null]"
stagewise_residual_simvq_k64x4-4x4_rate094-20260730-182026,114,0.01086297,0.02192689,0.03278985,0.01087967,0.02193767,25.69953596,0.95323427,0.01082678,0,Phase3-微调,0.825000,0.85740741,7.51688428,9216,0.1406250000,0.0937500000,2.5e-05,"[0.0654396036915757,0.004726441065280663]","[0.06543960372606913,0.004726441067867671]","[[0.07400908272161529,0.05687012422002024],[0.006173640389116136,0.003279241700699829]]","[[0.07400908272161529,0.05687012431660184],[0.006173640389116136,0.003279241709754354]]","[[0.27173526499558376,0.2381144225873329],[0.07758133985378124,0.05571496176912829]]","[[1.0,1.0],[1.0,1.0]]","[[49.73493794335259,3.8868234391565677],[3.8116050782027067,3.3967124634318884]]","[1.0,1.0]","[27.80448595329567,7.196252597702874]","[7.876134618359005e-05,2.875519927093356e-05]","[0.0655150169023761,0.00468551824386749]","[0.06551501698516034,0.0046855182421428184]","[[0.07406212971718223,0.05696790364605409],[0.006177115571443681,0.0031939208921458987]]","[[0.07406212971718223,0.05696790356326986],[0.006177115571443681,0.0031939208990445843]]","[[0.2718592404215424,0.2383492287662294],[0.07836729453669654,0.056170830792850915]]","[[1.0,1.0],[1.0,1.0]]","[[49.71214424415871,3.8866735564337835],[3.8326358724523475,3.4063376868212663]]","[1.0,1.0]","[27.797661180849428,7.226329962412517]","[null,null]"
stagewise_residual_simvq_k64x4-4x4_rate094-20260730-182026,115,0.01082972,0.02192103,0.03275075,0.01095174,0.02148584,25.66539044,0.95277435,0.01082678,0,Phase3-微调,0.850000,0.84074074,7.39632539,9216,0.1406250000,0.0937500000,2.5e-05,"[0.06540601845416757,0.004741287955807315]","[0.06540601848866101,0.004741287945459287]","[[0.07394705467202045,0.05686498172581196],[0.006205173371428693,0.0032774024966379833]]","[[0.07394705467202045,0.05686498173960933],[0.006205173371428693,0.003277402486505539]]","[[0.2716051919868699,0.23808306149310535],[0.07812792098632565,0.05623546983632777]]","[[1.0,1.0],[1.0,1.0]]","[[49.71107615718135,3.887897917076393],[3.812614393234253,3.387408965605277]]","[1.0,1.0]","[27.80155455271403,7.187343722802622]","[7.714742473412858e-05,2.914964800395494e-05]","[0.06407763734459877,0.0046770631335675715]","[0.06407763734459877,0.0046770631335675715]","[[0.07261225487347002,0.05554301942940112],[0.006153703787950454,0.003200422470561332]]","[[0.07261225487347002,0.05554301940180637],[0.006153703787950454,0.003200422461937975]]","[[0.26920144657293954,0.23536574277612898],[0.07818424044935791,0.05615763504196097]]","[[1.0,1.0],[1.0,1.0]]","[[49.71102973090278,3.8893755630210594],[3.8591805740639016,3.4144759089858443]]","[1.0,1.0]","[27.807023111979166,7.2599704247933845]","[null,null]"
stagewise_residual_simvq_k64x4-4x4_rate094-20260730-182026,116,0.01107223,0.02235527,0.03342751,0.01091881,0.02243906,25.67939380,0.95258278,0.01082678,0,Phase3-微调,0.875000,0.86666667,7.58229847,9216,0.1406250000,0.0937500000,2.5e-05,"[0.06660494729876518,0.0049319310773474475]","[0.0666049471952849,0.004931931084677301]","[[0.07520163703571867,0.05800825686504443],[0.006444816640147043,0.003419045495360883]]","[[0.07520163703571867,0.058008256768462836],[0.006444816640147043,0.0034190455018284008]]","[[0.27383872794884223,0.24039544104425994],[0.07937563085859572,0.057232988763738564]]","[[1.0,1.0],[1.0,1.0]]","[[49.7809893572772,3.8970799454936276],[3.8313171007015088,3.4358146835256504]]","[1.0,1.0]","[27.853789287143282,7.255962914007681]","[8.964817593045558e-05,4.712565065616487e-05]","[0.06664089375623951,0.005164111136562294]","[0.06664089381142899,0.005164111146910323]","[[0.07526455629203055,0.05801723155158538],[0.006713990301445679,0.0036142319596062103]]","[[0.07526455629203055,0.05801723160677486],[0.006713990301445679,0.003614231969954239]]","[[0.27406846119297873,0.24054733867998476],[0.0815831145202672,0.059569515619013046]]","[[1.0,1.0],[1.0,1.0]]","[[49.892625144675925,3.8866726787002],[3.8619955239472565,3.438324566240664]]","[1.0,1.0]","[27.848093795776368,7.287929990556505]","[null,null]"
stagewise_residual_simvq_k64x4-4x4_rate094-20260730-182026,117,0.01083540,0.02220657,0.03304198,0.01090608,0.02196072,25.69208348,0.95289818,0.01082678,0,Phase3-微调,0.900000,0.90370370,7.27490773,9216,0.1406250000,0.0937500000,2.5e-05,"[0.06608094626830684,0.004980089730600378]","[0.06608094626830684,0.004980089734049721]","[[0.07462452537621612,0.05753736700862646],[0.006452564471746208,0.0035076149627221403]]","[[0.07462452537621612,0.05753736701552515],[0.006452564471746208,0.0035076149767350956]]","[[0.27277042816082636,0.2393997894944968],[0.07920846274053608,0.05751383113502352]]","[[1.0,1.0],[1.0,1.0]]","[[49.754607645670575,3.892037761652911],[3.81699957759292,3.461593163454974]]","[1.0,1.0]","[27.828100716626203,7.269374771471377]","[8.029610941809585e-05,4.791094412987015e-05]","[0.06537418600033831,0.0049001061323064345]","[0.06537418575198561,0.0049001061271324205]","[[0.07391322291007749,0.0568351484283253],[0.0064286817624061195,0.0033715304556406205]]","[[0.07391322291007749,0.056835148097188384],[0.0064286817624061195,0.003371530429770549]]","[[0.27160662379529743,0.23809443281756507],[0.07992967797650231,0.05768883752602118]]","[[1.0,1.0],[1.0,1.0]]","[[49.77160486291956,3.885442452960544],[3.8712309077933984,3.4557793228714555]]","[1.0,1.0]","[27.809921307033964,7.315129181190773]","[null,null]"
stagewise_residual_simvq_k64x4-4x4_rate094-20260730-182026,118,0.01084343,0.02227201,0.03311545,0.01097006,0.02247709,25.67580062,0.95315511,0.01082678,0,Phase3-微调,0.925000,0.91296296,7.63215655,9216,0.1406250000,0.0937500000,2.5e-05,"[0.06632876176800993,0.0049416852731223185]","[0.06632876174041519,0.004941685274415822]","[[0.0748687382787466,0.05778878469158102],[0.006417232526776691,0.0034661380091199167]]","[[0.0748687382787466,0.05778878466398628],[0.006417232526776691,0.0034661380078264132]]","[[0.2732520098487536,0.2399601003362073],[0.07911042268905374,0.05735648017100714]]","[[1.0,1.0],[1.0,1.0]]","[[49.80271766097457,3.8880144110432378],[3.8122115744484795,3.453513926046866]]","[1.0,1.0]","[27.827616476129602,7.256524629063076]","[7.94926561529455e-05,4.048219001796733e-05]","[0.06708735089611124,0.004839327051821682]","[0.067087350813327,0.004839327053546354]","[[0.07569843298859066,0.05847626891401079],[0.006344585682920836,0.003334068367257714]]","[[0.07569843298859066,0.05847626872084759],[0.006344585682920836,0.0033340683620836998]]","[[0.27485259970029197,0.241493523672775],[0.07943347653856984,0.0574195878373252]]","[[1.0,1.0],[1.0,1.0]]","[[50.05293030915437,3.8881294126863835],[3.8153047455681697,3.4408811728159585]]","[1.0,1.0]","[27.897998612015336,7.246426932017008]","[null,null]"
stagewise_residual_simvq_k64x4-4x4_rate094-20260730-182026,119,0.01078518,0.02228581,0.03307099,0.01114042,0.02195439,25.60146438,0.95270484,0.01082678,0,Phase3-微调,0.950000,0.94814815,7.34035780,9216,0.1406250000,0.0937500000,2.5e-05,"[0.066303659837555,0.005010943999513984]","[0.06630365981685894,0.005010943999945151]","[[0.07483670332089619,0.05777061622313879],[0.006480335044950523,0.0035415529228177748]]","[[0.07483670332089619,0.057770616167949304],[0.006480335044950523,0.0035415529236801106]]","[[0.2731739487361025,0.23990594408026447],[0.0791878023357303,0.057536829104302106]]","[[1.0,1.0],[1.0,1.0]]","[[49.724896621704104,3.8887662212053935],[3.8243794476544415,3.4397820238713863]]","[1.0,1.0]","[27.80799019071791,7.253742104989511]","[8.218370238426831e-05,4.029365080458336e-05]","[0.06590025734018397,0.004353800038289692]","[0.06590025720221025,0.004353800026216993]","[[0.07449295694629351,0.05730755709939533],[0.0057973371715181405,0.0029102628981625593]]","[[0.07449295694629351,0.05730755687863739],[0.0057973371715181405,0.002910262892988545]]","[[0.2726671472743705,0.2390795095099343],[0.07600565569268333,0.0537640525786965]]","[[1.0,1.0],[1.0,1.0]]","[[49.90597819575557,3.8709643081382468],[3.8854929023318823,3.4380140675438775]]","[1.0,1.0]","[27.795453559027777,7.309734090169271]","[null,null]"
stagewise_residual_simvq_k64x4-4x4_rate094-20260730-182026,120,0.01088983,0.02206948,0.03295931,0.01096343,0.02192588,25.65615661,0.95262292,0.01082678,0,Phase3-微调,0.975000,0.96481481,7.71395102,9216,0.1406250000,0.0937500000,2.5e-05,"[0.06577278554301572,0.004849547562965502]","[0.06577278546023148,0.004849547562965502]","[[0.0742986145325833,0.05724695606364144],[0.006286896461689914,0.0034121986437606177]]","[[0.0742986145325833,0.057246955967059844],[0.006286896461689914,0.0034121986472099605]]","[[0.27225677415176675,0.23889133405906182],[0.07783404963987844,0.056233259883743746]]","[[1.0,1.0],[1.0,1.0]]","[[49.70838507899531,3.8895914086589105],[3.8371248059802587,3.4198234306441413]]","[1.0,1.0]","[27.806644231301767,7.244744801521302]","[8.67062398053046e-05,3.4284893244721054e-05]","[0.06589282301289064,0.0042700030461505604]","[0.0658928227369432,0.004270003058223261]","[[0.0744986334056766,0.05728701173707291],[0.005641191300970537,0.002898814756837156]]","[[0.0744986334056766,0.05728701146112548],[0.005641191300970537,0.0028988147585618275]]","[[0.2726943662873021,0.2390619092517429],[0.07493696924712923,0.05358004633475233]]","[[1.0,1.0],[1.0,1.0]]","[[50.00856348673503,3.889743283942894],[3.8227722768430357,3.431685636661671]]","[1.0,1.0]","[27.891443973117404,7.243808205922445]","[null,null]"
stagewise_residual_simvq_k64x4-4x4_rate094-20260730-182026,121,0.01081361,0.02219208,0.03300569,0.01092482,0.02241534,25.68197529,0.95318752,0.01082678,0,Phase3-微调,1.000000,1.00000000,7.42540997,9216,0.1406250000,0.0937500000,2.5e-05,"[0.06650243919618704,0.004512221842607553]","[0.06650243923757915,0.004512221838727041]","[[0.07507377802911731,0.0579310999079435],[0.00592849368436469,0.0030959499441518415]]","[[0.07507377802911731,0.05793110006661327],[0.00592849368436469,0.0030959499432895057]]","[[0.2737010571415778,0.24034999429627701],[0.07658257547903943,0.05502404117335876]]","[[1.0,1.0],[1.0,1.0]]","[[49.85746527777778,3.8892109945968345],[3.829891523166939,3.419335431081277]]","[1.0,1.0]","[27.847038788265653,7.237447800459685]","[8.03346211223807e-05,3.0295588083862203e-05]","[0.06737484713947331,0.004354226554709452]","[0.0673748471946628,0.004354226563332809]","[[0.07602041468576148,0.05872927923445349],[0.005785703538330617,0.0029227495590155874]]","[[0.07602041468576148,0.05872927928964297],[0.005785703538330617,0.00292274956246493]]","[[0.2754340943362978,0.24201227249922574],[0.07590689951622928,0.05383597330914603]]","[[1.0,1.0],[1.0,1.0]]","[[50.05595666390878,3.880585128289682],[3.8189080591554996,3.395308005368268]]","[1.0,1.0]","[27.871845075819227,7.201686837938097]","[null,null]"
stagewise_residual_simvq_k64x4-4x4_rate094-20260730-182026,122,0.01077799,0.02234771,0.03312570,0.01088470,0.02052661,25.68938602,0.95283125,0.01082678,0,Phase3-微调,1.000000,1.00000000,7.58509470,9216,0.1406250000,0.0937500000,2.5e-05,"[0.06676778670538355,0.0047448732032164655]","[0.0667677866846875,0.004744873201060627]","[[0.07533073101744607,0.058204841689655076],[0.0062332023202476125,0.0032565440646269254]]","[[0.07533073101744607,0.05820484173794587],[0.0062332023202476125,0.0032565440611775826]]","[[0.2741127600824391,0.24084811423111846],[0.07856065766127021,0.05646688752566223]]","[[1.0,1.0],[1.0,1.0]]","[[49.870391605518485,3.8859192649523417],[3.8299864208256755,3.4034840076057997]]","[1.0,1.0]","[27.838891340185096,7.220738229045161]","[7.992977255155523e-05,2.9458384445509486e-05]","[0.060943160702784854,0.004741998696354804]","[0.060943160675190115,0.004741998698079476]","[[0.06936997503594115,0.05251634573494947],[0.006276550447499311,0.0032074468969194975]]","[[0.06936997503594115,0.05251634584532844],[0.006276550447499311,0.0032074468934701547]]","[[0.2631459554036458,0.2288919089017091],[0.07906672573751873,0.05638948513401879]]","[[1.0,1.0],[1.0,1.0]]","[[49.95991711086697,3.882532059704816],[3.9047173217490867,3.44704633642126]]","[1.0,1.0]","[27.85198358606409,7.337411156407109]","[null,null]"
stagewise_residual_simvq_k64x4-4x4_rate094-20260730-182026,123,0.01076207,0.02236700,0.03312907,0.01115553,0.02271910,25.60326591,0.95288350,0.01082678,0,Phase3-微调,1.000000,1.00000000,7.57335612,9216,0.1406250000,0.0937500000,2.5e-05,"[0.06675576247550823,0.004818631171817995]","[0.06675576246171086,0.004818631173973834]","[[0.07535142319069968,0.05816010127051009],[0.006310576407014634,0.0033266859284291667]]","[[0.07535142319069968,0.05816010132569958],[0.006310576407014634,0.0033266859310161737]]","[[0.27419188574508385,0.2408034385630378],[0.07896338900620187,0.05694128088653087]]","[[1.0,1.0],[1.0,1.0]]","[[49.857445526123044,3.885805074815397],[3.831145056530281,3.4084888012320906]]","[1.0,1.0]","[27.8349185095893,7.227127240322254]","[8.195224337989068e-05,2.9781290654513954e-05]","[0.0681206746785729,0.004580439408137291]","[0.06812067465097815,0.004580439401238605]","[[0.07686588413737439,0.05937546519217668],[0.006070423816089277,0.003090454936372461]]","[[0.07686588413737439,0.059375465136987195],[0.006070423816089277,0.003090454924299761]]","[[0.2769804234857912,0.24336492176409122],[0.077748819468198,0.055349050489840686]]","[[1.0,1.0],[1.0,1.0]]","[[50.3498294406467,3.897041341993544],[3.8505405796898735,3.413271893395318]]","[1.0,1.0]","[28.012665134006077,7.250552336374919]","[null,null]"
stagewise_residual_simvq_k64x4-4x4_rate094-20260730-182026,124,0.01070946,0.02233226,0.03304172,0.01092794,0.02184042,25.68661835,0.95271435,0.01082678,0,Phase3-微调,1.000000,1.00000000,7.75801223,9216,0.1406250000,0.0937500000,2.5e-05,"[0.0665678553076254,0.0048953808723362505]","[0.06656785529382803,0.004895380877510265]","[[0.07511220982091295,0.058023500663262825],[0.006410209315449551,0.0033805523968853607]]","[[0.07511220982091295,0.05802350064256677],[0.006410209315449551,0.003380552405508718]]","[[0.2737197191902885,0.2404803662940308],[0.0796513415735077,0.057524548022559394]]","[[1.0,1.0],[1.0,1.0]]","[[49.783504457826965,3.882632366816203],[3.823986748854319,3.400848651815344]]","[1.0,1.0]","[27.802610962479203,7.212198747528924]","[7.973764331163019e-05,2.9688944210580234e-05]","[0.06514567523090928,0.004743660532834905]","[0.06514567509293556,0.004743660527660891]","[[0.07356447538843862,0.05672687468705354],[0.006234974500343755,0.0032523465204845974]]","[[0.07356447538843862,0.05672687452148508],[0.006234974500343755,0.0032523465153105834]]","[[0.2709668310704055,0.23787533364914082],[0.07873242464330461,0.05666688989709925]]","[[1.0,1.0],[1.0,1.0]]","[[49.44148669772678,3.893580608014707],[3.8446671856774226,3.396911202536689]]","[1.0,1.0]","[27.746465075457536,7.2276314417521155]","[null,null]"
stagewise_residual_simvq_k64x4-4x4_rate094-20260730-182026,125,0.01070838,0.02231463,0.03302301,0.01092894,0.02063673,25.68141464,0.95265971,0.01082678,0,Phase3-微调,1.000000,1.00000000,7.84609221,9216,0.1406250000,0.0937500000,2.5e-05,"[0.06656651745239893,0.004840301039318244]","[0.06656651739031076,0.004840301039749411]","[[0.07510465798830544,0.058028376640545],[0.006331139120825187,0.003349462925904879]]","[[0.07510465798830544,0.05802837661984894],[0.006331139120825187,0.003349462925904879]]","[[0.27370592416436584,0.24049023842370068],[0.0791401134872878,0.05721030089728258]]","[[1.0,1.0],[1.0,1.0]]","[[49.75937791753698,3.884691626495785],[3.835405397415161,3.406714911814089]]","[1.0,1.0]","[27.8032900845563,7.229300874250907]","[8.136134678082912e-05,3.0138462019143238e-05]","[0.06161525210848561,0.004422272840100858]","[0.06161525213608035,0.004422272843550201]","[[0.06990065952693975,0.05332984435889456],[0.005881437711003754,0.002963107941603219]]","[[0.06990065952693975,0.053329844524463016],[0.005881437711003754,0.0029631079433278906]]","[[0.2641527318292194,0.230662167624191],[0.07651713501524042,0.054162320053135905]]","[[1.0,1.0],[1.0,1.0]]","[[49.54695773654514,3.8785117749814635],[3.7716504361894394,3.388286934958564]]","[1.0,1.0]","[27.72227759184661,7.149591622529207]","[null,null]"
stagewise_residual_simvq_k64x4-4x4_rate094-20260730-182026,126,0.01070370,0.02243920,0.03314290,0.01120866,0.02167053,25.56769385,0.95195504,0.01082678,0,Phase3-微调,1.000000,1.00000000,7.60607885,9216,0.1406250000,0.0937500000,2.5e-05,"[0.06698089036400671,0.004824555205629656]","[0.06698089025362775,0.004824555201749145]","[[0.07551508859075882,0.05844669165434661],[0.006315059188097992,0.003334051180044534]]","[[0.07551508859075882,0.05844669147498078],[0.006315059188097992,0.003334051177888695]]","[[0.27445546162349205,0.24135579880740907],[0.07901462364803861,0.05705667319535105]]","[[1.0,1.0],[1.0,1.0]]","[[49.859003646285444,3.8862671357614023],[3.8266451636950176,3.396608277603432]]","[1.0,1.0]","[27.837050211871112,7.210286423012063]","[8.310738710995927e-05,2.9489774146053673e-05]","[0.0655904559901467,0.00375524675646038]","[0.06559045623849939,0.00375524675646038]","[[0.07431956049468783,0.05686135090611599],[0.005046200341786499,0.0024642931193941168]]","[[0.07431956049468783,0.05686135112687393],[0.005046200341786499,0.00246429313491616]]","[[0.27238055136468675,0.23818402533177976],[0.07091230838387101,0.04945733235390098]]","[[1.0,1.0],[1.0,1.0]]","[[50.64845346521448,3.8671156494705765],[3.749174529534799,3.2873357772827148]]","[1.0,1.0]","[27.98774624577275,7.021262356087013]","[null,null]"
stagewise_residual_simvq_k64x4-4x4_rate094-20260730-182026,127,0.01067282,0.02249046,0.03316328,0.01086763,0.02230615,25.70128929,0.95274296,0.01082678,0,Phase3-微调,1.000000,1.00000000,7.28960551,9216,0.1406250000,0.0937500000,2.5e-05,"[0.06711015210107521,0.004859314580810153]","[0.06711015215626469,0.004859314578654314]","[[0.07563327405325793,0.05858702999022272],[0.006348337705626532,0.0033702914191289218]]","[[0.07563327405325793,0.05858703005920957],[0.006348337705626532,0.0033702914161107466]]","[[0.2746747438830358,0.24165079105231496],[0.07908740024323817,0.05715031670061527]]","[[1.0,1.0],[1.0,1.0]]","[[49.84554617846454,3.882854652846301],[3.8336606599666454,3.403101807170444]]","[1.0,1.0]","[27.821008767022025,7.223776736082854]","[8.216762075284755e-05,3.150598811906228e-05]","[0.0669827695246096,0.004396916225690533]","[0.06698276949701486,0.00439691622224119]","[[0.07552947556530988,0.05843606323555664],[0.005835380519015922,0.002958451916843101]]","[[0.07552947556530988,0.05843606304239344],[0.005835380519015922,0.002958451913393758]]","[[0.27456071178118385,0.24143025268007207],[0.07623062404217544,0.05415338769003197]]","[[1.0,1.0],[1.0,1.0]]","[[50.130048765959565,3.9003699903134947],[3.885318538877699,3.43829132715861]]","[1.0,1.0]","[27.96339550724736,7.309865428783276]","[null,null]"
stagewise_residual_simvq_k64x4-4x4_rate094-20260730-182026,128,0.01067421,0.02259588,0.03327009,0.01092675,0.02315795,25.68501480,0.95260387,0.01082678,0,Phase3-微调,1.000000,1.00000000,7.94258791,9216,0.1406250000,0.0937500000,2.5e-05,"[0.06736716668087023,0.004939649268312173]","[0.06736716663947812,0.004939649267018669]","[[0.07592217497941521,0.05881215820295943],[0.006451327777985069,0.0034279706892212506]]","[[0.07592217497941521,0.05881215823745286],[0.006451327777985069,0.00342797069137709]]","[[0.2751545652471207,0.2420663227637609],[0.07972846453388532,0.057643753166000046]]","[[1.0,1.0],[1.0,1.0]]","[[49.86447419767027,3.886380249482614],[3.8353498542750324,3.4256934532412777]]","[1.0,1.0]","[27.83850793838501,7.249230400721232]","[8.542864251029204e-05,3.0937059185547426e-05]","[0.06928391329668186,0.004821531334891915]","[0.0692839131311134,0.004821531333167244]","[[0.07787973279202426,0.060688093608176265],[0.006375849136599788,0.0032672135004152853]]","[[0.07787973279202426,0.060688093497797295],[0.006375849136599788,0.003267213502139957]]","[[0.2787839204072952,0.2460204005241394],[0.07961917889338953,0.05679802295786363]]","[[1.0,1.0],[1.0,1.0]]","[[50.069240428783274,3.886500104268392],[3.8182484132272227,3.453393471682513]]","[1.0,1.0]","[27.896657576384367,7.262382743976734]","[null,null]"
stagewise_residual_simvq_k64x4-4x4_rate094-20260730-182026,129,0.01069909,0.02269725,0.03339634,0.01091208,0.02208655,25.68372234,0.95319800,0.01082678,0,Phase3-微调,1.000000,1.00000000,7.40869396,9216,0.1406250000,0.0937500000,2.5e-05,"[0.06771233387429405,0.00491885657818919]","[0.06771233389499011,0.004918856575171015]","[[0.07629230575705016,0.05913236179147605],[0.006422169766112886,0.003415543343052613]]","[[0.07629230575705016,0.05913236182596948],[0.006422169766112886,0.003415543340465606]]","[[0.275842248013726,0.24274112460789857],[0.07940902504380103,0.05732743143345471]]","[[1.0,1.0],[1.0,1.0]]","[[49.90719754254376,3.883163789908091],[3.828119432484662,3.409054118174094]]","[1.0,1.0]","[27.839071888393825,7.2248903565936615]","[8.18617476465146e-05,2.9963906950393318e-05]","[0.06615224560653722,0.004524725880818786]","[0.06615224577210567,0.004524725868746087]","[[0.07459984910156991,0.057704641890746575],[0.00596528395458504,0.0030841677811824612]]","[[0.07459984910156991,0.05770464191834132],[0.00596528395458504,0.003084167769109761]]","[[0.2728334485380738,0.23987266310939082],[0.07703559867761753,0.05523289477935544]]","[[1.0,1.0],[1.0,1.0]]","[[49.73864065099646,3.8867186122470434],[3.8119581293176723,3.3919720190542715]]","[1.0,1.0]","[27.805278537891528,7.1915757709079315]","[null,null]"
stagewise_residual_simvq_k64x4-4x4_rate094-20260730-182026,130,0.01063141,0.02261543,0.03324683,0.01066207,0.02214235,25.78139823,0.95397733,0.01066207,1,Phase3-微调,1.000000,1.00000000,7.54518830,9216,0.1406250000,0.0937500000,2.5e-05,"[0.06740721358607213,0.004962154780514538]","[0.06740721360676818,0.004962154778789867]","[[0.07593375538924226,0.05888067157594142],[0.006449817735874267,0.0034744917990691547]]","[[0.07593375538924226,0.058880671617333534],[0.006449817735874267,0.0034744918018717458]]","[[0.2751739910079373,0.24220499131414625],[0.07929706361006808,0.05740965627547767]]","[[1.0,1.0],[1.0,1.0]]","[[49.81640942891439,3.8825479291103506],[3.831170500649346,3.4076221541122154]]","[1.0,1.0]","[27.811288434487803,7.226250320010715]","[8.269031191890395e-05,3.394338706230984e-05]","[0.06659342646598816,0.004262099135667085]","[0.06659342638320392,0.0042620991391164285]","[[0.07505990708315814,0.05812694504857063],[0.005698485099882991,0.0028257131455811085]]","[[0.07505990708315814,0.0581269449657864],[0.005698485099882991,0.0028257131455811085]]","[[0.2736844545161283,0.24076303574774],[0.07532630402732779,0.052907207691007194]]","[[1.0,1.0],[1.0,1.0]]","[[49.733425535979094,3.8939369060375073],[3.820039086871677,3.4329804367489283]]","[1.0,1.0]","[27.829574867531104,7.242597131375914]","[null,null]"
stagewise_residual_simvq_k64x4-4x4_rate094-20260730-182026,131,0.03238456,0.02475118,0.05713574,0.01083381,0.02238740,25.71214672,0.95302113,0.01066207,0,Phase3-微调,1.000000,1.00000000,7.42523246,9216,0.1406250000,0.0937500000,2.5e-05,"[0.07332567924426661,0.005878100540764906]","[0.07332567923736794,0.005878100561029795]","[[0.08276713777471471,0.06388422070691983],[0.007527208252361527,0.00422899281407741]]","[[0.08276713777471471,0.06388422063793298],[0.007527208252361527,0.0042289928295994525]]","[[0.28514644100710196,0.24994710452026792],[0.08227661249952184,0.05898705838869015]]","[[1.0,1.0],[1.0,1.0]]","[[50.24927142814354,3.9106191869135256],[3.6535496468897217,3.707885189409609]]","[1.0,1.0]","[28.032043552398683,7.356336524751451]","[0.00020729871164938365,8.432314572625425e-05]","[0.0668761200926922,0.004763551856632586]","[0.06687612020307117,0.004763551860081929]","[[0.07545252903192132,0.05829971040840502],[0.006323336261428065,0.00320376746735915]]","[[0.07545252903192132,0.05829971054637874],[0.006323336261428065,0.0032037674587357926]]","[[0.27440367926050113,0.24112548717746027],[0.07927170561419593,0.05619145725612287]]","[[1.0,1.0],[1.0,1.0]]","[[49.746355296947335,3.9025938510894775],[3.7535030594578496,3.8380414291664406]]","[1.0,1.0]","[27.864109590318467,7.5909770965576175]","[null,null]"
stagewise_residual_simvq_k64x4-4x4_rate094-20260730-182026,132,0.01062981,0.02255407,0.03318388,0.01072445,0.02233235,25.75432762,0.95337871,0.01066207,0,Phase3-微调,1.000000,1.00000000,7.61646393,9216,0.1406250000,0.0937500000,2.5e-05,"[0.06713437512516976,0.005038644495868573]","[0.06713437521485267,0.005038644494143901]","[[0.07575825240325045,0.05851049719171392],[0.006556130117840237,0.0035211588562190257]]","[[0.07575825240325045,0.05851049728139683],[0.006556130117840237,0.0035211588562190257]]","[[0.2749012294190901,0.24149513379843146],[0.07972302133286441,0.05738952855958983]]","[[1.0,1.0],[1.0,1.0]]","[[49.824181380095304,3.888164252705044],[3.7942912296012596,3.6081998785336813]]","[1.0,1.0]","[27.833816341117576,7.397511997929326]","[7.766284029963168e-05,3.427485857577671e-05]","[0.06720453177889188,0.004259002403597589]","[0.06720453183408137,0.004259002396698903]","[[0.07583417939367118,0.05857488432968104],[0.005682683901654349,0.002835320843452657]]","[[0.07583417939367118,0.0585748844952495],[0.005682683901654349,0.002835320840003314]]","[[0.27508607937230006,0.24167949005409523],[0.07519086356516237,0.052952115955176175]]","[[1.0,1.0],[1.0,1.0]]","[[49.97301728990343,3.8823545473593253],[3.825743140114678,3.3790026753037066]]","[1.0,1.0]","[27.855156919691296,7.1907901022169325]","[null,null]"
stagewise_residual_simvq_k64x4-4x4_rate094-20260730-182026,133,0.01053307,0.02247244,0.03300551,0.01077749,0.02111049,25.73147628,0.95322105,0.01066207,0,Phase3-微调,1.000000,1.00000000,7.87066607,9216,0.1406250000,0.0937500000,2.5e-05,"[0.06712819054308865,0.00478361604899099]","[0.06712819049479785,0.004783616048559822]","[[0.07569975177584976,0.05855662898608932],[0.006277095829999005,0.0032901362390947288]]","[[0.07569975177584976,0.05855662896539326],[0.006277095829999005,0.003290136238232393]]","[[0.2747776472458133,0.2415669835276074],[0.0784637290570471,0.05617263872452356]]","[[1.0,1.0],[1.0,1.0]]","[[49.81162612349899,3.8840706136491563],[3.8334708986458956,3.413885856999291]]","[1.0,1.0]","[27.815913532398366,7.235078748950252]","[7.926822362167985e-05,3.175546692175515e-05]","[0.06315791648295191,0.004395640279269881]","[0.06315791662092562,0.004395640272371195]","[[0.07150881066918373,0.05480702182760945],[0.005854751100694691,0.002936529495787841]]","[[0.07150881066918373,0.054807021882798936],[0.005854751100694691,0.0029365294975125127]]","[[0.2671515930581976,0.2338060051202774],[0.07634175232163182,0.05391985503611741]]","[[1.0,1.0],[1.0,1.0]]","[[49.37372354578089,3.8798530596273917],[3.8118109508796976,3.405223277763084]]","[1.0,1.0]","[27.67864297937464,7.205490317168059]","[null,null]"
stagewise_residual_simvq_k64x4-4x4_rate094-20260730-182026,134,0.01053990,0.02256203,0.03310193,0.01098141,0.02317010,25.66530795,0.95281315,0.01066207,0,Phase3-微调,1.000000,1.00000000,7.53658667,9216,0.1406250000,0.0937500000,2.5e-05,"[0.06741589637542213,0.004782598564418515]","[0.06741589636852344,0.004782598560969173]","[[0.07595483706229263,0.0588769548262159],[0.006285237024227778,0.0032799600584742924]]","[[0.07595483706229263,0.058876954840013276],[0.006285237024227778,0.0032799600610612994]]","[[0.2752449159544927,0.24223368816353658],[0.07881660431071565,0.056559580564498904]]","[[1.0,1.0],[1.0,1.0]]","[[49.793061376501015,3.8832112224013717],[3.8298043379077207,3.4156356308195326]]","[1.0,1.0]","[27.80749964537444,7.233487987518311]","[8.148355708625685e-05,3.09550315991887e-05]","[0.06916828517008711,0.004976019271890874]","[0.06916828514249236,0.004976019264992189]","[[0.07787689216159008,0.060459677902636705],[0.006555492955225485,0.0033965455437148058]]","[[0.07787689216159008,0.060459677902636705],[0.006555492955225485,0.0033965455419901346]]","[[0.27879259365576287,0.24557171695762212],[0.08075576540496614,0.05796001583889679]]","[[1.0,1.0],[1.0,1.0]]","[[50.49420711376049,3.8810262397483544],[3.849880986743503,3.4493368961192945]]","[1.0,1.0]","[27.995245884082937,7.288141201160572]","[null,null]"
stagewise_residual_simvq_k64x4-4x4_rate094-20260730-182026,135,0.01053378,0.02278752,0.03332130,0.01089127,0.02211819,25.68369737,0.95159554,0.01066207,0,Phase3-微调,1.000000,1.00000000,7.68541420,9216,0.1406250000,0.0937500000,2.5e-05,"[0.06785332648842424,0.005066727681292428]","[0.06785332654361372,0.005066727682585931]","[[0.07637731761982043,0.05932933507418191],[0.006578342738147411,0.0035551125515700765]]","[[0.07637731761982043,0.05932933512247271],[0.006578342738147411,0.003555112562564857]]","[[0.27600656422200026,0.24315903322012336],[0.07991008859265733,0.057748907445757475]]","[[1.0,1.0],[1.0,1.0]]","[[49.81652440671568,3.8836976528167724],[3.830592500280451,3.4176792630442865]]","[1.0,1.0]","[27.816018652032923,7.23637114542502]","[8.302327121243622e-05,3.440189494978296e-05]","[0.06647498298574377,0.004303213793577419]","[0.06647498284777005,0.0043032138022007765]","[[0.07486390482496333,0.058086060649818846],[0.005752285614747692,0.0028541419499864182]]","[[0.07486390482496333,0.058086060567034616],[0.005752285614747692,0.0028541419620591183]]","[[0.2733273946576648,0.24068019268689334],[0.07567717979351679,0.05316865333804378]]","[[1.0,1.0],[1.0,1.0]]","[[49.37496377450449,3.877320886541296],[3.815592227158723,3.397426546944512]]","[1.0,1.0]","[27.66992960329409,7.200800076237432]","[null,null]"
stagewise_residual_simvq_k64x4-4x4_rate094-20260730-182026,136,0.01060017,0.02283766,0.03343783,0.01090252,0.02421906,25.70994602,0.95308924,0.01066207,0,Phase3-微调,1.000000,1.00000000,7.48450443,9216,0.1406250000,0.0937500000,2.5e-05,"[0.06828022841364145,0.00480027901293296]","[0.0682802283929454,0.004800279016382303]","[[0.07681811864453333,0.05974233801028243],[0.006277945167729976,0.0033226128329126234]]","[[0.07681811864453333,0.0597423379274982],[0.006277945167729976,0.003322612838948973]]","[[0.2768215926157104,0.24402823892456513],[0.07835037909724095,0.05630387017434394]]","[[1.0,1.0],[1.0,1.0]]","[[49.841060920997904,3.883523977685858],[3.8122466952712446,3.411689790972957]]","[1.0,1.0]","[27.821974016118933,7.212705140643649]","[8.507098812481638e-05,3.3358081942356805e-05]","[0.07234358409488642,0.0051574090926873465]","[0.0723435842052654,0.005157409078889975]","[[0.08121640781561533,0.06347075990504689],[0.006764281027156998,0.0035505371168255808]]","[[0.08121640781561533,0.06347075971188369],[0.006764281027156998,0.0035505370926801807]]","[[0.28467010392083064,0.2515693587285501],[0.08201760903552727,0.059242258496858456]]","[[1.0,1.0],[1.0,1.0]]","[[50.62452525386104,3.885567170602304],[3.86549454441777,3.4811674259327074]]","[1.0,1.0]","[28.047688335842558,7.336518262933802]","[null,null]"
stagewise_residual_simvq_k64x4-4x4_rate094-20260730-182026,137,0.01059811,0.02302099,0.03361910,0.01075195,0.02355821,25.75032778,0.95342034,0.01066207,0,Phase3-微调,1.000000,1.00000000,7.72601022,9216,0.1406250000,0.0937500000,2.5e-05,"[0.06880053765381929,0.004866632664817627]","[0.06880053755033899,0.004866632669560473]","[[0.07734196163300011,0.06025911344008313],[0.006379762675647658,0.0033535026225123415]]","[[0.07734196163300011,0.06025911330900811],[0.006379762675647658,0.003353502640621392]]","[[0.27775147590372296,0.24506507957423174],[0.07939887326900606,0.057188511067242535]]","[[1.0,1.0],[1.0,1.0]]","[[49.881134591279206,3.8835426180451003],[3.81656542663221,3.4121800025304156]]","[1.0,1.0]","[27.833678206691037,7.217308415306939]","[8.431491876561065e-05,3.3551135889124624e-05]","[0.07085620142795422,0.004530076053062523]","[0.07085620156592792,0.004530076063410551]","[[0.07955888051677633,0.06215352198040044],[0.005995198939409521,0.0030649531563674962]]","[[0.07955888051677633,0.0621535219528057],[0.005995198939409521,0.0030649531667155247]]","[[0.28175166569374227,0.24894751067514773],[0.07722234273398364,0.05504416831665569]]","[[1.0,1.0],[1.0,1.0]]","[[50.373346625434024,3.894286874488548],[3.7450286865234377,3.3913189817357945]]","[1.0,1.0]","[28.009439341227214,7.127508110470242]","[null,null]"
stagewise_residual_simvq_k64x4-4x4_rate094-20260730-182026,138,0.01058978,0.02312218,0.03371196,0.01066310,0.02224866,25.78068153,0.95352543,0.01066207,0,Phase3-微调,1.000000,1.00000000,7.64936412,9216,0.1406250000,0.0937500000,2.5e-05,"[0.06895592447232317,0.005035041657673126]","[0.0689559245068166,0.005035041639132908]","[[0.07753321870609566,0.06037862985222428],[0.006559838475314555,0.0035102448189044716]]","[[0.07753321870609566,0.060378629907413765],[0.006559838475314555,0.0035102448076941074]]","[[0.27809118316681297,0.2453054825740832],[0.08004543746787089,0.05778162440767995]]","[[1.0,1.0],[1.0,1.0]]","[[50.01677965941253,3.8814068992932635],[3.802870339375955,3.409388010148649]]","[1.0,1.0]","[27.86354895344487,7.201315451551367]","[8.292812881673281e-05,3.5595708706952994e-05]","[0.06646118089556693,0.004734532500582713]","[0.06646118070240374,0.004734532517829427]","[[0.07489101442473906,0.058031347145636875],[0.006248430290293914,0.0032206346850014397]]","[[0.07489101442473906,0.05803134667652625],[0.006248430290293914,0.0032206347091468398]]","[[0.2733722236421373,0.24055996261261128],[0.0788400998821965,0.05644102474605596]]","[[1.0,1.0],[1.0,1.0]]","[[49.71322849414967,3.87794956807737],[3.817131413353814,3.409647168053521]]","[1.0,1.0]","[27.766849093967014,7.215201529750118]","[null,null]"
stagewise_residual_simvq_k64x4-4x4_rate094-20260730-182026,139,0.01060719,0.02322054,0.03382773,0.01063541,0.02272076,25.79990764,0.95414038,0.01063541,1,Phase3-微调,1.000000,1.00000000,7.21503274,9216,0.1406250000,0.0937500000,2.5e-05,"[0.06932408219134366,0.004981646256918018]","[0.06932408228792526,0.004981646250450501]","[[0.07793633736394069,0.06071182694286108],[0.006512404578151526,0.0034508878942923964]]","[[0.07793633736394069,0.060711827011847935],[0.006512404578151526,0.003450887887609295]]","[[0.2787370563105301,0.2458989230019075],[0.08003790280609219,0.05772546927824065]]","[[1.0,1.0],[1.0,1.0]]","[[50.03545050444426,3.87984544745198],[3.8082261694802177,3.4058151187720123]]","[1.0,1.0]","[27.86300294664171,7.2026787210393834]","[8.422546664708838e-05,3.5602972620499374e-05]","[0.0679582401558205,0.0047481870882351085]","[0.06795824023860472,0.0047481870882351085]","[[0.07648370721273952,0.05943277315409095],[0.006247319726066457,0.0032490544193596754]]","[[0.07648370721273952,0.05943277304371198],[0.006247319726066457,0.0032490544245336894]]","[[0.27623935087963386,0.24341896165300297],[0.07883066397022317,0.05667116054230266]]","[[1.0,1.0],[1.0,1.0]]","[[49.94864764743381,3.8778497166103785],[3.7873369923344367,3.384625157603511]]","[1.0,1.0]","[27.832137213812935,7.160577007576271]","[null,null]"
stagewise_residual_simvq_k64x4-4x4_rate094-20260730-182026,140,0.01054538,0.02309540,0.03364078,0.01071829,0.02261412,25.76698358,0.95359111,0.01063541,0,Phase3-微调,1.000000,1.00000000,7.46912456,9216,0.1406250000,0.0937500000,2.5e-05,"[0.06898813798885654,0.0049171576595485765]","[0.06898813796816049,0.004917157657392737]","[[0.07754876385270446,0.06042751151792429],[0.006433247300554757,0.0034010679609814865]]","[[0.07754876385270446,0.06042751147653218],[0.006433247300554757,0.00340106795623864]]","[[0.27809994880248,0.24538337270970698],[0.0796896798743142,0.057523354301574056]]","[[1.0,1.0],[1.0,1.0]]","[[49.96622246636285,3.880746578728711],[3.8044588689450864,3.4051923332390963]]","[1.0,1.0]","[27.84702951643202,7.198437491169682]","[8.312369970587531e-05,3.317570256816301e-05]","[0.06769458571517908,0.004670601067374702]","[0.06769458557720538,0.004670601074273388]","[[0.07621366251949911,0.05917550830377473],[0.006147149598432912,0.0031940525138957634]]","[[0.07621366251949911,0.05917550819339575],[0.006147149598432912,0.003194052519069778]]","[[0.2757826028046785,0.24292866587638856],[0.07820953919931695,0.056226047156033694]]","[[1.0,1.0],[1.0,1.0]]","[[49.93483844333225,3.8934741143827085],[3.816484875149197,3.3994841275391754]]","[1.0,1.0]","[27.88428173771611,7.203830040825737]","[null,null]"
stagewise_residual_simvq_k64x4-4x4_rate094-20260730-182026,141,0.01055083,0.02310308,0.03365391,0.01070215,0.02288532,25.76363132,0.95327834,0.01063541,0,Phase3-微调,1.000000,1.00000000,7.63490875,9216,0.1406250000,0.0937500000,2.5e-05,"[0.06900738454941246,0.004922460701264855]","[0.06900738447352692,0.00492246069609084]","[[0.0775717225132717,0.06044304610954391],[0.006439878202595369,0.0034050431449604394]]","[[0.0775717225132717,0.06044304610264522],[0.006439878202595369,0.003405043146253943]]","[[0.2781124099813126,0.24538067159829316],[0.07970853034682848,0.05752670624879775]]","[[1.0,1.0],[1.0,1.0]]","[[49.972629412898314,3.880383085321497],[3.8044279548856945,3.4074568024388068]]","[1.0,1.0]","[27.847679003962764,7.200816848542956]","[8.341587806541981e-05,3.296845443232828e-05]","[0.06830758259252266,0.00492542880518293]","[0.06830758253733317,0.004925428812081615]","[[0.07690186776496746,0.05971329742007785],[0.0064761777994809325,0.0033746798005368974]]","[[0.07690186776496746,0.05971329719931991],[0.0064761777994809325,0.003374679817783612]]","[[0.27701765839700343,0.2440211249722375],[0.08028865953286489,0.05781981768431487]]","[[1.0,1.0],[1.0,1.0]]","[[50.22478120591905,3.8830937244274],[3.81876007715861,3.4283995186841048]]","[1.0,1.0]","[27.927859200371635,7.236566243348299]","[null,null]"
stagewise_residual_simvq_k64x4-4x4_rate094-20260730-182026,142,0.01056149,0.02325933,0.03382082,0.01083262,0.02330624,25.72657774,0.95283477,0.01063541,0,Phase3-微调,1.000000,1.00000000,7.65462462,9216,0.1406250000,0.0937500000,2.5e-05,"[0.06944063610086838,0.004989225957197724]","[0.06944063606637496,0.004989225954610717]","[[0.0779949740541202,0.06088629800964285],[0.0065052777821956965,0.0034731740899453007]]","[[0.0779949740541202,0.06088629791306125],[0.0065052777821956965,0.003473174092532308]]","[[0.27891957605326617,0.24633713795079126],[0.07986885069145097,0.05774464236089477]]","[[1.0,1.0],[1.0,1.0]]","[[49.96250322129991,3.8799477692003603],[3.815971914927165,3.410857931772868]]","[1.0,1.0]","[27.84335391079938,7.215326482278329]","[8.36727976935368e-05,3.597805892712602e-05]","[0.06968251491586368,0.004897442025442918]","[0.06968251497105316,0.004897442034066275]","[[0.07830527725595016,0.06105975243780348],[0.006455863453447818,0.003339020571567946]]","[[0.07830527725595016,0.06105975268615617],[0.006455863453447818,0.003339020571567946]]","[[0.27954666338585044,0.24677357563266047],[0.08013481265968747,0.05745622653652121]]","[[1.0,1.0],[1.0,1.0]]","[[50.1964929651331,3.885423923421789],[3.8291382295114023,3.4429860839137323]]","[1.0,1.0]","[27.928378564340097,7.261784316875317]","[null,null]"
stagewise_residual_simvq_k64x4-4x4_rate094-20260730-182026,143,0.01047498,0.02320570,0.03368068,0.01070814,0.02353282,25.77961848,0.95365860,0.01063541,0,Phase3-微调,1.000000,1.00000000,7.52996006,9216,0.1406250000,0.0937500000,2.5e-05,"[0.06926036545385918,0.004997866919384924]","[0.0692603654400618,0.004997866917660253]","[[0.07780643476656189,0.06071429585831033],[0.006512175685795093,0.0034835581048995395]]","[[0.07780643476656189,0.06071429575483004],[0.006512175685795093,0.0034835581044683718]]","[[0.278597868896193,0.24600559199849764],[0.07982186061088685,0.057697815116908815]]","[[1.0,1.0],[1.0,1.0]]","[[49.97714331591571,3.8788929568396675],[3.809982136885325,3.4089342686865063]]","[1.0,1.0]","[27.843817357663756,7.207654223618684]","[8.099322987820617e-05,3.154938560362131e-05]","[0.07074597417204469,0.004559053166734952]","[0.0707459741168552,0.0045590531581115945]","[[0.07936505457317387,0.062126894074457664],[0.0060217137379502805,0.0030963925696495505]]","[[0.07936505457317387,0.06212689382610498],[0.0060217137379502805,0.0030963925610261933]]","[[0.28139520684878033,0.2488773740000195],[0.07743886516050057,0.05541954987027027]]","[[1.0,1.0],[1.0,1.0]]","[[50.08435767844871,3.8793931855095756],[3.856757100423177,3.4212414971104375]]","[1.0,1.0]","[27.875450981987846,7.264865398406982]","[null,null]"
stagewise_residual_simvq_k64x4-4x4_rate094-20260730-182026,144,0.01049693,0.02317933,0.03367626,0.01066851,0.02371978,25.78898584,0.95376938,0.01063541,0,Phase3-微调,1.000000,1.00000000,7.39523454,9216,0.1406250000,0.0937500000,2.5e-05,"[0.06928038635739574,0.004893456956509639]","[0.06928038617802991,0.004893456949179785]","[[0.0778382718977001,0.060722500410068915],[0.00639572939404321,0.003391184473487859]]","[[0.0778382718977001,0.06072250023760178],[0.00639572939404321,0.0033911844691761803]]","[[0.278600222700172,0.24596169817226904],[0.07939179160252766,0.057395123511000914]]","[[1.0,1.0],[1.0,1.0]]","[[49.95326698444508,3.8786782224973044],[3.8055920989425096,3.4033047093285456]]","[1.0,1.0]","[27.83577614536992,7.197529368930393]","[8.366114233703465e-05,3.39677086180422e-05]","[0.07085970331121375,0.005043578922265658]","[0.07085970322842951,0.0050435789291643435]","[[0.07938730578731608,0.0623321000624586],[0.006595103270201771,0.0034920545846775725]]","[[0.07938730578731608,0.06233210003486386],[0.006595103270201771,0.0034920545846775725]]","[[0.28145025736755797,0.24930966893831888],[0.08097235886035142,0.05874893560453698]]","[[1.0,1.0],[1.0,1.0]]","[[49.86110777678313,3.8865579234229193],[3.7877895302242703,3.409705571775083]]","[1.0,1.0]","[27.838941291526513,7.187479149853742]","[null,null]"
stagewise_residual_simvq_k64x4-4x4_rate094-20260730-182026,145,0.01046281,0.02321447,0.03367727,0.01063431,0.02326647,25.79694147,0.95352487,0.01063431,1,Phase3-微调,1.000000,1.00000000,7.68207674,9216,0.1406250000,0.0937500000,2.5e-05,"[0.0692829783178038,0.005003309788837753]","[0.06928297820052615,0.005003309781076731]","[[0.07781144851059825,0.06075450764900005],[0.006523661494806961,0.0034829580393205915]]","[[0.07781144851059825,0.06075450751102633],[0.006523661494806961,0.003482958025954388]]","[[0.2785498987469408,0.24602122731782772],[0.08016749688044743,0.058104740814478306]]","[[1.0,1.0],[1.0,1.0]]","[[49.89328577959979,3.879640694459279],[3.8101892881923254,3.4117378596906307]]","[1.0,1.0]","[27.822674415729665,7.210757681175514]","[8.423443646784613e-05,3.451626059898074e-05]","[0.06898750596576267,0.005465210755183189]","[0.06898750602095216,0.005465210755183189]","[[0.07752179034330227,0.06045322131227564],[0.007049364876002074,0.003881056587798176]]","[[0.07752179034330227,0.06045322122949141],[0.007049364876002074,0.0038810565826241615]]","[[0.27811645335621304,0.24550965428352356],[0.08339075120510879,0.061380478463791036]]","[[1.0,1.0],[1.0,1.0]]","[[49.970453587284794,3.87189477108143],[3.8644400790885642,3.400038410116125]]","[1.0,1.0]","[27.8169091825132,7.249546227631746]","[null,null]"
stagewise_residual_simvq_k64x4-4x4_rate094-20260730-182026,146,0.01040522,0.02309496,0.03350018,0.01086879,0.02420451,25.71029202,0.95296989,0.01063431,0,Phase3-微调,1.000000,1.00000000,7.27924462,9216,0.1406250000,0.0937500000,2.5e-05,"[0.0688925033159278,0.0050113655264592835]","[0.06889250334352255,0.005011365538531983]","[[0.0773851956827221,0.060399810749071615],[0.006508863506045331,0.003513867504618786]]","[[0.0773851956827221,0.0603998108042611],[0.006508863506045331,0.0035138675268239308]]","[[0.2778087460332447,0.24533186245847632],[0.07971382564692586,0.05783297979031448]]","[[1.0,1.0],[1.0,1.0]]","[[49.91680063318323,3.8773835283738594],[3.809695944962678,3.4087127972532203]]","[1.0,1.0]","[27.821430206298828,7.2071352473011725]","[8.065375214856532e-05,3.167290594184898e-05]","[0.07296266081156554,0.004491771738631306]","[0.072962660977134,0.00449177173173262]","[[0.08177100055747562,0.06415432081730277],[0.00596358436677191,0.003019959094968659]]","[[0.08177100055747562,0.06415432095527648],[0.00596358436677191,0.003019959091519316]]","[[0.2856357501612769,0.2529158656243925],[0.07708691209554672,0.054759289213904626]]","[[1.0,1.0],[1.0,1.0]]","[[50.60738025241428,3.875090318255954],[3.76191092243901,3.3805422182436344]]","[1.0,1.0]","[28.005128408361365,7.13219395743476]","[null,null]"
stagewise_residual_simvq_k64x4-4x4_rate094-20260730-182026,147,0.01045591,0.02329808,0.03375399,0.01087517,0.02557508,25.70774435,0.95293960,0.01063431,0,Phase3-微调,1.000000,1.00000000,7.58175440,9216,0.1406250000,0.0937500000,2.5e-05,"[0.06954388551551986,0.0050099616417557825]","[0.06954388548792512,0.005009961640893447]","[[0.07807111271691543,0.061016657893304474],[0.006543725487534647,0.003476197755878308]]","[[0.07807111271691543,0.061016657886405784],[0.006543725487534647,0.003476197755015973]]","[[0.27906301038132775,0.24661225590992858],[0.08050362694042701,0.058390161629628255]]","[[1.0,1.0],[1.0,1.0]]","[[49.996733623080786,3.876407515561139],[3.8171598734679044,3.4091968072785273]]","[1.0,1.0]","[27.840310192108156,7.2147127177980215]","[8.256150350563176e-05,3.148666230488204e-05]","[0.07675256491811187,0.005087698661480788]","[0.07675256497330135,0.005087698656306774]","[[0.08571793663280981,0.0677871931206297],[0.006675175411833657,0.003500221873185149]]","[[0.08571793663280981,0.06778719336898238],[0.006675175411833657,0.003500221878359163]]","[[0.29244995691158154,0.2599839820905968],[0.08149646680664133,0.05885640206160369]]","[[1.0,1.0],[1.0,1.0]]","[[50.97031286734122,3.891750807232327],[3.8176348880485254,3.4227116867348]]","[1.0,1.0]","[28.16574907656069,7.229495769076877]","[null,null]"
stagewise_residual_simvq_k64x4-4x4_rate094-20260730-182026,148,0.01047705,0.02343211,0.03390917,0.01058811,0.02365355,25.82381510,0.95424553,0.01058811,1,Phase3-微调,1.000000,1.00000000,7.67897016,9216,0.1406250000,0.0937500000,2.5e-05,"[0.069969097993992,0.005013669923344558]","[0.0699690980905736,0.005013669920757551]","[[0.07852867291205459,0.061409522765488535],[0.006543964881415444,0.003483374915473784]]","[[0.07852867291205459,0.06140952285517145],[0.006543964881415444,0.003483374930564659]]","[[0.27984837439877014,0.2473647234340509],[0.0802980450016481,0.05811906318283743]]","[[1.0,1.0],[1.0,1.0]]","[[50.05957060919867,3.8753578623135883],[3.8154026322894627,3.41228311503375]]","[1.0,1.0]","[27.853953365043356,7.216309814099913]","[8.348870043711805e-05,3.3595136868893016e-05]","[0.069951375629063,0.00573998401976294]","[0.06995137573944198,0.005739984023212283]","[[0.07845311551182359,0.06144963558073397],[0.007455531242131083,0.004024436790496111]]","[[0.07845311551182359,0.061449635470355],[0.007455531242131083,0.004024436795670125]]","[[0.2797870562032417,0.24753376245498657],[0.08614909847577414,0.06315984645927394]]","[[1.0,1.0],[1.0,1.0]]","[[49.98024944729275,3.8830762721874095],[3.832223072758427,3.4919959986651383]]","[1.0,1.0]","[27.859746509128147,7.3162407875061035]","[null,null]"
stagewise_residual_simvq_k64x4-4x4_rate094-20260730-182026,149,0.01048970,0.02339832,0.03388802,0.01078560,0.02342482,25.74685092,0.95344308,0.01058811,0,Phase3-微调,1.000000,1.00000000,7.69065620,9216,0.1406250000,0.0937500000,2.5e-05,"[0.06976083475682471,0.005113787918903485]","[0.06976083474302733,0.005113787918472318]","[[0.07828816701140669,0.06123350195724655],[0.00667275306251314,0.0035548227377822277]]","[[0.07828816701140669,0.061233501902057064],[0.00667275306251314,0.0035548227386445635]]","[[0.2794544032878346,0.24705402939407914],[0.08111505392524931,0.05877871091167132]]","[[1.0,1.0],[1.0,1.0]]","[[49.94029377831353,3.879269793740025],[3.815177724979542,3.4262905544704862]]","[1.0,1.0]","[27.83463168674045,7.230828131569757]","[8.448135235489139e-05,3.665920823921085e-05]","[0.07001328838092309,0.004946135246643313]","[0.07001328835332835,0.004946135253541999]","[[0.07855630539081715,0.06147027109508161],[0.006466815027373808,0.003425455445216762]]","[[0.07855630539081715,0.06147027109508161],[0.006466815027373808,0.003425455450390776]]","[[0.27997820101402426,0.24758175534230692],[0.08020736558569802,0.05821552019980219]]","[[1.0,1.0],[1.0,1.0]]","[[50.015412959346065,3.8674493383478237],[3.80363165890729,3.3854901137175384]]","[1.0,1.0]","[27.813409084743924,7.176882687321416]","[null,null]"
stagewise_residual_simvq_k64x4-4x4_rate094-20260730-182026,150,0.01297401,0.02414162,0.03711563,0.01047692,0.02333734,25.86026119,0.95432955,0.01047692,1,Phase3-微调,1.000000,1.00000000,7.32871693,9216,0.1406250000,0.0937500000,2.5e-05,"[0.072449571977335,0.004803608106966648]","[0.07244957203252447,0.004803608107828984]","[[0.08141747165333342,0.06348167203918652],[0.006221919824990134,0.0033852963585458283]]","[[0.08141747165333342,0.06348167216336285],[0.006221919824990134,0.00338529635919258]]","[[0.28482750894294845,0.25132934685658526],[0.07670822501596478,0.05516676884834413]]","[[1.0,1.0],[1.0,0.999537037037037]]","[[50.395063117698385,3.9032455616527133],[3.4762673797430814,3.6368811903176486]]","[1.0,0.9997685185185186]","[28.044913154178197,7.062708073192173]","[0.00013456209979065332,7.394547025998892e-05]","[0.06956814775864283,0.005111347785633471]","[0.06956814797940078,0.005111347785633471]","[[0.07815769441701748,0.06097860054837333],[0.006601715591494684,0.00362097994527883]]","[[0.07815769441701748,0.06097860074153653],[0.006601715591494684,0.00362097993320613]]","[[0.27923610210418703,0.246551400091913],[0.08083578872459907,0.0595203251198486]]","[[1.0,1.0],[1.0,1.0]]","[[49.96689229894567,3.8882148142214175],[3.8524061874107076,3.617265706592136]]","[1.0,1.0]","[27.874451969288014,7.465917477784333]","[null,null]"
stagewise_residual_simvq_k64x4-4x4_rate094-20260730-182026,151,0.01040060,0.02355656,0.03395716,0.01063163,0.02450142,25.80434635,0.95424527,0.01047692,0,Phase3-微调,1.000000,1.00000000,7.49599336,9216,0.1406250000,0.0937500000,2.5e-05,"[0.07028877759283339,0.005092207914545994]","[0.07028877763422552,0.005092207916701833]","[[0.07890049099784206,0.06167706380839701],[0.006599141110631603,0.003585274708112357]]","[[0.07890049099784206,0.061677063767004894],[0.006599141110631603,0.003585274708543525]]","[[0.28054392969718683,0.24794088483408647],[0.08031616927021079,0.058471661854397367]]","[[1.0,1.0],[1.0,1.0]]","[[49.993095574555575,3.8814791387981837],[3.8385216227284182,3.4503735118442114]]","[1.0,1.0]","[27.85748672132139,7.278245758127283]","[8.031249180930899e-05,2.9095526492205358e-05]","[0.07299634276164903,0.005408199134938143]","[0.0729963426788648,0.005408199134938143]","[[0.08184602630359156,0.06414665933008547],[0.007071702892857569,0.0037446953132058737]]","[[0.08184602630359156,0.06414665919211175],[0.007071702892857569,0.0037446953132058737]]","[[0.2857790584917422,0.2529144752908636],[0.08387871323912233,0.06087693801080739]]","[[1.0,1.0],[1.0,1.0]]","[[50.72391990379051,3.8691387035228586],[3.845939463156241,3.442966362282082]]","[1.0,1.0]","[28.015936039112233,7.277678800512243]","[null,null]"
stagewise_residual_simvq_k64x4-4x4_rate094-20260730-182026,152,0.01034102,0.02355166,0.03389268,0.01060530,0.02340703,25.80331045,0.95365689,0.01047692,0,Phase3-微调,1.000000,1.00000000,7.39189683,9216,0.1406250000,0.0937500000,2.5e-05,"[0.07018117983997972,0.005184124091950556]","[0.07018117983997972,0.005184124090225884]","[[0.07876905742342825,0.061593301863306096],[0.006717606116068998,0.0036506420436867135]]","[[0.07876905742342825,0.06159330200127981],[0.006717606116068998,0.0036506420436867135]]","[[0.2802853148844507,0.2477462676940141],[0.0811393971313481,0.059159011780111875]]","[[1.0,1.0],[1.0,1.0]]","[[50.03868371469003,3.8745640538356922],[3.8257977966909054,3.402620725278501]]","[1.0,1.0]","[27.845009701340288,7.215898667441474]","[8.029016064230948e-05,3.0213618608993583e-05]","[0.07004971123403973,0.00485278498036442]","[0.0700497113996082,0.004852784975190406]","[[0.07849790310418164,0.06160151911554513],[0.006348153248567272,0.0033574166828421533]]","[[0.07849790310418164,0.061601519170734614],[0.006348153248567272,0.00335741667939281]]","[[0.27982608521426167,0.24778924871374058],[0.07944572529307119,0.05760437250137329]]","[[1.0,1.0],[1.0,1.0]]","[[49.627978798195166,3.884810777946755],[3.8194103523536964,3.388633146992436]]","[1.0,1.0]","[27.76753581011737,7.195079153555411]","[null,null]"
stagewise_residual_simvq_k64x4-4x4_rate094-20260730-182026,153,0.01039737,0.02354617,0.03394354,0.01041762,0.02334346,25.88621673,0.95466083,0.01041762,1,Phase3-微调,1.000000,1.00000000,7.61212888,9216,0.1406250000,0.0937500000,2.5e-05,"[0.07030836316170516,0.00503937086754444]","[0.07030836310651567,0.005039370868406776]","[[0.07889156664411227,0.0617251596034125],[0.006560746665302388,0.003517995031412553]]","[[0.07889156664411227,0.06172515963100725],[0.006560746665302388,0.0035179950301190495]]","[[0.28047851037096094,0.2479838795684002],[0.08002668086577344,0.05786161119877188]]","[[1.0,1.0],[1.0,1.0]]","[[50.06088790187129,3.8796702751406915],[3.8209908458921644,3.417724352412754]]","[1.0,1.0]","[27.86973063857467,7.227086301203127]","[8.899971794394164e-05,3.360782754532044e-05]","[0.06980497003705413,0.004894114763441461]","[0.06980497006464888,0.0048941147599921185]","[[0.07837281972169877,0.06123712049038322],[0.006406665593385696,0.003381563874858397]]","[[0.07837281972169877,0.06123712038000425],[0.006406665593385696,0.00338156386623504]]","[[0.279654089057887,0.2471150322092904],[0.07983626960604279,0.05784197060598267]]","[[1.0,1.0],[1.0,1.0]]","[[50.02747034143518,3.866708877351549],[3.8470033451362893,3.3989566538068985]]","[1.0,1.0]","[27.814150294551144,7.23201186215436]","[null,null]"
stagewise_residual_simvq_k64x4-4x4_rate094-20260730-182026,154,0.01036711,0.02361851,0.03398562,0.01074030,0.02425734,25.76955941,0.95411501,0.01041762,0,Phase3-微调,1.000000,1.00000000,7.28555573,9216,0.1406250000,0.0937500000,2.5e-05,"[0.07043467896680038,0.0051445551001018395]","[0.07043467902888854,0.005144555092771986]","[[0.07900115166687303,0.061868205942489485],[0.006676677274690182,0.003612432885846054]]","[[0.07900115166687303,0.06186820594938817],[0.006676677274690182,0.0036124328729110183]]","[[0.2807065058361601,0.24830506231497834],[0.08099225718114111,0.059008699821101296]]","[[1.0,1.0],[1.0,1.0]]","[[50.07366385283294,3.875096339649624],[3.823259668438523,3.4104143058812175]]","[1.0,1.0]","[27.857098575874613,7.221768622045164]","[8.140967808382508e-05,2.8946260218381887e-05]","[0.07247318504033265,0.005150290040506257]","[0.07247318492995368,0.0051502900439556]","[[0.081176415251361,0.06376995499487277],[0.006714269135975176,0.003586310900195881]]","[[0.081176415251361,0.06376995505006225],[0.006714269135975176,0.0035863109088192383]]","[[0.2846050743703489,0.25216770470142363],[0.08171257580871935,0.059543028363475095]]","[[1.0,1.0],[1.0,1.0]]","[[50.44121288723416,3.8697436262060094],[3.835762839847141,3.4217562392905907]]","[1.0,1.0]","[27.93987861915871,7.2456204661616574]","[null,null]"
stagewise_residual_simvq_k64x4-4x4_rate094-20260730-182026,155,0.01044071,0.02383484,0.03427555,0.01057555,0.02464390,25.83143217,0.95443363,0.01041762,0,Phase3-微调,1.000000,1.00000000,6.95042730,9216,0.1406250000,0.0937500000,2.5e-05,"[0.07113509668658177,0.005136388051754761]","[0.07113509670727783,0.0051363880539105995]","[[0.0797559431857533,0.06251424985627334],[0.006687078831924332,0.0035856972355826724]]","[[0.0797559431857533,0.0625142498700707],[0.006687078831924332,0.003585697229546322]]","[[0.28205509475535817,0.24961545986157876],[0.0812786775054755,0.059126492893254314]]","[[1.0,1.0],[1.0,1.0]]","[[50.15787682003445,3.874728286707843],[3.8215724578610173,3.412590687363236]]","[1.0,1.0]","[27.879078699041298,7.222486780307911]","[8.320318234095962e-05,2.9667911732960623e-05]","[0.0735912887862435,0.005269185008688106]","[0.073591288841433,0.005269185019036134]","[[0.08240585680361147,0.06477672118279669],[0.0068813273786670634,0.003657042649057176]]","[[0.08240585680361147,0.06477672118279669],[0.0068813273786670634,0.0036570426663038906]]","[[0.28672734830114577,0.2541208219748956],[0.08275845597187678,0.060196639404252725]]","[[1.0,1.0],[1.0,1.0]]","[[50.637692260742185,3.8753546361570006],[3.8386834409501818,3.437155179624204]]","[1.0,1.0]","[28.01455729449237,7.264674041889332]","[null,null]"
stagewise_residual_simvq_k64x4-4x4_rate094-20260730-182026,156,0.01038139,0.02368416,0.03406554,0.01060199,0.02422056,25.81113013,0.95500174,0.01041762,0,Phase3-微调,1.000000,1.00000000,7.15115223,9216,0.1406250000,0.0937500000,2.5e-05,"[0.0706647509984948,0.005124548541519929]","[0.0706647509984948,0.005124548544106936]","[[0.07925911272565524,0.06207038877462899],[0.006669418478419107,0.0035796785768104234]]","[[0.07925911272565524,0.06207038880912242],[0.006669418478419107,0.0035796785806909343]]","[[0.28112121169213894,0.2486641889920941],[0.08122020187201323,0.059156698968123506]]","[[1.0,1.0],[1.0,1.0]]","[[50.059150646351,3.8717262581542684],[3.825994779003991,3.4095967478222318]]","[1.0,1.0]","[27.84066029301396,7.223470636650368]","[8.373869560374361e-05,2.9960459909893366e-05]","[0.07232009713296537,0.005185701913648733]","[0.07232009727093909,0.005185701899851362]","[[0.08104954334320845,0.0635906506743696],[0.006750447168532345,0.0036209566415184072]]","[[0.08104954334320845,0.06359065092272229],[0.006750447168532345,0.0036209566328950504]]","[[0.28438409257818154,0.2518150692736661],[0.08191689490168183,0.05980072860364561]]","[[1.0,1.0],[1.0,1.0]]","[[50.226652752911605,3.872957690556844],[3.828778281035247,3.3860355553803623]]","[1.0,1.0]","[27.891886407357674,7.201144412711814]","[null,null]"
stagewise_residual_simvq_k64x4-4x4_rate094-20260730-182026,157,0.01033468,0.02368466,0.03401934,0.01056580,0.02392757,25.82251690,0.95401714,0.01041762,0,Phase3-微调,1.000000,1.00000000,7.48015481,9216,0.1406250000,0.0937500000,2.5e-05,"[0.07052898410431764,0.005261928163451591]","[0.07052898411811502,0.005261928168625606]","[[0.07907350633155416,0.06198446146315999],[0.006813366652500851,0.0037104896293452907]]","[[0.07907350633155416,0.06198446151145078],[0.006813366652500851,0.003710489639693319]]","[[0.28082853406667707,0.2485335649439582],[0.08171235001473515,0.05963910093048105]]","[[1.0,1.0],[1.0,1.0]]","[[49.915862012792516,3.872738777708124],[3.8235249064586783,3.417754488521152]]","[1.0,1.0]","[27.804596240432176,7.229725901285807]","[8.432410549748629e-05,3.2188830847964576e-05]","[0.07141787442896101,0.005150358280580905]","[0.07141787459452947,0.005150358294378276]","[[0.08011492910208526,0.06272081967305254],[0.006681310847677566,0.0036194056789908145]]","[[0.08011492910208526,0.06272081981102626],[0.006681310847677566,0.0036194056876141718]]","[[0.2827197487707491,0.250060827643783],[0.08144849053135625,0.05970795513303192]]","[[1.0,1.0],[1.0,1.0]]","[[50.336410748517075,3.8760163183565495],[3.8324688205012567,3.3928454487412063]]","[1.0,1.0]","[27.93340254889594,7.2118551536842626]","[null,null]"
stagewise_residual_simvq_k64x4-4x4_rate094-20260730-182026,158,0.01037868,0.02372221,0.03410089,0.01093160,0.02387728,25.68075587,0.95332218,0.01041762,0,Phase3-微调,1.000000,1.00000000,7.30675165,9216,0.1406250000,0.0937500000,2.5e-05,"[0.07062993653946453,0.005281125889504673]","[0.07062993653946453,0.005281125891660513]","[[0.07921314300210387,0.062046730014737005],[0.006831084402209079,0.003731167332821146]]","[[0.07921314300210387,0.062046730049230434],[0.006831084402209079,0.0037311673410133357]]","[[0.2810617552311332,0.24864184318317306],[0.08167751061695594,0.059619735022661866]]","[[1.0,1.0],[1.0,1.0]]","[[50.057988809656216,3.872984512646993],[3.81303258339564,3.4079929373882436]]","[1.0,1.0]","[27.844996508845576,7.209456469394542]","[8.32346095800555e-05,3.2850307218689486e-05]","[0.07109227183240431,0.00531503870151937]","[0.07109227199797277,0.005315038708418056]","[[0.07978169305457009,0.06240284989277522],[0.006900747793002261,0.0037293295996884504]]","[[0.07978169305457009,0.062402850223912135],[0.006900747793002261,0.003729329601413122]]","[[0.28215744451240254,0.24945707597114422],[0.08285325969810839,0.0607388395678114]]","[[1.0,1.0],[1.0,1.0]]","[[50.307952259205,3.8543401188320585],[3.819453318913778,3.447250733552156]]","[1.0,1.0]","[27.847447727344655,7.257090625056514]","[null,null]"
stagewise_residual_simvq_k64x4-4x4_rate094-20260730-182026,159,0.01028521,0.02362277,0.03390797,0.01074491,0.02463338,25.74533158,0.95310760,0.01041762,0,Phase3-微调,1.000000,1.00000000,7.36439506,9216,0.1406250000,0.0937500000,2.5e-05,"[0.07044873750182214,0.0051441163833563525]","[0.07044873738454448,0.0051441163885303665]","[[0.07898529400980031,0.061912180779984706],[0.006697570362680212,0.0035906623734195753]]","[[0.07898529400980031,0.061912180697200475],[0.006697570362680212,0.0035906623785935893]]","[[0.28070103087359005,0.24842385393049982],[0.08142162231659447,0.05928760789748695]]","[[1.0,1.0],[1.0,1.0]]","[[49.94547289389151,3.8705910554638616],[3.8122406994854963,3.4114146691781504]]","[1.0,1.0]","[27.80519322289361,7.2124253237688984]","[8.073184890236007e-05,2.9251106394036066e-05]","[0.07348453369405535,0.005342279045187213]","[0.07348453369405535,0.00534227906588327]","[[0.08225007084784684,0.06471899634710064],[0.006926489190232974,0.0037580688863440796]]","[[0.08225007084784684,0.0647189965678586],[0.006926489190232974,0.0037580688897934224]]","[[0.2864681722941222,0.2540219610487973],[0.08283693288211469,0.060655264473623696]]","[[1.0,1.0],[1.0,1.0]]","[[50.554423268636064,3.8725332454398824],[3.8041167630089654,3.3921191604049117]]","[1.0,1.0]","[27.981287044949003,7.184367261109529]","[null,null]"
stagewise_residual_simvq_k64x4-4x4_rate094-20260730-182026,160,0.01034795,0.02370650,0.03405445,0.01066953,0.02454802,25.78460148,0.95438174,0.01041762,0,Phase3-微调,1.000000,1.00000000,7.46940142,9216,0.1406250000,0.0937500000,2.5e-05,"[0.07081967767465998,0.0050411208881996575]","[0.07081967765396392,0.005041120882163307]","[[0.0793814221535016,0.06225793297506041],[0.006550225923786423,0.00353201582070647]]","[[0.0793814221535016,0.06225793304404727],[0.006550225923786423,0.003532015809496106]]","[[0.2813762864028966,0.24908125248772126],[0.08027983111915765,0.058456208970811635]]","[[1.0,1.0],[1.0,1.0]]","[[50.00549203378183,3.8724782078354445],[3.804920897660432,3.407478203596892]]","[1.0,1.0]","[27.82865414796052,7.201321000523038]","[8.179525479876988e-05,3.167737061260225e-05]","[0.07301091369655398,0.005542748914686618]","[0.07301091369655398,0.005542748921585304]","[[0.08160643367855637,0.06441539343860414],[0.007176968703667323,0.003908529077415113]]","[[0.08160643367855637,0.06441539343860414],[0.007176968703667323,0.0039085290670670845]]","[[0.285337413681878,0.253419730508769],[0.08451127365783409,0.062222624708105016]]","[[1.0,1.0],[1.0,1.0]]","[[50.24209162394206,3.8843962651711923],[3.840886868370904,3.447945502952293]]","[1.0,1.0]","[27.93730697631836,7.278166340015552]","[null,null]"
stagewise_residual_simvq_k64x4-4x4_rate094-20260730-182026,161,0.01033042,0.02375305,0.03408346,0.01065988,0.02565029,25.80093020,0.95411636,0.01041762,0,Phase3-微调,1.000000,1.00000000,7.46462349,9216,0.1406250000,0.0937500000,2.5e-05,"[0.07083724842027382,0.005172497909343629]","[0.07083724835128696,0.005172497921847497]","[[0.07941525310139966,0.06225924349079529],[0.00672915503943201,0.0036158407473488264]]","[[0.07941525310139966,0.06225924341490975],[0.00672915503943201,0.003615840757265687]]","[[0.28142992362931923,0.24908046661703676],[0.08167097759605557,0.059593568604301525]]","[[1.0,1.0],[1.0,1.0]]","[[50.03181270316795,3.8699531696460867],[3.819357885254754,3.4117817649134885]]","[1.0,1.0]","[27.826819939083524,7.219554475501732]","[8.303982849611202e-05,3.0028708906010487e-05]","[0.07552182290841032,0.006559109273884031]","[0.07552182301878929,0.0065591092635360025]","[[0.08428050654905814,0.06676313918497827],[0.00836908099827943,0.00474913750982119]]","[[0.08428050654905814,0.06676313921257301],[0.00836908099827943,0.004749137496023818]]","[[0.2899685572694849,0.2579888019296858],[0.09123139353813949,0.06855309070260436]]","[[1.0,1.0],[1.0,1.0]]","[[50.56330374258536,3.8786915284615975],[3.864494698135941,3.4808189074198403]]","[1.0,1.0]","[28.005970396818938,7.335210422233299]","[null,null]"
stagewise_residual_simvq_k64x4-4x4_rate094-20260730-182026,162,0.01032319,0.02378348,0.03410667,0.01104401,0.02546017,25.65242807,0.95227163,0.01041762,0,Phase3-微调,1.000000,1.00000000,7.63715931,9216,0.1406250000,0.0937500000,2.5e-05,"[0.07093487006646615,0.005172270388963322]","[0.07093487014925039,0.005172270388532154]","[[0.07948041834213115,0.06238932164592875],[0.006718004969190117,0.0036265357873937185]]","[[0.07948041834213115,0.06238932165282744],[0.006718004969190117,0.0036265357878248862]]","[[0.28151811502046054,0.24930897898696086],[0.08157969100607766,0.059652995476844134]]","[[1.0,1.0],[1.0,1.0]]","[[50.07037032092059,3.8731013346601415],[3.8230182669780874,3.4082856036998606]]","[1.0,1.0]","[27.84881068335639,7.219298879305522]","[8.276570084422861e-05,3.0538474303048806e-05]","[0.07612892154742171,0.005343626275727594]","[0.0761289217405849,0.00534362628262628]","[[0.08510501710353074,0.06715282615688112],[0.006922978162765503,0.0037642743472975715]]","[[0.08510501710353074,0.06715282648801804],[0.006922978162765503,0.0037642743455729]]","[[0.29140302583023353,0.2587637417846256],[0.08296972938157894,0.061011765372973904]]","[[1.0,1.0],[1.0,1.0]]","[[51.0138843677662,3.8773257944318984],[3.8583938810560436,3.434009255303277]]","[1.0,1.0]","[28.125564716480397,7.27997407913208]","[null,null]"
stagewise_residual_simvq_k64x4-4x4_rate094-20260730-182026,163,0.01029580,0.02385678,0.03415258,0.01062592,0.02368014,25.80951195,0.95348122,0.01041762,0,Phase3-微调,1.000000,1.00000000,7.42449973,9216,0.1406250000,0.0937500000,2.5e-05,"[0.07111401780060043,0.005227689548067887]","[0.07111401786958729,0.005227689551517229]","[[0.0796878733223787,0.0625401620718616],[0.006778205338762038,0.0036771737340906704]]","[[0.0796878733223787,0.06254016216154452],[0.006778205338762038,0.003677173734521838]]","[[0.28187330914316355,0.24959582752651638],[0.08186341649680226,0.05994435114855016]]","[[1.0,1.0],[1.0,1.0]]","[[50.06700223993372,3.870319782363044],[3.8280036007916487,3.4124247082957515]]","[1.0,1.0]","[27.83778004469695,7.228349712159899]","[8.395460061163046e-05,3.1114196811662014e-05]","[0.0704526156463005,0.005323838975487484]","[0.070452615591111,0.005323838972038141]","[[0.07895857967712261,0.06194665114636774],[0.006901017486773155,0.003746660383142255]]","[[0.07895857967712261,0.061946651229151974],[0.006901017486773155,0.003746660388316269]]","[[0.2806703780536298,0.24851098159948984],[0.08287895062455425,0.060943301656731855]]","[[1.0,1.0],[1.0,1.0]]","[[49.94833577473958,3.8702662379653368],[3.8415181407222043,3.4288633664449057]]","[1.0,1.0]","[27.804895669442637,7.258577979052508]","[null,null]"
stagewise_residual_simvq_k64x4-4x4_rate094-20260730-182026,164,0.01023329,0.02357474,0.03380803,0.01046546,0.02252778,25.87124145,0.95446601,0.01041762,0,Phase3-微调,1.000000,1.00000000,7.88586711,9216,0.1406250000,0.0937500000,2.5e-05,"[0.07022288836952713,0.005216275668634033]","[0.07022288836952713,0.005216275661304179]","[[0.07869251184165478,0.06175326442828885],[0.006767963818101971,0.003664587477342812]]","[[0.07869251184165478,0.061753264545566504],[0.006767963818101971,0.003664587468288287]]","[[0.280087508343988,0.24799564489059978],[0.08184533984296852,0.0599116455970539]]","[[1.0,1.0],[1.0,1.0]]","[[49.89029869503445,3.8723458572670264],[3.828631165292528,3.414998640395977]]","[1.0,1.0]","[27.79568308371085,7.231645252086498]","[8.40793957953186e-05,3.2062451316084696e-05]","[0.06744228993301038,0.0046465949724531835]","[0.06744228990541565,0.004646594969003841]","[[0.07583298313396948,0.0590515962905354],[0.006114442905204164,0.003178747017281475]]","[[0.07583298313396948,0.05905159615256168],[0.006114442905204164,0.0031787470155568037]]","[[0.27508506300272767,0.24266549668930196],[0.07801900461868004,0.05611749984048031]]","[[1.0,1.0],[1.0,1.0]]","[[49.98026750352648,3.8640880584716797],[3.8223615257828323,3.3854405968277543]]","[1.0,1.0]","[27.7915032280816,7.194478119744195]","[null,null]"
stagewise_residual_simvq_k64x4-4x4_rate094-20260730-182026,165,0.01028861,0.02383321,0.03412182,0.01065775,0.02282799,25.79166796,0.95431058,0.01041762,0,Phase3-微调,1.000000,1.00000000,7.45832503,9216,0.1406250000,0.0937500000,2.5e-05,"[0.07101242709904909,0.005253844749165216]","[0.07101242705075829,0.0052538447435600336]","[[0.07954835744781627,0.062476496536422656],[0.006800205457127757,0.0037074839898937]]","[[0.07954835744781627,0.06247649644673974],[0.006800205457127757,0.0037074839836417663]]","[[0.2816930919885635,0.24954853844311503],[0.08183353536382869,0.05991751697190382]]","[[1.0,1.0],[1.0,1.0]]","[[50.127747231942635,3.871166072951423],[3.8328953915172153,3.419754179318746]]","[1.0,1.0]","[27.85802274633337,7.240744036215323]","[8.316157497945284e-05,3.09196680586023e-05]","[0.06862056404352188,0.004429018975201028]","[0.06862056412630611,0.004429018975201028]","[[0.07722558048036364,0.06001554777224859],[0.0058888417668640615,0.002969196169740624]]","[[0.07722558048036364,0.06001554774465384],[0.0058888417668640615,0.002969196178363981]]","[[0.2775961772159294,0.24463286300500234],[0.07660536335574256,0.05428485652362859]]","[[1.0,1.0],[1.0,1.0]]","[[50.21428423281069,3.8684675534566244],[3.824907565999914,3.3620889875623914]]","[1.0,1.0]","[27.872298516167536,7.172025383843316]","[null,null]"
stagewise_residual_simvq_k64x4-4x4_rate094-20260730-182026,166,0.01028030,0.02385693,0.03413723,0.01039109,0.02388501,25.89146305,0.95459126,0.01039109,1,Phase3-微调,1.000000,1.00000000,7.41297114,9216,0.1406250000,0.0937500000,2.5e-05,"[0.07108445518684608,0.005257706983549589]","[0.07108445513855528,0.005257706984411925]","[[0.07963232203490204,0.06253658784208474],[0.006809998248462324,0.003705415682418755]]","[[0.07963232203490204,0.06253658787657818],[0.006809998248462324,0.003705415682418755]]","[[0.2817818197387236,0.24959533233885411],[0.08186278812311314,0.0598491622686938]]","[[1.0,1.0],[1.0,1.0]]","[[50.10799529464157,3.871447277069092],[3.8304432577557033,3.419313889079624]]","[1.0,1.0]","[27.85362247184471,7.2379680395126345]","[8.294504697443228e-05,3.07543839274634e-05]","[0.07149221334192488,0.004939806659671443]","[0.07149221345230385,0.004939806649323415]","[[0.08021818173152429,0.06276624409688844],[0.006441797057373656,0.003437816196431716]]","[[0.08021818173152429,0.06276624426245689],[0.006441797057373656,0.0034378162016057306]]","[[0.28290663560231527,0.25015662279393935],[0.08009473990511011,0.05839490735972369]]","[[1.0,1.0],[1.0,1.0]]","[[50.44429171526873,3.8670953026524297],[3.8487094437634504,3.397927338988693]]","[1.0,1.0]","[27.93123954490379,7.232517457891394]","[null,null]"
stagewise_residual_simvq_k64x4-4x4_rate094-20260730-182026,167,0.01023841,0.02387536,0.03411376,0.01042570,0.02411150,25.88511656,0.95453032,0.01039109,0,Phase3-微调,1.000000,1.00000000,7.54958680,9216,0.1406250000,0.0937500000,2.5e-05,"[0.07103027375759902,0.00537086898262647]","[0.07103027381968718,0.005370868991249827]","[[0.07956915246667685,0.06249139469668821],[0.006923972883399714,0.0038177650533961476]]","[[0.07956915246667685,0.06249139468978952],[0.006923972883399714,0.0038177650598636655]]","[[0.28170811636028464,0.24955389775611736],[0.08232187414886775,0.060437187235112544]]","[[1.0,1.0],[1.0,1.0]]","[[50.050749100579154,3.8690299118006672],[3.823082138432397,3.4091806385252212]]","[1.0,1.0]","[27.82862856829608,7.2202743839334556]","[8.201302532176702e-05,3.068550749958376e-05]","[0.0715730593988189,0.005583735062154355]","[0.07157305948160313,0.005583735058705012]","[[0.08007127576404148,0.06307484319916477],[0.007216205834238617,0.003951264262475349]]","[[0.08007127576404148,0.0630748431439753],[0.007216205834238617,0.0039512642607506775]]","[[0.28267235071570784,0.250804767343733],[0.08474747345403388,0.06257642844208965]]","[[1.0,1.0],[1.0,1.0]]","[[50.04315586796513,3.87056666303564],[3.8730740617822716,3.450146632724338]]","[1.0,1.0]","[27.832337965788664,7.310912340658683]","[null,null]"
stagewise_residual_simvq_k64x4-4x4_rate094-20260730-182026,168,0.01017223,0.02370298,0.03387522,0.01049132,0.02412168,25.86170048,0.95427828,0.01039109,0,Phase3-微调,1.000000,1.00000000,7.57658814,9216,0.1406250000,0.0937500000,2.5e-05,"[0.07060302743619239,0.0052465180607719555]","[0.07060302743619239,0.0052465180581849485]","[[0.07906280605605355,0.062143248498991686],[0.0067877089156320805,0.003705327168400227]]","[[0.07906280605605355,0.06214324854728248],[0.0067877089156320805,0.0037053271688313946]]","[[0.2808219474222925,0.24886663658199487],[0.08186552318985815,0.060078497231006625]]","[[1.0,1.0],[1.0,1.0]]","[[49.971509573194716,3.8712588199862727],[3.8328147031642774,3.4161619548444393]]","[1.0,1.0]","[27.814834174403437,7.236871330826371]","[8.097173818829038e-05,2.893979011349546e-05]","[0.07157400095904315,0.0056153737284519055]","[0.07157400109701686,0.005615373731901249]","[[0.08004956361320284,0.0630984387188046],[0.007233539192626873,0.003997208247030223]]","[[0.08004956361320284,0.06309843899475204],[0.007233539192626873,0.003997208245305551]]","[[0.28261778774084867,0.2508321734490218],[0.08484551067705508,0.06293632297052278]]","[[1.0,1.0],[1.0,1.0]]","[[50.4843330665871,3.8842705338089556],[3.8793676694234214,3.4419964136900725]]","[1.0,1.0]","[28.00424760889124,7.308217009791622]","[null,null]"
stagewise_residual_simvq_k64x4-4x4_rate094-20260730-182026,169,0.01024113,0.02389261,0.03413374,0.01089267,0.02370437,25.68477058,0.95149327,0.01039109,0,Phase3-微调,1.000000,1.00000000,7.58730858,9216,0.1406250000,0.0937500000,2.5e-05,"[0.07115454235700545,0.005301812266568757]","[0.07115454220523437,0.005301812264412917]","[[0.07966794971790579,0.06264113447870369],[0.0068681214806727234,0.0037355030235765433]]","[[0.07966794971790579,0.06264113436832472],[0.0068681214806727234,0.0037355030235765433]]","[[0.2818206343109961,0.24977536262185485],[0.08245059809199086,0.06050209759010209]]","[[1.0,1.0],[1.0,1.0]]","[[50.12708746592204,3.8699996789296467],[3.832474700609843,3.4157046331299674]]","[1.0,1.0]","[27.853373312067102,7.236044498726174]","[8.447762966507408e-05,3.035397723275916e-05]","[0.07033542430511228,0.005518553547423195]","[0.07033542441549125,0.005518553557771223]","[[0.07879637786083751,0.06187447055622383],[0.00710907913054581,0.003928027919459122]]","[[0.07879637786083751,0.06187447061141332],[0.00710907913054581,0.003928027924633136]]","[[0.28040066052366186,0.24839162385022198],[0.08407026098834144,0.0623015703426467]]","[[1.0,1.0],[1.0,1.0]]","[[50.158212138988354,3.872058771274708],[3.842218789347896,3.43636146651374]]","[1.0,1.0]","[27.86974771287706,7.267190470518889]","[null,null]"
stagewise_residual_simvq_k64x4-4x4_rate094-20260730-182026,170,0.01030262,0.02397272,0.03427534,0.01045848,0.02484975,25.86787960,0.95450683,0.01039109,0,Phase3-微调,1.000000,1.00000000,7.72071307,9216,0.1406250000,0.0937500000,2.5e-05,"[0.07160658705979586,0.0051061244694412585]","[0.071606586990809,0.005106124469872426]","[[0.08016563175867002,0.06304754227813747],[0.006637807157649486,0.0035744417510512804]]","[[0.08016563175867002,0.0630475421194677],[0.006637807157649486,0.0035744417480331053]]","[[0.2826817115147909,0.25056275057571903],[0.08079373506760155,0.058810369208179135]]","[[1.0,1.0],[1.0,1.0]]","[[50.187815235279224,3.871306895768201],[3.827367193169064,3.4416878519234833]]","[1.0,1.0]","[27.87485579031485,7.258544862711871]","[8.832795355610195e-05,3.414221814131856e-05]","[0.07436587346924675,0.005153339423446192]","[0.07436587344165202,0.005153339413098163]","[[0.08304503449687252,0.06568671136542603],[0.0066924760842488875,0.003614202722976053]]","[[0.08304503449687252,0.06568671144821026],[0.0066924760842488875,0.003614202726425396]]","[[0.28784114828816165,0.255909585180106],[0.08163501371939977,0.05987372428730682]]","[[1.0,1.0],[1.0,1.0]]","[[50.66347283257379,3.8797559473249645],[3.8315850399158617,3.467458709081014]]","[1.0,1.0]","[28.03754371360496,7.2898831967954285]","[null,null]"
stagewise_residual_simvq_k64x4-4x4_rate094-20260730-182026,171,0.01016967,0.02395556,0.03412523,0.01027095,0.02301932,25.94114256,0.95486232,0.01027095,1,Phase3-微调,1.000000,1.00000000,7.52247430,9216,0.1406250000,0.0937500000,2.5e-05,"[0.0712683034232921,0.005389478205082317]","[0.07126830340949473,0.005389478207669324]","[[0.07978047621608884,0.0627561301820808],[0.006962318497675437,0.003816637874977594]]","[[0.07978047621608884,0.06275613014758737],[0.006962318497675437,0.003816637874977594]]","[[0.2820703434723395,0.25006537092504677],[0.08304215014256813,0.06118463681389888]]","[[1.0,1.0],[1.0,1.0]]","[[50.068206511603464,3.870262994589629],[3.830574548685992,3.4587267222227873]]","[1.0,1.0]","[27.838285138871935,7.27957696473157]","[8.154675544776384e-05,2.987834711718649e-05]","[0.06890696339585163,0.004754850580529483]","[0.06890696356142009,0.004754850580529483]","[[0.07719783076533565,0.06061609564004121],[0.006225719033843941,0.003283982127215023]]","[[0.07719783076533565,0.060616095778014925],[0.006225719033843941,0.003283982122041009]]","[[0.27753849548322185,0.2458485906874692],[0.07872432244044764,0.05703528264054546]]","[[1.0,1.0],[1.0,1.0]]","[[49.717971858271845,3.8670793780574093],[3.789765320883857,3.3948045518663195]]","[1.0,1.0]","[27.72930064731174,7.173644683979176]","[null,null]"
stagewise_residual_simvq_k64x4-4x4_rate094-20260730-182026,172,0.01020660,0.02396528,0.03417188,0.01046661,0.02390516,25.86069080,0.95445658,0.01027095,0,Phase3-微调,1.000000,1.00000000,7.19649755,9216,0.1406250000,0.0937500000,2.5e-05,"[0.07140934501809103,0.005279565253295005]","[0.07140934494220548,0.00527956525415734]","[[0.07991560729979365,0.06290308255702257],[0.006862815855829804,0.0036963145938460474]]","[[0.07991560729979365,0.06290308248803571],[0.006862815855829804,0.0036963145934148793]]","[[0.28228862484296163,0.250336007580713],[0.08238897083534134,0.0600895470008254]]","[[1.0,1.0],[1.0,1.0]]","[[50.10450163947211,3.868245929700357],[3.8255524697127163,3.477072524582898]]","[1.0,1.0]","[27.840881972842745,7.293681980945446]","[8.294168850018954e-05,3.3378183195088275e-05]","[0.07087039914396075,0.005626113405796113]","[0.070870399116366,0.00562611340234677]","[[0.07922458565897411,0.06251621238059468],[0.007257923563183458,0.0039943032052919825]]","[[0.07922458565897411,0.0625162124633789],[0.007257923563183458,0.0039943032052919825]]","[[0.2811382304739069,0.24964611497190264],[0.08498294182397702,0.06289582787840454]]","[[1.0,1.0],[1.0,1.0]]","[[49.804107129132305,3.8613205203303584],[3.8683121116073043,3.4579523351457384]]","[1.0,1.0]","[27.73260989718967,7.314688230443884]","[null,null]"
stagewise_residual_simvq_k64x4-4x4_rate094-20260730-182026,173,0.01012160,0.02376932,0.03389092,0.01028789,0.02383889,25.93459640,0.95499778,0.01027095,0,Phase3-微调,1.000000,1.00000000,7.39524889,9216,0.1406250000,0.0937500000,2.5e-05,"[0.07071198457507072,0.0053498461476044245]","[0.07071198449918517,0.005349846148897928]","[[0.0791540812149092,0.06226988752131109],[0.006901978110653107,0.0037977141513558174]]","[[0.0791540812149092,0.06226988741093212],[0.006901978110653107,0.003797714158685671]]","[[0.28095448000563517,0.2490890164618139],[0.08257127634629055,0.06087090584828898]]","[[1.0,1.0],[1.0,1.0]]","[[49.996974598919905,3.8676378064685397],[3.8313528577486675,3.4146727910748234]]","[1.0,1.0]","[27.80856281563088,7.233927178382873]","[8.012350658477603e-05,3.163771029735303e-05]","[0.07164801585453529,0.00463643394479597]","[0.07164801602010373,0.004636433941346628]","[[0.0800487811366717,0.06324725043442514],[0.006068075244763383,0.003204792617233815]]","[[0.0800487811366717,0.06324725068277783],[0.006068075244763383,0.0032047926224078294]]","[[0.2826044113547714,0.25111287622540085],[0.07772216118044323,0.05634998933032707]]","[[1.0,1.0],[1.0,1.0]]","[[49.85723642419886,3.876627067283348],[3.79585362540351,3.361077787258007]]","[1.0,1.0]","[27.802351873892324,7.143642167691831]","[null,null]"
stagewise_residual_simvq_k64x4-4x4_rate094-20260730-182026,174,0.01019164,0.02406302,0.03425466,0.01046567,0.02465513,25.87735393,0.95497331,0.01027095,0,Phase3-微调,1.000000,1.00000000,7.54383956,9216,0.1406250000,0.0937500000,2.5e-05,"[0.07162445905031982,0.005377204339364889]","[0.07162445905031982,0.005377204337640217]","[[0.08013725253856845,0.06311166523093427],[0.006935022285863481,0.003819386364409217]]","[[0.08013725253856845,0.06311166506536581],[0.006935022285863481,0.003819386362253378]]","[[0.28268244699747475,0.25075238954137874],[0.082744177499855,0.06099409913575208]]","[[1.0,1.0],[1.0,1.0]]","[[50.23806869365551,3.8681829845463787],[3.8371211325680767,3.417406662305196]]","[1.0,1.0]","[27.87774414839568,7.242252346321388]","[8.549664428385397e-05,3.236309704267047e-05]","[0.07354829021626048,0.0053481386595026215]","[0.07354829021626048,0.005348138656053278]","[[0.08221293941692069,0.06488364123635822],[0.006904827230782421,0.0037914500054385927]]","[[0.08221293941692069,0.06488364112597925],[0.006904827230782421,0.003791449998539907]]","[[0.2863920478909104,0.2543314737302286],[0.08289363787130073,0.0612731602732782]]","[[1.0,1.0],[1.0,1.0]]","[[50.6307103757505,3.875837606853909],[3.833143386134395,3.436935763888889]]","[1.0,1.0]","[28.014378031977902,7.259210219206634]","[null,null]"
stagewise_residual_simvq_k64x4-4x4_rate094-20260730-182026,175,0.01014659,0.02391517,0.03406176,0.01033088,0.02376374,25.92043304,0.95496574,0.01027095,0,Phase3-微调,1.000000,1.00000000,7.43909905,9216,0.1406250000,0.0937500000,2.5e-05,"[0.07122522102048,0.005303328994368375]","[0.07122522101358131,0.005303329002129397]","[[0.0796999937268319,0.06275044785191615],[0.0068482861448838205,0.0037583718158270196]]","[[0.0796999937268319,0.06275044788640959],[0.0068482861448838205,0.003758371830486727]]","[[0.2819308339169732,0.2500546721948518],[0.08225145312371078,0.06056309915665123]]","[[1.0,1.0],[1.0,1.0]]","[[50.1054590649075,3.867097017500136],[3.837693504050926,3.413951638892845]]","[1.0,1.0]","[27.837064901987713,7.239136120125099]","[8.132682470642505e-05,3.024397888785407e-05]","[0.07128761333447915,0.004756367929210818]","[0.07128761341726339,0.004756367929210818]","[[0.07981174030789623,0.06276348608511466],[0.006223621540185478,0.0032891142958154282]]","[[0.07981174030789623,0.06276348633346734],[0.006223621540185478,0.003289114299264771]]","[[0.28218698104222617,0.250151702982408],[0.0787293756449664,0.057115246576291544]]","[[1.0,1.0],[1.0,1.0]]","[[50.37932349310981,3.871535970546581],[3.816970408404315,3.370715872446696]]","[1.0,1.0]","[27.929269423308195,7.173754487214265]","[null,null]"
stagewise_residual_simvq_k64x4-4x4_rate094-20260730-182026,176,0.01017974,0.02407264,0.03425238,0.01034903,0.02440853,25.92657457,0.95500943,0.01027095,0,Phase3-微调,1.000000,1.00000000,7.39191604,9216,0.1406250000,0.0937500000,2.5e-05,"[0.07165984862518532,0.0053725933561239525]","[0.07165984845961686,0.005372593354399282]","[[0.0801767409744638,0.06314295562053168],[0.006936812602604429,0.0038083740949837698]]","[[0.0801767409744638,0.06314295541357111],[0.006936812602604429,0.00380837408894742]]","[[0.28275845288126555,0.25082516170762204],[0.08286131406547846,0.06108619374809442]]","[[1.0,1.0],[1.0,1.0]]","[[50.15731853202537,3.8629365373540807],[3.839598353262301,3.4034404079119365]]","[1.0,1.0]","[27.836187871297202,7.229751843876309]","[8.4584319632052e-05,3.149405150132359e-05]","[0.07266292044961895,0.0054443665090258475]","[0.07266292025645574,0.005444366512475191]","[[0.0812398291848324,0.06408601210073188],[0.007030481303593627,0.003858251681689311]]","[[0.0812398291848324,0.06408601190756869],[0.007030481303593627,0.0038582516489205536]]","[[0.28469062844912213,0.2527610264442585],[0.08361923418663166,0.06179326645754002]]","[[1.0,1.0],[1.0,1.0]]","[[50.34111390290437,3.853225353029039],[3.8519516185477927,3.4163976810596606]]","[1.0,1.0]","[27.85260467529297,7.255220180087619]","[null,null]"
stagewise_residual_simvq_k64x4-4x4_rate094-20260730-182026,177,0.01008051,0.02389788,0.03397839,0.01037896,0.02416450,25.90418659,0.95472298,0.01027095,0,Phase3-微调,1.000000,1.00000000,7.56087380,9216,0.1406250000,0.0937500000,2.5e-05,"[0.07114925554919022,0.005323972098132664]","[0.07114925561817707,0.0053239720942521536]","[[0.07961480564403313,0.06268370507491959],[0.006866480375605601,0.0037814637922026495]]","[[0.07961480564403313,0.06268370510251434],[0.006866480375605601,0.0037814637835792923]]","[[0.2817862514268469,0.24993007373478676],[0.0823798270965064,0.06078462904940049]]","[[1.0,1.0],[1.0,1.0]]","[[50.139678411130554,3.86503962719882],[3.8350290068873654,3.40530022294433]]","[1.0,1.0]","[27.83913956394902,7.22744635740916]","[8.148639654218978e-05,3.0457914996346787e-05]","[0.07151705595078292,0.005809336297076057]","[0.0715170560059724,0.005809336300525401]","[[0.07995430214537515,0.06307980986656966],[0.007441262079885712,0.0041774105280637745]]","[[0.07995430214537515,0.06307980978378543],[0.007441262079885712,0.004177410529788445]]","[[0.2824330616880346,0.2507743622417803],[0.0860708315063406,0.06436734779013528]]","[[1.0,1.0],[1.0,1.0]]","[[50.00832782321506,3.8585243225097656],[3.8585510677761503,3.4274786949157714]]","[1.0,1.0]","[27.779385262948495,7.27320111239398]","[null,null]"
stagewise_residual_simvq_k64x4-4x4_rate094-20260730-182026,178,0.01009079,0.02395964,0.03405043,0.01029180,0.02491281,25.94690009,0.95510433,0.01027095,0,Phase3-微调,1.000000,1.00000000,7.50032362,9216,0.1406250000,0.0937500000,2.5e-05,"[0.07130712226585105,0.005363727576116583]","[0.07130712232793923,0.005363727568355562]","[[0.07976078784300221,0.06285345663351041],[0.006913915040247418,0.0038135400576585973]]","[[0.07976078784300221,0.06285345681287624],[0.006913915040247418,0.0038135400429988903]]","[[0.2820210184212084,0.2502427192197906],[0.08271552433294278,0.061125196564804626]]","[[1.0,1.0],[1.0,1.0]]","[[50.085533905029294,3.8672158117647526],[3.8396418937930354,3.4141783268363386]]","[1.0,1.0]","[27.831510610933655,7.241210457130714]","[8.369906345588215e-05,3.134570138677696e-05]","[0.07378273992626755,0.0059382633754500634]","[0.07378273962272539,0.005938263358203349]","[[0.0823954529232449,0.06517002668093752],[0.007596034170300872,0.0042804925029890405]]","[[0.0823954529232449,0.06517002618423215],[0.007596034170300872,0.00428049249091634]]","[[0.28669207714222095,0.25487022863494024],[0.0869222280603868,0.06510000336501333]]","[[1.0,1.0],[1.0,1.0]]","[[50.65796316641348,3.8628232691023086],[3.8801442093319363,3.4678499928227176]]","[1.0,1.0]","[27.97485405250832,7.336333804660374]","[null,null]"
stagewise_residual_simvq_k64x4-4x4_rate094-20260730-182026,179,0.01007203,0.02395430,0.03402634,0.01014270,0.02372400,25.99643251,0.95562075,0.01014270,1,Phase3-微调,1.000000,1.00000000,7.57486151,9216,0.1406250000,0.0937500000,2.5e-05,"[0.07128020259379236,0.005373573357118639]","[0.0712802026282858,0.005373573354100464]","[[0.07972549232481807,0.0628349128006785],[0.0069238119396484565,0.0038233347340590426]]","[[0.07972549232481807,0.06283491277998245],[0.0069238119396484565,0.0038233347336278744]]","[[0.28196018015344937,0.25020738445498325],[0.08277755832230603,0.06119072433837034]]","[[1.0,1.0],[1.0,1.0]]","[[50.12480239868164,3.8643149375915526],[3.8426979153244583,3.4132332333812005]]","[1.0,1.0]","[27.832184420691597,7.243093018178587]","[8.256803604901372e-05,3.0566117968394085e-05]","[0.07050534966919157,0.005411436208696277]","[0.07050534958640735,0.005411436205246934]","[[0.07888940429245984,0.06212129435605473],[0.006962754211767956,0.003860118172855841]]","[[0.07888940429245984,0.06212129435605473],[0.006962754211767956,0.0038601181745805124]]","[[0.28053972467228216,0.24885336017167126],[0.08324697332249748,0.06184584277647513]]","[[1.0,1.0],[1.0,1.0]]","[[50.28109249538846,3.8617390085149697],[3.8713235254640934,3.435127510847869]]","[1.0,1.0]","[27.8666692521837,7.293346260212086]","[null,null]"
stagewise_residual_simvq_k64x4-4x4_rate094-20260730-182026,180,0.01007588,0.02413121,0.03420709,0.01117147,0.02665985,25.58971676,0.95143351,0.01014270,0,Phase3-微调,1.000000,1.00000000,7.91366006,9216,0.1406250000,0.0937500000,2.5e-05,"[0.07181230797259897,0.005407549744834089]","[0.07181230793810553,0.0054075497495769355]","[[0.08026317253846812,0.06336144279964544],[0.006948111420583531,0.0038669880227341006]]","[[0.08026317253846812,0.06336144270306385],[0.006948111420583531,0.0038669880270457793]]","[[0.28291204698659755,0.2512567549943924],[0.08263332463662934,0.061130248417180996]]","[[1.0,1.0],[1.0,1.0]]","[[50.17546465838397,3.864908156130049],[3.8446563729533443,3.4204549228703534]]","[1.0,1.0]","[27.84875085265548,7.25257441467709]","[8.306296575837122e-05,3.129361148239696e-05]","[0.0751514660263503,0.010160057132856714]","[0.07515146597116082,0.010160057160451456]","[[0.08359026246600681,0.06671266975226225],[0.012345051558481323,0.007975062638245246]]","[[0.08359026246600681,0.066712669779857],[0.012345051558481323,0.007975062676188019]]","[[0.28876783781581455,0.2578788651360406],[0.11045178555779987,0.0884005586306254]]","[[1.0,1.0],[1.0,1.0]]","[[50.050926717122394,3.8716898017459447],[3.8703746989921286,3.541754349955806]]","[1.0,1.0]","[27.8385907208478,7.404774090095803]","[null,null]"
stagewise_residual_simvq_k64x4-4x4_rate094-20260730-182026,181,0.01009794,0.02404616,0.03414410,0.01037652,0.02617884,25.89802196,0.95476062,0.01014270,0,Phase3-微调,1.000000,1.00000000,7.50969224,9216,0.1406250000,0.0937500000,2.5e-05,"[0.07145069418819966,0.00549701494940867]","[0.07145069413990886,0.005497014951133342]","[[0.07989933323804979,0.06300205522113377],[0.00702640461580207,0.003967625246366003]]","[[0.07989933323804979,0.06300205528322193],[0.00702640461580207,0.003967625234293303]]","[[0.28227211477027997,0.2505446510182487],[0.08259852078087904,0.06117282096572496]]","[[1.0,1.0],[1.0,1.0]]","[[50.17077298340974,3.8660556007314613],[3.851012831705588,3.4159034508245965]]","[1.0,1.0]","[27.851208686828613,7.2537361718990185]","[8.466996614178815e-05,3.220190993757839e-05]","[0.07752821155720287,0.006244068713513789]","[0.0775282114468239,0.0062440687204124755]","[[0.08622649245791965,0.06882992971826482],[0.008071024112265419,0.004417113306138802]]","[[0.08622649245791965,0.06882992960788585],[0.008071024112265419,0.004417113313037489]]","[[0.29328890906439886,0.26194510647544156],[0.08965868282097357,0.0662124557627572]]","[[1.0,1.0],[1.0,1.0]]","[[50.908181847466366,3.884324649528221],[3.8683954132927787,3.4976625972323947]]","[1.0,1.0]","[28.121783503779657,7.35665032422101]","[null,null]"
stagewise_residual_simvq_k64x4-4x4_rate094-20260730-182026,182,0.01015531,0.02436477,0.03452007,0.01025008,0.02496518,25.96208183,0.95575966,0.01014270,0,Phase3-微调,1.000000,1.00000000,7.51949527,9216,0.1406250000,0.0937500000,2.5e-05,"[0.0725316458830127,0.005435608075155566]","[0.07253164588991139,0.005435608071275055]","[[0.08106482859562944,0.06399846341184996],[0.007014562491396511,0.0038566536063121427]]","[[0.08106482859562944,0.06399846340495127],[0.007014562491396511,0.0038566536037251352]]","[[0.2843629705409209,0.2525655224091477],[0.08332649723247246,0.061467886081448306]]","[[1.0,1.0],[1.0,1.0]]","[[50.394481609485766,3.8646090207276522],[3.8476202302508886,3.4148617951958267]]","[1.0,1.0]","[27.90855336719089,7.249455676255403]","[8.197794535657589e-05,2.9662173132978584e-05]","[0.07383797544020193,0.00605058919776369]","[0.07383797538501245,0.006050589204662376]","[[0.08237369921472337,0.06530225111378564],[0.007711200433334818,0.004389977917351105]]","[[0.08237369921472337,0.0653022510861909],[0.007711200433334818,0.004389977917351105]]","[[0.2866664405222292,0.2551456210789857],[0.08759367813666662,0.06594944761859046]]","[[1.0,1.0],[1.0,1.0]]","[[50.36607569941768,3.87986380789015],[3.856398407618205,3.446811204486423]]","[1.0,1.0]","[27.95555200929995,7.291641966501872]","[null,null]"
stagewise_residual_simvq_k64x4-4x4_rate094-20260730-182026,183,0.01009396,0.02425748,0.03435144,0.01033927,0.02424626,25.92991385,0.95504707,0.01014270,0,Phase3-微调,1.000000,1.00000000,7.66518630,9216,0.1406250000,0.0937500000,2.5e-05,"[0.07212910343099524,0.005494839335895247]","[0.07212910338270444,0.005494839340206926]","[[0.08062958778054626,0.06362861877790203],[0.0070641675705297126,0.003925511049520638]]","[[0.08062958778054626,0.06362861880549678],[0.0070641675705297126,0.003925511052969981]]","[[0.2835598674913247,0.2517881905591046],[0.08350648725474322,0.06183855460473785]]","[[1.0,1.0],[1.0,1.0]]","[[50.24981447149206,3.8623990023577655],[3.8566938148604497,3.4174114796850414]]","[1.0,1.0]","[27.86012104175709,7.260712126449302]","[8.270947152966443e-05,2.9976953117983174e-05]","[0.07234664440706924,0.005241382430755981]","[0.07234664462782718,0.005241382420407953]","[[0.0808458227802206,0.06384746567518623],[0.006794551918628039,0.003688212922187867]]","[[0.0808458227802206,0.06384746600632314],[0.006794551918628039,0.0036882129152891814]]","[[0.28399368855688306,0.25228330073533234],[0.08223015119632085,0.060444447287806756]]","[[1.0,1.0],[1.0,1.0]]","[[50.27198263097692,3.866044913397895],[3.8603576872083876,3.406351926591661]]","[1.0,1.0]","[27.87972947579843,7.252436108059353]","[null,null]"
stagewise_residual_simvq_k64x4-4x4_rate094-20260730-182026,184,0.01009152,0.02418780,0.03427932,0.01005956,0.02439117,26.02897801,0.95572410,0.01005956,1,Phase3-微调,1.000000,1.00000000,7.39271564,9216,0.1406250000,0.0937500000,2.5e-05,"[0.07195254269021528,0.005448418469771881]","[0.07195254275920214,0.005448418467616041]","[[0.08042925103671021,0.06347583420574665],[0.006987906737184083,0.003908930172609096]]","[[0.08042925103671021,0.06347583421264534],[0.006987906737184083,0.003908930171746761]]","[[0.28315399393991186,0.2514220442760874],[0.08271503827914044,0.06119981311537601]]","[[1.0,1.0],[1.0,1.0]]","[[50.22204767862956,3.863481965329912],[3.8564408364119354,3.419582732518514]]","[1.0,1.0]","[27.856206364101833,7.262780411155136]","[8.305892203713518e-05,3.0598452809095355e-05]","[0.073087161531051,0.00496459283038146]","[0.07308716158624048,0.004964592825207445]","[[0.08165692068912365,0.06451740190386772],[0.006491769946835659,0.0034374156363170456]]","[[0.08165692068912365,0.06451740179348875],[0.006491769946835659,0.0034374156328677028]]","[[0.28541388622036684,0.25360354681809744],[0.08041315205671169,0.05839735688986602]]","[[1.0,1.0],[1.0,1.0]]","[[50.49227359913014,3.864599480452361],[3.8716951794094507,3.4167669225622106]]","[1.0,1.0]","[27.9354998977096,7.2741885891667115]","[null,null]"
stagewise_residual_simvq_k64x4-4x4_rate094-20260730-182026,185,0.00997687,0.02406771,0.03404458,0.01012095,0.02425566,26.00499071,0.95529183,0.01005956,0,Phase3-微调,1.000000,1.00000000,7.54735833,9216,0.1406250000,0.0937500000,2.5e-05,"[0.07159517879287401,0.005421485529815847]","[0.0715951787514819,0.005421485525504168]","[[0.08000359661463234,0.06318676100560912],[0.006982021984057846,0.003860949015210348]]","[[0.08000359661463234,0.06318676093662226],[0.006982021984057846,0.0038609490108986694]]","[[0.28247127930323285,0.250929006934166],[0.08298703919130343,0.0612735108644874]]","[[1.0,1.0],[1.0,1.0]]","[[50.11385837131076,3.865712100929684],[3.85153622229894,3.420759631527795]]","[1.0,1.0]","[27.834384610917834,7.259366869043421]","[8.149611985572847e-05,3.0094218881357744e-05]","[0.07254560562195601,0.005072499228710377]","[0.07254560578752448,0.005072499225261035]","[[0.08107675413290659,0.0640144564487316],[0.006584894029354607,0.003560104378050676]]","[[0.08107675413290659,0.06401445653151583],[0.006584894029354607,0.0035601043797753476]]","[[0.2844061092094139,0.25262072340205866],[0.0809774582584699,0.05942766133833815]]","[[1.0,1.0],[1.0,1.0]]","[[50.48895048918548,3.869650620001334],[3.865044876381203,3.4296982835840297]]","[1.0,1.0]","[27.95285005922671,7.281663142310249]","[null,null]"
stagewise_residual_simvq_k64x4-4x4_rate094-20260730-182026,186,0.01001132,0.02408382,0.03409514,0.01114787,0.02743978,25.62074631,0.95321647,0.01005956,0,Phase3-微调,1.000000,1.00000000,7.56457112,9216,0.1406250000,0.0937500000,2.5e-05,"[0.0716837252455729,0.005384507529541022]","[0.07168372518348473,0.005384507533421533]","[[0.08009044501102633,0.06327700514898256],[0.006939095561392605,0.003829919467938857]]","[[0.08009044501102633,0.06327700499031279],[0.006939095561392605,0.0038299194774245498]]","[[0.2826473578810692,0.2511371434010841],[0.08299199195095787,0.06143700249355148]]","[[1.0,1.0],[1.0,1.0]]","[[50.12238622594763,3.862228518062168],[3.859101156393687,3.4122106896506414]]","[1.0,1.0]","[27.824409131650572,7.257467732606111]","[8.143566969751932e-05,2.764219332978731e-05]","[0.08117986705016207,0.006627414703231167]","[0.08117986705016207,0.006627414696332481]","[[0.09026059166148857,0.07209914357022003],[0.008383652833462865,0.0048711765592020975]]","[[0.09026059166148857,0.07209914332186734],[0.008383652833462865,0.004871176547129397]]","[[0.30003118581242033,0.2680478470193015],[0.09133798143378011,0.06948626380827692]]","[[1.0,1.0],[1.0,1.0]]","[[51.25813816211842,3.88204381024396],[3.878272614655671,3.4501903427971734]]","[1.0,1.0]","[28.209922352543582,7.315870362740976]","[null,null]"
stagewise_residual_simvq_k64x4-4x4_rate094-20260730-182026,187,0.00998481,0.02415277,0.03413758,0.01042896,0.02467222,25.89122678,0.95438240,0.01005956,0,Phase3-微调,1.000000,1.00000000,7.16610869,9216,0.1406250000,0.0937500000,2.5e-05,"[0.07183927278965711,0.005449587960417072]","[0.0718392728448466,0.005449587952224883]","[[0.08026885760741101,0.06340968760627287],[0.007007455258388762,0.0038917206020818817]]","[[0.08026885760741101,0.06340968771665184],[0.007007455258388762,0.003891720597339035]]","[[0.28288135575475515,0.2513058847575276],[0.08330590123379672,0.06179524299999078]]","[[1.0,1.0],[1.0,1.0]]","[[50.222805955674914,3.8619954444743967],[3.8618508484628467,3.408742633572331]]","[1.0,1.0]","[27.851183032989503,7.256342756306684]","[8.288436648500566e-05,2.9980466827813264e-05]","[0.07340018820983392,0.005550908956124827]","[0.07340018818223917,0.005550908949226141]","[[0.08181373372122093,0.06498664203617308],[0.007100765082847189,0.004001052825953122]]","[[0.08181373372122093,0.0649866419809836],[0.007100765082847189,0.00400105280008305]]","[[0.2856914805041419,0.254530511520527],[0.08404988431268268,0.06294128566428467]]","[[1.0,1.0],[1.0,1.0]]","[[50.180064279061774,3.872641408001935],[3.867111905415853,3.4279473269427263]]","[1.0,1.0]","[27.877913383201317,7.281746330967656]","[null,null]"
stagewise_residual_simvq_k64x4-4x4_rate094-20260730-182026,188,0.01000764,0.02422548,0.03423311,0.01061987,0.02453153,25.81662454,0.95365380,0.01005956,0,Phase3-微调,1.000000,1.00000000,7.61770391,9216,0.1406250000,0.0937500000,2.5e-05,"[0.07202409245763663,0.005497434670622978]","[0.07202409240934583,0.005497434662861956]","[[0.08043034076000806,0.06361784401039282],[0.00705984527659085,0.003935024034473355]]","[[0.08043034076000806,0.06361784400349414],[0.00705984527659085,0.0039350240297305085]]","[[0.2831674534689497,0.25171833962753964],[0.08352842812460881,0.061997947455556306]]","[[1.0,1.0],[1.0,1.0]]","[[50.14609567147714,3.861876881564105],[3.862541045524456,3.4121528025026673]]","[1.0,1.0]","[27.82956496697885,7.260620760917663]","[8.253464943495432e-05,2.9283797687606206e-05]","[0.07325397092435094,0.0052469305073221525]","[0.073253970703593,0.0052469305073221525]","[[0.0819931584375876,0.06451478296959842],[0.006866374856757897,0.003627486169959108]]","[[0.0819931584375876,0.06451478291440893],[0.006866374856757897,0.003627486169959108]]","[[0.2860253662974746,0.25362478803705285],[0.08268538172598239,0.05996605039194778]]","[[1.0,1.0],[1.0,1.0]]","[[51.091563585069444,3.8867625024583603],[3.8593390305836994,3.451445281064069]]","[1.0,1.0]","[28.181352163244178,7.299326056021231]","[null,null]"
stagewise_residual_simvq_k64x4-4x4_rate094-20260730-182026,189,0.01000592,0.02419796,0.03420387,0.01113239,0.02469706,25.59781533,0.95133854,0.01005956,0,Phase3-微调,1.000000,1.00000000,7.76893449,9216,0.1406250000,0.0937500000,2.5e-05,"[0.07195151958062693,0.005481943201394407]","[0.07195151955303218,0.0054819431988074]","[[0.08036166228767898,0.06354137687357488],[0.007046865316590777,0.0039170210629149715]]","[[0.08036166228767898,0.06354137697015648],[0.007046865316590777,0.003917021060759133]]","[[0.2830686249114849,0.25159421052645753],[0.08357569215198359,0.06204527410230151]]","[[1.0,1.0],[1.0,1.0]]","[[50.21167468318233,3.8641580939292908],[3.8616125711688287,3.4149169670210946]]","[1.0,1.0]","[27.855826536814373,7.262677775488959]","[8.333023305129716e-05,2.8844172673551063e-05]","[0.07344646624944828,0.005584111792483816]","[0.07344646624944828,0.005584111795933158]","[[0.08199859879634998,0.06489433306786749],[0.007203334911415974,0.003964888625260857]]","[[0.08199859879634998,0.06489433315065173],[0.007203334911415974,0.0039648886269855275]]","[[0.2860283293105938,0.2543686078654395],[0.0846569193734063,0.06264850651776349]]","[[1.0,1.0],[1.0,1.0]]","[[50.46460413049768,3.887890344195896],[3.839029006604795,3.42432389082732]]","[1.0,1.0]","[28.01164104320385,7.251420035185637]","[null,null]"
stagewise_residual_simvq_k64x4-4x4_rate094-20260730-182026,190,0.01002575,0.02443299,0.03445874,0.01087350,0.02467355,25.72061945,0.95401010,0.01005956,0,Phase3-微调,1.000000,1.00000000,7.43564887,9216,0.1406250000,0.0937500000,2.5e-05,"[0.07260034658980591,0.0055852166648643715]","[0.07260034661050196,0.005585216659690357]","[[0.08104738699341262,0.06415330597233992],[0.007155559847510799,0.004014873448371267]]","[[0.08104738699341262,0.06415330605512416],[0.007155559847510799,0.00401487344362842]]","[[0.2843148488689352,0.25285113611155086],[0.08403895173083853,0.06252400327335905]]","[[1.0,1.0],[1.0,1.0]]","[[50.332158159326625,3.8639671798105595],[3.8684435610417967,3.4130161810804296]]","[1.0,1.0]","[27.888831555401836,7.267083644866943]","[8.423099110654288e-05,2.8790628150293035e-05]","[0.07321478448532245,0.005740566610324162]","[0.07321478462329617,0.005740566606874819]","[[0.08186151639178947,0.06456805233050275],[0.007340870128461608,0.0041402631077087585]]","[[0.08186151639178947,0.06456805233050275],[0.007340870128461608,0.0041402631077087585]]","[[0.2857808424366845,0.2537121085105119],[0.08545805442112464,0.06401885709276905]]","[[1.0,1.0],[1.0,1.0]]","[[50.8083214936433,3.860254739831995],[3.8892921765645343,3.434189964223791]]","[1.0,1.0]","[28.00711272910789,7.309252993265788]","[null,null]"
stagewise_residual_simvq_k64x4-4x4_rate094-20260730-182026,191,0.00998379,0.02433556,0.03431935,0.01014056,0.02459337,26.00026912,0.95574504,0.01005956,0,Phase3-微调,1.000000,1.00000000,7.63643521,9216,0.1406250000,0.0937500000,2.5e-05,"[0.0723450242990145,0.005528774182312191]","[0.07234502435420398,0.005528774181018687]","[[0.08076545981069407,0.06392458852518487],[0.007095670343928591,0.003961878016384111]]","[[0.08076545981069407,0.06392458859417173],[0.007095670343928591,0.003961878017677615]]","[[0.2837780605587694,0.2523522457038915],[0.08372395074477902,0.06218326052443849]]","[[1.0,1.0],[1.0,1.0]]","[[50.26716823577881,3.86148878203498],[3.8695357839266458,3.4135510700720326]]","[1.0,1.0]","[27.861560510706017,7.268668195053383]","[8.508748909392765e-05,2.9232950176568313e-05]","[0.07323797830828914,0.0054608119461961365]","[0.07323797830828914,0.005460811935848108]","[[0.08174049572812186,0.06473545989504567],[0.00702686201505087,0.003894761846297317]]","[[0.08174049572812186,0.06473545989504567],[0.00702686201505087,0.0038947618376739598]]","[[0.2855472282127098,0.25401657168511993],[0.08360259455663187,0.0620855168611915]]","[[1.0,1.0],[1.0,1.0]]","[[50.4308521412037,3.857933357026842],[3.853911813100179,3.398840900703713]]","[1.0,1.0]","[27.89442333645291,7.238375794446027]","[null,null]"
stagewise_residual_simvq_k64x4-4x4_rate094-20260730-182026,192,0.01003822,0.02451153,0.03454975,0.01038119,0.02431206,25.90038682,0.95464492,0.01005956,0,Phase3-微调,1.000000,1.00000000,7.43077270,9216,0.1406250000,0.0937500000,2.5e-05,"[0.07282163947130794,0.005615264044522688]","[0.07282163945061189,0.005615264042366848]","[[0.08130731700609127,0.0643359617019693],[0.0071862373863243395,0.004044290644513374]]","[[0.08130731700609127,0.06433596168127324],[0.0071862373863243395,0.004044290647531549]]","[[0.28473360088688354,0.253169243644785],[0.08417436984126214,0.0626964603378265]]","[[1.0,1.0],[1.0,1.0]]","[[50.39580049867983,3.859860763726411],[3.8689961040461505,3.406689291971701]]","[1.0,1.0]","[27.891380161709257,7.260863810998422]","[8.389313085596465e-05,2.9464121362926325e-05]","[0.07306281449618163,0.0047357740070394895]","[0.07306281438580266,0.0047357740070394895]","[[0.08162771926985847,0.06449790988807325],[0.0061968919510642685,0.003274656069913396]]","[[0.08162771926985847,0.06449790947415211],[0.0061968919510642685,0.0032746560750874106]]","[[0.28538747783060425,0.2535950836208132],[0.07853474142374815,0.05693835547124898]]","[[1.0,1.0],[1.0,1.0]]","[[50.53808328134042,3.865280780085811],[3.8414807425604924,3.3795806178340206]]","[1.0,1.0]","[27.950663757324218,7.206196085611979]","[null,null]"
stagewise_residual_simvq_k64x4-4x4_rate094-20260730-182026,193,0.01892257,0.02889977,0.04782234,0.01044316,0.02301407,25.88342404,0.95364604,0.01005956,0,Phase3-微调,1.000000,1.00000000,7.50554527,9216,0.1406250000,0.0937500000,2.5e-05,"[0.08074058919317192,0.011738668412349567]","[0.08074058944152461,0.011738668407175553]","[[0.09040146524569502,0.07107971258185528],[0.014015585665280621,0.009461751157262673]]","[[0.09040146524569502,0.07107971307856065],[0.014015585665280621,0.009461751156400338]]","[[0.2929888827105363,0.2577868322255435],[0.09256382532141827,0.06852701338766902]]","[[0.9997974537037037,1.0],[1.0,1.0]]","[[50.18475126690335,3.901220541971701],[3.6999974409739176,3.2267770462565952]]","[0.9998093681917211,1.0]","[27.966275480058457,6.905780624901807]","[0.0002557498180033656,0.00013194804059148062]","[0.06846945994982014,0.005175564493294115]","[0.06846946000500961,0.0051755645070914865]","[[0.0770028918981552,0.05993602747718493],[0.006810870728696938,0.0035402582527172786]]","[[0.0770028918981552,0.05993602761515865],[0.006810870728696938,0.003540258263065307]]","[[0.2771641108724806,0.24443367509930222],[0.08241123993087698,0.05935545806531553]]","[[1.0,1.0],[1.0,1.0]]","[[49.89619457103588,3.8663419299655493],[3.858993154101902,3.2676143734543412]]","[1.0,1.0]","[27.776276581375686,7.101956943229393]","[null,null]"
stagewise_residual_simvq_k64x4-4x4_rate094-20260730-182026,194,0.01001562,0.02380269,0.03381830,0.01044585,0.02329661,25.87720244,0.95479264,0.01005956,0,Phase3-微调,1.000000,1.00000000,7.39903987,9216,0.1406250000,0.0937500000,2.5e-05,"[0.07070019332071145,0.005468405539566582]","[0.07070019333450883,0.0054684055318055605]","[[0.07926164247371532,0.06213874405732861],[0.007083223190986448,0.0038535878558091266]]","[[0.07926164247371532,0.06213874398834175],[0.007083223190986448,0.0038535878497727768]]","[[0.28106940363844235,0.24873478238781294],[0.08375661048900199,0.06149479101791426]]","[[1.0,1.0],[1.0,1.0]]","[[50.06441333912037,3.8667345382549145],[3.832261845359096,3.3622643055739228]]","[1.0,1.0]","[27.824322523894132,7.1788720157411365]","[8.070183878401251e-05,3.2738521821118885e-05]","[0.06962973497532032,0.004919417083470358]","[0.06962973500291507,0.004919417078296343]","[[0.07809246629476548,0.06116700379384889],[0.006390365437363033,0.003448468691634911]]","[[0.07809246629476548,0.06116700368346991],[0.006390365437363033,0.0034484686933595825]]","[[0.2791256540351444,0.2469401043874246],[0.07973675981715873,0.058426674317430566]]","[[1.0,1.0],[1.0,1.0]]","[[49.94464925130208,3.8682716034076834],[3.8140300220913357,3.378582715988159]]","[1.0,1.0]","[27.796754031711153,7.179350722277606]","[null,null]"
stagewise_residual_simvq_k64x4-4x4_rate094-20260730-182026,195,0.00995234,0.02421180,0.03416414,0.01015778,0.02465808,25.99803734,0.95561686,0.01005956,0,Phase3-微调,1.000000,1.00000000,7.65249031,9216,0.1406250000,0.0937500000,2.5e-05,"[0.07155744212645071,0.005920333642064146]","[0.07155744218853889,0.005920333637752467]","[[0.08010363998926348,0.06301124400838658],[0.00751865133298216,0.004322015905442337]]","[[0.08010363998926348,0.06301124404977869],[0.00751865133298216,0.004322015903286498]]","[[0.2826531183940393,0.2505858056799129],[0.08592127416696814,0.06453996526974219]]","[[1.0,1.0],[1.0,1.0]]","[[50.16140473683675,3.863207815311573],[3.847841746718795,3.437566086539516]]","[1.0,1.0]","[27.838840417508727,7.273644328117371]","[8.049970357980648e-05,3.4317186302562024e-05]","[0.07166902461537608,0.007236841007101315]","[0.07166902480853929,0.007236840986405257]","[[0.08019786769593204,0.06314018051381465],[0.008989165512913908,0.0054845164805926655]]","[[0.08019786769593204,0.06314018059659887],[0.008989165512913908,0.005484516452997923]]","[[0.28285812007056343,0.2508858487561897],[0.09426677000743372,0.07325510904192925]]","[[1.0,1.0],[1.0,1.0]]","[[50.229555454960575,3.8695151028809724],[3.845978558505023,3.4507748939372873]]","[1.0,1.0]","[27.880418014526366,7.285949989601418]","[null,null]"
stagewise_residual_simvq_k64x4-4x4_rate094-20260730-182026,196,0.00999919,0.02432541,0.03432461,0.01024807,0.02477257,25.96511445,0.95527712,0.01005956,0,Phase3-微调,1.000000,1.00000000,7.46333716,9216,0.1406250000,0.0937500000,2.5e-05,"[0.07225395124405623,0.005587366699344582]","[0.0722539512509549,0.005587366698482247]","[[0.0807916629369612,0.06371623903374982],[0.007151656099422662,0.004023077244508184]]","[[0.0807916629369612,0.06371623899235769],[0.007151656099422662,0.0040230772470951906]]","[[0.2838394306600094,0.2519562159423475],[0.08397747149897947,0.06255271014653974]]","[[1.0,1.0],[1.0,1.0]]","[[50.22301460548683,3.86347514435097],[3.864243862805543,3.4546223666932847]]","[1.0,1.0]","[27.856676341869214,7.307049710662277]","[8.2992955086175e-05,3.340119460012324e-05]","[0.07355823111202982,0.005714000758059599]","[0.07355823111202982,0.005714000768407628]","[[0.08214592343127286,0.064970538875571],[0.007327149960177916,0.004100851561115296]]","[[0.08214592343127286,0.06497053879278678],[0.007327149960177916,0.004100851561115296]]","[[0.28626299103101094,0.25448791186014813],[0.0853493168398186,0.06367238804146096]]","[[1.0,1.0],[1.0,1.0]]","[[50.39497468736437,3.8631936179267035],[3.8870662918797247,3.4859255384515833]]","[1.0,1.0]","[27.903516359682435,7.361982656408239]","[null,null]"
stagewise_residual_simvq_k64x4-4x4_rate094-20260730-182026,197,0.00992731,0.02439593,0.03432323,0.01018843,0.02400467,25.98680707,0.95562244,0.01005956,0,Phase3-微调,1.000000,1.00000000,7.60771568,9216,0.1406250000,0.0937500000,2.5e-05,"[0.07229945033236786,0.005767516317535882]","[0.0722994504151521,0.005767516314948875]","[[0.08079777284076921,0.06380112780327046],[0.007325642083392099,0.00420939052020441]]","[[0.08079777284076921,0.06380112781706783],[0.007325642083392099,0.004209390521929082]]","[[0.2838283816973368,0.2520976224431285],[0.08492446783240194,0.06387610028463381]]","[[1.0,1.0],[1.0,1.0]]","[[50.22043337645354,3.8600670138994855],[3.8701757890206796,3.460234715320446]]","[1.0,1.0]","[27.84362454590974,7.318793537881639]","[8.114450494624045e-05,2.8889248886588138e-05]","[0.07157929589351018,0.005235657402900634]","[0.07157929592110493,0.005235657401175963]","[[0.08012577670591849,0.06303281406009639],[0.006744779387695922,0.0037265353922352746]]","[[0.08012577670591849,0.06303281414288062],[0.006744779387695922,0.003726535397409289]]","[[0.28273640760669,0.25067896953335517],[0.0819210633635521,0.06074837239252196]]","[[1.0,1.0],[1.0,1.0]]","[[50.30319680107964,3.861932298872206],[3.8572622687728315,3.4173553696385137]]","[1.0,1.0]","[27.873558129204643,7.261221744396068]","[null,null]"
stagewise_residual_simvq_k64x4-4x4_rate094-20260730-182026,198,0.01022334,0.02480411,0.03502745,0.01022202,0.02484461,25.96736985,0.95526053,0.01005956,0,Phase3-微调,1.000000,1.00000000,7.51953120,9216,0.1406250000,0.0937500000,2.5e-05,"[0.07361251613884061,0.0057606448466820575]","[0.07361251624232089,0.005760644848837896]","[[0.08226638216939237,0.06495865005999804],[0.007335403373602916,0.004185886307904083]]","[[0.08226638216939237,0.06495865014278226],[0.007335403373602916,0.004185886310706674]]","[[0.2863130568078271,0.2542860491408242],[0.08473383366233772,0.06336542346549255]]","[[1.0,1.0],[1.0,1.0]]","[[50.49062723230433,3.887330776673776],[3.8671572694072016,3.4824143294934875]]","[1.0,1.0]","[28.016767745547824,7.339103372891744]","[0.0001034680017053486,3.823581734684046e-05]","[0.07407199042262855,0.005430774835662709]","[0.0740719904502233,0.005430774832213366]","[[0.08279864870839648,0.06534533152977626],[0.006998506209088697,0.0038630434346419796]]","[[0.08279864870839648,0.06534533161256048],[0.006998506209088697,0.0038630434380913224]]","[[0.287433945691144,0.2552622152699365],[0.0834582288508062,0.061846729919866276]]","[[1.0,1.0],[1.0,1.0]]","[[50.857477767379194,3.878708318427757],[3.8692196475134955,3.5369505811620643]]","[1.0,1.0]","[28.087661644264504,7.3986408940068]","[null,null]"
stagewise_residual_simvq_k64x4-4x4_rate094-20260730-182026,199,0.00993704,0.02451972,0.03445676,0.01033396,0.02360019,25.93612689,0.95479730,0.01005956,0,Phase3-微调,1.000000,1.00000000,8.00323667,9216,0.1406250000,0.0937500000,2.5e-05,"[0.07262685322375209,0.005836252428384291]","[0.07262685320305604,0.005836252431833634]","[[0.08119290389672473,0.06406080254388076],[0.007402900028628884,0.004269604791921598]]","[[0.08119290389672473,0.06406080249558996],[0.007402900028628884,0.004269604797957948]]","[[0.2845979850601267,0.25269911620352004],[0.08539082925352785,0.0643512199115422]]","[[1.0,1.0],[1.0,1.0]]","[[50.388119852984396,3.8659168049141215],[3.869034179493233,3.4735993442712005]]","[1.0,1.0]","[27.911733079839635,7.331642267439101]","[8.021616341904047e-05,2.910164519360276e-05]","[0.07036937894644561,0.0051512231498404785]","[0.07036937905682458,0.005151223142941793]","[[0.07890311576150082,0.06183564171746925],[0.006621230379850776,0.0036812158629160236]]","[[0.07890311576150082,0.06183564177265874],[0.006621230379850776,0.0036812158542926664]]","[[0.2805613712028221,0.24827142413015718],[0.08113610253289893,0.06033158834885668]]","[[1.0,1.0],[1.0,1.0]]","[[50.47895547372323,3.866791707498056],[3.8571498959152786,3.408605783957022]]","[1.0,1.0]","[27.940010678326644,7.2517981635199655]","[null,null]"
stagewise_residual_simvq_k64x4-4x4_rate094-20260730-182026,200,0.00991546,0.02444494,0.03436040,0.01080995,0.02375381,25.75012840,0.95331678,0.01005956,0,Phase3-微调,1.000000,1.00000000,7.45273452,9216,0.1406250000,0.0937500000,1.25e-05,"[0.07245475633966703,0.005769040829208852]","[0.0724547562982749,0.005769040827915349]","[[0.08097591787852623,0.06393359455245512],[0.0073262525308463305,0.004211829087041595]]","[[0.08097591787852623,0.0639335944696709],[0.0073262525308463305,0.004211829093077944]]","[[0.28417560024945826,0.2524012729525566],[0.08500585416676822,0.06400818584693803]]","[[1.0,1.0],[1.0,1.0]]","[[50.30174417142515,3.8617148297804373],[3.880149761835734,3.4375747707155018]]","[1.0,1.0]","[27.872252531404847,7.304199016535724]","[8.021052230846921e-05,2.8722231337707383e-05]","[0.070377606815762,0.0056345905435995925]","[0.07037760689854622,0.005634590557396964]","[[0.07874951522659372,0.06200569777025117],[0.007191119129183116,0.004078061945943369]]","[[0.07874951522659372,0.062005697687466936],[0.007191119129183116,0.004078061978712126]]","[[0.2803058903526377,0.24863786697387696],[0.08455488847361671,0.06350158784124586]]","[[1.0,1.0],[1.0,1.0]]","[[50.20254770914713,3.859388259605125],[3.881078165548819,3.4443621282224304]]","[1.0,1.0]","[27.83664401019061,7.312313895755344]","[null,null]"
