step,profile,k0,k1,num_images,psnr,ms_ssim,lpips,reconstruction_loss,active_ratio,perplexity,dead_code_count,collapse_ratio,min_l2_distance,src_reference_psnr,src_psnr_gap_db,teacher_psnr,teacher_psnr_drop_db,score,eligible,layer0_codebook_size,layer0_num_assignments,layer0_active_count,layer0_active_ratio,layer0_perplexity,layer0_dead_code_count,layer0_collapse_count,layer0_collapse_ratio,layer0_min_l2_distance,layer1_codebook_size,layer1_num_assignments,layer1_active_count,layer1_active_ratio,layer1_perplexity,layer1_dead_code_count,layer1_collapse_count,layer1_collapse_ratio,layer1_min_l2_distance
1,2048x2048,2048,2048,128,26.449649155139923,0.9692844433545519,0.29576977621763945,0.01008936608559452,0.996337890625,1297.4614220177955,7.5,0.0,0.21609190106391907,,,26.48615664243698,0.036507487297058105,22.954767441749574,True,2048,131072,2046,0.9990234375,990.8646172668402,2,0,0.0,0.5311871767044067,2048,32768,2035,0.99365234375,1604.058226768751,13,0,0.0,0.21609190106391907
1,2048x16,2048,16,128,24.665103435516357,0.9505649850514346,0.33993918634951115,0.014876621076837182,0.999755859375,510.344491925671,0.5,0.0,0.5311871767044067,,,26.48615664243698,0.036507487297058105,22.954767441749574,True,2048,131072,2047,0.99951171875,1006.1763869313482,1,0,0.0,0.5311871767044067,16,32768,16,1.0,14.512596919993765,0,0,0.0,1.3723132610321045
1,16x2,16,2,128,19.10448706150055,0.8122467986850764,0.5198413776233792,0.05108555860351771,1.0,8.273500643222011,0.0,0.0,3.023235321044922,,,26.48615664243698,0.036507487297058105,22.954767441749574,True,16,131072,16,1.0,14.549852784500867,0,0,0.0,3.023235321044922,2,32768,2,1.0,1.9971485019431545,0,0,0.0,14.082565307617188
1,1024x256,1024,256,128,25.519305109977722,0.9623944356114246,0.3203186094760895,0.012467001826735213,1.0,465.7461997058299,0.0,0.0,0.17204000055789948,,,26.48615664243698,0.036507487297058105,22.954767441749574,True,1024,131072,1024,1.0,765.8812744581761,0,0,0.0,0.2102746069431305,256,32768,256,1.0,165.61112495348368,0,0,0.0,0.17204000055789948
1,512x64,512,64,128,24.729967534542084,0.9534488336011941,0.3461967436596751,0.01475668977946043,1.0,208.04248357461094,0.0,0.0,0.3281918466091156,,,26.48615664243698,0.036507487297058105,22.954767441749574,True,512,131072,512,1.0,368.62321952866233,0,0,0.0,0.3281918466091156,64,32768,64,1.0,47.46174762055957,0,0,0.0,0.4419848918914795
1,64x16,64,16,128,23.035512924194336,0.9239958312645343,0.4178933324292302,0.02139747148612514,1.0,33.25552750295607,0.0,0.0,0.9301366806030273,,,26.48615664243698,0.036507487297058105,22.954767441749574,True,64,131072,64,1.0,51.78043448542167,0,0,0.0,0.9301366806030273,16,32768,16,1.0,14.730620520490461,0,0,0.0,1.5182541608810425
2,2048x2048,2048,2048,128,26.460297226905823,0.9692885286943881,0.2955385181121528,0.010073498473502696,0.99609375,1273.5732979399002,8.0,0.0,0.21609190106391907,,,26.48615664243698,0.025859415531158447,23.091325394312534,True,2048,131072,2046,0.9990234375,985.0315218548004,2,0,0.0,0.5311871767044067,2048,32768,2034,0.9931640625,1562.115074025,14,0,0.0,0.21609190106391907
2,2048x16,2048,16,128,24.821106493473053,0.9515799855824241,0.3366518123075366,0.014339653542265296,0.99951171875,497.11660236991344,1.0,0.0,0.5311871767044067,,,26.48615664243698,0.025859415531158447,23.091325394312534,True,2048,131072,2046,0.9990234375,979.7593706314649,2,0,0.0,0.5311871767044067,16,32768,16,1.0,14.473834108361974,0,0,0.0,1.7031843662261963
2,16x2,16,2,128,19.182640433311462,0.8141834872058519,0.5246486719697714,0.050161048071458936,1.0,8.203884365886125,0.0,0.0,1.9957879781723022,,,26.48615664243698,0.025859415531158447,23.091325394312534,True,16,131072,16,1.0,14.40784279381158,0,0,0.0,1.9957879781723022,2,32768,2,1.0,1.9999259379606706,0,0,0.0,12.453612327575684
2,1024x256,1024,256,128,25.728992223739624,0.964101476005555,0.31200974341481924,0.011871726062963717,1.0,483.5249333798372,0.0,0.0,0.12943045794963837,,,26.48615664243698,0.025859415531158447,23.091325394312534,True,1024,131072,1024,1.0,785.9689575189764,0,0,0.0,0.12943045794963837,256,32768,256,1.0,181.08090924069805,0,0,0.0,0.13209982216358185
2,512x64,512,64,128,24.988462388515472,0.9561233868033905,0.33621698804199696,0.013939886295702308,1.0,220.81921902947306,0.0,0.0,0.3957585096359253,,,26.48615664243698,0.025859415531158447,23.091325394312534,True,512,131072,512,1.0,389.89669538735996,0,0,0.0,0.3957585096359253,64,32768,64,1.0,51.74174267158615,0,0,0.0,0.6050307154655457
2,64x16,64,16,128,23.229481041431427,0.926728488857274,0.41036365274339914,0.02047737769316882,1.0,33.56843684434189,0.0,0.0,0.6698591709136963,,,26.48615664243698,0.025859415531158447,23.091325394312534,True,64,131072,64,1.0,52.46107961011784,0,0,0.0,0.6698591709136963,16,32768,16,1.0,14.675794078565938,0,0,0.0,1.8381427526474
3,2048x2048,2048,2048,128,26.46002298593521,0.9694500521067092,0.29532783292233944,0.010085718764457852,0.996337890625,1305.9024677586583,7.5,0.0,0.21609190106391907,,,26.48615664243698,0.02613365650177002,23.21443873246511,True,2048,131072,2046,0.9990234375,999.6633621325262,2,0,0.0,0.5311871767044067,2048,32768,2035,0.99365234375,1612.1415733847903,13,0,0.0,0.21609190106391907
3,2048x16,2048,16,128,24.977827489376068,0.9529180739621332,0.33454022742807865,0.013850638293661177,0.99951171875,500.93227903791234,1.0,0.0,0.5311871767044067,,,26.48615664243698,0.02613365650177002,23.21443873246511,True,2048,131072,2046,0.9990234375,987.0672658382634,2,0,0.0,0.5311871767044067,16,32768,16,1.0,14.797292237561212,0,0,0.0,1.9949675798416138
3,16x2,16,2,128,19.345836639404297,0.8180245433148714,0.5266225766390562,0.048350653727538884,1.0,7.911835189143493,0.0,0.0,2.742882013320923,,,26.48615664243698,0.02613365650177002,23.21443873246511,True,16,131072,16,1.0,13.82386064819746,0,0,0.0,2.742882013320923,2,32768,2,1.0,1.999809730089526,0,0,0.0,12.835848808288574
3,1024x256,1024,256,128,25.79739272594452,0.9643770772347164,0.3115279134362936,0.01167626831738744,1.0,474.33311106637933,0.0,0.0,0.29893821477890015,,,26.48615664243698,0.02613365650177002,23.21443873246511,True,1024,131072,1024,1.0,756.4760902861093,0,0,0.0,0.29893821477890015,256,32768,256,1.0,192.19013184664934,0,0,0.0,0.3722996413707733
3,512x64,512,64,128,25.116806864738464,0.9569285977449218,0.3335737669840455,0.013553814380429685,1.0,221.01799684033818,0.0,0.0,0.42603209614753723,,,26.48615664243698,0.02613365650177002,23.21443873246511,True,512,131072,512,1.0,387.0662809285735,0,0,0.0,0.42603209614753723,64,32768,64,1.0,54.96971275210288,0,0,0.0,0.6694269776344299
3,64x16,64,16,128,23.391648828983307,0.9283629800154967,0.4064692258834839,0.019722240103874356,1.0,34.26570475107893,0.0,0.0,0.7794716954231262,,,26.48615664243698,0.02613365650177002,23.21443873246511,True,64,131072,64,1.0,53.54104320375291,0,0,0.0,0.7794716954231262,16,32768,16,1.0,14.99036629840495,0,0,0.0,2.0811996459960938
4,2048x2048,2048,2048,128,26.469843327999115,0.9695984019895214,0.2955592358484864,0.010064740316011012,0.996337890625,1291.3014895387703,7.5,0.0,0.21609190106391907,,,26.48615664243698,0.01631331443786621,23.222247874736787,True,2048,131072,2046,0.9990234375,990.8266518414921,2,0,0.0,0.5311871767044067,2048,32768,2035,0.99365234375,1591.7763272360485,13,0,0.0,0.21609190106391907
4,2048x16,2048,16,128,25.040548384189606,0.9534426919812945,0.33318723551928997,0.013674796995474026,0.99951171875,497.52708847018926,1.0,0.0,0.5311871767044067,,,26.48615664243698,0.01631331443786621,23.222247874736787,True,2048,131072,2046,0.9990234375,980.0070616328072,2,0,0.0,0.5311871767044067,16,32768,16,1.0,15.04711530757129,0,0,0.0,1.9912774562835693
4,16x2,16,2,128,19.271524727344513,0.8162511455878337,0.5209316555410624,0.048874098691158,1.0,7.769783642643455,0.0,0.0,2.9654581546783447,,,26.48615664243698,0.01631331443786621,23.222247874736787,True,16,131072,16,1.0,13.53957184876579,0,0,0.0,2.9654581546783447,2,32768,2,1.0,1.9999954365211199,0,0,0.0,13.424356460571289
4,1024x256,1024,256,128,25.82210236787796,0.9648323058666256,0.3115390194579959,0.011612006841460243,1.0,500.1150194220098,0.0,0.0,0.22967858612537384,,,26.48615664243698,0.01631331443786621,23.222247874736787,True,1024,131072,1024,1.0,799.9707338400638,0,0,0.0,0.22967858612537384,256,32768,256,1.0,200.2593050039559,0,0,0.0,0.2641597092151642
4,512x64,512,64,128,25.155650854110718,0.9574752015684727,0.3322122301906347,0.013444020180031657,1.0,232.29718087429214,0.0,0.0,0.3655267059803009,,,26.48615664243698,0.01631331443786621,23.222247874736787,True,512,131072,512,1.0,408.97532764001676,0,0,0.0,0.3655267059803009,64,32768,64,1.0,55.61903410856752,0,0,0.0,0.7262040972709656
4,64x16,64,16,128,23.499902307987213,0.9304044019807653,0.4037942420691252,0.019275354221463203,1.0,34.758889757512975,0.0,0.0,0.826886773109436,,,26.48615664243698,0.01631331443786621,23.222247874736787,True,64,131072,64,1.0,54.41072685829618,0,0,0.0,0.826886773109436,16,32768,16,1.0,15.107052656729769,0,0,0.0,1.9165575504302979
5,2048x2048,2048,2048,128,26.462785720825195,0.9695252155873726,0.2965223966166377,0.010067495226394385,0.99609375,1295.580380166294,8.0,0.0,0.21609190106391907,,,26.48615664243698,0.02337092161178589,23.109909756978357,True,2048,131072,2046,0.9990234375,983.1786071520693,2,0,0.0,0.5311871767044067,2048,32768,2034,0.9931640625,1607.9821531805185,14,0,0.0,0.21609190106391907
5,2048x16,2048,16,128,24.781938910484314,0.9514661771502186,0.3361083688214421,0.014437865611398593,0.99951171875,498.4402236949671,1.0,0.0,0.5311871767044067,,,26.48615664243698,0.02337092161178589,23.109909756978357,True,2048,131072,2046,0.9990234375,981.9773710878193,2,0,0.0,0.5311871767044067,16,32768,16,1.0,14.903076302114853,0,0,0.0,1.5212825536727905
5,16x2,16,2,128,19.285746693611145,0.8177482979272234,0.5240195887163281,0.048758272430859506,1.0,7.842921163967169,0.0,0.0,2.802910327911377,,,26.48615664243698,0.02337092161178589,23.109909756978357,True,16,131072,16,1.0,13.687595178667175,0,0,0.0,2.802910327911377,2,32768,2,1.0,1.9982471492671636,0,0,0.0,14.04220199584961
5,1024x256,1024,256,128,25.656492710113525,0.9634343666096808,0.31637878715991974,0.012057764222845435,1.0,488.5602393578598,0.0,0.0,0.2889285981655121,,,26.48615664243698,0.02337092161178589,23.109909756978357,True,1024,131072,1024,1.0,801.1895463298989,0,0,0.0,0.2889285981655121,256,32768,256,1.0,175.93093238582074,0,0,0.0,0.29572272300720215
5,512x64,512,64,128,24.932767391204834,0.9557067185273679,0.3379714321345091,0.014115963072981685,1.0,227.7918887083868,0.0,0.0,0.27700403332710266,,,26.48615664243698,0.02337092161178589,23.109909756978357,True,512,131072,512,1.0,401.7048823573932,0,0,0.0,0.27700403332710266,64,32768,64,1.0,53.878895059380426,0,0,0.0,0.6744555234909058
5,64x16,64,16,128,23.275971710681915,0.9283456603026993,0.40715415962040424,0.020212255069054663,1.0,35.3406677088723,0.0,0.0,0.9183460474014282,,,26.48615664243698,0.02337092161178589,23.109909756978357,True,64,131072,64,1.0,55.56663449935556,0,0,0.0,0.9183460474014282,16,32768,16,1.0,15.114700918389051,0,0,0.0,1.56485116481781
6,2048x2048,2048,2048,128,26.441530406475067,0.9696411001716755,0.295233556535095,0.010119982849573717,0.99658203125,1295.1507720645593,7.0,0.0,0.21609190106391907,,,26.48615664243698,0.04462623596191406,23.19406681060791,True,2048,131072,2046,0.9990234375,989.1965578975618,2,0,0.0,0.5311871767044067,2048,32768,2036,0.994140625,1601.1049862315567,12,0,0.0,0.21609190106391907
6,2048x16,2048,16,128,25.05766797065735,0.9535581554379562,0.3326855096966028,0.013611864764243364,0.99951171875,511.2997813157116,1.0,0.0,0.5311871767044067,,,26.48615664243698,0.04462623596191406,23.19406681060791,True,2048,131072,2046,0.9990234375,1007.6600304087377,2,0,0.0,0.5311871767044067,16,32768,16,1.0,14.939532222685393,0,0,0.0,1.5069292783737183
6,16x2,16,2,128,19.26291561126709,0.8175117790022275,0.520269462838769,0.049058029311709106,1.0,7.662479948221273,0.0,0.0,2.4419515132904053,,,26.48615664243698,0.04462623596191406,23.19406681060791,True,16,131072,16,1.0,13.3272085409891,0,0,0.0,2.4419515132904053,2,32768,2,1.0,1.997751355453448,0,0,0.0,12.929892539978027
6,1024x256,1024,256,128,25.75200444459915,0.9645268531847581,0.31035727821290493,0.011768400814617053,1.0,502.42390797685016,0.0,0.0,0.2682639956474304,,,26.48615664243698,0.04462623596191406,23.19406681060791,True,1024,131072,1024,1.0,817.2158618757338,0,0,0.0,0.2682639956474304,256,32768,256,1.0,187.63195407796647,0,0,0.0,0.27356651425361633
6,512x64,512,64,128,25.118780553340912,0.9572547658861493,0.33159662410616875,0.01349498116178438,1.0,236.3256498249541,0.0,0.0,0.3687115013599396,,,26.48615664243698,0.04462623596191406,23.19406681060791,True,512,131072,512,1.0,416.5436243276606,0,0,0.0,0.3687115013599396,64,32768,64,1.0,56.10767532224759,0,0,0.0,0.5725664496421814
6,64x16,64,16,128,23.428228676319122,0.9312026050708488,0.39743753150105476,0.01950848856358789,1.0,35.146939027206145,0.0,0.0,0.7105302810668945,,,26.48615664243698,0.04462623596191406,23.19406681060791,True,64,131072,64,1.0,55.26025243961533,0,0,0.0,0.7105302810668945,16,32768,16,1.0,15.033625614796957,0,0,0.0,1.5505955219268799
7,2048x2048,2048,2048,128,26.475042045116425,0.9695228791930639,0.2954503330402076,0.010049165546661243,0.99658203125,1279.7014677970042,7.0,0.0,0.21609190106391907,,,26.48615664243698,0.01111459732055664,23.24745245774587,True,2048,131072,2046,0.9990234375,965.8466765050828,2,0,0.0,0.5311871767044067,2048,32768,2036,0.994140625,1593.5562590889253,12,0,0.0,0.21609190106391907
7,2048x16,2048,16,128,24.986255526542664,0.9527739738856009,0.33417934365570545,0.013842828426277265,0.99951171875,509.541718988308,1.0,0.0,0.5311871767044067,,,26.48615664243698,0.01111459732055664,23.24745245774587,True,2048,131072,2046,0.9990234375,1004.0383294023069,2,0,0.0,0.5311871767044067,16,32768,16,1.0,15.045108574309054,0,0,0.0,1.2607529163360596
7,16x2,16,2,128,19.369714617729187,0.821166022129055,0.5251668868586421,0.04769108642358333,1.0,7.841949656889148,0.0,0.0,2.621128559112549,,,26.48615664243698,0.01111459732055664,23.24745245774587,True,16,131072,16,1.0,13.684074731408941,0,0,0.0,2.621128559112549,2,32768,2,1.0,1.9998245823693543,0,0,0.0,12.310988426208496
7,1024x256,1024,256,128,25.767872095108032,0.9642720795754804,0.31087465211749077,0.011721615999704227,1.0,506.7044563768568,0.0,0.0,0.23933154344558716,,,26.48615664243698,0.01111459732055664,23.24745245774587,True,1024,131072,1024,1.0,827.680361615315,0,0,0.0,0.23933154344558716,256,32768,256,1.0,185.72855113839864,0,0,0.0,0.3482256829738617
7,512x64,512,64,128,25.117049038410187,0.9570574680486001,0.33228841330856085,0.013491277233697474,1.0,239.2153913640825,0.0,0.0,0.26340046525001526,,,26.48615664243698,0.01111459732055664,23.24745245774587,True,512,131072,512,1.0,422.2356245464678,0,0,0.0,0.26340046525001526,64,32768,64,1.0,56.19515818169717,0,0,0.0,0.7487635016441345
7,64x16,64,16,128,23.58538818359375,0.9326419091556061,0.3949587168172002,0.01895878024515696,1.0,35.49298339085978,0.0,0.0,0.8633877635002136,,,26.48615664243698,0.01111459732055664,23.24745245774587,True,64,131072,64,1.0,55.65992268173547,0,0,0.0,0.8633877635002136,16,32768,16,1.0,15.326044099984077,0,0,0.0,1.3650572299957275
8,2048x2048,2048,2048,128,26.446938455104828,0.9694493299254321,0.29629885219037533,0.010101376596139744,0.99658203125,1257.5431936875407,7.0,0.0,0.21609190106391907,,,26.48615664243698,0.03921818733215332,23.14992376168569,True,2048,131072,2046,0.9990234375,949.7148955916755,2,0,0.0,0.5311871767044067,2048,32768,2036,0.994140625,1565.371491783406,12,0,0.0,0.21609190106391907
8,2048x16,2048,16,128,24.948494136333466,0.9529343269326801,0.33493249770253897,0.013937853538664058,0.99951171875,506.7739892651358,1.0,0.0,0.5311871767044067,,,26.48615664243698,0.03921818733215332,23.14992376168569,True,2048,131072,2046,0.9990234375,998.665454766866,2,0,0.0,0.5311871767044067,16,32768,16,1.0,14.882523763405642,0,0,0.0,1.4596307277679443
8,16x2,16,2,128,19.302698731422424,0.8207700603774095,0.5276637701317668,0.04862587887328118,1.0,7.842238216796075,0.0,0.0,2.5818166732788086,,,26.48615664243698,0.03921818733215332,23.14992376168569,True,16,131072,16,1.0,13.684636056432907,0,0,0.0,2.5818166732788086,2,32768,2,1.0,1.9998403771592437,0,0,0.0,11.875117301940918
8,1024x256,1024,256,128,25.662062883377075,0.9637789725045824,0.3125077523291111,0.012023948424030095,1.0,486.5188942934768,0.0,0.0,0.31614693999290466,,,26.48615664243698,0.03921818733215332,23.14992376168569,True,1024,131072,1024,1.0,790.0063811960877,0,0,0.0,0.31614693999290466,256,32768,256,1.0,183.03140739086592,0,0,0.0,0.32749369740486145
8,512x64,512,64,128,24.953644394874573,0.9560143920411164,0.3353126784786582,0.014040150010259822,1.0,229.53252834489265,0.0,0.0,0.271782785654068,,,26.48615664243698,0.03921818733215332,23.14992376168569,True,512,131072,512,1.0,405.03887643484256,0,0,0.0,0.271782785654068,64,32768,64,1.0,54.02618025494273,0,0,0.0,0.6331650614738464
8,64x16,64,16,128,23.356541514396667,0.9305827661515643,0.39906480722129345,0.01993966006557457,1.0,34.34098407261325,0.0,0.0,0.8466742038726807,,,26.48615664243698,0.03921818733215332,23.14992376168569,True,64,131072,64,1.0,53.584165629608904,0,0,0.0,0.8466742038726807,16,32768,16,1.0,15.097802515617596,0,0,0.0,1.495726227760315
9,2048x2048,2048,2048,128,26.451477706432343,0.9696343564190221,0.29523245384916663,0.010107844529557042,0.99658203125,1262.208499350514,7.0,0.0,0.21609190106391907,,,26.48615664243698,0.03467893600463867,23.242031812667843,True,2048,131072,2046,0.9990234375,965.5491992746922,2,0,0.0,0.5311871767044067,2048,32768,2036,0.994140625,1558.8677994263358,12,0,0.0,0.21609190106391907
9,2048x16,2048,16,128,24.995115876197815,0.9529990850228602,0.3317448487505317,0.01383603605790995,0.99951171875,524.1539200699834,1.0,0.0,0.5311871767044067,,,26.48615664243698,0.03467893600463867,23.242031812667843,True,2048,131072,2046,0.9990234375,1033.4806747955336,2,0,0.0,0.5311871767044067,16,32768,16,1.0,14.827165344433332,0,0,0.0,2.1054742336273193
9,16x2,16,2,128,19.372527956962585,0.8202072954575804,0.5208385773003101,0.04779435554519296,1.0,7.831420534425192,0.0,0.0,2.3096067905426025,,,26.48615664243698,0.03467893600463867,23.242031812667843,True,16,131072,16,1.0,13.663244284449739,0,0,0.0,2.3096067905426025,2,32768,2,1.0,1.9995967844006437,0,0,0.0,13.261281967163086
9,1024x256,1024,256,128,25.80196923017502,0.9647614877220456,0.30861752200871706,0.011649911990389228,1.0,511.00542791386005,0.0,0.0,0.30882465839385986,,,26.48615664243698,0.03467893600463867,23.242031812667843,True,1024,131072,1024,1.0,823.7228840942819,0,0,0.0,0.30882465839385986,256,32768,256,1.0,198.28797173343818,0,0,0.0,0.3986334204673767
9,512x64,512,64,128,25.123929858207703,0.9573701503640111,0.3294281968846917,0.013496261555701494,1.0,240.91938866628487,0.0,0.0,0.30056872963905334,,,26.48615664243698,0.03467893600463867,23.242031812667843,True,512,131072,512,1.0,425.31064826894465,0,0,0.0,0.30056872963905334,64,32768,64,1.0,56.52812906362511,0,0,0.0,0.687035858631134
9,64x16,64,16,128,23.511426031589508,0.9317114723914947,0.3922934699803591,0.019179631141014397,1.0,35.09570574107322,0.0,0.0,0.8810127377510071,,,26.48615664243698,0.03467893600463867,23.242031812667843,True,64,131072,64,1.0,55.209699232234904,0,0,0.0,0.8810127377510071,16,32768,16,1.0,14.981712249911533,0,0,0.0,2.1797890663146973
10,2048x2048,2048,2048,128,26.473483324050903,0.969421786106554,0.296291776932776,0.010044086709967814,0.99560546875,1224.634337213517,9.0,0.0,0.21609190106391907,,,26.48615664243698,0.01267331838607788,23.259617733955388,True,2048,131072,2046,0.9990234375,934.9636710651484,2,0,0.0,0.5311871767044067,2048,32768,2032,0.9921875,1514.3050033618856,16,0,0.0,0.21609190106391907
10,2048x16,2048,16,128,25.049513280391693,0.9529820507384077,0.3331645894795656,0.013616913347505033,0.99951171875,511.55646271961723,1.0,0.0,0.5311871767044067,,,26.48615664243698,0.01267331838607788,23.259617733955388,True,2048,131072,2046,0.9990234375,1008.1832078767318,2,0,0.0,0.5311871767044067,16,32768,16,1.0,14.929717562502656,0,0,0.0,1.6299433708190918
10,16x2,16,2,128,19.360969185829163,0.8198177097072327,0.5212393188849092,0.048095207777805626,1.0,7.927503933428225,0.0,0.0,1.6327780485153198,,,26.48615664243698,0.01267331838607788,23.259617733955388,True,16,131072,16,1.0,13.855028821577788,0,0,0.0,1.6327780485153198,2,32768,2,1.0,1.9999790452786628,0,0,0.0,12.241082191467285
10,1024x256,1024,256,128,25.812962412834167,0.9645145585554198,0.31030484661459923,0.01162615284556523,1.0,508.29378778086175,0.0,0.0,0.24666057527065277,,,26.48615664243698,0.01267331838607788,23.259617733955388,True,1024,131072,1024,1.0,818.4034843428639,0,0,0.0,0.24666057527065277,256,32768,256,1.0,198.18409121885958,0,0,0.0,0.4048275649547577
10,512x64,512,64,128,25.167292535305023,0.9571374699060193,0.3312834491953254,0.013383256795350462,1.0,235.2717666098038,0.0,0.0,0.28754085302352905,,,26.48615664243698,0.01267331838607788,23.259617733955388,True,512,131072,512,1.0,414.5816764433023,0,0,0.0,0.28754085302352905,64,32768,64,1.0,55.961856776305275,0,0,0.0,0.48265114426612854
10,64x16,64,16,128,23.54145848751068,0.9314991998898585,0.39588467963039875,0.01911106106126681,1.0,35.49923722027317,0.0,0.0,0.6043705940246582,,,26.48615664243698,0.01267331838607788,23.259617733955388,True,64,131072,64,1.0,55.92347023763847,0,0,0.0,0.6043705940246582,16,32768,16,1.0,15.075004202907879,0,0,0.0,1.6728808879852295
11,2048x2048,2048,2048,128,26.47228467464447,0.9693834370074896,0.29612814681604505,0.010046267751022242,0.9951171875,1222.6561858637579,10.0,0.0,0.21609190106391907,,,26.48615664243698,0.013871967792510986,23.202586229642232,True,2048,131072,2046,0.9990234375,931.4926517728602,2,0,0.0,0.5311871767044067,2048,32768,2030,0.9912109375,1513.8197199546557,18,0,0.0,0.21609190106391907
11,2048x16,2048,16,128,25.030168771743774,0.9535614166357002,0.33407555613666773,0.01370380591833964,0.99951171875,514.8212093534038,1.0,0.0,0.5311871767044067,,,26.48615664243698,0.013871967792510986,23.202586229642232,True,2048,131072,2046,0.9990234375,1014.540767006908,2,0,0.0,0.5311871767044067,16,32768,16,1.0,15.10165169989959,0,0,0.0,1.9313658475875854
11,16x2,16,2,128,19.263307452201843,0.8180988754356636,0.5224229572340846,0.04876541590783745,1.0,7.9661174476175605,0.0,0.0,1.8693138360977173,,,26.48615664243698,0.013871967792510986,23.202586229642232,True,16,131072,16,1.0,13.93287336112412,0,0,0.0,1.8693138360977173,2,32768,2,1.0,1.9993615341110007,0,0,0.0,11.771347999572754
11,1024x256,1024,256,128,25.77224427461624,0.9640160362225099,0.3118990696966648,0.011697231035213917,1.0,497.68773418284553,0.0,0.0,0.23587572574615479,,,26.48615664243698,0.013871967792510986,23.202586229642232,True,1024,131072,1024,1.0,812.3310601722567,0,0,0.0,0.23587572574615479,256,32768,256,1.0,183.04440819343435,0,0,0.0,0.35753414034843445
11,512x64,512,64,128,25.09884351491928,0.956562979231543,0.33325837925076485,0.013529289135476574,1.0,233.6171153200599,0.0,0.0,0.27496087551116943,,,26.48615664243698,0.013871967792510986,23.202586229642232,True,512,131072,512,1.0,411.2469549134481,0,0,0.0,0.27496087551116943,64,32768,64,1.0,55.987275726671655,0,0,0.0,0.7937561273574829
11,64x16,64,16,128,23.487586855888367,0.9306818216593336,0.3991905674338341,0.01925889213453047,1.0,35.24631353735788,0.0,0.0,0.7353717684745789,,,26.48615664243698,0.013871967792510986,23.202586229642232,True,64,131072,64,1.0,55.10462916174121,0,0,0.0,0.7353717684745789,16,32768,16,1.0,15.387997912974551,0,0,0.0,2.055081844329834
12,2048x2048,2048,2048,128,26.477744817733765,0.969505095612512,0.29537920374423265,0.010045487506431527,0.9951171875,1225.7534286756431,10.0,0.0,0.21609190106391907,,,26.48615664243698,0.008411824703216553,23.237675742308298,True,2048,131072,2046,0.9990234375,940.9193475235988,2,0,0.0,0.5311871767044067,2048,32768,2030,0.9912109375,1510.5875098276877,18,0,0.0,0.21609190106391907
12,2048x16,2048,16,128,25.016959071159363,0.953472705217611,0.3333875257521868,0.013752681552432477,0.99951171875,519.748269543095,1.0,0.0,0.5311871767044067,,,26.48615664243698,0.008411824703216553,23.237675742308298,True,2048,131072,2046,0.9990234375,1024.3048714681483,2,0,0.0,0.5311871767044067,16,32768,16,1.0,15.191667618041617,0,0,0.0,1.7525111436843872
12,16x2,16,2,128,19.30693882703781,0.8178482870965204,0.5278163179755211,0.048462058301083744,1.0,8.142464291312535,0.0,0.0,2.2758429050445557,,,26.48615664243698,0.008411824703216553,23.237675742308298,True,16,131072,16,1.0,14.28622082492722,0,0,0.0,2.2758429050445557,2,32768,2,1.0,1.9987077576978525,0,0,0.0,12.680910110473633
12,1024x256,1024,256,128,25.831440210342407,0.9647768457962914,0.30964692775160074,0.011572639021323994,1.0,509.8353881227,0.0,0.0,0.29525071382522583,,,26.48615664243698,0.008411824703216553,23.237675742308298,True,1024,131072,1024,1.0,821.7170286392424,0,0,0.0,0.29525071382522583,256,32768,256,1.0,197.9537476061577,0,0,0.0,0.32050517201423645
12,512x64,512,64,128,25.14799791574478,0.9572141465640841,0.3310559159144759,0.013417497655609623,1.0,239.84860987446513,0.0,0.0,0.3201487064361572,,,26.48615664243698,0.008411824703216553,23.237675742308298,True,512,131072,512,1.0,422.8294273998038,0,0,0.0,0.3201487064361572,64,32768,64,1.0,56.86779234912642,0,0,0.0,0.6325471997261047
12,64x16,64,16,128,23.541078984737396,0.9325194535874523,0.39309557527303696,0.019165966019500047,1.0,36.09964735566677,0.0,0.0,0.9655529260635376,,,26.48615664243698,0.008411824703216553,23.237675742308298,True,64,131072,64,1.0,56.81711836557776,0,0,0.0,0.9655529260635376,16,32768,16,1.0,15.382176345755768,0,0,0.0,1.8716639280319214
13,2048x2048,2048,2048,128,26.469912469387054,0.9693892547060339,0.29651243006810546,0.01004831878526602,0.994873046875,1203.169489131562,10.5,0.0,0.21609190106391907,,,26.48615664243698,0.016244173049926758,23.238344331582383,True,2048,131072,2046,0.9990234375,926.7478061141893,2,0,0.0,0.5311871767044067,2048,32768,2029,0.99072265625,1479.5911721489344,19,0,0.0,0.21609190106391907
13,2048x16,2048,16,128,25.023148596286774,0.9530294399558805,0.33452784828841686,0.013717486901441589,0.99951171875,509.01408386604453,1.0,0.0,0.5311871767044067,,,26.48615664243698,0.016244173049926758,23.238344331582383,True,2048,131072,2046,0.9990234375,1002.9894623316293,2,0,0.0,0.5311871767044067,16,32768,16,1.0,15.038705400459719,0,0,0.0,1.4480054378509521
13,16x2,16,2,128,19.332604467868805,0.8183733825437249,0.5307624898850918,0.04822675313334912,1.0,7.58776553603348,0.0,0.0,2.9823381900787354,,,26.48615664243698,0.016244173049926758,23.238344331582383,True,16,131072,16,1.0,13.176707567329025,0,0,0.0,2.9823381900787354,2,32768,2,1.0,1.9988235047379352,0,0,0.0,11.713794708251953
13,1024x256,1024,256,128,25.7979599237442,0.9643084727834609,0.31054508220404387,0.01165404160565231,1.0,493.19200798795504,0.0,0.0,0.2573145031929016,,,26.48615664243698,0.016244173049926758,23.238344331582383,True,1024,131072,1024,1.0,791.3510832480633,0,0,0.0,0.2573145031929016,256,32768,256,1.0,195.03293272784674,0,0,0.0,0.382899671792984
13,512x64,512,64,128,25.145505726337433,0.9570030907485343,0.33167446218430996,0.013433786458335817,1.0,232.97234184867742,0.0,0.0,0.2695798873901367,,,26.48615664243698,0.016244173049926758,23.238344331582383,True,512,131072,512,1.0,408.8635143322987,0,0,0.0,0.2695798873901367,64,32768,64,1.0,57.081169365056155,0,0,0.0,0.6475646495819092
13,64x16,64,16,128,23.51954460144043,0.9315708658509833,0.39679435174912214,0.01918883141479455,1.0,35.83691726745533,0.0,0.0,0.7291239500045776,,,26.48615664243698,0.016244173049926758,23.238344331582383,True,64,131072,64,1.0,56.34664232957379,0,0,0.0,0.7291239500045776,16,32768,16,1.0,15.327192205336866,0,0,0.0,1.589745283126831
14,2048x2048,2048,2048,128,26.477612137794495,0.9693490858335347,0.296397274825722,0.0100348821724765,0.994140625,1196.0364271258832,12.0,0.0,0.21609190106391907,,,26.48615664243698,0.008544504642486572,23.248142449061078,True,2048,131072,2046,0.9990234375,920.6804021619971,2,0,0.0,0.5311871767044067,2048,32768,2026,0.9892578125,1471.3924520897694,22,0,0.0,0.21609190106391907
14,2048x16,2048,16,128,25.002534985542297,0.9525194906670671,0.3350423602387309,0.013772530597634614,0.99951171875,510.34416074115916,1.0,0.0,0.5311871767044067,,,26.48615664243698,0.008544504642486572,23.248142449061078,True,2048,131072,2046,0.9990234375,1005.7203830407354,2,0,0.0,0.5311871767044067,16,32768,16,1.0,14.967938441582916,0,0,0.0,1.501747965812683
14,16x2,16,2,128,19.34875452518463,0.8192588136797218,0.5300051672384143,0.04806612036190927,1.0,7.7112943015032345,0.0,0.0,2.7782704830169678,,,26.48615664243698,0.008544504642486572,23.248142449061078,True,16,131072,16,1.0,13.422754454363675,0,0,0.0,2.7782704830169678,2,32768,2,1.0,1.9998341486427942,0,0,0.0,11.411995887756348
14,1024x256,1024,256,128,25.807234287261963,0.9642861917681005,0.31140430830419064,0.01163775273016654,1.0,491.93177884160446,0.0,0.0,0.2800716459751129,,,26.48615664243698,0.008544504642486572,23.248142449061078,True,1024,131072,1024,1.0,795.3744209717617,0,0,0.0,0.2800716459751129,256,32768,256,1.0,188.48913671144732,0,0,0.0,0.29736146330833435
14,512x64,512,64,128,25.138477623462677,0.9568954485788695,0.33195650577545166,0.013461962575092912,1.0,238.6765130816819,0.0,0.0,0.24385499954223633,,,26.48615664243698,0.008544504642486572,23.248142449061078,True,512,131072,512,1.0,421.72367387803723,0,0,0.0,0.24385499954223633,64,32768,64,1.0,55.629352285326554,0,0,0.0,0.7499842047691345
14,64x16,64,16,128,23.56332302093506,0.9314028994562927,0.39632511232048273,0.018983510293764994,1.0,35.3217995874257,0.0,0.0,0.6147315502166748,,,26.48615664243698,0.008544504642486572,23.248142449061078,True,64,131072,64,1.0,55.456680967799514,0,0,0.0,0.6147315502166748,16,32768,16,1.0,15.186918207051882,0,0,0.0,1.8645710945129395
15,2048x2048,2048,2048,128,26.471963942050934,0.9695668759656937,0.2956225094385445,0.010065312482765876,0.994384765625,1214.034443151385,11.5,0.0,0.21609190106391907,,,26.48615664243698,0.014192700386047363,23.2083656668663,True,2048,131072,2046,0.9990234375,939.5952728021471,2,0,0.0,0.5311871767044067,2048,32768,2027,0.98974609375,1488.4736135006226,21,0,0.0,0.21609190106391907
15,2048x16,2048,16,128,25.070010244846344,0.9534185404428844,0.3335125660523772,0.013618547556689009,0.99951171875,519.0218262187467,1.0,0.0,0.5311871767044067,,,26.48615664243698,0.014192700386047363,23.2083656668663,True,2048,131072,2046,0.9990234375,1022.9660412754165,2,0,0.0,0.5311871767044067,16,32768,16,1.0,15.077611162076787,0,0,0.0,2.229506731033325
15,16x2,16,2,128,19.25447589159012,0.8194341777285865,0.5292595364153385,0.04901168344076723,1.0,8.105489107871307,0.0,0.0,2.94538950920105,,,26.48615664243698,0.014192700386047363,23.2083656668663,True,16,131072,16,1.0,14.211085875666367,0,0,0.0,2.94538950920105,2,32768,2,1.0,1.9998923400762487,0,0,0.0,12.755374908447266
15,1024x256,1024,256,128,25.815971076488495,0.9646781093767707,0.3095776904374361,0.011621976038441062,1.0,502.86253380100214,0.0,0.0,0.31255483627319336,,,26.48615664243698,0.014192700386047363,23.2083656668663,True,1024,131072,1024,1.0,808.2254453610608,0,0,0.0,0.31255483627319336,256,32768,256,1.0,197.4996222409435,0,0,0.0,0.3388606905937195
15,512x64,512,64,128,25.123331665992737,0.9570817222714718,0.33013060688972473,0.013513780198991299,1.0,233.42990886658103,0.0,0.0,0.17050036787986755,,,26.48615664243698,0.014192700386047363,23.2083656668663,True,512,131072,512,1.0,409.3526249419411,0,0,0.0,0.17050036787986755,64,32768,64,1.0,57.50719279122095,0,0,0.0,0.6938255429267883
15,64x16,64,16,128,23.445275843143463,0.93012355116912,0.39971277490258217,0.01943413319531828,1.0,34.84598433623073,0.0,0.0,0.5187726616859436,,,26.48615664243698,0.014192700386047363,23.2083656668663,True,64,131072,64,1.0,54.53556489855298,0,0,0.0,0.5187726616859436,16,32768,16,1.0,15.156403773908487,0,0,0.0,2.2725841999053955
16,2048x2048,2048,2048,128,26.478420853614807,0.9693765825284336,0.2963654985651374,0.010033241342171095,0.993896484375,1196.4555379273852,12.5,0.0,0.21609190106391907,,,26.48615664243698,0.007735788822174072,23.266118069489796,True,2048,131072,2046,0.9990234375,918.5368024190957,2,0,0.0,0.5311871767044067,2048,32768,2025,0.98876953125,1474.3742734356745,23,0,0.0,0.21609190106391907
16,2048x16,2048,16,128,25.00512683391571,0.9531286838617276,0.33424749597907066,0.013762987597147003,0.99951171875,513.13591594054,1.0,0.0,0.5311871767044067,,,26.48615664243698,0.007735788822174072,23.266118069489796,True,2048,131072,2046,0.9990234375,1011.1294421811476,2,0,0.0,0.5311871767044067,16,32768,16,1.0,15.14238969993243,0,0,0.0,1.5711407661437988
16,16x2,16,2,128,19.37191218137741,0.819326661546527,0.5262916432693601,0.04780756088439375,1.0,7.930273000412259,0.0,0.0,2.7607524394989014,,,26.48615664243698,0.007735788822174072,23.266118069489796,True,16,131072,16,1.0,13.86081958363226,0,0,0.0,2.7607524394989014,2,32768,2,1.0,1.999726417192259,0,0,0.0,12.184714317321777
16,1024x256,1024,256,128,25.838061571121216,0.9644851738102223,0.3098800554871559,0.011564893589820713,1.0,508.6147571409196,0.0,0.0,0.14943744242191315,,,26.48615664243698,0.007735788822174072,23.266118069489796,True,1024,131072,1024,1.0,819.8582589914763,0,0,0.0,0.14943744242191315,256,32768,256,1.0,197.37125529036294,0,0,0.0,0.164030522108078
16,512x64,512,64,128,25.18393623828888,0.9575759453262951,0.33084397576749325,0.013343089638510719,1.0,242.80429981807345,0.0,0.0,0.2679743468761444,,,26.48615664243698,0.007735788822174072,23.266118069489796,True,512,131072,512,1.0,428.69586740385984,0,0,0.0,0.2679743468761444,64,32768,64,1.0,56.91273223228703,0,0,0.0,0.7842041850090027
16,64x16,64,16,128,23.560559570789337,0.932227313400418,0.394166617654264,0.019046427798457444,1.0,35.60609842282463,0.0,0.0,0.4938640892505646,,,26.48615664243698,0.007735788822174072,23.266118069489796,True,64,131072,64,1.0,55.88691616168319,0,0,0.0,0.4938640892505646,16,32768,16,1.0,15.32528068396607,0,0,0.0,1.9642826318740845
17,2048x2048,2048,2048,128,26.45003914833069,0.9691328829909588,0.2968638753518462,0.010081218657433055,0.992919921875,1177.724672520542,14.5,0.0,0.21609190106391907,,,26.48615664243698,0.036117494106292725,23.177426211039226,True,2048,131072,2046,0.9990234375,901.4407841813361,2,0,0.0,0.5311871767044067,2048,32768,2021,0.98681640625,1454.008560859748,27,0,0.0,0.21609190106391907
17,2048x16,2048,16,128,24.88323014974594,0.9519735972771459,0.3368434328585863,0.014115505648078397,0.99951171875,504.51967695911213,1.0,0.0,0.5311871767044067,,,26.48615664243698,0.036117494106292725,23.177426211039226,True,2048,131072,2046,0.9990234375,994.2877967182626,2,0,0.0,0.5311871767044067,16,32768,16,1.0,14.751557199961617,0,0,0.0,1.3176183700561523
17,16x2,16,2,128,19.35587191581726,0.8194480354936118,0.526042016223073,0.0479782079346478,1.0,8.026789204447057,0.0,0.0,3.030019521713257,,,26.48615664243698,0.036117494106292725,23.177426211039226,True,16,131072,16,1.0,14.05357850202637,0,0,0.0,3.030019521713257,2,32768,2,1.0,1.9999999068677432,0,0,0.0,12.984067916870117
17,1024x256,1024,256,128,25.705952405929565,0.9638026241050934,0.31269024312496185,0.011863774532685056,1.0,489.64757509802394,0.0,0.0,0.22444021701812744,,,26.48615664243698,0.036117494106292725,23.177426211039226,True,1024,131072,1024,1.0,789.3485918286889,0,0,0.0,0.22444021701812744,256,32768,256,1.0,189.946558367359,0,0,0.0,0.30432185530662537
17,512x64,512,64,128,25.020213901996613,0.9564399304218487,0.33265814278274775,0.013771205878583714,1.0,234.03922069757232,0.0,0.0,0.20218618214130402,,,26.48615664243698,0.036117494106292725,23.177426211039226,True,512,131072,512,1.0,412.14925072550955,0,0,0.0,0.20218618214130402,64,32768,64,1.0,55.9291906696351,0,0,0.0,0.6306295394897461
17,64x16,64,16,128,23.38158118724823,0.9302209163416358,0.39736825320869684,0.019710970896994695,1.0,34.38497422768058,0.0,0.0,0.8389807343482971,,,26.48615664243698,0.036117494106292725,23.177426211039226,True,64,131072,64,1.0,53.73130395952144,0,0,0.0,0.8389807343482971,16,32768,16,1.0,15.03864449583972,0,0,0.0,1.1135843992233276
18,2048x2048,2048,2048,128,26.47798901796341,0.9693862747791089,0.29636966111138463,0.01003438702900894,0.992919921875,1184.5093987501757,14.5,0.0,0.21609190106391907,,,26.48615664243698,0.008167624473571777,23.293856791655223,True,2048,131072,2046,0.9990234375,915.7744238978084,2,0,0.0,0.5311871767044067,2048,32768,2021,0.98681640625,1453.244373602543,27,0,0.0,0.21609190106391907
18,2048x16,2048,16,128,25.051133573055267,0.9533524570402303,0.3349039200693369,0.013640291144838557,0.99951171875,511.4847192718299,1.0,0.0,0.5311871767044067,,,26.48615664243698,0.008167624473571777,23.293856791655223,True,2048,131072,2046,0.9990234375,1007.8639699565502,2,0,0.0,0.5311871767044067,16,32768,16,1.0,15.105468587109458,0,0,0.0,2.012664318084717
18,16x2,16,2,128,19.424920618534088,0.8207909846692168,0.5259204003959894,0.04725067736580968,1.0,7.956377331590753,0.0,0.0,3.133721351623535,,,26.48615664243698,0.008167624473571777,23.293856791655223,True,16,131072,16,1.0,13.912894866569127,0,0,0.0,3.133721351623535,2,32768,2,1.0,1.999859796612379,0,0,0.0,12.15943431854248
18,1024x256,1024,256,128,25.851615130901337,0.9647856237004049,0.3088812390342355,0.011525783862452954,1.0,497.12967249365596,0.0,0.0,0.2563285827636719,,,26.48615664243698,0.008167624473571777,23.293856791655223,True,1024,131072,1024,1.0,794.83486366021,0,0,0.0,0.2563285827636719,256,32768,256,1.0,199.42448132710197,0,0,0.0,0.3115609288215637
18,512x64,512,64,128,25.177351117134094,0.9573394794112994,0.3305092230439186,0.013347327650990337,1.0,237.46771258863492,0.0,0.0,0.2146439105272293,,,26.48615664243698,0.008167624473571777,23.293856791655223,True,512,131072,512,1.0,418.6192940829121,0,0,0.0,0.2146439105272293,64,32768,64,1.0,56.31613109435775,0,0,0.0,0.8629528284072876
18,64x16,64,16,128,23.58353555202484,0.9324590498976606,0.39106994587928057,0.018953860067995265,1.0,35.20410137678488,0.0,0.0,1.1317025423049927,,,26.48615664243698,0.008167624473571777,23.293856791655223,True,64,131072,64,1.0,55.20626801917255,0,0,0.0,1.1317025423049927,16,32768,16,1.0,15.201934734397204,0,0,0.0,2.041295289993286
19,2048x2048,2048,2048,128,26.47507017850876,0.9692495784528452,0.2963296379894018,0.010040193679742515,0.992431640625,1181.5223464194992,15.5,0.0,0.21609190106391907,,,26.48615664243698,0.011086463928222656,23.28529882033666,True,2048,131072,2046,0.9990234375,905.7422850318724,2,0,0.0,0.5311871767044067,2048,32768,2019,0.98583984375,1457.3024078071257,29,0,0.0,0.21609190106391907
19,2048x16,2048,16,128,25.030429661273956,0.9525552021135759,0.33574833255261183,0.013672135333763435,0.99951171875,503.646199456936,1.0,0.0,0.5311871767044067,,,26.48615664243698,0.011086463928222656,23.28529882033666,True,2048,131072,2046,0.9990234375,992.2216096739508,2,0,0.0,0.5311871767044067,16,32768,16,1.0,15.070789239921302,0,0,0.0,1.5523295402526855
19,16x2,16,2,128,19.419857442378998,0.8213436731891616,0.5280653443187475,0.04728921805508435,1.0,7.901919106696147,0.0,0.0,2.6694111824035645,,,26.48615664243698,0.011086463928222656,23.28529882033666,True,16,131072,16,1.0,13.805721130495604,0,0,0.0,2.6694111824035645,2,32768,2,1.0,1.9981170828966917,0,0,0.0,11.493619918823242
19,1024x256,1024,256,128,25.857474625110626,0.9645754142165028,0.3091905899345875,0.011506888389703818,1.0,496.91110953605465,0.0,0.0,0.2299177348613739,,,26.48615664243698,0.011086463928222656,23.28529882033666,True,1024,131072,1024,1.0,798.7866794505682,0,0,0.0,0.2299177348613739,256,32768,256,1.0,195.03553962154118,0,0,0.0,0.4200899004936218
19,512x64,512,64,128,25.179700076580048,0.9568536950666622,0.3320877691730857,0.013320363708771765,1.0,237.0516127761927,0.0,0.0,0.25914672017097473,,,26.48615664243698,0.011086463928222656,23.28529882033666,True,512,131072,512,1.0,419.5756814161175,0,0,0.0,0.25914672017097473,64,32768,64,1.0,54.52754413626795,0,0,0.0,0.6487365365028381
19,64x16,64,16,128,23.547423005104065,0.93130943786462,0.39361963234841824,0.019057176425121725,1.0,35.73265773701518,0.0,0.0,0.8244059681892395,,,26.48615664243698,0.011086463928222656,23.28529882033666,True,64,131072,64,1.0,56.27857824694747,0,0,0.0,0.8244059681892395,16,32768,16,1.0,15.186737227082888,0,0,0.0,1.7963085174560547
20,2048x2048,2048,2048,128,26.47560352087021,0.9692847300615355,0.296238268725574,0.010037485582870431,0.99365234375,1187.10712173033,13.0,0.0,0.21609190106391907,,,26.48615664243698,0.010553121566772461,23.26189124981562,True,2048,131072,2046,0.9990234375,913.7140063179663,2,0,0.0,0.5311871767044067,2048,32768,2024,0.98828125,1460.5002371426935,24,0,0.0,0.21609190106391907
20,2048x16,2048,16,128,25.045893788337708,0.9532093824512679,0.33510880544781685,0.013646178093040362,0.99951171875,514.8418121671452,1.0,0.0,0.5311871767044067,,,26.48615664243698,0.010553121566772461,23.26189124981562,True,2048,131072,2046,0.9990234375,1014.2530510790522,2,0,0.0,0.5311871767044067,16,32768,16,1.0,15.430573255238219,0,0,0.0,1.5870178937911987
20,16x2,16,2,128,19.349100410938263,0.8192962235756382,0.528040356002748,0.04814777092542499,1.0,7.97195558100066,0.0,0.0,2.8659439086914062,,,26.48615664243698,0.010553121566772461,23.26189124981562,True,16,131072,16,1.0,13.944501233872643,0,0,0.0,2.8659439086914062,2,32768,2,1.0,1.9994099281286783,0,0,0.0,11.497897148132324
20,1024x256,1024,256,128,25.81048548221588,0.9644839806365961,0.31149164494127035,0.01161682944803033,1.0,496.4161883112973,0.0,0.0,0.22003667056560516,,,26.48615664243698,0.010553121566772461,23.26189124981562,True,1024,131072,1024,1.0,784.3442743093811,0,0,0.0,0.22003667056560516,256,32768,256,1.0,208.4881023132134,0,0,0.0,0.40243974328041077
20,512x64,512,64,128,25.18153750896454,0.9571124659044165,0.33148426935076714,0.013315667369170114,1.0,237.17328941804774,0.0,0.0,0.1751490831375122,,,26.48615664243698,0.010553121566772461,23.26189124981562,True,512,131072,512,1.0,417.07328306784495,0,0,0.0,0.1751490831375122,64,32768,64,1.0,57.27329576825051,0,0,0.0,0.806547224521637
20,64x16,64,16,128,23.57791304588318,0.9316340267026043,0.3956633163616061,0.01892542585846968,1.0,35.64593089863848,0.0,0.0,0.35606124997138977,,,26.48615664243698,0.010553121566772461,23.26189124981562,True,64,131072,64,1.0,55.8233198965093,0,0,0.0,0.35606124997138977,16,32768,16,1.0,15.46854190076767,0,0,0.0,1.836717963218689
21,2048x2048,2048,2048,128,26.482577919960022,0.9694044322576669,0.29583603981882334,0.010027475669630803,0.99365234375,1196.9766228782537,13.0,0.0,0.21609190106391907,,,26.48615664243698,0.0035787224769592285,23.27406647205353,True,2048,131072,2046,0.9990234375,922.4855217022542,2,0,0.0,0.5311871767044067,2048,32768,2024,0.98828125,1471.4677240542533,24,0,0.0,0.21609190106391907
21,2048x16,2048,16,128,25.005832970142365,0.9524556576203032,0.33563166484236717,0.013764498580712825,0.99951171875,512.7535591277771,1.0,0.0,0.5311871767044067,,,26.48615664243698,0.0035787224769592285,23.27406647205353,True,2048,131072,2046,0.9990234375,1010.4834855365193,2,0,0.0,0.5311871767044067,16,32768,16,1.0,15.023632719034916,0,0,0.0,1.479344367980957
21,16x2,16,2,128,19.35748600959778,0.815457432029533,0.5301146749407053,0.0479280452709645,1.0,7.6944716490238685,0.0,0.0,1.1267703771591187,,,26.48615664243698,0.0035787224769592285,23.27406647205353,True,16,131072,16,1.0,13.388944505041673,0,0,0.0,1.1267703771591187,2,32768,2,1.0,1.9999987930060648,0,0,0.0,12.095107078552246
21,1024x256,1024,256,128,25.860174357891083,0.9646699763387068,0.30955595802515745,0.011488641961477697,1.0,500.3236644291953,0.0,0.0,0.22147740423679352,,,26.48615664243698,0.0035787224769592285,23.27406647205353,True,1024,131072,1024,1.0,805.6648506790189,0,0,0.0,0.22147740423679352,256,32768,256,1.0,194.98247817937167,0,0,0.0,0.3828422427177429
21,512x64,512,64,128,25.214386641979218,0.9573177840836793,0.32992802932858467,0.01320929647772573,1.0,238.4584241061083,0.0,0.0,0.23822033405303955,,,26.48615664243698,0.0035787224769592285,23.27406647205353,True,512,131072,512,1.0,421.2792836153247,0,0,0.0,0.23822033405303955,64,32768,64,1.0,55.63756459689192,0,0,0.0,0.8201807737350464
21,64x16,64,16,128,23.598811626434326,0.9314526366260856,0.3945419080555439,0.018811289162840694,1.0,34.66763986226098,0.0,0.0,0.8973761796951294,,,26.48615664243698,0.0035787224769592285,23.27406647205353,True,64,131072,64,1.0,54.1737701910762,0,0,0.0,0.8973761796951294,16,32768,16,1.0,15.16150953344575,0,0,0.0,1.9707399606704712
22,2048x2048,2048,2048,128,26.480641782283783,0.9694145658255869,0.29587266501039267,0.010033884915173985,0.993896484375,1193.695046163276,12.5,0.0,0.21609190106391907,,,26.48615664243698,0.005514860153198242,23.3118954539299,True,2048,131072,2046,0.9990234375,920.4630604236652,2,0,0.0,0.5311871767044067,2048,32768,2025,0.98876953125,1466.9270319028867,23,0,0.0,0.21609190106391907
22,2048x16,2048,16,128,25.00039565563202,0.9525412335561995,0.3361090626567602,0.013775243744021282,0.99951171875,516.3115314642267,1.0,0.0,0.5311871767044067,,,26.48615664243698,0.005514860153198242,23.3118954539299,True,2048,131072,2046,0.9990234375,1017.5770520845019,2,0,0.0,0.5311871767044067,16,32768,16,1.0,15.046010843951578,0,0,0.0,1.2742782831192017
22,16x2,16,2,128,19.483111798763275,0.8239212803466538,0.5201659230515361,0.046580616501159966,1.0,7.638197208486261,0.0,0.0,3.028393268585205,,,26.48615664243698,0.005514860153198242,23.3118954539299,True,16,131072,16,1.0,13.276398723406562,0,0,0.0,3.028393268585205,2,32768,2,1.0,1.9999956935659606,0,0,0.0,12.217833518981934
22,1024x256,1024,256,128,25.8533017039299,0.9648029408075267,0.30929842963814735,0.011517445076606236,1.0,502.5049252036486,0.0,0.0,0.23952223360538483,,,26.48615664243698,0.005514860153198242,23.3118954539299,True,1024,131072,1024,1.0,798.4684193683371,0,0,0.0,0.23952223360538483,256,32768,256,1.0,206.5414310389601,0,0,0.0,0.335313618183136
22,512x64,512,64,128,25.19083344936371,0.9573662643604993,0.3297175979241729,0.013294048490934074,1.0,241.76746285150372,0.0,0.0,0.2571209967136383,,,26.48615664243698,0.005514860153198242,23.3118954539299,True,512,131072,512,1.0,426.9837960234999,0,0,0.0,0.2571209967136383,64,32768,64,1.0,56.551129679507554,0,0,0.0,0.8622978329658508
22,64x16,64,16,128,23.60626381635666,0.9320306498740621,0.3931953851133585,0.01881030696677044,1.0,35.472897764395924,0.0,0.0,1.1417312622070312,,,26.48615664243698,0.005514860153198242,23.3118954539299,True,64,131072,64,1.0,55.82481998764546,0,0,0.0,1.1417312622070312,16,32768,16,1.0,15.120975541146391,0,0,0.0,1.6316704750061035
23,2048x2048,2048,2048,128,26.467712879180908,0.9694355841436085,0.29596618469804525,0.01006021213834174,0.99267578125,1178.1199173499817,15.0,0.0,0.21609190106391907,,,26.48615664243698,0.018443763256072998,23.273757084210715,True,2048,131072,2046,0.9990234375,920.6793770729793,2,0,0.0,0.5311871767044067,2048,32768,2020,0.986328125,1435.560457626984,28,0,0.0,0.21609190106391907
23,2048x16,2048,16,128,24.966399550437927,0.9524375581595337,0.3371618930250406,0.013908237888244912,0.99951171875,515.2423241980309,1.0,0.0,0.5311871767044067,,,26.48615664243698,0.018443763256072998,23.273757084210715,True,2048,131072,2046,0.9990234375,1015.7453802526181,2,0,0.0,0.5311871767044067,16,32768,16,1.0,14.73926814344373,0,0,0.0,1.2037886381149292
23,16x2,16,2,128,19.418443202972412,0.8196259647374508,0.5267762076109648,0.047428308171220124,1.0,7.807739815518331,0.0,0.0,2.6967220306396484,,,26.48615664243698,0.018443763256072998,23.273757084210715,True,16,131072,16,1.0,13.61549894291049,0,0,0.0,2.6967220306396484,2,32768,2,1.0,1.999980688126172,0,0,0.0,11.44722843170166
23,1024x256,1024,256,128,25.853907108306885,0.9649614647959428,0.31000197771936655,0.011508263210998848,1.0,500.6579504018687,0.0,0.0,0.2303362935781479,,,26.48615664243698,0.018443763256072998,23.273757084210715,True,1024,131072,1024,1.0,797.3047932190672,0,0,0.0,0.29051584005355835,256,32768,256,1.0,204.01110758467013,0,0,0.0,0.2303362935781479
23,512x64,512,64,128,25.15590798854828,0.9572835091205683,0.3308974001556635,0.013398011826211587,1.0,235.65648082813243,0.0,0.0,0.26477161049842834,,,26.48615664243698,0.018443763256072998,23.273757084210715,True,512,131072,512,1.0,415.2183373957263,0,0,0.0,0.26477161049842834,64,32768,64,1.0,56.09462426053855,0,0,0.0,0.8570391535758972
23,64x16,64,16,128,23.563142597675323,0.932382942084909,0.3953464161604643,0.019030833995202556,1.0,35.87823843920815,0.0,0.0,0.9577474594116211,,,26.48615664243698,0.018443763256072998,23.273757084210715,True,64,131072,64,1.0,56.65714715748566,0,0,0.0,0.9577474594116211,16,32768,16,1.0,15.09932972093063,0,0,0.0,1.679131031036377
24,2048x2048,2048,2048,128,26.485982298851013,0.9694822890815824,0.2955436590127647,0.010027576063293964,0.994140625,1205.229245179705,12.0,0.0,0.21609190106391907,,,26.48615664243698,0.00017434358596801758,23.291226621468866,True,2048,131072,2046,0.9990234375,927.5735269022061,2,0,0.0,0.5311871767044067,2048,32768,2026,0.9892578125,1482.8849634572039,22,0,0.0,0.21609190106391907
24,2048x16,2048,16,128,25.03543347120285,0.9530969379896198,0.33426148537546396,0.01371086368453689,0.99951171875,525.7647889230008,1.0,0.0,0.5311871767044067,,,26.48615664243698,0.00017434358596801758,23.291226621468866,True,2048,131072,2046,0.9990234375,1036.330898330051,2,0,0.0,0.5311871767044067,16,32768,16,1.0,15.19867951595062,0,0,0.0,2.107401132583618
24,16x2,16,2,128,19.415708482265472,0.8206152670691845,0.5208333637565374,0.04727967968210578,1.0,7.7214444925930446,0.0,0.0,3.034956455230713,,,26.48615664243698,0.00017434358596801758,23.291226621468866,True,16,131072,16,1.0,13.444334704242697,0,0,0.0,3.034956455230713,2,32768,2,1.0,1.9985542809433918,0,0,0.0,12.735687255859375
24,1024x256,1024,256,128,25.848046243190765,0.96463311637894,0.30849738232791424,0.011543517306563444,1.0,498.98650536594175,0.0,0.0,0.22203324735164642,,,26.48615664243698,0.00017434358596801758,23.291226621468866,True,1024,131072,1024,1.0,793.7443104813265,0,0,0.0,0.22203324735164642,256,32768,256,1.0,204.228700250557,0,0,0.0,0.3875895142555237
24,512x64,512,64,128,25.18741363286972,0.9571710024252209,0.33068749960511923,0.013305236410815269,1.0,240.42940582304462,0.0,0.0,0.16951097548007965,,,26.48615664243698,0.00017434358596801758,23.291226621468866,True,512,131072,512,1.0,423.41795823813743,0,0,0.0,0.16951097548007965,64,32768,64,1.0,57.44085340795179,0,0,0.0,0.6970412731170654
24,64x16,64,16,128,23.588052809238434,0.9321072512495108,0.39297311939299107,0.01890710074803792,1.0,35.76271282224072,0.0,0.0,0.6458364725112915,,,26.48615664243698,0.00017434358596801758,23.291226621468866,True,64,131072,64,1.0,56.25788580139502,0,0,0.0,0.6458364725112915,16,32768,16,1.0,15.267539843086428,0,0,0.0,2.1298513412475586
25,2048x2048,2048,2048,128,26.464815318584442,0.9693131134460711,0.2969167036935687,0.010055449703941122,0.9921875,1177.776654298461,16.0,0.0,0.21609190106391907,,,26.48615664243698,0.021341323852539062,23.25263312657674,True,2048,131072,2046,0.9990234375,914.000380338355,2,0,0.0,0.5311871767044067,2048,32768,2018,0.9853515625,1441.5529282585671,30,0,0.0,0.21609190106391907
25,2048x16,2048,16,128,25.005570709705353,0.952060901696788,0.3374376306310296,0.013751246937317774,0.99951171875,519.4816636706637,1.0,0.0,0.5311871767044067,,,26.48615664243698,0.021341323852539062,23.25263312657674,True,2048,131072,2046,0.9990234375,1023.9586978166697,2,0,0.0,0.5311871767044067,16,32768,16,1.0,15.004629524657622,0,0,0.0,1.5195797681808472
25,16x2,16,2,128,19.406866192817688,0.8198106088064692,0.5258610816672444,0.04742880898993462,1.0,7.775638224943814,0.0,0.0,2.550067663192749,,,26.48615664243698,0.021341323852539062,23.25263312657674,True,16,131072,16,1.0,13.551406718149947,0,0,0.0,2.550067663192749,2,32768,2,1.0,1.9998697317376803,0,0,0.0,11.450098991394043
25,1024x256,1024,256,128,25.75657945871353,0.9642161733259308,0.3119768360629678,0.011755875224480405,1.0,487.7037283140373,0.0,0.0,0.1902385801076889,,,26.48615664243698,0.021341323852539062,23.25263312657674,True,1024,131072,1024,1.0,781.0741162746099,0,0,0.0,0.1902385801076889,256,32768,256,1.0,194.33334035346465,0,0,0.0,0.32328322529792786
25,512x64,512,64,128,25.118532299995422,0.9568638562998695,0.3342290837317705,0.01348605623934418,1.0,234.6812355788301,0.0,0.0,0.27200815081596375,,,26.48615664243698,0.021341323852539062,23.25263312657674,True,512,131072,512,1.0,414.2452191001021,0,0,0.0,0.27200815081596375,64,32768,64,1.0,55.117252057558105,0,0,0.0,0.8981470465660095
25,64x16,64,16,128,23.532085180282593,0.9312742829687232,0.3963106507435441,0.019149938132613897,1.0,35.8506819887194,0.0,0.0,0.9576125144958496,,,26.48615664243698,0.021341323852539062,23.25263312657674,True,64,131072,64,1.0,56.56964540972225,0,0,0.0,0.9576125144958496,16,32768,16,1.0,15.131718567716547,0,0,0.0,1.958587884902954
26,2048x2048,2048,2048,128,26.472689509391785,0.969384515398818,0.29619682813063264,0.01004854473285377,0.9931640625,1186.3239692927793,14.0,0.0,0.21609190106391907,,,26.48615664243698,0.013467133045196533,23.310945900281272,True,2048,131072,2046,0.9990234375,919.517369426778,2,0,0.0,0.5311871767044067,2048,32768,2022,0.9873046875,1453.1305691587806,26,0,0.0,0.21609190106391907
26,2048x16,2048,16,128,25.017746150493622,0.952571336192089,0.33606449142098427,0.01374458783539012,0.99951171875,519.9170746084473,1.0,0.0,0.5311871767044067,,,26.48615664243698,0.013467133045196533,23.310945900281272,True,2048,131072,2046,0.9990234375,1024.6615067083835,2,0,0.0,0.5311871767044067,16,32768,16,1.0,15.172642508511005,0,0,0.0,1.6085598468780518
26,16x2,16,2,128,19.45969259738922,0.8236017988008072,0.5244385749101639,0.046735767857171595,1.0,7.59142443066244,0.0,0.0,3.068873405456543,,,26.48615664243698,0.013467133045196533,23.310945900281272,True,16,131072,16,1.0,13.184388881275721,0,0,0.0,3.068873405456543,2,32768,2,1.0,1.9984599800491585,0,0,0.0,12.053884506225586
26,1024x256,1024,256,128,25.855637192726135,0.9645334037726636,0.31051707081496716,0.0115098509559175,1.0,487.9974198461,0.0,0.0,0.21072743833065033,,,26.48615664243698,0.013467133045196533,23.310945900281272,True,1024,131072,1024,1.0,781.8531033089988,0,0,0.0,0.21072743833065033,256,32768,256,1.0,194.14173638320122,0,0,0.0,0.4089730679988861
26,512x64,512,64,128,25.206619441509247,0.9570992791897767,0.3309477809816599,0.013252921198727563,1.0,233.27542118119226,0.0,0.0,0.20560264587402344,,,26.48615664243698,0.013467133045196533,23.310945900281272,True,512,131072,512,1.0,412.30419515914423,0,0,0.0,0.20560264587402344,64,32768,64,1.0,54.2466472032403,0,0,0.0,1.0091688632965088
26,64x16,64,16,128,23.630170464515686,0.9327369770009374,0.3927680132910609,0.018670114397536963,1.0,35.3167638217396,0.0,0.0,1.2611122131347656,,,26.48615664243698,0.013467133045196533,23.310945900281272,True,64,131072,64,1.0,55.360068377612436,0,0,0.0,1.2611122131347656,16,32768,16,1.0,15.273459265866759,0,0,0.0,1.9499260187149048
27,2048x2048,2048,2048,128,26.461553692817688,0.9693956744034992,0.29553275648504496,0.01007501155254431,0.993896484375,1209.9324515342314,12.5,0.0,0.21609190106391907,,,26.48615664243698,0.024602949619293213,23.274008802572883,True,2048,131072,2046,0.9990234375,933.902700704253,2,0,0.0,0.5311871767044067,2048,32768,2025,0.98876953125,1485.96220236421,23,0,0.0,0.21609190106391907
27,2048x16,2048,16,128,24.86206316947937,0.9517150507084918,0.3369658272713423,0.014205085666617379,0.99951171875,531.1869361944499,1.0,0.0,0.5311871767044067,,,26.48615664243698,0.024602949619293213,23.274008802572883,True,2048,131072,2046,0.9990234375,1047.4317174780253,2,0,0.0,0.5311871767044067,16,32768,16,1.0,14.942154910874482,0,0,0.0,1.1303733587265015
27,16x2,16,2,128,19.518716394901276,0.8236310903913432,0.5245969370007515,0.04616964829619974,1.0,7.679105260738741,0.0,0.0,2.7638649940490723,,,26.48615664243698,0.024602949619293213,23.274008802572883,True,16,131072,16,1.0,13.358385939108127,0,0,0.0,2.7638649940490723,2,32768,2,1.0,1.9998245823693543,0,0,0.0,11.428987503051758
27,1024x256,1024,256,128,25.755620002746582,0.9639807363262193,0.3115627532824874,0.01173142803600058,1.0,486.3331474277102,0.0,0.0,0.1960751712322235,,,26.48615664243698,0.024602949619293213,23.274008802572883,True,1024,131072,1024,1.0,781.1044974746303,0,0,0.0,0.1960751712322235,256,32768,256,1.0,191.56179738079,0,0,0.0,0.24892842769622803
27,512x64,512,64,128,25.10164475440979,0.9565810244119733,0.33240638487040997,0.013517263607354835,1.0,234.45472814836572,0.0,0.0,0.2435121238231659,,,26.48615664243698,0.024602949619293213,23.274008802572883,True,512,131072,512,1.0,414.0864811228317,0,0,0.0,0.2435121238231659,64,32768,64,1.0,54.82297517389975,0,0,0.0,0.7914199829101562
27,64x16,64,16,128,23.577393412590027,0.9319403563010434,0.39219768065959215,0.018917132925707847,1.0,35.374732391394254,0.0,0.0,0.9110667705535889,,,26.48615664243698,0.024602949619293213,23.274008802572883,True,64,131072,64,1.0,55.46315882209402,0,0,0.0,0.9110667705535889,16,32768,16,1.0,15.286305960694483,0,0,0.0,1.5647929906845093
28,2048x2048,2048,2048,128,26.4833163022995,0.9693942253009495,0.29603051021695137,0.010027507873019204,0.992919921875,1190.7861845654156,14.5,0.0,0.21609190106391907,,,26.48615664243698,0.0028403401374816895,23.333754098415376,True,2048,131072,2046,0.9990234375,921.3420815211168,2,0,0.0,0.5311871767044067,2048,32768,2021,0.98681640625,1460.2302876097144,27,0,0.0,0.21609190106391907
28,2048x16,2048,16,128,25.002909898757935,0.952807212056055,0.33500197622925043,0.01378839966491796,0.99951171875,522.6540681167461,1.0,0.0,0.5311871767044067,,,26.48615664243698,0.0028403401374816895,23.333754098415376,True,2048,131072,2046,0.9990234375,1030.2912896561334,2,0,0.0,0.5311871767044067,16,32768,16,1.0,15.016846577358749,0,0,0.0,1.713576078414917
28,16x2,16,2,128,19.502430140972137,0.8222150713381707,0.523995946161449,0.04650837869849056,1.0,7.952196202651603,0.0,0.0,2.6643950939178467,,,26.48615664243698,0.0028403401374816895,23.333754098415376,True,16,131072,16,1.0,13.904406267092394,0,0,0.0,2.6643950939178467,2,32768,2,1.0,1.9999861382108117,0,0,0.0,11.56450080871582
28,1024x256,1024,256,128,25.882685899734497,0.9648568691880954,0.3094418914988637,0.01145314410678111,1.0,495.9193306508548,0.0,0.0,0.15986868739128113,,,26.48615664243698,0.0028403401374816895,23.333754098415376,True,1024,131072,1024,1.0,789.810456740441,0,0,0.0,0.15986868739128113,256,32768,256,1.0,202.02820456126852,0,0,0.0,0.355586439371109
28,512x64,512,64,128,25.225350379943848,0.957578014284423,0.3300613509491086,0.013200846180552617,1.0,236.1553346389935,0.0,0.0,0.2196587324142456,,,26.48615664243698,0.0028403401374816895,23.333754098415376,True,512,131072,512,1.0,416.6310306486761,0,0,0.0,0.2196587324142456,64,32768,64,1.0,55.67963862931097,0,0,0.0,0.9037309288978577
28,64x16,64,16,128,23.65281790494919,0.933212353907714,0.3910112241283059,0.018617110064951703,1.0,34.71194459003585,0.0,0.0,1.1910942792892456,,,26.48615664243698,0.0028403401374816895,23.333754098415376,True,64,131072,64,1.0,54.23822425499413,0,0,0.0,1.1910942792892456,16,32768,16,1.0,15.185664925077567,0,0,0.0,2.193207025527954
29,2048x2048,2048,2048,128,26.478806734085083,0.969459235380924,0.2962120003066957,0.010035996456281282,0.992431640625,1193.4680317660311,15.5,0.0,0.21609190106391907,,,26.48615664243698,0.007349908351898193,23.31453723112742,True,2048,131072,2046,0.9990234375,928.3192042212364,2,0,0.0,0.5311871767044067,2048,32768,2019,0.98583984375,1458.6168593108257,29,0,0.0,0.21609190106391907
29,2048x16,2048,16,128,24.98650300502777,0.9528949097793359,0.33474571723490953,0.013840844098012894,0.99951171875,526.5612572380629,1.0,0.0,0.5311871767044067,,,26.48615664243698,0.007349908351898193,23.31453723112742,True,2048,131072,2046,0.9990234375,1038.0506060368436,2,0,0.0,0.5311871767044067,16,32768,16,1.0,15.071908439282085,0,0,0.0,1.7363343238830566
29,16x2,16,2,128,19.47873628139496,0.8234942172186331,0.5189541336148977,0.04668336815666407,1.0,7.826021513445313,0.0,0.0,3.1519291400909424,,,26.48615664243698,0.007349908351898193,23.31453723112742,True,16,131072,16,1.0,13.652347732999042,0,0,0.0,3.1519291400909424,2,32768,2,1.0,1.9996952938915837,0,0,0.0,12.193320274353027
29,1024x256,1024,256,128,25.844947814941406,0.9647978996772291,0.3099608961492777,0.011528998060384765,1.0,487.5657539354626,0.0,0.0,0.16642478108406067,,,26.48615664243698,0.007349908351898193,23.31453723112742,True,1024,131072,1024,1.0,779.8320716054078,0,0,0.0,0.16642478108406067,256,32768,256,1.0,195.29943626551741,0,0,0.0,0.3091714680194855
29,512x64,512,64,128,25.204224586486816,0.9573995154018617,0.3307644398882985,0.013270393654238433,1.0,236.86833021785176,0.0,0.0,0.22813200950622559,,,26.48615664243698,0.007349908351898193,23.31453723112742,True,512,131072,512,1.0,418.29984869960316,0,0,0.0,0.22813200950622559,64,32768,64,1.0,55.43681173610039,0,0,0.0,0.8133992552757263
29,64x16,64,16,128,23.647706389427185,0.933483541725286,0.3909141691401601,0.018654004845302552,1.0,35.49081520220092,0.0,0.0,1.1631219387054443,,,26.48615664243698,0.007349908351898193,23.31453723112742,True,64,131072,64,1.0,55.769620359157074,0,0,0.0,1.1631219387054443,16,32768,16,1.0,15.212010045244766,0,0,0.0,2.1731557846069336
30,2048x2048,2048,2048,128,26.477615535259247,0.9693834275369025,0.2954446990042925,0.010042230787803419,0.99462890625,1217.193786255962,11.0,0.0,0.21609190106391907,,,26.48615664243698,0.008541107177734375,23.335577368736267,True,2048,131072,2046,0.9990234375,930.0261838189645,2,0,0.0,0.5311871767044067,2048,32768,2028,0.990234375,1504.36138869296,20,0,0.0,0.21609190106391907
30,2048x16,2048,16,128,25.030566036701202,0.9527054645185972,0.3362359395250678,0.013684413774171844,0.99951171875,524.7803176355163,1.0,0.0,0.5311871767044067,,,26.48615664243698,0.008541107177734375,23.335577368736267,True,2048,131072,2046,0.9990234375,1034.4910774458524,2,0,0.0,0.5311871767044067,16,32768,16,1.0,15.069557825180166,0,0,0.0,1.8876583576202393
30,16x2,16,2,128,19.512343764305115,0.8222777130635877,0.5263857366517186,0.046258672373369336,1.0,7.482492022254827,0.0,0.0,2.8866348266601562,,,26.48615664243698,0.008541107177734375,23.335577368736267,True,16,131072,16,1.0,12.968517098296001,0,0,0.0,2.8866348266601562,2,32768,2,1.0,1.9964669462136537,0,0,0.0,11.564990043640137
30,1024x256,1024,256,128,25.868995785713196,0.9645489008923763,0.31031960155814886,0.011451369704445824,1.0,489.8991402664295,0.0,0.0,0.13838833570480347,,,26.48615664243698,0.008541107177734375,23.335577368736267,True,1024,131072,1024,1.0,782.9281015216485,0,0,0.0,0.13838833570480347,256,32768,256,1.0,196.87017901121055,0,0,0.0,0.25944235920906067
30,512x64,512,64,128,25.20402020215988,0.956837397919585,0.3315255492925644,0.01323347064317204,1.0,234.3133025868573,0.0,0.0,0.2532198429107666,,,26.48615664243698,0.008541107177734375,23.335577368736267,True,512,131072,512,1.0,414.60428239046087,0,0,0.0,0.2532198429107666,64,32768,64,1.0,54.022322783253756,0,0,0.0,1.019404649734497
30,64x16,64,16,128,23.65477329492569,0.9328595015738096,0.3925107065588236,0.01861003751400858,1.0,35.051558385027676,0.0,0.0,1.144507884979248,,,26.48615664243698,0.008541107177734375,23.335577368736267,True,64,131072,64,1.0,54.896603202859154,0,0,0.0,1.144507884979248,16,32768,16,1.0,15.20651356719619,0,0,0.0,2.2317779064178467
31,2048x2048,2048,2048,128,26.485387086868286,0.9694121907303328,0.29613431449979544,0.010024582399637438,0.992431640625,1179.3453776322012,15.5,0.0,0.21609190106391907,,,26.48615664243698,0.0007695555686950684,23.338968777656554,True,2048,131072,2046,0.9990234375,917.2671830890397,2,0,0.0,0.5311871767044067,2048,32768,2019,0.98583984375,1441.4235721753626,29,0,0.0,0.21609190106391907
31,2048x16,2048,16,128,24.98295021057129,0.9525781158737908,0.3355353493243456,0.013844552508089691,0.99951171875,520.0092327052666,1.0,0.0,0.5311871767044067,,,26.48615664243698,0.0007695555686950684,23.338968777656554,True,2048,131072,2046,0.9990234375,1025.0216347285466,2,0,0.0,0.5311871767044067,16,32768,16,1.0,14.99683068198666,0,0,0.0,1.5409135818481445
31,16x2,16,2,128,19.532469034194946,0.8227225447266817,0.5243903445079923,0.04617301921825856,1.0,7.811349381656891,0.0,0.0,3.093782901763916,,,26.48615664243698,0.0007695555686950684,23.338968777656554,True,16,131072,16,1.0,13.622728938089324,0,0,0.0,3.093782901763916,2,32768,2,1.0,1.9999698252244587,0,0,0.0,11.638710975646973
31,1024x256,1024,256,128,25.849605441093445,0.9646121667758233,0.3102271556854248,0.011516733764437959,1.0,485.8663902808408,0.0,0.0,0.17380841076374054,,,26.48615664243698,0.0007695555686950684,23.338968777656554,True,1024,131072,1024,1.0,781.8527900572121,0,0,0.0,0.17380841076374054,256,32768,256,1.0,189.87999050446945,0,0,0.0,0.2532029151916504
31,512x64,512,64,128,25.202849507331848,0.9573939409036736,0.3319354606792331,0.013249760289909318,1.0,233.82368195784943,0.0,0.0,0.23796285688877106,,,26.48615664243698,0.0007695555686950684,23.338968777656554,True,512,131072,512,1.0,413.7527968693026,0,0,0.0,0.23796285688877106,64,32768,64,1.0,53.894567046396254,0,0,0.0,0.878512442111969
31,64x16,64,16,128,23.69030100107193,0.9339337452188665,0.3904878217726946,0.01847183349309489,1.0,35.58338123342976,0.0,0.0,1.3371880054473877,,,26.48615664243698,0.0007695555686950684,23.338968777656554,True,64,131072,64,1.0,55.95718949776099,0,0,0.0,1.3371880054473877,16,32768,16,1.0,15.209572969098536,0,0,0.0,1.9302436113357544
32,2048x2048,2048,2048,128,26.482657611370087,0.9693355782311661,0.2961721746250987,0.010028899007011205,0.992431640625,1178.6719990493027,15.5,0.0,0.21609190106391907,,,26.48615664243698,0.0034990310668945312,23.33311966260274,True,2048,131072,2046,0.9990234375,911.0788580274407,2,0,0.0,0.5311871767044067,2048,32768,2019,0.98583984375,1446.2651400711648,29,0,0.0,0.21609190106391907
32,2048x16,2048,16,128,25.044807255268097,0.9531294097897963,0.3348679458722472,0.013658164738444611,0.99951171875,517.427328269165,1.0,0.0,0.5311871767044067,,,26.48615664243698,0.0034990310668945312,23.33311966260274,True,2048,131072,2046,0.9990234375,1019.6268523141488,2,0,0.0,0.5311871767044067,16,32768,16,1.0,15.22780422418102,0,0,0.0,1.9419618844985962
32,16x2,16,2,128,19.529247403144836,0.8231573540780465,0.5241076797246933,0.046107608592137694,1.0,7.496724161584227,0.0,0.0,3.024101734161377,,,26.48615664243698,0.0034990310668945312,23.33311966260274,True,16,131072,16,1.0,12.993884032203647,0,0,0.0,3.024101734161377,2,32768,2,1.0,1.9995642909648077,0,0,0.0,12.180059432983398
32,1024x256,1024,256,128,25.866067707538605,0.9646813309430973,0.3099099639803171,0.011487726980703883,1.0,492.5242624158735,0.0,0.0,0.21093523502349854,,,26.48615664243698,0.0034990310668945312,23.33311966260274,True,1024,131072,1024,1.0,782.5013147738198,0,0,0.0,0.21093523502349854,256,32768,256,1.0,202.5472100579272,0,0,0.0,0.3344002962112427
32,512x64,512,64,128,25.193447828292847,0.9572775718196123,0.3318601520732045,0.013303569779964164,1.0,229.85367742584046,0.0,0.0,0.21570317447185516,,,26.48615664243698,0.0034990310668945312,23.33311966260274,True,512,131072,512,1.0,404.3161511051733,0,0,0.0,0.21570317447185516,64,32768,64,1.0,55.39120374650765,0,0,0.0,0.9337131381034851
32,64x16,64,16,128,23.588298559188843,0.9317937014612617,0.39517351891845465,0.018978297797730193,1.0,35.06577260125139,0.0,0.0,1.0426923036575317,,,26.48615664243698,0.0034990310668945312,23.33311966260274,True,64,131072,64,1.0,54.779492915000105,0,0,0.0,1.0426923036575317,16,32768,16,1.0,15.352052287502671,0,0,0.0,2.187016010284424
33,2048x2048,2048,2048,128,26.476955473423004,0.9692975094701272,0.29639437701553106,0.010036213832790963,0.991943359375,1170.580883131325,16.5,0.0,0.21609190106391907,,,26.48615664243698,0.00920116901397705,23.34442849159241,True,2048,131072,2046,0.9990234375,913.7657518220796,2,0,0.0,0.5311871767044067,2048,32768,2017,0.98486328125,1427.3960144405703,31,0,0.0,0.21609190106391907
33,2048x16,2048,16,128,24.992905616760254,0.9526252167649949,0.33576530031859875,0.0138082705962006,0.99951171875,516.2740170494156,1.0,0.0,0.5311871767044067,,,26.48615664243698,0.00920116901397705,23.34442849159241,True,2048,131072,2046,0.9990234375,1017.6308577014994,2,0,0.0,0.5311871767044067,16,32768,16,1.0,14.917176397331895,0,0,0.0,1.6898256540298462
33,16x2,16,2,128,19.532757878303528,0.8238069407709434,0.5199727034196258,0.0460703088901937,1.0,7.796204134430581,0.0,0.0,2.6575839519500732,,,26.48615664243698,0.00920116901397705,23.34442849159241,True,16,131072,16,1.0,13.592408272586452,0,0,0.0,2.6575839519500732,2,32768,2,1.0,1.99999999627471,0,0,0.0,12.032283782958984
33,1024x256,1024,256,128,25.86575472354889,0.9646175720208886,0.30954223219305277,0.01148513238877058,1.0,496.2318699629222,0.0,0.0,0.2082320600748062,,,26.48615664243698,0.00920116901397705,23.34442849159241,True,1024,131072,1024,1.0,798.2033163440502,0,0,0.0,0.2082320600748062,256,32768,256,1.0,194.26042358179419,0,0,0.0,0.3318512439727783
33,512x64,512,64,128,25.225047528743744,0.9575023065131504,0.3317973241209984,0.013198666769312695,1.0,236.5905113836704,0.0,0.0,0.25053176283836365,,,26.48615664243698,0.00920116901397705,23.34442849159241,True,512,131072,512,1.0,419.27626049588054,0,0,0.0,0.25053176283836365,64,32768,64,1.0,53.904762271460235,0,0,0.0,0.8303813934326172
33,64x16,64,16,128,23.690655648708344,0.9336388985455241,0.391349864192307,0.018413012381643057,1.0,35.44152439432939,0.0,0.0,1.3379522562026978,,,26.48615664243698,0.00920116901397705,23.34442849159241,True,64,131072,64,1.0,55.82789612217686,0,0,0.0,1.3379522562026978,16,32768,16,1.0,15.055152666481927,0,0,0.0,1.87661874294281
34,2048x2048,2048,2048,128,26.483980894088745,0.9693615965886615,0.29600182361900806,0.010025405892520212,0.992919921875,1183.112264508818,14.5,0.0,0.21609190106391907,,,26.48615664243698,0.002175748348236084,23.368575576941172,True,2048,131072,2046,0.9990234375,913.1628019001797,2,0,0.0,0.5311871767044067,2048,32768,2021,0.98681640625,1453.0617271174565,27,0,0.0,0.21609190106391907
34,2048x16,2048,16,128,25.044925570487976,0.9530189192582867,0.33529775124043226,0.013656889961566776,0.99951171875,517.7992450526401,1.0,0.0,0.5311871767044067,,,26.48615664243698,0.002175748348236084,23.368575576941172,True,2048,131072,2046,0.9990234375,1020.5483100123763,2,0,0.0,0.5311871767044067,16,32768,16,1.0,15.050180092903846,0,0,0.0,1.975479006767273
34,16x2,16,2,128,19.565832197666168,0.823710912777876,0.5236802529543638,0.04577080102171749,1.0,7.480205205484394,0.0,0.0,3.374004602432251,,,26.48615664243698,0.002175748348236084,23.368575576941172,True,16,131072,16,1.0,12.960424272757976,0,0,0.0,3.374004602432251,2,32768,2,1.0,1.9999861382108117,0,0,0.0,12.1206636428833
34,1024x256,1024,256,128,25.88909476995468,0.9647428291377101,0.30971160531044006,0.011434309766627848,1.0,494.98801651977413,0.0,0.0,0.2242301106452942,,,26.48615664243698,0.002175748348236084,23.368575576941172,True,1024,131072,1024,1.0,788.7091151470675,0,0,0.0,0.2242301106452942,256,32768,256,1.0,201.2669178924808,0,0,0.0,0.2862110137939453
34,512x64,512,64,128,25.240276098251343,0.9575776125288021,0.3299966026097536,0.013160411617718637,1.0,240.3282171356644,0.0,0.0,0.2751047909259796,,,26.48615664243698,0.002175748348236084,23.368575576941172,True,512,131072,512,1.0,425.16149961660614,0,0,0.0,0.2751047909259796,64,32768,64,1.0,55.49493465472267,0,0,0.0,0.6760799884796143
34,64x16,64,16,128,23.691459000110626,0.9339699458253942,0.3888231385499239,0.01845851488178596,1.0,35.5196583141573,0.0,0.0,1.2140294313430786,,,26.48615664243698,0.002175748348236084,23.368575576941172,True,64,131072,64,1.0,55.86495025775196,0,0,0.0,1.2140294313430786,16,32768,16,1.0,15.174366370562641,0,0,0.0,2.2891969680786133
35,2048x2048,2048,2048,128,26.484658241271973,0.9693962391714432,0.2957113031297922,0.010025456722360104,0.9931640625,1189.5951791593495,14.0,0.0,0.21609190106391907,,,26.48615664243698,0.001498401165008545,23.357539943854015,True,2048,131072,2046,0.9990234375,917.3159659814095,2,0,0.0,0.5311871767044067,2048,32768,2022,0.9873046875,1461.8743923372895,26,0,0.0,0.21609190106391907
35,2048x16,2048,16,128,25.036737501621246,0.9528798090104869,0.33570830430835485,0.013672732806298882,0.99951171875,517.3094982932071,1.0,0.0,0.5311871767044067,,,26.48615664243698,0.001498401165008545,23.357539943854015,True,2048,131072,2046,0.9990234375,1019.6949247540731,2,0,0.0,0.5311871767044067,16,32768,16,1.0,14.924071832341037,0,0,0.0,1.495257019996643
35,16x2,16,2,128,19.521212995052338,0.8246062490450509,0.5207986207678914,0.04610751289874315,1.0,7.73882089275113,0.0,0.0,2.8405041694641113,,,26.48615664243698,0.001498401165008545,23.357539943854015,True,16,131072,16,1.0,13.477795299026344,0,0,0.0,2.8405041694641113,2,32768,2,1.0,1.9998464864759171,0,0,0.0,11.901286125183105
35,1024x256,1024,256,128,25.890588641166687,0.9647403146447502,0.3099651066586375,0.011410549093852751,1.0,500.22555827995484,0.0,0.0,0.19435924291610718,,,26.48615664243698,0.001498401165008545,23.357539943854015,True,1024,131072,1024,1.0,801.2807947564928,0,0,0.0,0.19435924291610718,256,32768,256,1.0,199.17032180341684,0,0,0.0,0.4239567816257477
35,512x64,512,64,128,25.237091541290283,0.9574630009726876,0.33099298644810915,0.01314677851041779,1.0,237.41643406012136,0.0,0.0,0.22779615223407745,,,26.48615664243698,0.001498401165008545,23.357539943854015,True,512,131072,512,1.0,420.5517589504538,0,0,0.0,0.22779615223407745,64,32768,64,1.0,54.28110916978892,0,0,0.0,0.8462464809417725
35,64x16,64,16,128,23.729441165924072,0.9341954441405435,0.3883721111342311,0.018325021461350843,1.0,35.36279568731103,0.0,0.0,1.0548014640808105,,,26.48615664243698,0.001498401165008545,23.357539943854015,True,64,131072,64,1.0,55.64235048465963,0,0,0.0,1.0548014640808105,16,32768,16,1.0,15.083240889962424,0,0,0.0,1.9553978443145752
36,2048x2048,2048,2048,128,26.483127772808075,0.9693950209693214,0.295296099036932,0.010035243089077994,0.99365234375,1195.4174493127884,13.0,0.0,0.21609190106391907,,,26.48615664243698,0.00302886962890625,23.34907137950261,True,2048,131072,2046,0.9990234375,921.3242773027914,2,0,0.0,0.5311871767044067,2048,32768,2024,0.98828125,1469.5106213227855,24,0,0.0,0.21609190106391907
36,2048x16,2048,16,128,25.018198907375336,0.9526208595713855,0.3351776050403714,0.013724261429160833,0.99951171875,520.8222913375297,1.0,0.0,0.5311871767044067,,,26.48615664243698,0.00302886962890625,23.34907137950261,True,2048,131072,2046,0.9990234375,1026.5222997687556,2,0,0.0,0.5311871767044067,16,32768,16,1.0,15.122282906303692,0,0,0.0,1.5208996534347534
36,16x2,16,2,128,19.534845769405365,0.8242248755907219,0.5221794852986932,0.0460145054385066,1.0,7.58619540678918,0.0,0.0,3.38289475440979,,,26.48615664243698,0.00302886962890625,23.34907137950261,True,16,131072,16,1.0,13.172937247806235,0,0,0.0,3.38289475440979,2,32768,2,1.0,1.9994535657721249,0,0,0.0,12.105035781860352
36,1024x256,1024,256,128,25.883461117744446,0.9647106664281208,0.3087038081139326,0.011434810003265738,1.0,493.7875224553507,0.0,0.0,0.19009824097156525,,,26.48615664243698,0.00302886962890625,23.34907137950261,True,1024,131072,1024,1.0,780.7702707838465,0,0,0.0,0.19009824097156525,256,32768,256,1.0,206.8047741268549,0,0,0.0,0.31041020154953003
36,512x64,512,64,128,25.21908438205719,0.9573661004493202,0.3311376925557852,0.013215715618571267,1.0,233.68538750356635,0.0,0.0,0.22872622311115265,,,26.48615664243698,0.00302886962890625,23.34907137950261,True,512,131072,512,1.0,411.44823560449703,0,0,0.0,0.22872622311115265,64,32768,64,1.0,55.92253940263568,0,0,0.0,0.7684007883071899
36,64x16,64,16,128,23.67704874277115,0.9334329262152208,0.3891804479062557,0.01849398505873978,1.0,35.22417988839104,0.0,0.0,1.0856877565383911,,,26.48615664243698,0.00302886962890625,23.34907137950261,True,64,131072,64,1.0,55.255142175344346,0,0,0.0,1.0856877565383911,16,32768,16,1.0,15.193217601437736,0,0,0.0,1.8758301734924316
37,2048x2048,2048,2048,128,26.486288905143738,0.9694465015402552,0.29612755589187145,0.01002022142347414,0.9921875,1183.2816387510748,16.0,0.0,0.21609190106391907,,,26.48615664243698,-0.0001322627067565918,23.37481918732325,True,2048,131072,2046,0.9990234375,919.3388465683294,2,0,0.0,0.5311871767044067,2048,32768,2018,0.9853515625,1447.22443093382,30,0,0.0,0.21609190106391907
37,2048x16,2048,16,128,25.012753129005432,0.9527057072989626,0.3363861748948693,0.01377261453308165,0.99951171875,520.8080046549265,1.0,0.0,0.5311871767044067,,,26.48615664243698,-0.0001322627067565918,23.37481918732325,True,2048,131072,2046,0.9990234375,1026.5349070557659,2,0,0.0,0.5311871767044067,16,32768,16,1.0,15.0811022540872,0,0,0.0,1.602782964706421
37,16x2,16,2,128,19.605840504169464,0.8244806390299546,0.5241047022864223,0.04538560553919524,1.0,7.605508601320498,0.0,0.0,3.1096391677856445,,,26.48615664243698,-0.0001322627067565918,23.37481918732325,True,16,131072,16,1.0,13.211141957590838,0,0,0.0,3.1096391677856445,2,32768,2,1.0,1.9998752450501565,0,0,0.0,11.48023509979248
37,1024x256,1024,256,128,25.89644157886505,0.9649759874158187,0.3090864783152938,0.011405295401345938,1.0,490.3192870867525,0.0,0.0,0.21461835503578186,,,26.48615664243698,-0.0001322627067565918,23.37481918732325,True,1024,131072,1024,1.0,773.5080132099234,0,0,0.0,0.21461835503578186,256,32768,256,1.0,207.13056096358156,0,0,0.0,0.3523699641227722
37,512x64,512,64,128,25.227250397205353,0.9576915133816593,0.33113581128418446,0.013197948021115735,1.0,236.80905730049227,0.0,0.0,0.19755065441131592,,,26.48615664243698,-0.0001322627067565918,23.37481918732325,True,512,131072,512,1.0,416.3266418986657,0,0,0.0,0.19755065441131592,64,32768,64,1.0,57.29147270231884,0,0,0.0,0.6029710173606873
37,64x16,64,16,128,23.67380863428116,0.9332430648667565,0.39139434043318033,0.018509730172809213,1.0,35.03353115241533,0.0,0.0,1.1838257312774658,,,26.48615664243698,-0.0001322627067565918,23.37481918732325,True,64,131072,64,1.0,54.850829822736905,0,0,0.0,1.1838257312774658,16,32768,16,1.0,15.21623248209375,0,0,0.0,2.119504928588867
38,2048x2048,2048,2048,128,26.485799729824066,0.9693726283619523,0.29590480122715235,0.010022876231232658,0.99267578125,1191.8457546778832,15.0,0.0,0.21609190106391907,,,26.48615664243698,0.00035691261291503906,23.382361543178558,True,2048,131072,2046,0.9990234375,920.487161184933,2,0,0.0,0.5311871767044067,2048,32768,2020,0.986328125,1463.2043481708333,28,0,0.0,0.21609190106391907
38,2048x16,2048,16,128,25.064992666244507,0.9530747159553985,0.3355791252106428,0.013586882210802287,0.99951171875,516.3070006342648,1.0,0.0,0.5311871767044067,,,26.48615664243698,0.00035691261291503906,23.382361543178558,True,2048,131072,2046,0.9990234375,1017.4840983914705,2,0,0.0,0.5311871767044067,16,32768,16,1.0,15.129902877059093,0,0,0.0,1.9790401458740234
38,16x2,16,2,128,19.56039446592331,0.8242198290207826,0.5244015222415328,0.045721001690253615,1.0,7.560412982811725,0.0,0.0,3.3434996604919434,,,26.48615664243698,0.00035691261291503906,23.382361543178558,True,16,131072,16,1.0,13.120845277497278,0,0,0.0,3.3434996604919434,2,32768,2,1.0,1.999980688126172,0,0,0.0,11.696385383605957
38,1024x256,1024,256,128,25.9349827170372,0.9650781791605308,0.30746166687458754,0.011303898805635981,1.0,505.4200271695953,0.0,0.0,0.16298796236515045,,,26.48615664243698,0.00035691261291503906,23.382361543178558,True,1024,131072,1024,1.0,807.4782854308145,0,0,0.0,0.16298796236515045,256,32768,256,1.0,203.36176890837606,0,0,0.0,0.43006277084350586
38,512x64,512,64,128,25.2856827378273,0.9578371120997238,0.32922443747520447,0.01300883895601146,1.0,239.19039710107342,0.0,0.0,0.26556575298309326,,,26.48615664243698,0.00035691261291503906,23.382361543178558,True,512,131072,512,1.0,422.0593847849068,0,0,0.0,0.26556575298309326,64,32768,64,1.0,56.32140941724002,0,0,0.0,0.7667147517204285
38,64x16,64,16,128,23.69526755809784,0.9334428708477491,0.38967907801270485,0.01843173085944727,1.0,35.28174303143108,0.0,0.0,0.7827687859535217,,,26.48615664243698,0.00035691261291503906,23.382361543178558,True,64,131072,64,1.0,55.371083373403934,0,0,0.0,0.7827687859535217,16,32768,16,1.0,15.19240268945822,0,0,0.0,2.2827789783477783
39,2048x2048,2048,2048,128,26.48365068435669,0.9693134960305586,0.2963528451509774,0.010023790076957084,0.99267578125,1180.4166944170202,15.0,0.0,0.21609190106391907,,,26.48615664243698,0.002505958080291748,23.382236202557884,True,2048,131072,2046,0.9990234375,905.7511063200593,2,0,0.0,0.5311871767044067,2048,32768,2020,0.986328125,1455.0822825139808,28,0,0.0,0.21609190106391907
39,2048x16,2048,16,128,25.08033561706543,0.9531395366012576,0.3350938409566879,0.01353364234091714,0.99951171875,507.8906956559404,1.0,0.0,0.5311871767044067,,,26.48615664243698,0.002505958080291748,23.382236202557884,True,2048,131072,2046,0.9990234375,1000.5640560502758,2,0,0.0,0.5311871767044067,16,32768,16,1.0,15.217335261605019,0,0,0.0,1.6293902397155762
39,16x2,16,2,128,19.554811000823975,0.824288949611693,0.5246434193104506,0.04579999879933894,1.0,7.6165677122776625,0.0,0.0,2.736497402191162,,,26.48615664243698,0.002505958080291748,23.382236202557884,True,16,131072,16,1.0,13.233147528011298,0,0,0.0,2.736497402191162,2,32768,2,1.0,1.999987896544028,0,0,0.0,11.871658325195312
39,1024x256,1024,256,128,25.916304767131805,0.9649855297996222,0.30807877518236637,0.011351859022397548,1.0,504.70319285320096,0.0,0.0,0.19611164927482605,,,26.48615664243698,0.002505958080291748,23.382236202557884,True,1024,131072,1024,1.0,802.9057286073305,0,0,0.0,0.19611164927482605,256,32768,256,1.0,206.5006570990714,0,0,0.0,0.2857709527015686
39,512x64,512,64,128,25.277237832546234,0.9578530482929699,0.32992280181497335,0.013048266380792484,1.0,236.50673363555208,0.0,0.0,0.203928604722023,,,26.48615664243698,0.002505958080291748,23.382236202557884,True,512,131072,512,1.0,416.82953021370537,0,0,0.0,0.203928604722023,64,32768,64,1.0,56.18393705739877,0,0,0.0,0.6631283760070801
39,64x16,64,16,128,23.722215116024017,0.9334342779023279,0.38926841877400875,0.018317208072403446,1.0,34.910475483556496,0.0,0.0,1.1974458694458008,,,26.48615664243698,0.002505958080291748,23.382236202557884,True,64,131072,64,1.0,54.66638201399946,0,0,0.0,1.1974458694458008,16,32768,16,1.0,15.154568953113534,0,0,0.0,2.0839781761169434
40,2048x2048,2048,2048,128,26.47822856903076,0.9693972385041542,0.29590914864093065,0.010041387271485291,0.992919921875,1197.1874924080446,14.5,0.0,0.21609190106391907,,,26.48615664243698,0.007928073406219482,23.368324100971222,True,2048,131072,2046,0.9990234375,920.1582779144549,2,0,0.0,0.5311871767044067,2048,32768,2021,0.98681640625,1474.2167069016343,27,0,0.0,0.21609190106391907
40,2048x16,2048,16,128,25.03190404176712,0.9527402512632297,0.33591084741055965,0.01370110476273112,0.99951171875,518.9445853275697,1.0,0.0,0.5311871767044067,,,26.48615664243698,0.007928073406219482,23.368324100971222,True,2048,131072,2046,0.9990234375,1022.8893825626517,2,0,0.0,0.5311871767044067,16,32768,16,1.0,14.999788092487714,0,0,0.0,1.4410756826400757
40,16x2,16,2,128,19.557951509952545,0.8249893229687686,0.5233819792047143,0.04574595554731786,1.0,7.671262786600678,0.0,0.0,3.1041736602783203,,,26.48615664243698,0.007928073406219482,23.368324100971222,True,16,131072,16,1.0,13.342538984231444,0,0,0.0,3.1041736602783203,2,32768,2,1.0,1.9999865889699133,0,0,0.0,11.815169334411621
40,1024x256,1024,256,128,25.89813381433487,0.9647903523663772,0.3087598653510213,0.011403672120650299,1.0,490.37794520342106,0.0,0.0,0.15550436079502106,,,26.48615664243698,0.007928073406219482,23.368324100971222,True,1024,131072,1024,1.0,793.5679672725626,0,0,0.0,0.15550436079502106,256,32768,256,1.0,187.18792313427963,0,0,0.0,0.29191869497299194
40,512x64,512,64,128,25.250108182430267,0.9576616034547389,0.3312798207625747,0.013119759620167315,1.0,239.42093780700145,0.0,0.0,0.26158228516578674,,,26.48615664243698,0.007928073406219482,23.368324100971222,True,512,131072,512,1.0,423.91913949166496,0,0,0.0,0.26158228516578674,64,32768,64,1.0,54.92273612233794,0,0,0.0,0.649176836013794
40,64x16,64,16,128,23.709177374839783,0.9334994413935911,0.38996188528835773,0.018401473993435502,1.0,34.934717903324746,0.0,0.0,1.2601810693740845,,,26.48615664243698,0.007928073406219482,23.368324100971222,True,64,131072,64,1.0,54.64604692486096,0,0,0.0,1.2601810693740845,16,32768,16,1.0,15.223388881788525,0,0,0.0,1.8693733215332031
41,2048x2048,2048,2048,128,26.474742889404297,0.9693081200482274,0.2964213341474533,0.01003600463445764,0.9931640625,1190.0013479989152,14.0,0.0,0.21609190106391907,,,26.48615664243698,0.011413753032684326,23.34851588010788,True,2048,131072,2046,0.9990234375,917.0723389362985,2,0,0.0,0.5311871767044067,2048,32768,2022,0.9873046875,1462.9303570615318,26,0,0.0,0.21609190106391907
41,2048x16,2048,16,128,24.968624711036682,0.9522737381013804,0.33625402115285397,0.013873587042326108,0.99951171875,518.6728287715158,1.0,0.0,0.5311871767044067,,,26.48615664243698,0.011413753032684326,23.34851588010788,True,2048,131072,2046,0.9990234375,1022.268167960019,2,0,0.0,0.5311871767044067,16,32768,16,1.0,15.077489583012593,0,0,0.0,1.3143401145935059
41,16x2,16,2,128,19.58448725938797,0.8247219372472863,0.5235686022788286,0.045491828699596226,1.0,7.694659353880772,0.0,0.0,2.960169553756714,,,26.48615664243698,0.011413753032684326,23.34851588010788,True,16,131072,16,1.0,13.389330811217517,0,0,0.0,2.960169553756714,2,32768,2,1.0,1.999987896544028,0,0,0.0,12.10033893585205
41,1024x256,1024,256,128,25.86201810836792,0.9647200763058752,0.30974031146615744,0.011471995036117733,1.0,497.37296950060056,0.0,0.0,0.1986924558877945,,,26.48615664243698,0.011413753032684326,23.34851588010788,True,1024,131072,1024,1.0,797.8389852124221,0,0,0.0,0.1986924558877945,256,32768,256,1.0,196.90695378877905,0,0,0.0,0.34670308232307434
41,512x64,512,64,128,25.215898513793945,0.9574576812855031,0.33042736165225506,0.013212662743171677,1.0,238.6509478270915,0.0,0.0,0.13839565217494965,,,26.48615664243698,0.011413753032684326,23.34851588010788,True,512,131072,512,1.0,421.5996732761769,0,0,0.0,0.13839565217494965,64,32768,64,1.0,55.70222237800611,0,0,0.0,0.7390514016151428
41,64x16,64,16,128,23.631366729736328,0.9326854002829891,0.39081260841339827,0.018671005149371922,1.0,35.07154446654468,0.0,0.0,1.219799518585205,,,26.48615664243698,0.011413753032684326,23.34851588010788,True,64,131072,64,1.0,54.95375374172699,0,0,0.0,1.219799518585205,16,32768,16,1.0,15.189335191362366,0,0,0.0,1.7292691469192505
42,2048x2048,2048,2048,128,26.483710944652557,0.9694375907706679,0.2954005114734173,0.010031681318650953,0.993408203125,1198.2907145838585,13.5,0.0,0.21609190106391907,,,26.48615664243698,0.002445697784423828,23.333078984419505,True,2048,131072,2046,0.9990234375,919.8246212860464,2,0,0.0,0.5311871767044067,2048,32768,2023,0.98779296875,1476.7568078816705,25,0,0.0,0.21609190106391907
42,2048x16,2048,16,128,25.030885577201843,0.9523795605598445,0.33479344565421343,0.013688250561244786,0.99951171875,518.6523252895835,1.0,0.0,0.5311871767044067,,,26.48615664243698,0.002445697784423828,23.333078984419505,True,2048,131072,2046,0.9990234375,1022.2606004917282,2,0,0.0,0.5311871767044067,16,32768,16,1.0,15.044050087438881,0,0,0.0,1.5945935249328613
42,16x2,16,2,128,19.465761125087738,0.8221471074457752,0.5184934148564935,0.046745244530029595,1.0,7.64955343033147,0.0,0.0,2.717925548553467,,,26.48615664243698,0.002445697784423828,23.333078984419505,True,16,131072,16,1.0,13.299726955346717,0,0,0.0,2.717925548553467,2,32768,2,1.0,1.999379905316223,0,0,0.0,12.765748023986816
42,1024x256,1024,256,128,25.914701879024506,0.965044570932283,0.306856301613152,0.011365620157448575,1.0,504.85838223443966,0.0,0.0,0.13355852663516998,,,26.48615664243698,0.002445697784423828,23.333078984419505,True,1024,131072,1024,1.0,808.0811512283001,0,0,0.0,0.13355852663516998,256,32768,256,1.0,201.6356132405793,0,0,0.0,0.3591148555278778
42,512x64,512,64,128,25.254369139671326,0.9577685387748186,0.3284963108599186,0.013102623517625034,1.0,239.77880574154798,0.0,0.0,0.253126859664917,,,26.48615664243698,0.002445697784423828,23.333078984419505,True,512,131072,512,1.0,423.9014889057458,0,0,0.0,0.253126859664917,64,32768,64,1.0,55.65612257735017,0,0,0.0,0.722366213798523
42,64x16,64,16,128,23.65002202987671,0.9320941332864384,0.3893078099936247,0.018617393012391403,1.0,35.12993900429878,0.0,0.0,0.7230210900306702,,,26.48615664243698,0.002445697784423828,23.333078984419505,True,64,131072,64,1.0,55.11206514996238,0,0,0.0,0.7230210900306702,16,32768,16,1.0,15.147812858635175,0,0,0.0,1.9103729724884033
43,2048x2048,2048,2048,128,26.484127402305603,0.969395962512696,0.29604154359549284,0.010022752729128115,0.99365234375,1188.596901826817,13.0,0.0,0.21609190106391907,,,26.48615664243698,0.002029240131378174,23.359552391370137,True,2048,131072,2046,0.9990234375,917.3635923752955,2,0,0.0,0.5311871767044067,2048,32768,2024,0.98828125,1459.8302112783385,24,0,0.0,0.21609190106391907
43,2048x16,2048,16,128,25.029529571533203,0.9527539711728638,0.33612729143351316,0.013706651632674038,0.99951171875,517.1163227977562,1.0,0.0,0.5311871767044067,,,26.48615664243698,0.002029240131378174,23.359552391370137,True,2048,131072,2046,0.9990234375,1019.101977464339,2,0,0.0,0.5311871767044067,16,32768,16,1.0,15.130668131173355,0,0,0.0,1.6940757036209106
43,16x2,16,2,128,19.568223237991333,0.8243631151540824,0.5227132057771087,0.04575016559101641,1.0,7.738246611545269,0.0,0.0,2.8858249187469482,,,26.48615664243698,0.002029240131378174,23.359552391370137,True,16,131072,16,1.0,13.477104232723216,0,0,0.0,2.8858249187469482,2,32768,2,1.0,1.9993889903673217,0,0,0.0,12.462774276733398
43,1024x256,1024,256,128,25.911341726779938,0.9649991746183124,0.3091425970196724,0.011368075938662514,1.0,509.4721072991288,0.0,0.0,0.1837751418352127,,,26.48615664243698,0.002029240131378174,23.359552391370137,True,1024,131072,1024,1.0,822.862325353885,0,0,0.0,0.1837751418352127,256,32768,256,1.0,196.08188924437266,0,0,0.0,0.36923298239707947
43,512x64,512,64,128,25.251976788043976,0.9578107453605952,0.33017973881214857,0.013120793359121308,1.0,231.81760917912993,0.0,0.0,0.2098589986562729,,,26.48615664243698,0.002029240131378174,23.359552391370137,True,512,131072,512,1.0,407.9194642453725,0,0,0.0,0.2098589986562729,64,32768,64,1.0,55.71575411288735,0,0,0.0,0.7226648330688477
43,64x16,64,16,128,23.59910935163498,0.9322196629380389,0.3942395420745015,0.018780794402118772,1.0,34.989352485340305,0.0,0.0,0.615439236164093,,,26.48615664243698,0.002029240131378174,23.359552391370137,True,64,131072,64,1.0,54.758242826755236,0,0,0.0,0.615439236164093,16,32768,16,1.0,15.220462143925372,0,0,0.0,1.905879020690918
44,2048x2048,2048,2048,128,26.4855637550354,0.9694010649603183,0.2959800264798105,0.010021406240412034,0.9931640625,1190.0527888477066,14.0,0.0,0.21609190106391907,,,26.48615664243698,0.0005928874015808105,23.363560251394908,True,2048,131072,2046,0.9990234375,921.8492231888403,2,0,0.0,0.5311871767044067,2048,32768,2022,0.9873046875,1458.2563545065727,26,0,0.0,0.21609190106391907
44,2048x16,2048,16,128,25.001306235790253,0.9522401350506581,0.33723868802189827,0.01377933329786174,0.99951171875,516.3238920542009,1.0,0.0,0.5311871767044067,,,26.48615664243698,0.0005928874015808105,23.363560251394908,True,2048,131072,2046,0.9990234375,1017.5538950328611,2,0,0.0,0.5311871767044067,16,32768,16,1.0,15.093889075540627,0,0,0.0,1.2465156316757202
44,16x2,16,2,128,19.570561707019806,0.8250960958182433,0.5236454624682665,0.045644821133464575,1.0,7.767414852715312,0.0,0.0,3.009992837905884,,,26.48615664243698,0.0005928874015808105,23.363560251394908,True,16,131072,16,1.0,13.535121761082259,0,0,0.0,3.009992837905884,2,32768,2,1.0,1.9997079443483654,0,0,0.0,11.178999900817871
44,1024x256,1024,256,128,25.920073807239532,0.9649904814197175,0.3083085035905242,0.011350316068273969,1.0,511.21929053189365,0.0,0.0,0.17797835171222687,,,26.48615664243698,0.0005928874015808105,23.363560251394908,True,1024,131072,1024,1.0,827.6186835165457,0,0,0.0,0.17797835171222687,256,32768,256,1.0,194.81989754724162,0,0,0.0,0.39040765166282654
44,512x64,512,64,128,25.22804480791092,0.9576739577264588,0.33072615414857864,0.013179790548747405,1.0,237.05168723410458,0.0,0.0,0.24327801167964935,,,26.48615664243698,0.0005928874015808105,23.363560251394908,True,512,131072,512,1.0,418.1048401149528,0,0,0.0,0.24327801167964935,64,32768,64,1.0,55.99853435325635,0,0,0.0,0.5861645340919495
44,64x16,64,16,128,23.665309011936188,0.9336319492356493,0.39015715196728706,0.018522671714890748,1.0,35.826543768404775,0.0,0.0,0.6378092765808105,,,26.48615664243698,0.0005928874015808105,23.363560251394908,True,64,131072,64,1.0,56.33285740857367,0,0,0.0,0.6378092765808105,16,32768,16,1.0,15.320230128235881,0,0,0.0,1.636673092842102
45,2048x2048,2048,2048,128,26.484426259994507,0.969408369131046,0.2958491458557546,0.010023701819591224,0.99267578125,1190.133712312077,15.0,0.0,0.21609190106391907,,,26.48615664243698,0.0017303824424743652,23.381535132726036,True,2048,131072,2046,0.9990234375,920.4369865021572,2,0,0.0,0.5311871767044067,2048,32768,2020,0.986328125,1459.830438121997,28,0,0.0,0.21609190106391907
45,2048x16,2048,16,128,24.984866857528687,0.9522797841165598,0.33583489153534174,0.013830265525029972,0.99951171875,516.0629464662923,1.0,0.0,0.5311871767044067,,,26.48615664243698,0.0017303824424743652,23.381535132726036,True,2048,131072,2046,0.9990234375,1017.1977817173362,2,0,0.0,0.5311871767044067,16,32768,16,1.0,14.928111215248373,0,0,0.0,1.3912051916122437
45,16x2,16,2,128,19.60413944721222,0.8255667918651214,0.5230232253670692,0.04534918605349958,1.0,7.799502174972104,0.0,0.0,2.8440141677856445,,,26.48615664243698,0.0017303824424743652,23.381535132726036,True,16,131072,16,1.0,13.599330736102058,0,0,0.0,2.8440141677856445,2,32768,2,1.0,1.9996736138421503,0,0,0.0,11.655200958251953
45,1024x256,1024,256,128,25.928139328956604,0.9650243459833889,0.30770000722259283,0.011318522592773661,1.0,502.9584483951199,0.0,0.0,0.2321329265832901,,,26.48615664243698,0.0017303824424743652,23.381535132726036,True,1024,131072,1024,1.0,811.5769151967932,0,0,0.0,0.2321329265832901,256,32768,256,1.0,194.3399815934466,0,0,0.0,0.2542063295841217
45,512x64,512,64,128,25.260930716991425,0.9578676930270145,0.3297610590234399,0.013061528734397143,1.0,236.700472714352,0.0,0.0,0.29721370339393616,,,26.48615664243698,0.0017303824424743652,23.381535132726036,True,512,131072,512,1.0,417.665083467979,0,0,0.0,0.29721370339393616,64,32768,64,1.0,55.735861960724996,0,0,0.0,0.703228771686554
45,64x16,64,16,128,23.69280171394348,0.9337318419548877,0.39047175738960505,0.018440847867168486,1.0,35.5367797181502,0.0,0.0,1.1800227165222168,,,26.48615664243698,0.0017303824424743652,23.381535132726036,True,64,131072,64,1.0,55.83891898200749,0,0,0.0,1.1800227165222168,16,32768,16,1.0,15.234640454292915,0,0,0.0,1.8503800630569458
46,2048x2048,2048,2048,128,26.48473298549652,0.9693481202497954,0.29589279275387526,0.010022812231909484,0.993408203125,1191.769078957104,13.5,0.0,0.21609190106391907,,,26.48615664243698,0.001423656940460205,23.374248230457304,True,2048,131072,2046,0.9990234375,918.4674886674774,2,0,0.0,0.5311871767044067,2048,32768,2023,0.98779296875,1465.0706692467309,25,0,0.0,0.21609190106391907
46,2048x16,2048,16,128,25.007285714149475,0.9522931848126824,0.33548329398036003,0.01375361200189218,0.99951171875,516.3765706851318,1.0,0.0,0.5311871767044067,,,26.48615664243698,0.001423656940460205,23.374248230457304,True,2048,131072,2046,0.9990234375,1017.740783118988,2,0,0.0,0.5311871767044067,16,32768,16,1.0,15.012358251275662,0,0,0.0,1.5904736518859863
46,16x2,16,2,128,19.591942250728607,0.8248228461367411,0.5224930020049214,0.04539921006653458,1.0,7.809310780747988,0.0,0.0,2.9630255699157715,,,26.48615664243698,0.001423656940460205,23.374248230457304,True,16,131072,16,1.0,13.618683553731582,0,0,0.0,2.9630255699157715,2,32768,2,1.0,1.9999380077643936,0,0,0.0,11.436148643493652
46,1024x256,1024,256,128,25.91390836238861,0.9649450605476237,0.3092879578471184,0.011356369068380445,1.0,501.4446678263577,0.0,0.0,0.2452484667301178,,,26.48615664243698,0.001423656940460205,23.374248230457304,True,1024,131072,1024,1.0,804.2969294321067,0,0,0.0,0.2452484667301178,256,32768,256,1.0,198.59240622060872,0,0,0.0,0.34033727645874023
46,512x64,512,64,128,25.253022730350494,0.9575619880095942,0.32962093874812126,0.013122943782946095,1.0,239.1220898037059,0.0,0.0,0.2826511561870575,,,26.48615664243698,0.001423656940460205,23.374248230457304,True,512,131072,512,1.0,422.6812112565813,0,0,0.0,0.2826511561870575,64,32768,64,1.0,55.56296835083049,0,0,0.0,0.8093303442001343
46,64x16,64,16,128,23.668056309223175,0.9332133628691941,0.3904990991577506,0.018537742784246802,1.0,36.071928775374516,0.0,0.0,0.5712060928344727,,,26.48615664243698,0.001423656940460205,23.374248230457304,True,64,131072,64,1.0,56.98721807699055,0,0,0.0,0.5712060928344727,16,32768,16,1.0,15.156639473758474,0,0,0.0,1.9571176767349243
47,2048x2048,2048,2048,128,26.48323893547058,0.9693315110221444,0.296169581823051,0.01002306969894562,0.99365234375,1189.8771832303153,13.0,0.0,0.21609190106391907,,,26.48615664243698,0.0029177069664001465,23.370044700304664,True,2048,131072,2046,0.9990234375,913.3398189462139,2,0,0.0,0.5311871767044067,2048,32768,2024,0.98828125,1466.4145475144167,24,0,0.0,0.21609190106391907
47,2048x16,2048,16,128,25.011689007282257,0.9526748132427931,0.3355048205703497,0.013755443942500278,0.99951171875,513.5345197488336,1.0,0.0,0.5311871767044067,,,26.48615664243698,0.0029177069664001465,23.370044700304664,True,2048,131072,2046,0.9990234375,1012.1285847814831,2,0,0.0,0.5311871767044067,16,32768,16,1.0,14.940454716184256,0,0,0.0,1.711332082748413
47,16x2,16,2,128,19.589959383010864,0.8244383843620772,0.5239554885774851,0.045454687206074595,1.0,7.773132987455616,0.0,0.0,3.185528516769409,,,26.48615664243698,0.0029177069664001465,23.370044700304664,True,16,131072,16,1.0,13.546961163217732,0,0,0.0,3.185528516769409,2,32768,2,1.0,1.9993048116935008,0,0,0.0,11.467501640319824
47,1024x256,1024,256,128,25.90556651353836,0.9649431369616743,0.3090520203113556,0.011383920485968702,1.0,505.6196105078434,0.0,0.0,0.1371392458677292,,,26.48615664243698,0.0029177069664001465,23.370044700304664,True,1024,131072,1024,1.0,811.9956727517705,0,0,0.0,0.1371392458677292,256,32768,256,1.0,199.24354826391624,0,0,0.0,0.3328549265861511
47,512x64,512,64,128,25.23262870311737,0.9575552665310211,0.3300570398569107,0.01317619631299749,1.0,236.26337975110755,0.0,0.0,0.23103083670139313,,,26.48615664243698,0.0029177069664001465,23.370044700304664,True,512,131072,512,1.0,416.2751874746814,0,0,0.0,0.23103083670139313,64,32768,64,1.0,56.2515720275337,0,0,0.0,0.6336953639984131
47,64x16,64,16,128,23.667313635349274,0.9335281921477725,0.3912124587222934,0.018531112058553845,1.0,35.69013264586414,0.0,0.0,1.0077749490737915,,,26.48615664243698,0.0029177069664001465,23.370044700304664,True,64,131072,64,1.0,56.186790082065926,0,0,0.0,1.0077749490737915,16,32768,16,1.0,15.193475209662349,0,0,0.0,2.0875556468963623
48,2048x2048,2048,2048,128,26.484751880168915,0.9693879954864967,0.2958792084828019,0.01002365507883951,0.99365234375,1191.9953352254795,13.0,0.0,0.21609190106391907,,,26.48615664243698,0.0014047622680664062,23.366534097989398,True,2048,131072,2046,0.9990234375,917.6766264481539,2,0,0.0,0.5311871767044067,2048,32768,2024,0.98828125,1466.314044002805,24,0,0.0,0.21609190106391907
48,2048x16,2048,16,128,24.94572752714157,0.9521504384834358,0.34057916421443224,0.01394312345655635,0.99951171875,514.7397561697036,1.0,0.0,0.5311871767044067,,,26.48615664243698,0.0014047622680664062,23.366534097989398,True,2048,131072,2046,0.9990234375,1014.6915024344853,2,0,0.0,0.5311871767044067,16,32768,16,1.0,14.788009904921758,0,0,0.0,1.389082431793213
48,16x2,16,2,128,19.615331530570984,0.8247630394080757,0.5230621472001076,0.04518634860869497,1.0,7.771336158743784,0.0,0.0,3.401165008544922,,,26.48615664243698,0.0014047622680664062,23.366534097989398,True,16,131072,16,1.0,13.542672853929346,0,0,0.0,3.401165008544922,2,32768,2,1.0,1.9999994635582212,0,0,0.0,11.522005081176758
48,1024x256,1024,256,128,25.90348172187805,0.9649058459036435,0.3087045419961214,0.01137834922701586,1.0,501.9544003624397,0.0,0.0,0.2132781744003296,,,26.48615664243698,0.0014047622680664062,23.366534097989398,True,1024,131072,1024,1.0,809.3847323200138,0,0,0.0,0.2132781744003296,256,32768,256,1.0,194.52406840486563,0,0,0.0,0.3169494569301605
48,512x64,512,64,128,25.225321650505066,0.9574086795337805,0.32911115791648626,0.01318146035191603,1.0,239.17285182726712,0.0,0.0,0.24746467173099518,,,26.48615664243698,0.0014047622680664062,23.366534097989398,True,512,131072,512,1.0,422.87555192394825,0,0,0.0,0.24746467173099518,64,32768,64,1.0,55.470151730586004,0,0,0.0,0.7828676104545593
48,64x16,64,16,128,23.65139412879944,0.9333199086080669,0.3919694796204567,0.018574597459519282,1.0,35.437416429489076,0.0,0.0,1.2695260047912598,,,26.48615664243698,0.0014047622680664062,23.366534097989398,True,64,131072,64,1.0,55.74550609820526,0,0,0.0,1.2695260047912598,16,32768,16,1.0,15.129326760772884,0,0,0.0,1.9498348236083984
49,2048x2048,2048,2048,128,26.482649266719818,0.9694298755028077,0.2953917495906353,0.010036281077191234,0.993896484375,1197.4602114125573,12.5,0.0,0.21609190106391907,,,26.48615664243698,0.003507375717163086,23.381391994158424,True,2048,131072,2046,0.9990234375,920.1244495394825,2,0,0.0,0.5311871767044067,2048,32768,2025,0.98876953125,1474.7959732856323,23,0,0.0,0.21609190106391907
49,2048x16,2048,16,128,25.07616549730301,0.9531759604786005,0.3348031481727958,0.013560574123403057,0.99951171875,512.9849277844169,1.0,0.0,0.5311871767044067,,,26.48615664243698,0.003507375717163086,23.381391994158424,True,2048,131072,2046,0.9990234375,1010.9979131390597,2,0,0.0,0.5311871767044067,16,32768,16,1.0,14.971942429773904,0,0,0.0,1.9831132888793945
49,16x2,16,2,128,19.558663368225098,0.8246632124271265,0.5198737243190408,0.04568249755539,1.0,7.799370915646334,0.0,0.0,3.42563796043396,,,26.48615664243698,0.003507375717163086,23.381391994158424,True,16,131072,16,1.0,13.598909258403907,0,0,0.0,3.42563796043396,2,32768,2,1.0,1.9998325728887603,0,0,0.0,11.654552459716797
49,1024x256,1024,256,128,25.913782835006714,0.964765407116616,0.3101466353982687,0.011344768106937408,1.0,489.9747728903592,0.0,0.0,0.17042414844036102,,,26.48615664243698,0.003507375717163086,23.381391994158424,True,1024,131072,1024,1.0,781.2728504468125,0,0,0.0,0.17042414844036102,256,32768,256,1.0,198.67669533390583,0,0,0.0,0.3971044719219208
49,512x64,512,64,128,25.26526153087616,0.9578206740016428,0.3300181580707431,0.013079095544526353,1.0,235.7471714465094,0.0,0.0,0.26009926199913025,,,26.48615664243698,0.003507375717163086,23.381391994158424,True,512,131072,512,1.0,415.242035190935,0,0,0.0,0.26009926199913025,64,32768,64,1.0,56.25230770208386,0,0,0.0,0.7624570727348328
49,64x16,64,16,128,23.725922405719757,0.9336321612710947,0.39003272633999586,0.018288300838321447,1.0,35.20711657719724,0.0,0.0,1.1025608777999878,,,26.48615664243698,0.003507375717163086,23.381391994158424,True,64,131072,64,1.0,55.392061842469296,0,0,0.0,1.1025608777999878,16,32768,16,1.0,15.022171311925177,0,0,0.0,2.4951696395874023
50,2048x2048,2048,2048,128,26.48728382587433,0.9694349440809444,0.2957115853205323,0.010023255759733729,0.99365234375,1194.4112472333325,13.0,0.0,0.21609190106391907,,,26.48615664243698,-0.0011271834373474121,23.371463819344836,True,2048,131072,2046,0.9990234375,923.7199910285658,2,0,0.0,0.5311871767044067,2048,32768,2024,0.98828125,1465.1025034380991,24,0,0.0,0.21609190106391907
50,2048x16,2048,16,128,25.005346357822418,0.9527603492594858,0.3350194077938795,0.013769695040537044,0.99951171875,517.1159723852268,1.0,0.0,0.5311871767044067,,,26.48615664243698,-0.0011271834373474121,23.371463819344836,True,2048,131072,2046,0.9990234375,1019.2637271854746,2,0,0.0,0.5311871767044067,16,32768,16,1.0,14.968217584978799,0,0,0.0,1.844173789024353
50,16x2,16,2,128,19.581264555454254,0.8223688735473903,0.5242038117721677,0.04550510528497398,1.0,7.771105233230808,0.0,0.0,2.6607472896575928,,,26.48615664243698,-0.0011271834373474121,23.371463819344836,True,16,131072,16,1.0,13.54222093079294,0,0,0.0,2.6607472896575928,2,32768,2,1.0,1.9999895356686768,0,0,0.0,11.616840362548828
50,1024x256,1024,256,128,25.91436415910721,0.9649403567456225,0.30769618414342403,0.011352106026606634,1.0,508.20149881453403,0.0,0.0,0.22574970126152039,,,26.48615664243698,-0.0011271834373474121,23.371463819344836,True,1024,131072,1024,1.0,828.3338559323042,0,0,0.0,0.22574970126152039,256,32768,256,1.0,188.06914169676386,0,0,0.0,0.34391364455223083
50,512x64,512,64,128,25.231811702251434,0.9576068235034043,0.3300437964498997,0.01319312586565502,1.0,235.23929858505025,0.0,0.0,0.24332235753536224,,,26.48615664243698,-0.0011271834373474121,23.371463819344836,True,512,131072,512,1.0,415.21029197369575,0,0,0.0,0.24332235753536224,64,32768,64,1.0,55.26830519640477,0,0,0.0,0.7513332962989807
50,64x16,64,16,128,23.694011211395264,0.9334711799433486,0.3901346167549491,0.018444497167365626,1.0,35.618263538933135,0.0,0.0,1.0353171825408936,,,26.48615664243698,-0.0011271834373474121,23.371463819344836,True,64,131072,64,1.0,56.185209268049945,0,0,0.0,1.0353171825408936,16,32768,16,1.0,15.051317809816318,0,0,0.0,2.124608278274536
51,2048x2048,2048,2048,128,26.484124064445496,0.9694105282075192,0.2958362428471446,0.010028141870861873,0.99462890625,1199.6491785944986,11.0,0.0,0.21609190106391907,,,26.48615664243698,0.0020325779914855957,23.373461163043977,True,2048,131072,2046,0.9990234375,913.9859280285224,2,0,0.0,0.5311871767044067,2048,32768,2028,0.990234375,1485.3124291604747,20,0,0.0,0.21609190106391907
51,2048x16,2048,16,128,24.968100547790527,0.9522995700999252,0.33663841243833303,0.013882974773878232,0.99951171875,509.77210302880667,1.0,0.0,0.5311871767044067,,,26.48615664243698,0.0020325779914855957,23.373461163043977,True,2048,131072,2046,0.9990234375,1004.5825006711115,2,0,0.0,0.5311871767044067,16,32768,16,1.0,14.961705386501874,0,0,0.0,1.4764175415039062
51,16x2,16,2,128,19.618575394153595,0.8250927131001233,0.5244299992918968,0.04521151282824576,1.0,7.837727692780282,0.0,0.0,2.981870412826538,,,26.48615664243698,0.0020325779914855957,23.373461163043977,True,16,131072,16,1.0,13.675792891094824,0,0,0.0,2.981870412826538,2,32768,2,1.0,1.9996624944657404,0,0,0.0,11.374627113342285
51,1024x256,1024,256,128,25.918644726276398,0.9650924860835021,0.3077155565842986,0.011352213041391224,1.0,500.975366629628,0.0,0.0,0.2576020359992981,,,26.48615664243698,0.0020325779914855957,23.373461163043977,True,1024,131072,1024,1.0,805.6192053401975,0,0,0.0,0.2576020359992981,256,32768,256,1.0,196.33152791905854,0,0,0.0,0.42376118898391724
51,512x64,512,64,128,25.240053296089172,0.957776541512895,0.32946888264268637,0.013161418930394575,1.0,240.1620970625369,0.0,0.0,0.25024402141571045,,,26.48615664243698,0.0020325779914855957,23.373461163043977,True,512,131072,512,1.0,424.486924486116,0,0,0.0,0.25024402141571045,64,32768,64,1.0,55.83726963895782,0,0,0.0,0.572953462600708
51,64x16,64,16,128,23.64359760284424,0.9329937689099757,0.39432208985090256,0.01866360497660935,1.0,35.54313650218123,0.0,0.0,1.2176309823989868,,,26.48615664243698,0.0020325779914855957,23.373461163043977,True,64,131072,64,1.0,55.93585906309707,0,0,0.0,1.2176309823989868,16,32768,16,1.0,15.150413941265377,0,0,0.0,1.6191654205322266
52,2048x2048,2048,2048,128,26.48523360490799,0.9693946563387454,0.2958863019011915,0.010022266214946285,0.994873046875,1203.9763394685258,10.5,0.0,0.21609190106391907,,,26.48615664243698,0.0009230375289916992,23.391631968816124,True,2048,131072,2046,0.9990234375,921.3177676760437,2,0,0.0,0.5311871767044067,2048,32768,2029,0.99072265625,1486.6349112610078,19,0,0.0,0.21609190106391907
52,2048x16,2048,16,128,25.006357729434967,0.9523011525110354,0.33604268729686737,0.013764126953901723,0.99951171875,511.9183642597283,1.0,0.0,0.5311871767044067,,,26.48615664243698,0.0009230375289916992,23.391631968816124,True,2048,131072,2046,0.9990234375,1008.9065835856026,2,0,0.0,0.5311871767044067,16,32768,16,1.0,14.930144933854026,0,0,0.0,1.3945364952087402
52,16x2,16,2,128,19.61236596107483,0.8251536151672146,0.5211532562971115,0.04523119144141674,1.0,7.723579878678828,0.0,0.0,3.3477108478546143,,,26.48615664243698,0.0009230375289916992,23.391631968816124,True,16,131072,16,1.0,13.447401989469773,0,0,0.0,3.3477108478546143,2,32768,2,1.0,1.9997577678878842,0,0,0.0,11.828875541687012
52,1024x256,1024,256,128,25.944185078144073,0.9650797134532386,0.3070365311577916,0.011289858986856416,1.0,507.7620365136549,0.0,0.0,0.1845780611038208,,,26.48615664243698,0.0009230375289916992,23.391631968816124,True,1024,131072,1024,1.0,821.4801109829143,0,0,0.0,0.1845780611038208,256,32768,256,1.0,194.04396204439544,0,0,0.0,0.4247496724128723
52,512x64,512,64,128,25.26180213689804,0.9578985270354143,0.3287777155637741,0.01307947636814788,1.0,238.41261907187862,0.0,0.0,0.2442956119775772,,,26.48615664243698,0.0009230375289916992,23.391631968816124,True,512,131072,512,1.0,421.1099693745159,0,0,0.0,0.2442956119775772,64,32768,64,1.0,55.71526876924131,0,0,0.0,0.7206653952598572
52,64x16,64,16,128,23.708746314048767,0.9332599161265909,0.3903625523671508,0.01837994367815554,1.0,35.11046601679874,0.0,0.0,1.1492692232131958,,,26.48615664243698,0.0009230375289916992,23.391631968816124,True,64,131072,64,1.0,55.002260184156455,0,0,0.0,1.1492692232131958,16,32768,16,1.0,15.218671849441025,0,0,0.0,1.8702930212020874
53,2048x2048,2048,2048,128,26.48626971244812,0.9694577858166696,0.29549366887658834,0.010028827615315095,0.99462890625,1205.3031474169807,11.0,0.0,0.21609190106391907,,,26.48615664243698,-0.00011307001113891602,23.373592539628348,True,2048,131072,2046,0.9990234375,921.5166482385453,2,0,0.0,0.5311871767044067,2048,32768,2028,0.990234375,1489.0896465954163,20,0,0.0,0.21609190106391907
53,2048x16,2048,16,128,24.96477371454239,0.9522066362911139,0.33672953955829144,0.013897071592509747,0.99951171875,511.6314189930833,1.0,0.0,0.5311871767044067,,,26.48615664243698,-0.00011307001113891602,23.373592539628348,True,2048,131072,2046,0.9990234375,1008.2582154306485,2,0,0.0,0.5311871767044067,16,32768,16,1.0,15.004622555517999,0,0,0.0,1.1738821268081665
53,16x2,16,2,128,19.592431604862213,0.8246514816028905,0.5208767484873533,0.04542389581911266,1.0,7.586781486970058,0.0,0.0,3.458814859390259,,,26.48615664243698,-0.00011307001113891602,23.373592539628348,True,16,131072,16,1.0,13.173765212816841,0,0,0.0,3.458814859390259,2,32768,2,1.0,1.9997977611232751,0,0,0.0,11.355096817016602
53,1024x256,1024,256,128,25.927191972732544,0.9651898783994564,0.3088896805420518,0.011323264581733383,1.0,497.73038310076356,0.0,0.0,0.2413611263036728,,,26.48615664243698,-0.00011307001113891602,23.373592539628348,True,1024,131072,1024,1.0,797.5087559806866,0,0,0.0,0.2413611263036728,256,32768,256,1.0,197.95201022084052,0,0,0.0,0.3924955129623413
53,512x64,512,64,128,25.248112976551056,0.9576680209348609,0.3302163314074278,0.013120433082804084,1.0,231.47565742822385,0.0,0.0,0.25453272461891174,,,26.48615664243698,-0.00011307001113891602,23.373592539628348,True,512,131072,512,1.0,406.789822065743,0,0,0.0,0.25453272461891174,64,32768,64,1.0,56.161492790704685,0,0,0.0,0.7633870840072632
53,64x16,64,16,128,23.69451665878296,0.9331472153948576,0.39196956530213356,0.018400854023639113,1.0,35.34459104651527,0.0,0.0,1.3091905117034912,,,26.48615664243698,-0.00011307001113891602,23.373592539628348,True,64,131072,64,1.0,55.406505624497534,0,0,0.0,1.3091905117034912,16,32768,16,1.0,15.282676468533,0,0,0.0,1.9142922163009644
54,2048x2048,2048,2048,128,26.48642587661743,0.9693821284576959,0.29607110749930143,0.010019566907430999,0.993896484375,1191.9740299044593,12.5,0.0,0.21609190106391907,,,26.48615664243698,-0.00026923418045043945,23.366281374295554,True,2048,131072,2046,0.9990234375,918.3296607294949,2,0,0.0,0.5311871767044067,2048,32768,2025,0.98876953125,1465.6183990794236,23,0,0.0,0.21609190106391907
54,2048x16,2048,16,128,25.05225098133087,0.952552014779265,0.3355829296633601,0.013627310370793566,0.99951171875,508.43215360813457,1.0,0.0,0.5311871767044067,,,26.48615664243698,-0.00026923418045043945,23.366281374295554,True,2048,131072,2046,0.9990234375,1001.937566111827,2,0,0.0,0.5311871767044067,16,32768,16,1.0,14.926741104442103,0,0,0.0,1.833708643913269
54,16x2,16,2,128,19.537938833236694,0.8250376235688233,0.5250749345868826,0.045930723659694195,1.0,7.744507680351348,0.0,0.0,3.592559814453125,,,26.48615664243698,-0.00026923418045043945,23.366281374295554,True,16,131072,16,1.0,13.48965691452801,0,0,0.0,3.592559814453125,2,32768,2,1.0,1.999358446174686,0,0,0.0,11.742449760437012
54,1024x256,1024,256,128,25.868836045265198,0.9645125539204468,0.31034212559461594,0.011470175842987373,1.0,495.1454258783172,0.0,0.0,0.24381032586097717,,,26.48615664243698,-0.00026923418045043945,23.366281374295554,True,1024,131072,1024,1.0,794.7277802404184,0,0,0.0,0.24381032586097717,256,32768,256,1.0,195.56307151621604,0,0,0.0,0.3813648521900177
54,512x64,512,64,128,25.268735766410828,0.9578129861002073,0.3292113393545151,0.013063680235063657,1.0,234.24850606824424,0.0,0.0,0.2017260640859604,,,26.48615664243698,-0.00026923418045043945,23.366281374295554,True,512,131072,512,1.0,412.75948451502956,0,0,0.0,0.2017260640859604,64,32768,64,1.0,55.73752762145891,0,0,0.0,0.859798789024353
54,64x16,64,16,128,23.72601455450058,0.9338060660968016,0.38981991447508335,0.018285594298504293,1.0,35.37353458581515,0.0,0.0,1.151328682899475,,,26.48615664243698,-0.00026923418045043945,23.366281374295554,True,64,131072,64,1.0,55.65209871388505,0,0,0.0,1.151328682899475,16,32768,16,1.0,15.094970457745255,0,0,0.0,2.014216899871826
55,2048x2048,2048,2048,128,26.48175746202469,0.9693585741338966,0.2958829738199711,0.010028232441982254,0.994140625,1195.3835831463118,12.0,0.0,0.21609190106391907,,,26.48615664243698,0.0043991804122924805,23.369827405611673,True,2048,131072,2046,0.9990234375,916.1570774136771,2,0,0.0,0.5311871767044067,2048,32768,2026,0.9892578125,1474.6100888789465,22,0,0.0,0.21609190106391907
55,2048x16,2048,16,128,24.993956744670868,0.9517306090586924,0.33650242537260056,0.013777797779766843,0.99951171875,506.94991258974227,1.0,0.0,0.5311871767044067,,,26.48615664243698,0.0043991804122924805,23.369827405611673,True,2048,131072,2046,0.9990234375,999.0816021567093,2,0,0.0,0.5311871767044067,16,32768,16,1.0,14.818223022775204,0,0,0.0,1.6398876905441284
55,16x2,16,2,128,19.564332365989685,0.8248714937051109,0.5215091519057751,0.04573823232203722,1.0,7.765996751353861,0.0,0.0,3.4183051586151123,,,26.48615664243698,0.0043991804122924805,23.369827405611673,True,16,131072,16,1.0,13.532554296604893,0,0,0.0,3.4183051586151123,2,32768,2,1.0,1.9994392061028299,0,0,0.0,11.722921371459961
55,1024x256,1024,256,128,25.919839560985565,0.9650171449196199,0.3085370436310768,0.011331484929542057,1.0,495.9997652004016,0.0,0.0,0.2912416458129883,,,26.48615664243698,0.0043991804122924805,23.369827405611673,True,1024,131072,1024,1.0,802.207203763334,0,0,0.0,0.2912416458129883,256,32768,256,1.0,189.79232663746922,0,0,0.0,0.4110898971557617
55,512x64,512,64,128,25.28252410888672,0.9580097579933383,0.3289209119975567,0.013002324529225007,1.0,236.17215417601895,0.0,0.0,0.23219095170497894,,,26.48615664243698,0.0043991804122924805,23.369827405611673,True,512,131072,512,1.0,417.6215896175439,0,0,0.0,0.23219095170497894,64,32768,64,1.0,54.72271873449396,0,0,0.0,0.9197083115577698
55,64x16,64,16,128,23.6847967505455,0.9330835683080471,0.39100708812475204,0.01843645970802754,1.0,35.307390001359366,0.0,0.0,1.1617361307144165,,,26.48615664243698,0.0043991804122924805,23.369827405611673,True,64,131072,64,1.0,55.60505829456427,0,0,0.0,1.1617361307144165,16,32768,16,1.0,15.009721708154455,0,0,0.0,1.6993223428726196
56,2048x2048,2048,2048,128,26.489055812358856,0.9694382828847428,0.29571195412427187,0.010018017797847278,0.994140625,1195.1594117462794,12.0,0.0,0.21609190106391907,,,26.48615664243698,-0.002899169921875,23.39797754685084,True,2048,131072,2046,0.9990234375,919.123270943404,2,0,0.0,0.5311871767044067,2048,32768,2026,0.9892578125,1471.1955525491549,22,0,0.0,0.21609190106391907
56,2048x16,2048,16,128,25.020909190177917,0.9524990785910714,0.3355211019515991,0.013712939573451877,0.99951171875,507.43196177379895,1.0,0.0,0.5311871767044067,,,26.48615664243698,-0.002899169921875,23.39797754685084,True,2048,131072,2046,0.9990234375,1000.003684975388,2,0,0.0,0.5311871767044067,16,32768,16,1.0,14.860238572209987,0,0,0.0,1.557286024093628
56,16x2,16,2,128,19.620037496089935,0.8255785272767919,0.5193460509181023,0.04515769274439663,1.0,7.7122848992648185,0.0,0.0,3.256174087524414,,,26.48615664243698,-0.002899169921875,23.39797754685084,True,16,131072,16,1.0,13.424697295235507,0,0,0.0,3.256174087524414,2,32768,2,1.0,1.9998725032941296,0,0,0.0,11.551962852478027
56,1024x256,1024,256,128,25.93450891971588,0.9651077446988765,0.3081256775185466,0.011304103391012177,1.0,492.2173005593915,0.0,0.0,0.30806639790534973,,,26.48615664243698,-0.002899169921875,23.39797754685084,True,1024,131072,1024,1.0,796.224201876177,0,0,0.0,0.30806639790534973,256,32768,256,1.0,188.2103992426061,0,0,0.0,0.35286301374435425
56,512x64,512,64,128,25.283286809921265,0.957912694485874,0.32881751377135515,0.013023929699556902,1.0,233.55055153726994,0.0,0.0,0.20556612312793732,,,26.48615664243698,-0.002899169921875,23.39797754685084,True,512,131072,512,1.0,412.4921002565344,0,0,0.0,0.20556612312793732,64,32768,64,1.0,54.60900281800546,0,0,0.0,0.8525681495666504
56,64x16,64,16,128,23.706977128982544,0.933304009760077,0.3893479201942682,0.01838154307915829,1.0,35.51453349171226,0.0,0.0,1.1573337316513062,,,26.48615664243698,-0.002899169921875,23.39797754685084,True,64,131072,64,1.0,55.93490599489891,0,0,0.0,1.1573337316513062,16,32768,16,1.0,15.094160988525601,0,0,0.0,1.8271024227142334
57,2048x2048,2048,2048,128,26.486345291137695,0.9694391360096698,0.2959579583257437,0.010020936417276971,0.994384765625,1197.1215313096961,11.5,0.0,0.21609190106391907,,,26.48615664243698,-0.00018864870071411133,23.388756223519646,True,2048,131072,2046,0.9990234375,924.4769023696923,2,0,0.0,0.5311871767044067,2048,32768,2027,0.98974609375,1469.7661602496999,21,0,0.0,0.21609190106391907
57,2048x16,2048,16,128,25.016819417476654,0.9525930314460804,0.33705654740333557,0.013741287781158462,0.99951171875,510.780730765465,1.0,0.0,0.5311871767044067,,,26.48615664243698,-0.00018864870071411133,23.388756223519646,True,2048,131072,2046,0.9990234375,1006.4631881023261,2,0,0.0,0.5311871767044067,16,32768,16,1.0,15.098273428603967,0,0,0.0,1.8102413415908813
57,16x2,16,2,128,19.606913626194,0.8247455113387284,0.5222420087084174,0.045238145045004785,1.0,7.678694523950335,0.0,0.0,3.826364755630493,,,26.48615664243698,-0.00018864870071411133,23.388756223519646,True,16,131072,16,1.0,13.357406273618283,0,0,0.0,3.826364755630493,2,32768,2,1.0,1.999982774282387,0,0,0.0,11.885340690612793
57,1024x256,1024,256,128,25.929725408554077,0.9651107924461488,0.30816149432212114,0.011320695892209187,1.0,498.6879517623307,0.0,0.0,0.30258941650390625,,,26.48615664243698,-0.00018864870071411133,23.388756223519646,True,1024,131072,1024,1.0,804.6616007131004,0,0,0.0,0.30258941650390625,256,32768,256,1.0,192.71430281156103,0,0,0.0,0.32466259598731995
57,512x64,512,64,128,25.260019719600677,0.9577022027666242,0.3290681755170226,0.01308776141377166,1.0,237.4025036889991,0.0,0.0,0.23879124224185944,,,26.48615664243698,-0.00018864870071411133,23.388756223519646,True,512,131072,512,1.0,419.64165151160057,0,0,0.0,0.23879124224185944,64,32768,64,1.0,55.163355866397644,0,0,0.0,0.4921720027923584
57,64x16,64,16,128,23.70547777414322,0.9339968484296665,0.38891207706183195,0.018436647194903344,1.0,35.6296525198712,0.0,0.0,1.2313659191131592,,,26.48615664243698,-0.00018864870071411133,23.388756223519646,True,64,131072,64,1.0,55.91926686596129,0,0,0.0,1.2313659191131592,16,32768,16,1.0,15.340038173781105,0,0,0.0,1.9710652828216553
58,2048x2048,2048,2048,128,26.483529925346375,0.9693492724611875,0.29625420086085796,0.010023242168244906,0.994384765625,1192.6934420653483,11.5,0.0,0.21609190106391907,,,26.48615664243698,0.0026267170906066895,23.389005517959596,True,2048,131072,2046,0.9990234375,915.5869427445056,2,0,0.0,0.5311871767044067,2048,32768,2027,0.98974609375,1469.7999413861912,21,0,0.0,0.21609190106391907
58,2048x16,2048,16,128,25.014042556285858,0.9523274929313719,0.33783180452883244,0.013745542732067406,0.99951171875,503.5587975986466,1.0,0.0,0.5311871767044067,,,26.48615664243698,0.0026267170906066895,23.389005517959596,True,2048,131072,2046,0.9990234375,992.1561305313551,2,0,0.0,0.5311871767044067,16,32768,16,1.0,14.96146466593818,0,0,0.0,1.7971935272216797
58,16x2,16,2,128,19.603063941001892,0.8246639755861618,0.5214132694527507,0.045430734171532094,1.0,7.646674122577303,0.0,0.0,3.198754072189331,,,26.48615664243698,0.0026267170906066895,23.389005517959596,True,16,131072,16,1.0,13.293525283238939,0,0,0.0,3.198754072189331,2,32768,2,1.0,1.9998229619156676,0,0,0.0,11.400803565979004
58,1024x256,1024,256,128,25.91770100593567,0.9649350616579236,0.30989574175328016,0.011344711616402492,1.0,489.97978620672745,0.0,0.0,0.29895317554473877,,,26.48615664243698,0.0026267170906066895,23.389005517959596,True,1024,131072,1024,1.0,788.345522321306,0,0,0.0,0.3087482452392578,256,32768,256,1.0,191.61405009214883,0,0,0.0,0.29895317554473877
58,512x64,512,64,128,25.28021740913391,0.9578747583900551,0.32940417155623436,0.013033261406235397,1.0,232.76599381824138,0.0,0.0,0.10416539758443832,,,26.48615664243698,0.0026267170906066895,23.389005517959596,True,512,131072,512,1.0,410.10555731844045,0,0,0.0,0.10416539758443832,64,32768,64,1.0,55.42643031804234,0,0,0.0,0.5759599804878235
58,64x16,64,16,128,23.714390635490417,0.9338367734817653,0.39119870960712433,0.018382172216661274,1.0,35.2123702520078,0.0,0.0,1.1511849164962769,,,26.48615664243698,0.0026267170906066895,23.389005517959596,True,64,131072,64,1.0,55.29518983889788,0,0,0.0,1.1511849164962769,16,32768,16,1.0,15.129550665117726,0,0,0.0,2.0685291290283203
59,2048x2048,2048,2048,128,26.483362913131714,0.9693476960651944,0.2958184196613729,0.010026412070146762,0.994140625,1196.2876198617178,12.0,0.0,0.21609190106391907,,,26.48615664243698,0.002793729305267334,23.38172751267751,True,2048,131072,2046,0.9990234375,916.4150743315931,2,0,0.0,0.5311871767044067,2048,32768,2026,0.9892578125,1476.1601653918424,22,0,0.0,0.21609190106391907
59,2048x16,2048,16,128,25.046608805656433,0.9526272064900552,0.3360309861600399,0.013625421561300755,0.99951171875,503.1726975370763,1.0,0.0,0.5311871767044067,,,26.48615664243698,0.002793729305267334,23.38172751267751,True,2048,131072,2046,0.9990234375,991.3124630150385,2,0,0.0,0.5311871767044067,16,32768,16,1.0,15.032932059114136,0,0,0.0,1.9633511304855347
59,16x2,16,2,128,19.532475471496582,0.8232332940928322,0.5220531206578016,0.04595699068158865,1.0,7.662670548982548,0.0,0.0,3.776308536529541,,,26.48615664243698,0.002793729305267334,23.38172751267751,True,16,131072,16,1.0,13.325689909108853,0,0,0.0,3.776308536529541,2,32768,2,1.0,1.9996511888562425,0,0,0.0,11.439526557922363
59,1024x256,1024,256,128,25.95314061641693,0.9651182817035593,0.3081899592652917,0.011255525969318114,1.0,497.2511221128858,0.0,0.0,0.28140974044799805,,,26.48615664243698,0.002793729305267334,23.38172751267751,True,1024,131072,1024,1.0,792.429822380451,0,0,0.0,0.28140974044799805,256,32768,256,1.0,202.07242184532058,0,0,0.0,0.31796371936798096
59,512x64,512,64,128,25.312985241413116,0.9579234002396905,0.32872526720166206,0.012935694277985021,1.0,231.07962589496535,0.0,0.0,0.21747489273548126,,,26.48615664243698,0.002793729305267334,23.38172751267751,True,512,131072,512,1.0,406.23838081040657,0,0,0.0,0.21747489273548126,64,32768,64,1.0,55.92087097952413,0,0,0.0,0.8120550513267517
59,64x16,64,16,128,23.73567008972168,0.933638772238201,0.3895705137401819,0.018283888406585902,1.0,35.17073372034411,0.0,0.0,1.1046441793441772,,,26.48615664243698,0.002793729305267334,23.38172751267751,True,64,131072,64,1.0,55.240458771194284,0,0,0.0,1.1046441793441772,16,32768,16,1.0,15.101008669493934,0,0,0.0,2.0620579719543457
60,2048x2048,2048,2048,128,26.486413419246674,0.9693805901390998,0.29606923274695873,0.010019024804932997,0.99365234375,1192.413600297907,13.0,0.0,0.21609190106391907,,,26.48615664243698,-0.0002567768096923828,23.401730060577393,True,2048,131072,2046,0.9990234375,917.7362818094905,2,0,0.0,0.5311871767044067,2048,32768,2024,0.98828125,1467.0909187863233,24,0,0.0,0.21609190106391907
60,2048x16,2048,16,128,25.044464468955994,0.9526580843680891,0.33612549491226673,0.013648934662342072,0.99951171875,505.73583560070733,1.0,0.0,0.5311871767044067,,,26.48615664243698,-0.0002567768096923828,23.401730060577393,True,2048,131072,2046,0.9990234375,996.3962515588333,2,0,0.0,0.5311871767044067,16,32768,16,1.0,15.075419642581354,0,0,0.0,2.065192222595215
60,16x2,16,2,128,19.595531225204468,0.8240355719878621,0.5238585667684674,0.04533848911523819,1.0,7.6612842738782785,0.0,0.0,3.759131669998169,,,26.48615664243698,-0.0002567768096923828,23.401730060577393,True,16,131072,16,1.0,13.322602168407306,0,0,0.0,3.759131669998169,2,32768,2,1.0,1.9999663793492517,0,0,0.0,11.580304145812988
60,1024x256,1024,256,128,25.933426082134247,0.9651225497644509,0.30789012648165226,0.011310413698083721,1.0,500.9803912938875,0.0,0.0,0.2813517153263092,,,26.48615664243698,-0.0002567768096923828,23.401730060577393,True,1024,131072,1024,1.0,806.8912602474189,0,0,0.0,0.2813517153263092,256,32768,256,1.0,195.06952234035612,0,0,0.0,0.3211486041545868
60,512x64,512,64,128,25.310278296470642,0.9581290786858997,0.32755467016249895,0.012944023939780891,1.0,237.86083127236392,0.0,0.0,0.1509547382593155,,,26.48615664243698,-0.0002567768096923828,23.401730060577393,True,512,131072,512,1.0,419.3386344683897,0,0,0.0,0.1509547382593155,64,32768,64,1.0,56.38302807633811,0,0,0.0,0.6822866797447205
60,64x16,64,16,128,23.74956512451172,0.9340143725244898,0.38956018537282944,0.01825446097063832,1.0,35.04336433192717,0.0,0.0,1.1700180768966675,,,26.48615664243698,-0.0002567768096923828,23.401730060577393,True,64,131072,64,1.0,54.98619823533878,0,0,0.0,1.1700180768966675,16,32768,16,1.0,15.100530428515558,0,0,0.0,2.3620493412017822
61,2048x2048,2048,2048,128,26.488032817840576,0.9694558738753492,0.295938353985548,0.010022134621976875,0.994384765625,1195.1014708123232,11.5,0.0,0.21609190106391907,,,26.48615664243698,-0.0018761754035949707,23.391765189170837,True,2048,131072,2046,0.9990234375,917.0120043176837,2,0,0.0,0.5311871767044067,2048,32768,2027,0.98974609375,1473.1909373069627,21,0,0.0,0.21609190106391907
61,2048x16,2048,16,128,25.03885042667389,0.9529144206051753,0.3364738440141082,0.01367449524695985,0.99951171875,504.95311716231043,1.0,0.0,0.5311871767044067,,,26.48615664243698,-0.0018761754035949707,23.391765189170837,True,2048,131072,2046,0.9990234375,994.7112319234544,2,0,0.0,0.5311871767044067,16,32768,16,1.0,15.195002401166466,0,0,0.0,2.021204948425293
61,16x2,16,2,128,19.581897497177124,0.8249086128344989,0.5217062057927251,0.045550098991952837,1.0,7.7131194060369115,0.0,0.0,3.5920674800872803,,,26.48615664243698,-0.0018761754035949707,23.391765189170837,True,16,131072,16,1.0,13.426352898004597,0,0,0.0,3.5920674800872803,2,32768,2,1.0,1.9998859140692264,0,0,0.0,11.581533432006836
61,1024x256,1024,256,128,25.948924660682678,0.9653877340778179,0.3069682624191046,0.011278552541625686,1.0,496.1622038337092,0.0,0.0,0.354061096906662,,,26.48615664243698,-0.0018761754035949707,23.391765189170837,True,1024,131072,1024,1.0,794.169571987257,0,0,0.0,0.354061096906662,256,32768,256,1.0,198.1548356801614,0,0,0.0,0.38694557547569275
61,512x64,512,64,128,25.29756236076355,0.9582035200312568,0.32831609807908535,0.013004971609916538,1.0,236.17651809608404,0.0,0.0,0.2629857361316681,,,26.48615664243698,-0.0018761754035949707,23.391765189170837,True,512,131072,512,1.0,415.38467746134427,0,0,0.0,0.2629857361316681,64,32768,64,1.0,56.96835873082383,0,0,0.0,0.7717303037643433
61,64x16,64,16,128,23.710124909877777,0.934099697144728,0.3900748398154974,0.018391645920928568,1.0,35.061613508306415,0.0,0.0,1.1513328552246094,,,26.48615664243698,-0.0018761754035949707,23.391765189170837,True,64,131072,64,1.0,54.89885092288967,0,0,0.0,1.1513328552246094,16,32768,16,1.0,15.224376093723155,0,0,0.0,2.3422226905822754
62,2048x2048,2048,2048,128,26.485652804374695,0.9694051511909699,0.29565377347171307,0.010023311173426919,0.994384765625,1197.3681914442504,11.5,0.0,0.21609190106391907,,,26.48615664243698,0.000503838062286377,23.38753203948339,True,2048,131072,2046,0.9990234375,921.0985428765118,2,0,0.0,0.5311871767044067,2048,32768,2027,0.98974609375,1473.6378400119888,21,0,0.0,0.21609190106391907
62,2048x16,2048,16,128,24.995247960090637,0.9521341677626611,0.335749757476151,0.013783688511466607,0.99951171875,504.23949179537146,1.0,0.0,0.5311871767044067,,,26.48615664243698,0.000503838062286377,23.38753203948339,True,2048,131072,2046,0.9990234375,993.4807478466408,2,0,0.0,0.5311871767044067,16,32768,16,1.0,14.998235744102091,0,0,0.0,1.785524606704712
62,16x2,16,2,128,19.59125143289566,0.8244456454520374,0.5231405450031161,0.0454842095496133,1.0,7.763077966536647,0.0,0.0,3.1462478637695312,,,26.48615664243698,0.000503838062286377,23.38753203948339,True,16,131072,16,1.0,13.526233180195668,0,0,0.0,3.1462478637695312,2,32768,2,1.0,1.9999227528776258,0,0,0.0,10.808366775512695
62,1024x256,1024,256,128,25.94532012939453,0.9651625011521847,0.30731485132128,0.011273250507656485,1.0,496.89024911101814,0.0,0.0,0.22104422748088837,,,26.48615664243698,0.000503838062286377,23.38753203948339,True,1024,131072,1024,1.0,798.5013593963743,0,0,0.0,0.22104422748088837,256,32768,256,1.0,195.279138825662,0,0,0.0,0.3636617064476013
62,512x64,512,64,128,25.3158096075058,0.9581038203796549,0.3276242120191455,0.012929560005431995,1.0,239.04101366416398,0.0,0.0,0.13502366840839386,,,26.48615664243698,0.000503838062286377,23.38753203948339,True,512,131072,512,1.0,422.29047435309275,0,0,0.0,0.13502366840839386,64,32768,64,1.0,55.79155297523521,0,0,0.0,0.7437318563461304
62,64x16,64,16,128,23.6863312125206,0.9334689071502527,0.38744177762418985,0.01849434242467396,1.0,34.68511619396515,0.0,0.0,1.3710384368896484,,,26.48615664243698,0.000503838062286377,23.38753203948339,True,64,131072,64,1.0,54.17940073171707,0,0,0.0,1.3710384368896484,16,32768,16,1.0,15.190831656213238,0,0,0.0,2.089634418487549
63,2048x2048,2048,2048,128,26.47995686531067,0.969271469763588,0.29629973135888577,0.010032153659267351,0.994384765625,1190.7923148017253,11.5,0.0,0.21609190106391907,,,26.48615664243698,0.006199777126312256,23.394949090480804,True,2048,131072,2046,0.9990234375,907.2515538201447,2,0,0.0,0.5311871767044067,2048,32768,2027,0.98974609375,1474.333075783306,21,0,0.0,0.21609190106391907
63,2048x16,2048,16,128,25.0845485329628,0.9528006678086735,0.33633033093065023,0.01352102603414096,0.99951171875,496.41855360603034,1.0,0.0,0.5311871767044067,,,26.48615664243698,0.006199777126312256,23.394949090480804,True,2048,131072,2046,0.9990234375,977.8469459730918,2,0,0.0,0.5311871767044067,16,32768,16,1.0,14.990161238968877,0,0,0.0,1.9817003011703491
63,16x2,16,2,128,19.5455259680748,0.822639372092,0.5223503839224577,0.045808978262357414,1.0,7.656919418862053,0.0,0.0,3.039114475250244,,,26.48615664243698,0.006199777126312256,23.394949090480804,True,16,131072,16,1.0,13.313908757290326,0,0,0.0,3.039114475250244,2,32768,2,1.0,1.9999300804337798,0,0,0.0,11.52906608581543
63,1024x256,1024,256,128,25.939126133918762,0.9651512106504022,0.30775541067123413,0.011285506887361407,1.0,511.8879185419765,0.0,0.0,0.20479178428649902,,,26.48615664243698,0.006199777126312256,23.394949090480804,True,1024,131072,1024,1.0,822.5282588283445,0,0,0.0,0.20479178428649902,256,32768,256,1.0,201.24757825560843,0,0,0.0,0.3935222625732422
63,512x64,512,64,128,25.32947677373886,0.958194796739535,0.32693566754460335,0.01290374857489951,1.0,239.6215166795387,0.0,0.0,0.2246486395597458,,,26.48615664243698,0.006199777126312256,23.394949090480804,True,512,131072,512,1.0,422.47840146375324,0,0,0.0,0.2246486395597458,64,32768,64,1.0,56.76463189532418,0,0,0.0,0.8179047703742981
63,64x16,64,16,128,23.765194952487946,0.9338939713272799,0.3872939571738243,0.018193409458035603,1.0,35.0771981312312,0.0,0.0,1.2064168453216553,,,26.48615664243698,0.006199777126312256,23.394949090480804,True,64,131072,64,1.0,55.11048116477756,0,0,0.0,1.2064168453216553,16,32768,16,1.0,15.043915097684838,0,0,0.0,2.202777862548828
64,2048x2048,2048,2048,128,26.48034542798996,0.969364658431487,0.29597378708422184,0.010030941761215217,0.994384765625,1197.9536490716805,11.5,0.0,0.21609190106391907,,,26.48615664243698,0.005811214447021484,23.393955488999687,True,2048,131072,2046,0.9990234375,921.4913152409647,2,0,0.0,0.5311871767044067,2048,32768,2027,0.98974609375,1474.415982902396,21,0,0.0,0.21609190106391907
64,2048x16,2048,16,128,25.04331535100937,0.9527209431452965,0.3359326869249344,0.01363695939653553,0.99951171875,504.1502015444562,1.0,0.0,0.5311871767044067,,,26.48615664243698,0.005811214447021484,23.393955488999687,True,2048,131072,2046,0.9990234375,993.124820398719,2,0,0.0,0.5311871767044067,16,32768,16,1.0,15.175582690193432,0,0,0.0,1.956613540649414
64,16x2,16,2,128,19.589076459407806,0.8246801818437,0.5210768319666386,0.04547291423659772,1.0,7.687471392950313,0.0,0.0,3.505077600479126,,,26.48615664243698,0.005811214447021484,23.393955488999687,True,16,131072,16,1.0,13.375198499278948,0,0,0.0,3.505077600479126,2,32768,2,1.0,1.9997442866216775,0,0,0.0,11.542659759521484
64,1024x256,1024,256,128,25.9356929063797,0.9652212676582406,0.30702727008610964,0.011304385858238675,1.0,504.5183797733071,0.0,0.0,0.30416277050971985,,,26.48615664243698,0.005811214447021484,23.393955488999687,True,1024,131072,1024,1.0,810.2211256302065,0,0,0.0,0.30416277050971985,256,32768,256,1.0,198.81563391640768,0,0,0.0,0.39601144194602966
64,512x64,512,64,128,25.297340095043182,0.9581165871037653,0.3280639322474599,0.01299357827519998,1.0,239.19051032937136,0.0,0.0,0.22112645208835602,,,26.48615664243698,0.005811214447021484,23.393955488999687,True,512,131072,512,1.0,421.8139254361134,0,0,0.0,0.22112645208835602,64,32768,64,1.0,56.56709522262932,0,0,0.0,0.8869665861129761
64,64x16,64,16,128,23.725281238555908,0.9336986603822717,0.3882123837247491,0.018351104838075116,1.0,35.16639808238254,0.0,0.0,1.3139415979385376,,,26.48615664243698,0.005811214447021484,23.393955488999687,True,64,131072,64,1.0,55.164982038555536,0,0,0.0,1.3139415979385376,16,32768,16,1.0,15.167814126209542,0,0,0.0,2.3188719749450684
65,2048x2048,2048,2048,128,26.48463410139084,0.969412356482998,0.2960917092859745,0.010024604576756246,0.994384765625,1199.8292163322062,11.5,0.0,0.21609190106391907,,,26.48615664243698,0.0015225410461425781,23.40801592270533,True,2048,131072,2046,0.9990234375,924.2666000693473,2,0,0.0,0.5311871767044067,2048,32768,2027,0.98974609375,1475.3918325950654,21,0,0.0,0.21609190106391907
65,2048x16,2048,16,128,25.038934648036957,0.9527594098102647,0.3362778602167964,0.013667692750459537,0.99951171875,507.5862668788088,1.0,0.0,0.5311871767044067,,,26.48615664243698,0.0015225410461425781,23.40801592270533,True,2048,131072,2046,0.9990234375,1000.012859491398,2,0,0.0,0.5311871767044067,16,32768,16,1.0,15.159674266219588,0,0,0.0,1.9255971908569336
65,16x2,16,2,128,19.610468566417694,0.8252684219828437,0.5231012646108866,0.04527157812844962,1.0,7.848808978118362,0.0,0.0,3.263618230819702,,,26.48615664243698,0.0015225410461425781,23.40801592270533,True,16,131072,16,1.0,13.697772985914977,0,0,0.0,3.263618230819702,2,32768,2,1.0,1.9998449703217478,0,0,0.0,11.419137001037598
65,1024x256,1024,256,128,25.949222028255463,0.9653503145191433,0.30781957507133484,0.01126661483431235,1.0,505.9461783533319,0.0,0.0,0.2033737599849701,,,26.48615664243698,0.0015225410461425781,23.40801592270533,True,1024,131072,1024,1.0,814.085466435429,0,0,0.0,0.2033737599849701,256,32768,256,1.0,197.80689027123483,0,0,0.0,0.331453412771225
65,512x64,512,64,128,25.329121530056,0.9583763191300664,0.32704208232462406,0.012907951924717054,1.0,238.72113691476605,0.0,0.0,0.2775936722755432,,,26.48615664243698,0.0015225410461425781,23.40801592270533,True,512,131072,512,1.0,421.3507732425756,0,0,0.0,0.2775936722755432,64,32768,64,1.0,56.091500586956506,0,0,0.0,0.7798681855201721
65,64x16,64,16,128,23.7320356965065,0.9336146270643715,0.38933040015399456,0.01830627996241674,1.0,35.0978742153968,0.0,0.0,1.2593086957931519,,,26.48615664243698,0.0015225410461425781,23.40801592270533,True,64,131072,64,1.0,55.013466151124575,0,0,0.0,1.2593086957931519,16,32768,16,1.0,15.182282279669023,0,0,0.0,2.1744627952575684
66,2048x2048,2048,2048,128,26.48235785961151,0.9694896952060076,0.2956527816131711,0.010035046725533903,0.994873046875,1209.721290812302,10.5,0.0,0.21609190106391907,,,26.48615664243698,0.0037987828254699707,23.396811270713805,True,2048,131072,2046,0.9990234375,927.4573860402483,2,0,0.0,0.5311871767044067,2048,32768,2029,0.99072265625,1491.9851955843558,19,0,0.0,0.21609190106391907
66,2048x16,2048,16,128,25.038095593452454,0.9520575869447048,0.3372799837961793,0.013651076675159857,0.99951171875,509.5977289088327,1.0,0.0,0.5311871767044067,,,26.48615664243698,0.0037987828254699707,23.396811270713805,True,2048,131072,2046,0.9990234375,1004.1970931533657,2,0,0.0,0.5311871767044067,16,32768,16,1.0,14.99836466429979,0,0,0.0,2.141291618347168
66,16x2,16,2,128,19.587762713432312,0.8232948167096071,0.5215921876952052,0.045402050483971834,1.0,7.741985991027908,0.0,0.0,3.68941068649292,,,26.48615664243698,0.0037987828254699707,23.396811270713805,True,16,131072,16,1.0,13.48406033039009,0,0,0.0,3.68941068649292,2,32768,2,1.0,1.9999116516657263,0,0,0.0,11.259260177612305
66,1024x256,1024,256,128,25.963645040988922,0.9654088647492078,0.30728789046406746,0.011236467951675877,1.0,497.39909831502376,0.0,0.0,0.28057101368904114,,,26.48615664243698,0.0037987828254699707,23.396811270713805,True,1024,131072,1024,1.0,794.8829632824292,0,0,0.0,0.28057101368904114,256,32768,256,1.0,199.9152333476184,0,0,0.0,0.39140790700912476
66,512x64,512,64,128,25.318737506866455,0.9582237566063341,0.32776098418980837,0.012928827723953873,1.0,237.70492634779148,0.0,0.0,0.20778819918632507,,,26.48615664243698,0.0037987828254699707,23.396811270713805,True,512,131072,512,1.0,419.43043000021726,0,0,0.0,0.20778819918632507,64,32768,64,1.0,55.97942269536572,0,0,0.0,0.866352379322052
66,64x16,64,16,128,23.703841745853424,0.9329070596302311,0.38975735288113356,0.018405737617285922,1.0,34.70853921462103,0.0,0.0,1.2890210151672363,,,26.48615664243698,0.0037987828254699707,23.396811270713805,True,64,131072,64,1.0,54.40621092724838,0,0,0.0,1.2890210151672363,16,32768,16,1.0,15.010867501993674,0,0,0.0,2.292323112487793
67,2048x2048,2048,2048,128,26.48329222202301,0.9694543018481528,0.2961267987266183,0.010029036478954367,0.994384765625,1202.5325926313305,11.5,0.0,0.21609190106391907,,,26.48615664243698,0.0028644204139709473,23.38952678044637,True,2048,131072,2046,0.9990234375,928.0791588262167,2,0,0.0,0.5311871767044067,2048,32768,2027,0.98974609375,1476.9860264364445,21,0,0.0,0.21609190106391907
67,2048x16,2048,16,128,25.021739065647125,0.952352673761441,0.3368505174294114,0.013726234377827495,0.99951171875,506.9091223490898,1.0,0.0,0.5311871767044067,,,26.48615664243698,0.0028644204139709473,23.38952678044637,True,2048,131072,2046,0.9990234375,998.695921946321,2,0,0.0,0.5311871767044067,16,32768,16,1.0,15.122322751858517,0,0,0.0,1.8986682891845703
67,16x2,16,2,128,19.58587384223938,0.8248086965313018,0.5254311440512538,0.04545424971729517,1.0,7.722686255661738,0.0,0.0,3.420395612716675,,,26.48615664243698,0.0028644204139709473,23.38952678044637,True,16,131072,16,1.0,13.445375029619191,0,0,0.0,3.420395612716675,2,32768,2,1.0,1.9999974817042867,0,0,0.0,11.246600151062012
67,1024x256,1024,256,128,25.931326389312744,0.96520168842532,0.30908774212002754,0.011309665511362255,1.0,494.6238937905224,0.0,0.0,0.3000097870826721,,,26.48615664243698,0.0028644204139709473,23.38952678044637,True,1024,131072,1024,1.0,793.6633075890744,0,0,0.0,0.3000097870826721,256,32768,256,1.0,195.58447999197043,0,0,0.0,0.3570621609687805
67,512x64,512,64,128,25.303828954696655,0.9581170456084942,0.3283277414739132,0.01297973035252653,1.0,238.27196833103386,0.0,0.0,0.1847517192363739,,,26.48615664243698,0.0028644204139709473,23.38952678044637,True,512,131072,512,1.0,419.8857481667646,0,0,0.0,0.1847517192363739,64,32768,64,1.0,56.658188495303165,0,0,0.0,0.6197869181632996
67,64x16,64,16,128,23.716579616069794,0.9333926576177095,0.38962039817124605,0.018360558518907055,1.0,34.92864345445142,0.0,0.0,1.2895612716674805,,,26.48615664243698,0.0028644204139709473,23.38952678044637,True,64,131072,64,1.0,54.6926488996698,0,0,0.0,1.2895612716674805,16,32768,16,1.0,15.164638009233036,0,0,0.0,2.1694095134735107
68,2048x2048,2048,2048,128,26.485474050045013,0.9694111179311279,0.29617010708898306,0.010021589157986455,0.994384765625,1194.4928829986359,11.5,0.0,0.21609190106391907,,,26.48615664243698,0.0006825923919677734,23.401222769419352,True,2048,131072,2046,0.9990234375,921.4326732587671,2,0,0.0,0.5311871767044067,2048,32768,2027,0.98974609375,1467.5530927385046,21,0,0.0,0.21609190106391907
68,2048x16,2048,16,128,25.01977437734604,0.9524935158337019,0.33692845050245523,0.013713471096707508,0.99951171875,504.2564710879915,1.0,0.0,0.5311871767044067,,,26.48615664243698,0.0006825923919677734,23.401222769419352,True,2048,131072,2046,0.9990234375,993.4891322045115,2,0,0.0,0.5311871767044067,16,32768,16,1.0,15.023809971471467,0,0,0.0,1.9186335802078247
68,16x2,16,2,128,19.610464811325073,0.8250414366210876,0.5228772889822721,0.04529870115220547,1.0,7.7750748902794955,0.0,0.0,3.1107614040374756,,,26.48615664243698,0.0006825923919677734,23.401222769419352,True,16,131072,16,1.0,13.550419340235294,0,0,0.0,3.1107614040374756,2,32768,2,1.0,1.9997304403236968,0,0,0.0,10.941407203674316
68,1024x256,1024,256,128,25.945544123649597,0.965192315410211,0.3079842384904623,0.011271085168118589,1.0,502.6528932276627,0.0,0.0,0.1966691017150879,,,26.48615664243698,0.0006825923919677734,23.401222769419352,True,1024,131072,1024,1.0,813.8320987963582,0,0,0.0,0.1966691017150879,256,32768,256,1.0,191.47368765896718,0,0,0.0,0.4029718339443207
68,512x64,512,64,128,25.300060749053955,0.9581827416631894,0.32832003850489855,0.012987355614313856,1.0,235.04882514621795,0.0,0.0,0.29015862941741943,,,26.48615664243698,0.0006825923919677734,23.401222769419352,True,512,131072,512,1.0,414.28506098939414,0,0,0.0,0.29015862941741943,64,32768,64,1.0,55.812589303041776,0,0,0.0,0.8584796786308289
68,64x16,64,16,128,23.732155442237854,0.9335490238183004,0.38882661424577236,0.01827849418623373,1.0,35.05373026683091,0.0,0.0,1.2420501708984375,,,26.48615664243698,0.0006825923919677734,23.401222769419352,True,64,131072,64,1.0,55.03438409217273,0,0,0.0,1.2420501708984375,16,32768,16,1.0,15.0730764414891,0,0,0.0,2.123781442642212
69,2048x2048,2048,2048,128,26.483193039894104,0.9693600655530843,0.2961838520132005,0.010026785239460878,0.994140625,1195.374733142854,12.0,0.0,0.21609190106391907,,,26.48615664243698,0.0029636025428771973,23.387897610664368,True,2048,131072,2046,0.9990234375,915.3691325793097,2,0,0.0,0.5311871767044067,2048,32768,2026,0.9892578125,1475.3803337063985,22,0,0.0,0.21609190106391907
69,2048x16,2048,16,128,25.01141083240509,0.9523453806262487,0.3376555657014251,0.013745460426434875,0.99951171875,499.4217527682425,1.0,0.0,0.5311871767044067,,,26.48615664243698,0.0029636025428771973,23.387897610664368,True,2048,131072,2046,0.9990234375,983.729474557758,2,0,0.0,0.5311871767044067,16,32768,16,1.0,15.114030978727062,0,0,0.0,1.9960696697235107
69,16x2,16,2,128,19.563852667808533,0.8240526954628291,0.5242020832374692,0.04571866896003485,1.0,7.7097448231604035,0.0,0.0,3.582296848297119,,,26.48615664243698,0.0029636025428771973,23.387897610664368,True,16,131072,16,1.0,13.420067917621255,0,0,0.0,3.582296848297119,2,32768,2,1.0,1.999421728699552,0,0,0.0,10.780691146850586
69,1024x256,1024,256,128,25.952062249183655,0.9653326134716054,0.30844493117183447,0.011262533051194623,1.0,503.64877295834555,0.0,0.0,0.23337800800800323,,,26.48615664243698,0.0029636025428771973,23.387897610664368,True,1024,131072,1024,1.0,802.7727971498679,0,0,0.0,0.23337800800800323,256,32768,256,1.0,204.52474876682325,0,0,0.0,0.3427438735961914
69,512x64,512,64,128,25.334595441818237,0.9583058570251801,0.32752020098268986,0.012890193203929812,1.0,236.61550769472325,0.0,0.0,0.3284241259098053,,,26.48615664243698,0.0029636025428771973,23.387897610664368,True,512,131072,512,1.0,416.7235294381906,0,0,0.0,0.3284241259098053,64,32768,64,1.0,56.50748595125589,0,0,0.0,0.8831273317337036
69,64x16,64,16,128,23.71833884716034,0.9332302828249832,0.3890982950106263,0.018343354749958962,1.0,35.23880323304678,0.0,0.0,0.6436419486999512,,,26.48615664243698,0.0029636025428771973,23.387897610664368,True,64,131072,64,1.0,55.21190430064901,0,0,0.0,0.6436419486999512,16,32768,16,1.0,15.265702165444544,0,0,0.0,2.225280284881592
70,2048x2048,2048,2048,128,26.48573064804077,0.969437566356385,0.29606663482263684,0.010022950082202442,0.993896484375,1197.1801406321047,12.5,0.0,0.21609190106391907,,,26.48615664243698,0.0004259943962097168,23.417553488413493,True,2048,131072,2046,0.9990234375,924.9868793842693,2,0,0.0,0.5311871767044067,2048,32768,2025,0.98876953125,1469.3734018799403,23,0,0.0,0.21609190106391907
70,2048x16,2048,16,128,25.06389892101288,0.9529097487434693,0.3359693894162774,0.013587562105385587,0.99951171875,506.04370863527583,1.0,0.0,0.5311871767044067,,,26.48615664243698,0.0004259943962097168,23.417553488413493,True,2048,131072,2046,0.9990234375,996.886902880804,2,0,0.0,0.5311871767044067,16,32768,16,1.0,15.200514389747752,0,0,0.0,2.061093330383301
70,16x2,16,2,128,19.609941482543945,0.82503715944377,0.5233842441812158,0.045216326834633946,1.0,7.759922192969858,0.0,0.0,3.2757301330566406,,,26.48615664243698,0.0004259943962097168,23.417553488413493,True,16,131072,16,1.0,13.519987494985171,0,0,0.0,3.2757301330566406,2,32768,2,1.0,1.9998568909545449,0,0,0.0,11.690041542053223
70,1024x256,1024,256,128,25.97053223848343,0.9654341425017766,0.3075842075049877,0.01122566057892982,1.0,505.36933062172045,0.0,0.0,0.23247188329696655,,,26.48615664243698,0.0004259943962097168,23.417553488413493,True,1024,131072,1024,1.0,813.7765716223806,0,0,0.0,0.23247188329696655,256,32768,256,1.0,196.96208962106022,0,0,0.0,0.4561278820037842
70,512x64,512,64,128,25.32942634820938,0.9582219428311504,0.3274289332330227,0.012901786772999913,1.0,240.18203256582558,0.0,0.0,0.21274611353874207,,,26.48615664243698,0.0004259943962097168,23.417553488413493,True,512,131072,512,1.0,424.20796006756547,0,0,0.0,0.21274611353874207,64,32768,64,1.0,56.15610506408569,0,0,0.0,0.8795071840286255
70,64x16,64,16,128,23.757209300994873,0.9338628850996702,0.3893249873071909,0.01821895409375429,1.0,35.08078691654096,0.0,0.0,1.1395334005355835,,,26.48615664243698,0.0004259943962097168,23.417553488413493,True,64,131072,64,1.0,54.97497336983777,0,0,0.0,1.1395334005355835,16,32768,16,1.0,15.18660046324415,0,0,0.0,2.2545199394226074
71,2048x2048,2048,2048,128,26.484284162521362,0.9694375445593288,0.2963401502929628,0.010025416806456633,0.994384765625,1193.0991837432412,11.5,0.0,0.21609190106391907,,,26.48615664243698,0.0018724799156188965,23.403846605618796,True,2048,131072,2046,0.9990234375,919.0599524596341,2,0,0.0,0.5311871767044067,2048,32768,2027,0.98974609375,1467.138415026848,21,0,0.0,0.21609190106391907
71,2048x16,2048,16,128,25.023196756839752,0.9525462744603266,0.33608218375593424,0.013723291893256828,0.99951171875,501.96376129757476,1.0,0.0,0.5311871767044067,,,26.48615664243698,0.0018724799156188965,23.403846605618796,True,2048,131072,2046,0.9990234375,988.7824073183252,2,0,0.0,0.5311871767044067,16,32768,16,1.0,15.145115276824344,0,0,0.0,1.884516954421997
71,16x2,16,2,128,19.598328590393066,0.824851725974252,0.5234727701172233,0.045349298627115786,1.0,7.748771599084531,0.0,0.0,3.698136806488037,,,26.48615664243698,0.0018724799156188965,23.403846605618796,True,16,131072,16,1.0,13.497633856148868,0,0,0.0,3.698136806488037,2,32768,2,1.0,1.9999093420201943,0,0,0.0,11.322885513305664
71,1024x256,1024,256,128,25.970125436782837,0.9655920248594406,0.3076125541701913,0.011232709744945168,1.0,502.5823361344324,0.0,0.0,0.279965341091156,,,26.48615664243698,0.0018724799156188965,23.403846605618796,True,1024,131072,1024,1.0,803.558743298327,0,0,0.0,0.279965341091156,256,32768,256,1.0,201.60592897053778,0,0,0.0,0.4009517431259155
71,512x64,512,64,128,25.33200514316559,0.9583773218390109,0.326716523617506,0.01290040381718427,1.0,237.43198650061504,0.0,0.0,0.23535561561584473,,,26.48615664243698,0.0018724799156188965,23.403846605618796,True,512,131072,512,1.0,418.60992161194827,0,0,0.0,0.23535561561584473,64,32768,64,1.0,56.25405138928184,0,0,0.0,0.7930487394332886
71,64x16,64,16,128,23.723416566848755,0.9335926800515489,0.388489811681211,0.018352756276726723,1.0,35.04138464030872,0.0,0.0,1.0993279218673706,,,26.48615664243698,0.0018724799156188965,23.403846605618796,True,64,131072,64,1.0,54.77296316115418,0,0,0.0,1.0993279218673706,16,32768,16,1.0,15.309806119463266,0,0,0.0,2.327444076538086
72,2048x2048,2048,2048,128,26.48570454120636,0.9694475382040735,0.29615221731364727,0.010023289447417483,0.994384765625,1200.6663203526298,11.5,0.0,0.21609190106391907,,,26.48615664243698,0.0004521012306213379,23.41856209039688,True,2048,131072,2046,0.9990234375,924.9720445025235,2,0,0.0,0.5311871767044067,2048,32768,2027,0.98974609375,1476.360596202736,21,0,0.0,0.21609190106391907
72,2048x16,2048,16,128,25.03876131772995,0.9526297770648189,0.33658475056290627,0.01366119139129296,0.99951171875,504.63247181400243,1.0,0.0,0.5311871767044067,,,26.48615664243698,0.0004521012306213379,23.41856209039688,True,2048,131072,2046,0.9990234375,994.146153420786,2,0,0.0,0.5311871767044067,16,32768,16,1.0,15.118790207218755,0,0,0.0,2.035482883453369
72,16x2,16,2,128,19.635545909404755,0.8252493144493362,0.5232333121821284,0.04496484203264117,1.0,7.7709355321067,0.0,0.0,3.3205244541168213,,,26.48615664243698,0.0004521012306213379,23.41856209039688,True,16,131072,16,1.0,13.541881927150076,0,0,0.0,3.3205244541168213,2,32768,2,1.0,1.9999891370633232,0,0,0.0,11.122356414794922
72,1024x256,1024,256,128,25.970772325992584,0.965478258966406,0.3076431881636381,0.011220432032132521,1.0,500.52137383663865,0.0,0.0,0.2599949836730957,,,26.48615664243698,0.0004521012306213379,23.41856209039688,True,1024,131072,1024,1.0,798.5187660167346,0,0,0.0,0.2599949836730957,256,32768,256,1.0,202.5239816565427,0,0,0.0,0.29523536562919617
72,512x64,512,64,128,25.32084035873413,0.9582257721549978,0.3281485317274928,0.012917659973027185,1.0,234.9359737901157,0.0,0.0,0.22125229239463806,,,26.48615664243698,0.0004521012306213379,23.41856209039688,True,512,131072,512,1.0,412.59107463413477,0,0,0.0,0.22125229239463806,64,32768,64,1.0,57.28087294609664,0,0,0.0,0.9702824354171753
72,64x16,64,16,128,23.734272360801697,0.9336125520406234,0.38928929902613163,0.018309070583200082,1.0,35.1032510323878,0.0,0.0,1.1583702564239502,,,26.48615664243698,0.0004521012306213379,23.41856209039688,True,64,131072,64,1.0,55.021064856692924,0,0,0.0,1.1583702564239502,16,32768,16,1.0,15.18543720808268,0,0,0.0,2.186763048171997
73,2048x2048,2048,2048,128,26.486268639564514,0.9694332948926244,0.296026227530092,0.010022156580816954,0.994873046875,1201.16137744405,10.5,0.0,0.21609190106391907,,,26.48615664243698,-0.00011199712753295898,23.41693199078242,True,2048,131072,2046,0.9990234375,920.0444542395438,2,0,0.0,0.5311871767044067,2048,32768,2029,0.99072265625,1482.2783006485563,19,0,0.0,0.21609190106391907
73,2048x16,2048,16,128,25.060985028743744,0.9526324109220897,0.33647908456623554,0.01359898058581166,0.99951171875,502.59007371181707,1.0,0.0,0.5311871767044067,,,26.48615664243698,-0.00011199712753295898,23.41693199078242,True,2048,131072,2046,0.9990234375,990.0564518720457,2,0,0.0,0.5311871767044067,16,32768,16,1.0,15.123695551588431,0,0,0.0,2.144146203994751
73,16x2,16,2,128,19.588217794895172,0.8246667600163774,0.5236134976148605,0.04543361777905375,1.0,7.675141008778925,0.0,0.0,3.616586208343506,,,26.48615664243698,-0.00011199712753295898,23.41693199078242,True,16,131072,16,1.0,13.350346926664914,0,0,0.0,3.616586208343506,2,32768,2,1.0,1.9999350908929359,0,0,0.0,11.692341804504395
73,1024x256,1024,256,128,25.98454350233078,0.9655063823784169,0.30730232037603855,0.011186277493834496,1.0,503.1803704297204,0.0,0.0,0.31289181113243103,,,26.48615664243698,-0.00011199712753295898,23.41693199078242,True,1024,131072,1024,1.0,803.9499653261338,0,0,0.0,0.31289181113243103,256,32768,256,1.0,202.41077553330706,0,0,0.0,0.3971376419067383
73,512x64,512,64,128,25.355261623859406,0.9585388112238099,0.32652600575238466,0.012828757375245914,1.0,234.63241821513833,0.0,0.0,0.2363654524087906,,,26.48615664243698,-0.00011199712753295898,23.41693199078242,True,512,131072,512,1.0,412.2371718653436,0,0,0.0,0.2363654524087906,64,32768,64,1.0,57.027664564933076,0,0,0.0,0.9752829670906067
73,64x16,64,16,128,23.769386649131775,0.9338812625349819,0.3890665313228965,0.018154623568989336,1.0,34.98286223211156,0.0,0.0,1.3230782747268677,,,26.48615664243698,-0.00011199712753295898,23.41693199078242,True,64,131072,64,1.0,54.779716035428955,0,0,0.0,1.3230782747268677,16,32768,16,1.0,15.186008428794157,0,0,0.0,2.375673532485962
74,2048x2048,2048,2048,128,26.48589128255844,0.9694754392531318,0.29570667864754796,0.010027373136836104,0.994873046875,1206.8319292263118,10.5,0.0,0.21609190106391907,,,26.48615664243698,0.00026535987854003906,23.39178913036982,True,2048,131072,2046,0.9990234375,929.7845477310757,2,0,0.0,0.5311871767044067,2048,32768,2029,0.99072265625,1483.8793107215477,19,0,0.0,0.21609190106391907
74,2048x16,2048,16,128,24.98650699853897,0.9522670654368788,0.3367958553135395,0.01381672007846646,0.99951171875,507.14491516608433,1.0,0.0,0.5311871767044067,,,26.48615664243698,0.00026535987854003906,23.39178913036982,True,2048,131072,2046,0.9990234375,999.301175233573,2,0,0.0,0.5311871767044067,16,32768,16,1.0,14.988655098595707,0,0,0.0,1.8337607383728027
74,16x2,16,2,128,19.59584778547287,0.8249008819395938,0.5220524156466126,0.045326456194743514,1.0,7.865080539467066,0.0,0.0,3.4448273181915283,,,26.48615664243698,0.00026535987854003906,23.39178913036982,True,16,131072,16,1.0,13.730161917124391,0,0,0.0,3.4448273181915283,2,32768,2,1.0,1.9999991618097415,0,0,0.0,11.364250183105469
74,1024x256,1024,256,128,25.93756240606308,0.9653397775818686,0.3082042885944247,0.011297149350866675,1.0,506.1066755831992,0.0,0.0,0.2499389499425888,,,26.48615664243698,0.00026535987854003906,23.39178913036982,True,1024,131072,1024,1.0,817.836168348555,0,0,0.0,0.2499389499425888,256,32768,256,1.0,194.37718281784342,0,0,0.0,0.28984665870666504
74,512x64,512,64,128,25.319461941719055,0.9582780246641116,0.3269569734111428,0.012908564356621355,1.0,238.49456116660357,0.0,0.0,0.31283503770828247,,,26.48615664243698,0.00026535987854003906,23.39178913036982,True,512,131072,512,1.0,420.86269043768374,0,0,0.0,0.31283503770828247,64,32768,64,1.0,56.126431895523424,0,0,0.0,0.8389717936515808
74,64x16,64,16,128,23.719376385211945,0.9332573743590666,0.38853864930570126,0.018325272627407685,1.0,35.12381375165923,0.0,0.0,1.0509525537490845,,,26.48615664243698,0.00026535987854003906,23.39178913036982,True,64,131072,64,1.0,55.154057802846225,0,0,0.0,1.0509525537490845,16,32768,16,1.0,15.093569700472234,0,0,0.0,2.0952537059783936
75,2048x2048,2048,2048,128,26.486672937870026,0.9694276614976844,0.29590334510430694,0.010021324298577383,0.994384765625,1193.4710048765075,11.5,0.0,0.21609190106391907,,,26.48615664243698,-0.0005162954330444336,23.411757938067115,True,2048,131072,2046,0.9990234375,919.6211080507084,2,0,0.0,0.5311871767044067,2048,32768,2027,0.98974609375,1467.3209017023069,21,0,0.0,0.21609190106391907
75,2048x16,2048,16,128,25.028222262859344,0.9525445540679038,0.3361763833090663,0.013682332471944392,0.99951171875,504.2985025913324,1.0,0.0,0.5311871767044067,,,26.48615664243698,-0.0005162954330444336,23.411757938067115,True,2048,131072,2046,0.9990234375,993.432981874573,2,0,0.0,0.5311871767044067,16,32768,16,1.0,15.1640233080918,0,0,0.0,1.8470748662948608
75,16x2,16,2,128,19.602781176567078,0.825351469616059,0.5216534305363894,0.04527987027540803,1.0,7.865613063844344,0.0,0.0,3.610041856765747,,,26.48615664243698,-0.0005162954330444336,23.411757938067115,True,16,131072,16,1.0,13.731312196178434,0,0,0.0,3.610041856765747,2,32768,2,1.0,1.9999139315102525,0,0,0.0,11.626084327697754
75,1024x256,1024,256,128,25.965026319026947,0.9654106877706053,0.3074488081037998,0.011233927041757852,1.0,503.75038525980614,0.0,0.0,0.2755291163921356,,,26.48615664243698,-0.0005162954330444336,23.411757938067115,True,1024,131072,1024,1.0,811.6046952461394,0,0,0.0,0.2755291163921356,256,32768,256,1.0,195.89607527347286,0,0,0.0,0.2772057354450226
75,512x64,512,64,128,25.34856241941452,0.9584350971496012,0.3266538232564926,0.012833718181354925,1.0,237.75730961762156,0.0,0.0,0.21173101663589478,,,26.48615664243698,-0.0005162954330444336,23.411757938067115,True,512,131072,512,1.0,419.2787155425503,0,0,0.0,0.21173101663589478,64,32768,64,1.0,56.23590369269286,0,0,0.0,0.7653842568397522
75,64x16,64,16,128,23.752747654914856,0.934062530605411,0.388360389508307,0.01820091938134283,1.0,34.88921038362228,0.0,0.0,1.3556315898895264,,,26.48615664243698,-0.0005162954330444336,23.411757938067115,True,64,131072,64,1.0,54.5477179495833,0,0,0.0,1.3556315898895264,16,32768,16,1.0,15.23070281766125,0,0,0.0,2.018263578414917
76,2048x2048,2048,2048,128,26.4879110455513,0.9694842923161644,0.29589450592175126,0.010021947804489173,0.994384765625,1200.8623715417534,11.5,0.0,0.21609190106391907,,,26.48615664243698,-0.0017544031143188477,23.412481339772537,True,2048,131072,2046,0.9990234375,923.3927359519629,2,0,0.0,0.5311871767044067,2048,32768,2027,0.98974609375,1478.3320071315438,21,0,0.0,0.21609190106391907
76,2048x16,2048,16,128,25.055789530277252,0.9526350196774551,0.33710440434515476,0.01360309572191909,0.99951171875,501.85877142095944,1.0,0.0,0.5311871767044067,,,26.48615664243698,-0.0017544031143188477,23.412481339772537,True,2048,131072,2046,0.9990234375,988.6253443433875,2,0,0.0,0.5311871767044067,16,32768,16,1.0,15.092198498531419,0,0,0.0,1.931101679801941
76,16x2,16,2,128,19.586785197257996,0.8245784130805438,0.5237933499738574,0.045418571098707616,1.0,7.783164371839637,0.0,0.0,3.6139228343963623,,,26.48615664243698,-0.0017544031143188477,23.412481339772537,True,16,131072,16,1.0,13.5663293732533,0,0,0.0,3.6139228343963623,2,32768,2,1.0,1.9999993704259726,0,0,0.0,11.213105201721191
76,1024x256,1024,256,128,25.97663825750351,0.9654942897475892,0.30749655701220036,0.011210472090169787,1.0,509.22992357159177,0.0,0.0,0.3042859137058258,,,26.48615664243698,-0.0017544031143188477,23.412481339772537,True,1024,131072,1024,1.0,814.6503490409539,0,0,0.0,0.3042859137058258,256,32768,256,1.0,203.80949810222967,0,0,0.0,0.44306567311286926
76,512x64,512,64,128,25.356441259384155,0.958660129405222,0.3269844697788358,0.01281619755900465,1.0,238.9382584703475,0.0,0.0,0.3225969672203064,,,26.48615664243698,-0.0017544031143188477,23.412481339772537,True,512,131072,512,1.0,420.99850558813364,0,0,0.0,0.3225969672203064,64,32768,64,1.0,56.87801135256137,0,0,0.0,0.9206778407096863
76,64x16,64,16,128,23.74986696243286,0.9338044119427905,0.3902872335165739,0.018202626815764233,1.0,34.92153313035014,0.0,0.0,1.2392089366912842,,,26.48615664243698,-0.0017544031143188477,23.412481339772537,True,64,131072,64,1.0,54.720863425662834,0,0,0.0,1.2392089366912842,16,32768,16,1.0,15.122202835037456,0,0,0.0,2.2700607776641846
77,2048x2048,2048,2048,128,26.48482435941696,0.96941167385558,0.29602883849292994,0.010023399008787237,0.994384765625,1198.3185805343323,11.5,0.0,0.21609190106391907,,,26.48615664243698,0.0013322830200195312,23.39985707203547,True,2048,131072,2046,0.9990234375,920.9174051281939,2,0,0.0,0.5311871767044067,2048,32768,2027,0.98974609375,1475.7197559404706,21,0,0.0,0.21609190106391907
77,2048x16,2048,16,128,25.056786835193634,0.9526335352334651,0.33631526678800583,0.013597855780972168,0.99951171875,502.91023103827314,1.0,0.0,0.5311871767044067,,,26.48615664243698,0.0013322830200195312,23.39985707203547,True,2048,131072,2046,0.9990234375,990.682808163339,2,0,0.0,0.5311871767044067,16,32768,16,1.0,15.137653913207242,0,0,0.0,2.1512885093688965
77,16x2,16,2,128,19.589484989643097,0.8248215353445938,0.5221306663006544,0.045397375361062586,1.0,7.757718145437554,0.0,0.0,3.575359582901001,,,26.48615664243698,0.0013322830200195312,23.39985707203547,True,16,131072,16,1.0,13.515558333869388,0,0,0.0,3.575359582901001,2,32768,2,1.0,1.9998779570057197,0,0,0.0,11.381060600280762
77,1024x256,1024,256,128,25.951072454452515,0.9653593481401005,0.3077187333256006,0.01126129501790274,1.0,514.1854909602425,0.0,0.0,0.2554490268230438,,,26.48615664243698,0.0013322830200195312,23.39985707203547,True,1024,131072,1024,1.0,829.6316171089017,0,0,0.0,0.2554490268230438,256,32768,256,1.0,198.73936481158339,0,0,0.0,0.4170807898044586
77,512x64,512,64,128,25.30519473552704,0.9582974226339694,0.3279476445168257,0.012950091157108545,1.0,239.71937053790217,0.0,0.0,0.29587820172309875,,,26.48615664243698,0.0013322830200195312,23.39985707203547,True,512,131072,512,1.0,422.9663577624302,0,0,0.0,0.29587820172309875,64,32768,64,1.0,56.472383313374095,0,0,0.0,0.8974774479866028
77,64x16,64,16,128,23.727337181568146,0.9334831524262771,0.3897412559017539,0.018291051062988117,1.0,35.54284048811539,0.0,0.0,1.32143235206604,,,26.48615664243698,0.0013322830200195312,23.39985707203547,True,64,131072,64,1.0,55.941960464907105,0,0,0.0,1.32143235206604,16,32768,16,1.0,15.143720511323671,0,0,0.0,2.1593353748321533
78,2048x2048,2048,2048,128,26.486250042915344,0.969409962428701,0.29593957867473364,0.010021986949141137,0.99462890625,1196.3691331675911,11.0,0.0,0.21609190106391907,,,26.48615664243698,-9.340047836303711e-05,23.408168999354043,True,2048,131072,2046,0.9990234375,914.4459819487766,2,0,0.0,0.5311871767044067,2048,32768,2028,0.990234375,1478.2922843864058,20,0,0.0,0.21609190106391907
78,2048x16,2048,16,128,25.017483115196228,0.9521240900204696,0.3359380317851901,0.013717382884351537,0.99951171875,497.86757198823153,1.0,0.0,0.5311871767044067,,,26.48615664243698,-9.340047836303711e-05,23.408168999354043,True,2048,131072,2046,0.9990234375,980.6426167150175,2,0,0.0,0.5311871767044067,16,32768,16,1.0,15.092527261445564,0,0,0.0,1.8385064601898193
78,16x2,16,2,128,19.612340092658997,0.8252054271284381,0.5234639942646027,0.045164732029661536,1.0,7.710844863298344,0.0,0.0,3.61014461517334,,,26.48615664243698,-9.340047836303711e-05,23.408168999354043,True,16,131072,16,1.0,13.4216924423327,0,0,0.0,3.61014461517334,2,32768,2,1.0,1.999997284263987,0,0,0.0,11.177133560180664
78,1024x256,1024,256,128,25.958673894405365,0.9654272544432847,0.30705132987350225,0.011248930066358298,1.0,512.1069281681862,0.0,0.0,0.31137415766716003,,,26.48615664243698,-9.340047836303711e-05,23.408168999354043,True,1024,131072,1024,1.0,820.9163593372591,0,0,0.0,0.31137415766716003,256,32768,256,1.0,203.29749699911332,0,0,0.0,0.38440853357315063
78,512x64,512,64,128,25.341209709644318,0.9585172937960249,0.32695295941084623,0.012852913030656055,1.0,238.36761678780252,0.0,0.0,0.242576465010643,,,26.48615664243698,-9.340047836303711e-05,23.408168999354043,True,512,131072,512,1.0,419.9120322467028,0,0,0.0,0.242576465010643,64,32768,64,1.0,56.823201328902236,0,0,0.0,0.8758757710456848
78,64x16,64,16,128,23.726800501346588,0.9337595776480895,0.38766179140657187,0.018280946387676522,1.0,35.475590035120476,0.0,0.0,1.2002078294754028,,,26.48615664243698,-9.340047836303711e-05,23.408168999354043,True,64,131072,64,1.0,55.794159534658924,0,0,0.0,1.2002078294754028,16,32768,16,1.0,15.157020535582033,0,0,0.0,1.958475112915039
79,2048x2048,2048,2048,128,26.48650574684143,0.9694152430571774,0.29586091032251716,0.010023277864092961,0.994384765625,1196.8740484382888,11.5,0.0,0.21609190106391907,,,26.48615664243698,-0.0003491044044494629,23.4024041334788,True,2048,131072,2046,0.9990234375,921.7502105064057,2,0,0.0,0.5311871767044067,2048,32768,2027,0.98974609375,1471.9978863701717,21,0,0.0,0.21609190106391907
79,2048x16,2048,16,128,24.992031395435333,0.9519332485355982,0.33648129366338253,0.01379784382879734,0.99951171875,501.32191172239897,1.0,0.0,0.5311871767044067,,,26.48615664243698,-0.0003491044044494629,23.4024041334788,True,2048,131072,2046,0.9990234375,987.6191009221632,2,0,0.0,0.5311871767044067,16,32768,16,1.0,15.024722522634713,0,0,0.0,1.6233394145965576
79,16x2,16,2,128,19.589617609977722,0.8243633232119771,0.523457701317966,0.04539543343707919,1.0,7.728067187931241,0.0,0.0,3.7934420108795166,,,26.48615664243698,-0.0003491044044494629,23.4024041334788,True,16,131072,16,1.0,13.456504006407346,0,0,0.0,3.7934420108795166,2,32768,2,1.0,1.9996303694551352,0,0,0.0,11.209165573120117
79,1024x256,1024,256,128,25.950689613819122,0.965249096703081,0.30801798310130835,0.011258657454163767,1.0,496.0466281839522,0.0,0.0,0.2980228066444397,,,26.48615664243698,-0.0003491044044494629,23.4024041334788,True,1024,131072,1024,1.0,800.123481188377,0,0,0.0,0.2980228066444397,256,32768,256,1.0,191.9697751795274,0,0,0.0,0.3102826476097107
79,512x64,512,64,128,25.345393180847168,0.9585790157956048,0.3265451341867447,0.012841644551372156,1.0,237.3505612580747,0.0,0.0,0.21489256620407104,,,26.48615664243698,-0.0003491044044494629,23.4024041334788,True,512,131072,512,1.0,418.4286233640888,0,0,0.0,0.21489256620407104,64,32768,64,1.0,56.27249915206054,0,0,0.0,0.8208877444267273
79,64x16,64,16,128,23.769367039203644,0.9339413801045088,0.3878434868529439,0.01812511164462194,1.0,35.467764080572245,0.0,0.0,1.3629697561264038,,,26.48615664243698,-0.0003491044044494629,23.4024041334788,True,64,131072,64,1.0,55.70301489384164,0,0,0.0,1.3629697561264038,16,32768,16,1.0,15.232513267302847,0,0,0.0,2.229559898376465
80,2048x2048,2048,2048,128,26.488403916358948,0.9694325109438233,0.2959197135642171,0.010018892280641012,0.994384765625,1195.9971473548833,11.5,0.0,0.21609190106391907,,,26.48615664243698,-0.0022472739219665527,23.41576339403788,True,2048,131072,2046,0.9990234375,916.8808959341926,2,0,0.0,0.5311871767044067,2048,32768,2027,0.98974609375,1475.1133987755738,21,0,0.0,0.21609190106391907
80,2048x16,2048,16,128,25.02934032678604,0.9524758752364215,0.33690092992037535,0.013686900812899694,0.99951171875,499.2990032736968,1.0,0.0,0.5311871767044067,,,26.48615664243698,-0.0022472739219665527,23.41576339403788,True,2048,131072,2046,0.9990234375,983.4373976968405,2,0,0.0,0.5311871767044067,16,32768,16,1.0,15.160608850553109,0,0,0.0,1.837530493736267
80,16x2,16,2,128,19.60239541530609,0.824783474914524,0.5253159012645483,0.045304955216124654,1.0,7.6973423371398475,0.0,0.0,3.923961639404297,,,26.48615664243698,-0.0022472739219665527,23.41576339403788,True,16,131072,16,1.0,13.394901038964493,0,0,0.0,3.923961639404297,2,32768,2,1.0,1.9997836353152023,0,0,0.0,11.382721900939941
80,1024x256,1024,256,128,25.972490787506104,0.9655102808130502,0.3071378581225872,0.011224998204852454,1.0,506.43675984752286,0.0,0.0,0.2729889452457428,,,26.48615664243698,-0.0022472739219665527,23.41576339403788,True,1024,131072,1024,1.0,812.5113979358671,0,0,0.0,0.2729889452457428,256,32768,256,1.0,200.36212175917865,0,0,0.0,0.3581153452396393
80,512x64,512,64,128,25.361710727214813,0.9586861439229029,0.32660018745809793,0.012809064151952043,1.0,237.59725004887403,0.0,0.0,0.1652267575263977,,,26.48615664243698,-0.0022472739219665527,23.41576339403788,True,512,131072,512,1.0,418.21585361667877,0,0,0.0,0.1652267575263977,64,32768,64,1.0,56.97864648106927,0,0,0.0,0.8850867748260498
80,64x16,64,16,128,23.760291159152985,0.9339144163348853,0.3874721759930253,0.018174092343542725,1.0,35.4212019264988,0.0,0.0,1.2364023923873901,,,26.48615664243698,-0.0022472739219665527,23.41576339403788,True,64,131072,64,1.0,55.59269601891286,0,0,0.0,1.2364023923873901,16,32768,16,1.0,15.249707834084743,0,0,0.0,2.125100612640381
81,2048x2048,2048,2048,128,26.486479461193085,0.9694242609970917,0.29582948656752706,0.0100221830944065,0.99462890625,1199.8032914685452,11.0,0.0,0.21609190106391907,,,26.48615664243698,-0.0003228187561035156,23.41844594081243,True,2048,131072,2046,0.9990234375,919.0591392752145,2,0,0.0,0.5311871767044067,2048,32768,2028,0.990234375,1480.5474436618758,20,0,0.0,0.21609190106391907
81,2048x16,2048,16,128,25.05329716205597,0.9525991105196323,0.33602767065167427,0.013614022493129596,0.99951171875,500.41404730753817,1.0,0.0,0.5311871767044067,,,26.48615664243698,-0.0003228187561035156,23.41844594081243,True,2048,131072,2046,0.9990234375,985.6056038464636,2,0,0.0,0.5311871767044067,16,32768,16,1.0,15.22249076861273,0,0,0.0,1.88271164894104
81,16x2,16,2,128,19.62055855989456,0.8255145052092614,0.5231300070881844,0.0451277099782601,1.0,7.766195243704884,0.0,0.0,3.827990770339966,,,26.48615664243698,-0.0003228187561035156,23.41844594081243,True,16,131072,16,1.0,13.532430008884381,0,0,0.0,3.827990770339966,2,32768,2,1.0,1.9999604785253853,0,0,0.0,11.41657543182373
81,1024x256,1024,256,128,25.962996542453766,0.965401282325511,0.30712768621742725,0.011240221967455,1.0,511.97876050855456,0.0,0.0,0.2783871293067932,,,26.48615664243698,-0.0003228187561035156,23.41844594081243,True,1024,131072,1024,1.0,824.660369040168,0,0,0.0,0.3166397511959076,256,32768,256,1.0,199.29715197694114,0,0,0.0,0.2783871293067932
81,512x64,512,64,128,25.343246817588806,0.9585337643836567,0.3269127095118165,0.012864194141002372,1.0,239.27145303374567,0.0,0.0,0.23738504946231842,,,26.48615664243698,-0.0003228187561035156,23.41844594081243,True,512,131072,512,1.0,422.1510570972601,0,0,0.0,0.23738504946231842,64,32768,64,1.0,56.39184897023125,0,0,0.0,0.8824778199195862
81,64x16,64,16,128,23.740928173065186,0.9341721652153216,0.38818641006946564,0.01826294494094327,1.0,35.73049470985951,0.0,0.0,0.9404921531677246,,,26.48615664243698,-0.0003228187561035156,23.41844594081243,True,64,131072,64,1.0,56.16298333054877,0,0,0.0,0.9404921531677246,16,32768,16,1.0,15.298006089170244,0,0,0.0,2.2350497245788574
82,2048x2048,2048,2048,128,26.486953794956207,0.9694068273519032,0.2958030975423753,0.010020284622441977,0.994384765625,1195.4745206599134,11.5,0.0,0.21609190106391907,,,26.48615664243698,-0.0007971525192260742,23.418930002053578,True,2048,131072,2046,0.9990234375,917.080628507627,2,0,0.0,0.5311871767044067,2048,32768,2027,0.98974609375,1473.8684128121997,21,0,0.0,0.21609190106391907
82,2048x16,2048,16,128,25.012303054332733,0.952080693510173,0.33672208432108164,0.01373020329629071,0.99951171875,498.77013696569094,1.0,0.0,0.5311871767044067,,,26.48615664243698,-0.0007971525192260742,23.418930002053578,True,2048,131072,2046,0.9990234375,982.4484258606063,2,0,0.0,0.5311871767044067,16,32768,16,1.0,15.091848070775502,0,0,0.0,1.6184577941894531
82,16x2,16,2,128,19.61895400285721,0.824969242880851,0.5232066018506885,0.04512770508881658,1.0,7.749305670243547,0.0,0.0,3.433666467666626,,,26.48615664243698,-0.0007971525192260742,23.418930002053578,True,16,131072,16,1.0,13.498622203423771,0,0,0.0,3.433666467666626,2,32768,2,1.0,1.9999891370633232,0,0,0.0,11.208856582641602
82,1024x256,1024,256,128,25.97567856311798,0.9655379098598825,0.3072858527302742,0.011206052673514932,1.0,507.63556506478653,0.0,0.0,0.32295143604278564,,,26.48615664243698,-0.0007971525192260742,23.418930002053578,True,1024,131072,1024,1.0,814.2245794926919,0,0,0.0,0.32295143604278564,256,32768,256,1.0,201.04655063688116,0,0,0.0,0.4501529335975647
82,512x64,512,64,128,25.36248344182968,0.9587427636037927,0.3262926833704114,0.012798695534002036,1.0,239.07076217343217,0.0,0.0,0.30449509620666504,,,26.48615664243698,-0.0007971525192260742,23.418930002053578,True,512,131072,512,1.0,421.3352926508775,0,0,0.0,0.30449509620666504,64,32768,64,1.0,56.806231695986895,0,0,0.0,0.9572778344154358
82,64x16,64,16,128,23.757171154022217,0.9340732770529796,0.3869982259348035,0.018181398598244414,1.0,35.427840911662074,0.0,0.0,1.1626341342926025,,,26.48615664243698,-0.0007971525192260742,23.418930002053578,True,64,131072,64,1.0,55.725580802382424,0,0,0.0,1.1626341342926025,16,32768,16,1.0,15.130101020941728,0,0,0.0,2.0788991451263428
83,2048x2048,2048,2048,128,26.486392378807068,0.9694436621096016,0.2958170771598816,0.01002213466563262,0.9951171875,1202.0161519493445,10.0,0.0,0.21609190106391907,,,26.48615664243698,-0.00023573637008666992,23.411265877882638,True,2048,131072,2046,0.9990234375,917.6776253832089,2,0,0.0,0.5311871767044067,2048,32768,2030,0.9912109375,1486.3546785154801,18,0,0.0,0.21609190106391907
83,2048x16,2048,16,128,24.99731206893921,0.9519870915424027,0.3364028427749872,0.013773330952972174,0.99951171875,499.91843790319075,1.0,0.0,0.5311871767044067,,,26.48615664243698,-0.00023573637008666992,23.411265877882638,True,2048,131072,2046,0.9990234375,984.6720901104992,2,0,0.0,0.5311871767044067,16,32768,16,1.0,15.164785695882268,0,0,0.0,1.7266823053359985
83,16x2,16,2,128,19.623508155345917,0.8248982671685944,0.5221556928008795,0.04507963184732944,1.0,7.8130799805572515,0.0,0.0,3.4633524417877197,,,26.48615664243698,-0.00023573637008666992,23.411265877882638,True,16,131072,16,1.0,13.626173822903692,0,0,0.0,3.4633524417877197,2,32768,2,1.0,1.9999861382108117,0,0,0.0,11.281508445739746
83,1024x256,1024,256,128,25.966080009937286,0.9654582900267098,0.30705274641513824,0.011232969103730284,1.0,508.9745634425805,0.0,0.0,0.3308371305465698,,,26.48615664243698,-0.00023573637008666992,23.411265877882638,True,1024,131072,1024,1.0,819.0753354243712,0,0,0.0,0.3308371305465698,256,32768,256,1.0,198.87379146078982,0,0,0.0,0.389568567276001
83,512x64,512,64,128,25.339162170886993,0.9585643529504753,0.3263736590743065,0.012866238539572805,1.0,240.4760280354916,0.0,0.0,0.3337215781211853,,,26.48615664243698,-0.00023573637008666992,23.411265877882638,True,512,131072,512,1.0,424.04249511133946,0,0,0.0,0.3337215781211853,64,32768,64,1.0,56.909560959643706,0,0,0.0,0.8876928687095642
83,64x16,64,16,128,23.73677706718445,0.9339936816252109,0.3879498662427068,0.0182642275467515,1.0,35.68043591807388,0.0,0.0,1.1619842052459717,,,26.48615664243698,-0.00023573637008666992,23.411265877882638,True,64,131072,64,1.0,56.17575789535021,0,0,0.0,1.1619842052459717,16,32768,16,1.0,15.185113940797553,0,0,0.0,1.9479413032531738
84,2048x2048,2048,2048,128,26.48598438501358,0.9694246409906319,0.2958426019176841,0.010022143324022181,0.99462890625,1199.0343935564617,11.0,0.0,0.21609190106391907,,,26.48615664243698,0.0001722574234008789,23.414612555503844,True,2048,131072,2046,0.9990234375,920.4892289658097,2,0,0.0,0.5311871767044067,2048,32768,2028,0.990234375,1477.5795581471136,20,0,0.0,0.21609190106391907
84,2048x16,2048,16,128,25.025347232818604,0.9523819990904414,0.33631417620927095,0.013691957399714738,0.99951171875,499.3008991034249,1.0,0.0,0.5311871767044067,,,26.48615664243698,0.0001722574234008789,23.414612555503844,True,2048,131072,2046,0.9990234375,983.3692516163255,2,0,0.0,0.5311871767044067,16,32768,16,1.0,15.23254659052432,0,0,0.0,1.848946213722229
84,16x2,16,2,128,19.60524809360504,0.8247344875275099,0.5221391776576638,0.04525553865823895,1.0,7.804983029436061,0.0,0.0,3.4646854400634766,,,26.48615664243698,0.0001722574234008789,23.414612555503844,True,16,131072,16,1.0,13.609972630280609,0,0,0.0,3.4646854400634766,2,32768,2,1.0,1.9999934285915122,0,0,0.0,11.386433601379395
84,1024x256,1024,256,128,25.984344959259033,0.9656381280928523,0.30694735888391733,0.011185804643901065,1.0,505.19306007648845,0.0,0.0,0.25810086727142334,,,26.48615664243698,0.0001722574234008789,23.414612555503844,True,1024,131072,1024,1.0,807.6579480498997,0,0,0.0,0.25810086727142334,256,32768,256,1.0,202.7281721030772,0,0,0.0,0.43819141387939453
84,512x64,512,64,128,25.35679841041565,0.9586501193857876,0.3264672998338938,0.012808982486603782,1.0,238.20246505241553,0.0,0.0,0.22394053637981415,,,26.48615664243698,0.0001722574234008789,23.414612555503844,True,512,131072,512,1.0,419.1889459701842,0,0,0.0,0.22394053637981415,64,32768,64,1.0,57.21598413464685,0,0,0.0,0.8652784824371338
84,64x16,64,16,128,23.74399894475937,0.9340731005123991,0.38796908408403397,0.018225550331408158,1.0,35.69698815442741,0.0,0.0,1.1886813640594482,,,26.48615664243698,0.0001722574234008789,23.414612555503844,True,64,131072,64,1.0,56.18049480796279,0,0,0.0,1.1886813640594482,16,32768,16,1.0,15.213481500892028,0,0,0.0,1.9939688444137573
85,2048x2048,2048,2048,128,26.486813366413116,0.9694233584837771,0.29600573517382145,0.010020432790042832,0.99462890625,1194.5571052312157,11.0,0.0,0.21609190106391907,,,26.48615664243698,-0.0006567239761352539,23.42361874183019,True,2048,131072,2046,0.9990234375,917.6894228983757,2,0,0.0,0.5311871767044067,2048,32768,2028,0.990234375,1471.4247875640558,20,0,0.0,0.21609190106391907
85,2048x16,2048,16,128,25.043102979660034,0.952370857476738,0.33572306763380766,0.013646634441101924,0.99951171875,498.69739990649765,1.0,0.0,0.5311871767044067,,,26.48615664243698,-0.0006567239761352539,23.42361874183019,True,2048,131072,2046,0.9990234375,982.2365766798971,2,0,0.0,0.5311871767044067,16,32768,16,1.0,15.158223133098165,0,0,0.0,1.6138079166412354
85,16x2,16,2,128,19.61613255739212,0.8245775066343581,0.5231744833290577,0.045171834994107485,1.0,7.782857583298515,0.0,0.0,3.436048984527588,,,26.48615664243698,-0.0006567239761352539,23.42361874183019,True,16,131072,16,1.0,13.565721428806754,0,0,0.0,3.436048984527588,2,32768,2,1.0,1.9999937377902761,0,0,0.0,11.245637893676758
85,1024x256,1024,256,128,25.992805302143097,0.9656655558461049,0.30681653413921595,0.011166964293806814,1.0,504.8620685534302,0.0,0.0,0.3715449869632721,,,26.48615664243698,-0.0006567239761352539,23.42361874183019,True,1024,131072,1024,1.0,809.7449107084913,0,0,0.0,0.3715449869632721,256,32768,256,1.0,199.97922639836915,0,0,0.0,0.4519174098968506
85,512x64,512,64,128,25.371513962745667,0.958837878939784,0.327073753811419,0.012770735309459269,1.0,237.9801931183659,0.0,0.0,0.3826428949832916,,,26.48615664243698,-0.0006567239761352539,23.42361874183019,True,512,131072,512,1.0,419.1965632947646,0,0,0.0,0.3826428949832916,64,32768,64,1.0,56.76382294196716,0,0,0.0,0.7754514813423157
85,64x16,64,16,128,23.74257355928421,0.934084658012815,0.3886263146996498,0.01824044217937626,1.0,35.43922434473782,0.0,0.0,1.2536941766738892,,,26.48615664243698,-0.0006567239761352539,23.42361874183019,True,64,131072,64,1.0,55.77235915353086,0,0,0.0,1.2536941766738892,16,32768,16,1.0,15.106089535944797,0,0,0.0,1.895715355873108
86,2048x2048,2048,2048,128,26.48759388923645,0.9694574669070597,0.2956711542792618,0.01002144989615772,0.994873046875,1196.0277595174089,10.5,0.0,0.21609190106391907,,,26.48615664243698,-0.0014372467994689941,23.41690330902735,True,2048,131072,2046,0.9990234375,917.9823658038345,2,0,0.0,0.5311871767044067,2048,32768,2029,0.99072265625,1474.073153230983,19,0,0.0,0.21609190106391907
86,2048x16,2048,16,128,25.037596881389618,0.9523761169853566,0.3355679800733924,0.013657531730132177,0.99951171875,498.7796066152901,1.0,0.0,0.5311871767044067,,,26.48615664243698,-0.0014372467994689941,23.41690330902735,True,2048,131072,2046,0.9990234375,982.355351833426,2,0,0.0,0.5311871767044067,16,32768,16,1.0,15.20386139715424,0,0,0.0,1.843021035194397
86,16x2,16,2,128,19.60412472486496,0.8245067529420659,0.5239585731178522,0.04525559954345226,1.0,7.762384176741862,0.0,0.0,3.675168514251709,,,26.48615664243698,-0.0014372467994689941,23.41690330902735,True,16,131072,16,1.0,13.524802685660891,0,0,0.0,3.675168514251709,2,32768,2,1.0,1.9999656678228337,0,0,0.0,11.292895317077637
86,1024x256,1024,256,128,25.98189687728882,0.9656374338223831,0.30676774214953184,0.011200003660633229,1.0,508.306376877508,0.0,0.0,0.2905728816986084,,,26.48615664243698,-0.0014372467994689941,23.41690330902735,True,1024,131072,1024,1.0,816.7222386995812,0,0,0.0,0.2905728816986084,256,32768,256,1.0,199.89051505543472,0,0,0.0,0.3537731468677521
86,512x64,512,64,128,25.35523349046707,0.958651363524515,0.3263145098462701,0.012825197714846581,1.0,239.32381864848716,0.0,0.0,0.28650856018066406,,,26.48615664243698,-0.0014372467994689941,23.41690330902735,True,512,131072,512,1.0,421.87159217294436,0,0,0.0,0.28650856018066406,64,32768,64,1.0,56.77604512402995,0,0,0.0,0.8374557495117188
86,64x16,64,16,128,23.754141867160797,0.9342733883684798,0.38842751272022724,0.018179801729274914,1.0,35.441382713017916,0.0,0.0,1.1067649126052856,,,26.48615664243698,-0.0014372467994689941,23.41690330902735,True,64,131072,64,1.0,55.764571113672275,0,0,0.0,1.1067649126052856,16,32768,16,1.0,15.118194312363556,0,0,0.0,2.0559744834899902
87,2048x2048,2048,2048,128,26.485528826713562,0.9694655643251567,0.2954525165259838,0.010026745483628474,0.994873046875,1198.5317688605646,10.5,0.0,0.21609190106391907,,,26.48615664243698,0.0006278157234191895,23.41679325898488,True,2048,131072,2046,0.9990234375,921.9059370966938,2,0,0.0,0.5311871767044067,2048,32768,2029,0.99072265625,1475.1576006244352,19,0,0.0,0.21609190106391907
87,2048x16,2048,16,128,25.043943643569946,0.9527022490341611,0.3351582698523998,0.013638116652145982,0.99951171875,499.8329925493336,1.0,0.0,0.5311871767044067,,,26.48615664243698,0.0006278157234191895,23.41679325898488,True,2048,131072,2046,0.9990234375,984.3283618303061,2,0,0.0,0.5311871767044067,16,32768,16,1.0,15.337623268361108,0,0,0.0,1.6210113763809204
87,16x2,16,2,128,19.598724246025085,0.8250531266669019,0.5221557281911373,0.045345008256845176,1.0,7.824303682774736,0.0,0.0,3.5977656841278076,,,26.48615664243698,0.0006278157234191895,23.41679325898488,True,16,131072,16,1.0,13.648668400395287,0,0,0.0,3.5977656841278076,2,32768,2,1.0,1.999938965154185,0,0,0.0,11.406538009643555
87,1024x256,1024,256,128,25.983648240566254,0.9656476569313379,0.306851202622056,0.011193615588126704,1.0,504.1909277641597,0.0,0.0,0.30703845620155334,,,26.48615664243698,0.0006278157234191895,23.41679325898488,True,1024,131072,1024,1.0,808.0954538042076,0,0,0.0,0.30703845620155334,256,32768,256,1.0,200.28640172411178,0,0,0.0,0.39696845412254333
87,512x64,512,64,128,25.359829664230347,0.9586259163101079,0.3268838543444872,0.012799234769772738,1.0,236.81012544628277,0.0,0.0,0.39114224910736084,,,26.48615664243698,0.0006278157234191895,23.41679325898488,True,512,131072,512,1.0,416.6985062361646,0,0,0.0,0.39114224910736084,64,32768,64,1.0,56.92174465640093,0,0,0.0,0.8980244994163513
87,64x16,64,16,128,23.756188452243805,0.934171376834214,0.3874337403103709,0.018192283139796928,1.0,35.7638104039872,0.0,0.0,1.0378559827804565,,,26.48615664243698,0.0006278157234191895,23.41679325898488,True,64,131072,64,1.0,56.27158769504668,0,0,0.0,1.0378559827804565,16,32768,16,1.0,15.256033112927721,0,0,0.0,1.8137096166610718
88,2048x2048,2048,2048,128,26.486161649227142,0.9694375679538983,0.29563200008124113,0.010024748014984652,0.9951171875,1199.3321734237604,10.0,0.0,0.21609190106391907,,,26.48615664243698,-5.0067901611328125e-06,23.421673965454104,True,2048,131072,2046,0.9990234375,916.6541978446311,2,0,0.0,0.5311871767044067,2048,32768,2030,0.9912109375,1482.0101490028896,18,0,0.0,0.21609190106391907
88,2048x16,2048,16,128,25.03729885816574,0.9525475066722588,0.3352849390357733,0.013662231533089653,0.99951171875,497.4981736018318,1.0,0.0,0.5311871767044067,,,26.48615664243698,-5.0067901611328125e-06,23.421673965454104,True,2048,131072,2046,0.9990234375,979.6937398300953,2,0,0.0,0.5311871767044067,16,32768,16,1.0,15.302607373568366,0,0,0.0,1.8074949979782104
88,16x2,16,2,128,19.6130313873291,0.824668008724299,0.5211262423545122,0.045166727039031684,1.0,7.657433631644203,0.0,0.0,3.625068187713623,,,26.48615664243698,-5.0067901611328125e-06,23.421673965454104,True,16,131072,16,1.0,13.31486750170698,0,0,0.0,3.625068187713623,2,32768,2,1.0,1.9999997615814258,0,0,0.0,11.416857719421387
88,1024x256,1024,256,128,25.984282851219177,0.9655489957378989,0.3069208236411214,0.01118810274056159,1.0,503.09224315220047,0.0,0.0,0.2719687223434448,,,26.48615664243698,-5.0067901611328125e-06,23.421673965454104,True,1024,131072,1024,1.0,807.9473895232006,0,0,0.0,0.2719687223434448,256,32768,256,1.0,198.23709678120025,0,0,0.0,0.3854992091655731
88,512x64,512,64,128,25.37050062417984,0.9587423276500083,0.32635395880788565,0.012781919911503792,1.0,238.71365480378574,0.0,0.0,0.3684256076812744,,,26.48615664243698,-5.0067901611328125e-06,23.421673965454104,True,512,131072,512,1.0,420.62257811118,0,0,0.0,0.3684256076812744,64,32768,64,1.0,56.804731496391476,0,0,0.0,0.8899975419044495
88,64x16,64,16,128,23.751732289791107,0.9344592554675784,0.3867505257949233,0.0181832003290765,1.0,35.551715185507355,0.0,0.0,1.0078039169311523,,,26.48615664243698,-5.0067901611328125e-06,23.421673965454104,True,64,131072,64,1.0,55.865520234978646,0,0,0.0,1.0078039169311523,16,32768,16,1.0,15.237910136036058,0,0,0.0,2.3017396926879883
89,2048x2048,2048,2048,128,26.48707216978073,0.9694447700606771,0.2955300328321755,0.010022942908108234,0.995361328125,1201.3904747749839,9.5,0.0,0.21609190106391907,,,26.48615664243698,-0.00091552734375,23.404836428165435,True,2048,131072,2046,0.9990234375,919.4058901759955,2,0,0.0,0.5311871767044067,2048,32768,2031,0.99169921875,1483.3750593739724,17,0,0.0,0.21609190106391907
89,2048x16,2048,16,128,25.026013493537903,0.9521531492852211,0.33617378678172827,0.013686509715626016,0.99951171875,499.6356185390927,1.0,0.0,0.5311871767044067,,,26.48615664243698,-0.00091552734375,23.404836428165435,True,2048,131072,2046,0.9990234375,984.0672695352558,2,0,0.0,0.5311871767044067,16,32768,16,1.0,15.203967542929588,0,0,0.0,1.811131238937378
89,16x2,16,2,128,19.582647025585175,0.8244437288788189,0.5224872967228293,0.045435322215780616,1.0,7.748372980027959,0.0,0.0,3.5924160480499268,,,26.48615664243698,-0.00091552734375,23.404836428165435,True,16,131072,16,1.0,13.496758927777433,0,0,0.0,3.5924160480499268,2,32768,2,1.0,1.9999870322784845,0,0,0.0,11.48656940460205
89,1024x256,1024,256,128,25.97652441263199,0.9655351570275884,0.3074527382850647,0.011210505472263321,1.0,507.88967283410307,0.0,0.0,0.2510354518890381,,,26.48615664243698,-0.00091552734375,23.404836428165435,True,1024,131072,1024,1.0,815.8141534519713,0,0,0.0,0.2510354518890381,256,32768,256,1.0,199.9651922162349,0,0,0.0,0.41220712661743164
89,512x64,512,64,128,25.336943686008453,0.9583768845009132,0.3279789565131068,0.01287547335959971,1.0,236.99278261432835,0.0,0.0,0.3869991600513458,,,26.48615664243698,-0.00091552734375,23.404836428165435,True,512,131072,512,1.0,417.7120230776819,0,0,0.0,0.3869991600513458,64,32768,64,1.0,56.27354215097478,0,0,0.0,0.8688881993293762
89,64x16,64,16,128,23.753101885318756,0.9339426125819524,0.38757509365677834,0.018197620345745236,1.0,35.601615585961,0.0,0.0,1.1046580076217651,,,26.48615664243698,-0.00091552734375,23.404836428165435,True,64,131072,64,1.0,56.07063779272639,0,0,0.0,1.1046580076217651,16,32768,16,1.0,15.132593379195614,0,0,0.0,1.943207025527954
90,2048x2048,2048,2048,128,26.486862123012543,0.9694643983597625,0.29563519079238176,0.010024505289038643,0.99462890625,1197.538096454147,11.0,0.0,0.21609190106391907,,,26.48615664243698,-0.0007054805755615234,23.41799054145813,True,2048,131072,2046,0.9990234375,917.9574699937926,2,0,0.0,0.5311871767044067,2048,32768,2028,0.990234375,1477.1187229145014,20,0,0.0,0.21609190106391907
90,2048x16,2048,16,128,25.034530580043793,0.9522843291347239,0.3363767145201564,0.013657609553774819,0.99951171875,497.97665212152395,1.0,0.0,0.5311871767044067,,,26.48615664243698,-0.0007054805755615234,23.41799054145813,True,2048,131072,2046,0.9990234375,980.6451390052756,2,0,0.0,0.5311871767044067,16,32768,16,1.0,15.308165237772252,0,0,0.0,1.8825112581253052
90,16x2,16,2,128,19.592124700546265,0.8245044025913814,0.5228461334481835,0.04537093930412084,1.0,7.764202541888892,0.0,0.0,3.5261690616607666,,,26.48615664243698,-0.0007054805755615234,23.41799054145813,True,16,131072,16,1.0,13.528885183709976,0,0,0.0,3.5261690616607666,2,32768,2,1.0,1.9995199000678088,0,0,0.0,11.384766578674316
90,1024x256,1024,256,128,25.99635261297226,0.9657604435003837,0.3059228593483567,0.011161944959894754,1.0,506.3704199936223,0.0,0.0,0.38242214918136597,,,26.48615664243698,-0.0007054805755615234,23.41799054145813,True,1024,131072,1024,1.0,812.8050388175095,0,0,0.0,0.38242214918136597,256,32768,256,1.0,199.9358011697351,0,0,0.0,0.4061543345451355
90,512x64,512,64,128,25.37460106611252,0.9588642928693103,0.32583427522331476,0.012761158461216837,1.0,237.3485810145297,0.0,0.0,0.3801579177379608,,,26.48615664243698,-0.0007054805755615234,23.41799054145813,True,512,131072,512,1.0,417.91567844478624,0,0,0.0,0.3801579177379608,64,32768,64,1.0,56.78148358427319,0,0,0.0,1.049359917640686
90,64x16,64,16,128,23.7622709274292,0.9341548803968684,0.387541382573545,0.018161087849875912,1.0,35.44649731869633,0.0,0.0,1.2454460859298706,,,26.48615664243698,-0.0007054805755615234,23.41799054145813,True,64,131072,64,1.0,55.656494064911215,0,0,0.0,1.2454460859298706,16,32768,16,1.0,15.236500572481448,0,0,0.0,2.2968616485595703
91,2048x2048,2048,2048,128,26.48571801185608,0.9693982232638176,0.2958839968778193,0.010020962756243534,0.99462890625,1192.9124716564595,11.0,0.0,0.21609190106391907,,,26.48615664243698,0.0004386305809020996,23.418236418565115,True,2048,131072,2046,0.9990234375,914.0205493164545,2,0,0.0,0.5311871767044067,2048,32768,2028,0.990234375,1471.8043939964646,20,0,0.0,0.21609190106391907
91,2048x16,2048,16,128,25.026027023792267,0.9523515613845422,0.33573761209845543,0.013680549018317834,0.99951171875,494.65411971914455,1.0,0.0,0.5311871767044067,,,26.48615664243698,0.0004386305809020996,23.418236418565115,True,2048,131072,2046,0.9990234375,973.967923164009,2,0,0.0,0.5311871767044067,16,32768,16,1.0,15.340316274280132,0,0,0.0,1.8487868309020996
91,16x2,16,2,128,19.590200126171112,0.8239343208116104,0.5213844189420342,0.0454099461203441,1.0,7.685744947504933,0.0,0.0,3.534140110015869,,,26.48615664243698,0.0004386305809020996,23.418236418565115,True,16,131072,16,1.0,13.371655746367072,0,0,0.0,3.534140110015869,2,32768,2,1.0,1.9998341486427942,0,0,0.0,11.279430389404297
91,1024x256,1024,256,128,25.99107700586319,0.9656777290843858,0.3068668423220515,0.011173768420121633,1.0,508.02971093335697,0.0,0.0,0.26682862639427185,,,26.48615664243698,0.0004386305809020996,23.418236418565115,True,1024,131072,1024,1.0,812.9418949058277,0,0,0.0,0.26682862639427185,256,32768,256,1.0,203.11752696088627,0,0,0.0,0.35946521162986755
91,512x64,512,64,128,25.379466712474823,0.9588616073875323,0.32564348820596933,0.012749235291266814,1.0,238.54642385209834,0.0,0.0,0.2926560938358307,,,26.48615664243698,0.0004386305809020996,23.418236418565115,True,512,131072,512,1.0,419.90265332360184,0,0,0.0,0.2926560938358307,64,32768,64,1.0,57.190194380594825,0,0,0.0,0.906548798084259
91,64x16,64,16,128,23.77898406982422,0.9345133520693639,0.385598081164062,0.018109302880475298,1.0,35.39201076220091,0.0,0.0,1.0677906274795532,,,26.48615664243698,0.0004386305809020996,23.418236418565115,True,64,131072,64,1.0,55.47687736936948,0,0,0.0,1.0677906274795532,16,32768,16,1.0,15.30714415503234,0,0,0.0,2.0917181968688965
92,2048x2048,2048,2048,128,26.48689556121826,0.9694559873138435,0.2956057721748948,0.01002402558515314,0.995361328125,1204.566831798273,9.5,0.0,0.21609190106391907,,,26.48615664243698,-0.0007389187812805176,23.41361622810364,True,2048,131072,2046,0.9990234375,921.2907613665886,2,0,0.0,0.5311871767044067,2048,32768,2031,0.99169921875,1487.8429022299572,17,0,0.0,0.21609190106391907
92,2048x16,2048,16,128,25.050142645835876,0.952418266174499,0.33544780127704144,0.013629111286718398,0.99951171875,499.8230476716554,1.0,0.0,0.5311871767044067,,,26.48615664243698,-0.0007389187812805176,23.41361622810364,True,2048,131072,2046,0.9990234375,984.2314459310069,2,0,0.0,0.5311871767044067,16,32768,16,1.0,15.414649412303852,0,0,0.0,1.6530183553695679
92,16x2,16,2,128,19.588796138763428,0.8244231664533767,0.5219140527769923,0.0453752432949841,1.0,7.772356834026779,0.0,0.0,3.5330727100372314,,,26.48615664243698,-0.0007389187812805176,23.41361622810364,True,16,131072,16,1.0,13.544721211761669,0,0,0.0,3.5330727100372314,2,32768,2,1.0,1.9999924562918878,0,0,0.0,11.289979934692383
92,1024x256,1024,256,128,25.986465990543365,0.9656554845426658,0.306311153806746,0.011193982107215561,1.0,509.1418577615456,0.0,0.0,0.24921293556690216,,,26.48615664243698,-0.0007389187812805176,23.41361622810364,True,1024,131072,1024,1.0,814.2786970785713,0,0,0.0,0.24921293556690216,256,32768,256,1.0,204.0050184445199,0,0,0.0,0.4473794102668762
92,512x64,512,64,128,25.361716628074646,0.9586649183023419,0.32598564215004444,0.012795237184036523,1.0,239.8230809305357,0.0,0.0,0.458202987909317,,,26.48615664243698,-0.0007389187812805176,23.41361622810364,True,512,131072,512,1.0,422.54753889775833,0,0,0.0,0.458202987909317,64,32768,64,1.0,57.09862296331306,0,0,0.0,1.0598989725112915
92,64x16,64,16,128,23.744910538196564,0.9339660892977814,0.3880587499588728,0.018223413993837312,1.0,35.217885890146405,0.0,0.0,1.3092910051345825,,,26.48615664243698,-0.0007389187812805176,23.41361622810364,True,64,131072,64,1.0,55.09017087428214,0,0,0.0,1.3092910051345825,16,32768,16,1.0,15.34560090601067,0,0,0.0,1.793182134628296
93,2048x2048,2048,2048,128,26.48780071735382,0.9694479050929534,0.29571374598890543,0.010021598849561997,0.995361328125,1202.289876871482,9.5,0.0,0.21609190106391907,,,26.48615664243698,-0.0016440749168395996,23.418606877326962,True,2048,131072,2046,0.9990234375,919.0869770023207,2,0,0.0,0.5311871767044067,2048,32768,2031,0.99169921875,1485.4927767406432,17,0,0.0,0.21609190106391907
93,2048x16,2048,16,128,25.031883656978607,0.9521922809988914,0.335784544236958,0.013675722322659567,0.99951171875,498.80524117201765,1.0,0.0,0.5311871767044067,,,26.48615664243698,-0.0016440749168395996,23.418606877326962,True,2048,131072,2046,0.9990234375,982.2891126104352,2,0,0.0,0.5311871767044067,16,32768,16,1.0,15.321369733600134,0,0,0.0,1.8057392835617065
93,16x2,16,2,128,19.596946001052856,0.8235090915206054,0.5227809892967343,0.04533588292542845,1.0,7.639854847564005,0.0,0.0,3.6582627296447754,,,26.48615664243698,-0.0016440749168395996,23.418606877326962,True,16,131072,16,1.0,13.279917175309238,0,0,0.0,3.6582627296447754,2,32768,2,1.0,1.999792519818773,0,0,0.0,11.431649208068848
93,1024x256,1024,256,128,25.980704307556152,0.9655872790348844,0.30725147761404514,0.011198467254871503,1.0,508.1662365302752,0.0,0.0,0.3388770520687103,,,26.48615664243698,-0.0016440749168395996,23.418606877326962,True,1024,131072,1024,1.0,818.4294131449351,0,0,0.0,0.3388770520687103,256,32768,256,1.0,197.90305991561542,0,0,0.0,0.44063156843185425
93,512x64,512,64,128,25.380906760692596,0.9587663267558563,0.326646844856441,0.012739884172333404,1.0,238.5258433201322,0.0,0.0,0.37590140104293823,,,26.48615664243698,-0.0016440749168395996,23.418606877326962,True,512,131072,512,1.0,420.72433821284244,0,0,0.0,0.37590140104293823,64,32768,64,1.0,56.32734842742193,0,0,0.0,0.9409756064414978
93,64x16,64,16,128,23.765891134738922,0.9342385194860454,0.3870428092777729,0.018138891318812966,1.0,35.2859072185464,0.0,0.0,1.1419882774353027,,,26.48615664243698,-0.0016440749168395996,23.418606877326962,True,64,131072,64,1.0,55.27994945386093,0,0,0.0,1.1419882774353027,16,32768,16,1.0,15.29186498323187,0,0,0.0,2.0928127765655518
94,2048x2048,2048,2048,128,26.48647105693817,0.9694203406065012,0.29581202706322074,0.010022623551776633,0.9951171875,1196.3426710576282,10.0,0.0,0.21609190106391907,,,26.48615664243698,-0.00031441450119018555,23.40490633646647,True,2048,131072,2046,0.9990234375,914.5668123106082,2,0,0.0,0.5311871767044067,2048,32768,2030,0.9912109375,1478.1185298046485,18,0,0.0,0.21609190106391907
94,2048x16,2048,16,128,24.990139365196228,0.9517896492594042,0.337014427408576,0.013798804866382852,0.99951171875,495.8457588485317,1.0,0.0,0.5311871767044067,,,26.48615664243698,-0.00031441450119018555,23.40490633646647,True,2048,131072,2046,0.9990234375,976.3950022727483,2,0,0.0,0.5311871767044067,16,32768,16,1.0,15.296515424315109,0,0,0.0,1.6245001554489136
94,16x2,16,2,128,19.59683382511139,0.8242872087926976,0.5223905965685844,0.04532549635041505,1.0,7.745329708673701,0.0,0.0,3.523972749710083,,,26.48615664243698,-0.00031441450119018555,23.40490633646647,True,16,131072,16,1.0,13.490669106819645,0,0,0.0,3.523972749710083,2,32768,2,1.0,1.9999903105277574,0,0,0.0,11.236635208129883
94,1024x256,1024,256,128,25.979143798351288,0.965544511582334,0.3067132057622075,0.011203114845557138,1.0,504.4520273704878,0.0,0.0,0.23939131200313568,,,26.48615664243698,-0.00031441450119018555,23.40490633646647,True,1024,131072,1024,1.0,815.3957261708454,0,0,0.0,0.23939131200313568,256,32768,256,1.0,193.50832857013023,0,0,0.0,0.40532931685447693
94,512x64,512,64,128,25.350877285003662,0.9584573541785116,0.32645714841783047,0.012832136679207906,1.0,237.48089264535366,0.0,0.0,0.37470486760139465,,,26.48615664243698,-0.00031441450119018555,23.40490633646647,True,512,131072,512,1.0,418.6462311648475,0,0,0.0,0.37470486760139465,64,32768,64,1.0,56.31555412585979,0,0,0.0,1.1073611974716187
94,64x16,64,16,128,23.738081455230713,0.9341556669797166,0.38652047887444496,0.018233882845379412,1.0,35.55359531141937,0.0,0.0,1.2033398151397705,,,26.48615664243698,-0.00031441450119018555,23.40490633646647,True,64,131072,64,1.0,55.79384063699582,0,0,0.0,1.2033398151397705,16,32768,16,1.0,15.313349985842928,0,0,0.0,2.207444667816162
95,2048x2048,2048,2048,128,26.487244129180908,0.9694609141786785,0.29575528390705585,0.010022315778769553,0.994384765625,1197.3980526114253,11.5,0.0,0.21609190106391907,,,26.48615664243698,-0.001087486743927002,23.419391187032065,True,2048,131072,2046,0.9990234375,920.6286423541794,2,0,0.0,0.5311871767044067,2048,32768,2027,0.98974609375,1474.1674628686712,21,0,0.0,0.21609190106391907
95,2048x16,2048,16,128,25.037159979343414,0.9523891386228409,0.3369316039606929,0.01366222818614915,0.99951171875,499.2800464833293,1.0,0.0,0.5311871767044067,,,26.48615664243698,-0.001087486743927002,23.419391187032065,True,2048,131072,2046,0.9990234375,983.189792291433,2,0,0.0,0.5311871767044067,16,32768,16,1.0,15.37030067522552,0,0,0.0,1.9059443473815918
95,16x2,16,2,128,19.607903122901917,0.8242210831232437,0.5229028174653649,0.045257833786308765,1.0,7.755503061501205,0.0,0.0,3.5106472969055176,,,26.48615664243698,-0.001087486743927002,23.419391187032065,True,16,131072,16,1.0,13.511203187623078,0,0,0.0,3.5106472969055176,2,32768,2,1.0,1.9998029353793316,0,0,0.0,11.407033920288086
95,1024x256,1024,256,128,25.993297338485718,0.965737593057422,0.30617559142410755,0.01117357578186784,1.0,508.8523563535666,0.0,0.0,0.3251879811286926,,,26.48615664243698,-0.001087486743927002,23.419391187032065,True,1024,131072,1024,1.0,816.7404650272333,0,0,0.0,0.3251879811286926,256,32768,256,1.0,200.96424767989998,0,0,0.0,0.44173237681388855
95,512x64,512,64,128,25.366822242736816,0.958845825905673,0.3259419556707144,0.012780641263816506,1.0,238.85654876653,0.0,0.0,0.3571145534515381,,,26.48615664243698,-0.001087486743927002,23.419391187032065,True,512,131072,512,1.0,420.9395038800676,0,0,0.0,0.3571145534515381,64,32768,64,1.0,56.773593652992396,0,0,0.0,0.8790928721427917
95,64x16,64,16,128,23.74115240573883,0.9339381770173771,0.3881981708109379,0.018239296128740534,1.0,35.485313581442135,0.0,0.0,1.1018092632293701,,,26.48615664243698,-0.001087486743927002,23.419391187032065,True,64,131072,64,1.0,55.62009682215692,0,0,0.0,1.1018092632293701,16,32768,16,1.0,15.35053034072735,0,0,0.0,2.147456169128418
96,2048x2048,2048,2048,128,26.486158072948456,0.9694067918844878,0.29568329080939293,0.010023380891652778,0.99462890625,1192.4912625227535,11.0,0.0,0.21609190106391907,,,26.48615664243698,-1.430511474609375e-06,23.415904041131334,True,2048,131072,2046,0.9990234375,911.5780509347278,2,0,0.0,0.5311871767044067,2048,32768,2028,0.990234375,1473.4044741107793,20,0,0.0,0.21609190106391907
96,2048x16,2048,16,128,25.03129154443741,0.9524754965252987,0.33652617037296295,0.013682381570106372,0.99951171875,495.71411722113317,1.0,0.0,0.5311871767044067,,,26.48615664243698,-1.430511474609375e-06,23.415904041131334,True,2048,131072,2046,0.9990234375,976.0435651831858,2,0,0.0,0.5311871767044067,16,32768,16,1.0,15.384669259080498,0,0,0.0,1.8304007053375244
96,16x2,16,2,128,19.593148052692413,0.824153241340689,0.5219335667788982,0.04537552944384515,1.0,7.6750828899526615,0.0,0.0,3.6027772426605225,,,26.48615664243698,-1.430511474609375e-06,23.415904041131334,True,16,131072,16,1.0,13.350198696480108,0,0,0.0,3.6027772426605225,2,32768,2,1.0,1.9999670834252143,0,0,0.0,11.37396240234375
96,1024x256,1024,256,128,25.98336571455002,0.9655959101448137,0.30705982632935047,0.011198062988114543,1.0,510.84820773008033,0.0,0.0,0.2790645956993103,,,26.48615664243698,-1.430511474609375e-06,23.415904041131334,True,1024,131072,1024,1.0,823.3184536815023,0,0,0.0,0.2790645956993103,256,32768,256,1.0,198.37796177865835,0,0,0.0,0.39767083525657654
96,512x64,512,64,128,25.379895508289337,0.9587813684207956,0.3259658217430115,0.012744813109748065,1.0,238.92446315883743,0.0,0.0,0.3219747543334961,,,26.48615664243698,-1.430511474609375e-06,23.415904041131334,True,512,131072,512,1.0,421.300800257153,0,0,0.0,0.3219747543334961,64,32768,64,1.0,56.548126060521824,0,0,0.0,0.8914470076560974
96,64x16,64,16,128,23.755699336528778,0.9343219069893389,0.386908452026546,0.01817970330012031,1.0,35.326023078719565,0.0,0.0,1.028362512588501,,,26.48615664243698,-1.430511474609375e-06,23.415904041131334,True,64,131072,64,1.0,55.30050041730678,0,0,0.0,1.028362512588501,16,32768,16,1.0,15.351545740132348,0,0,0.0,2.23569393157959
97,2048x2048,2048,2048,128,26.48803323507309,0.969457807637978,0.2956843599677086,0.010022600908996537,0.994873046875,1197.0447460576456,10.5,0.0,0.21609190106391907,,,26.48615664243698,-0.0018765926361083984,23.41300176382065,True,2048,131072,2046,0.9990234375,916.9911088241524,2,0,0.0,0.5311871767044067,2048,32768,2029,0.99072265625,1477.0983832911386,19,0,0.0,0.21609190106391907
97,2048x16,2048,16,128,25.034176230430603,0.9523729717310425,0.3364699510857463,0.01367113325977698,0.99951171875,496.9219834289492,1.0,0.0,0.5311871767044067,,,26.48615664243698,-0.0018765926361083984,23.41300176382065,True,2048,131072,2046,0.9990234375,978.4299309159152,2,0,0.0,0.5311871767044067,16,32768,16,1.0,15.414035941983203,0,0,0.0,1.781406283378601
97,16x2,16,2,128,19.587092697620392,0.8239500321282976,0.5219975588843226,0.04543991247192025,1.0,7.663608711525248,0.0,0.0,3.5199134349823,,,26.48615664243698,-0.0018765926361083984,23.41300176382065,True,16,131072,16,1.0,13.327300127650414,0,0,0.0,3.5199134349823,2,32768,2,1.0,1.999917295400082,0,0,0.0,11.334909439086914
97,1024x256,1024,256,128,25.98338770866394,0.9656754122988418,0.30649668723344803,0.011187651136424392,1.0,510.2666726734455,0.0,0.0,0.35456615686416626,,,26.48615664243698,-0.0018765926361083984,23.41300176382065,True,1024,131072,1024,1.0,817.1664868709443,0,0,0.0,0.35456615686416626,256,32768,256,1.0,203.3668584759467,0,0,0.0,0.4387374818325043
97,512x64,512,64,128,25.370984137058258,0.9587679203608335,0.3254521330818534,0.012772483780281618,1.0,238.5146273993536,0.0,0.0,0.34321829676628113,,,26.48615664243698,-0.0018765926361083984,23.41300176382065,True,512,131072,512,1.0,420.1021633841733,0,0,0.0,0.34321829676628113,64,32768,64,1.0,56.927091414533876,0,0,0.0,0.9388783574104309
97,64x16,64,16,128,23.75320017337799,0.9342833420878321,0.38834356516599655,0.01820309690083377,1.0,35.472807013409316,0.0,0.0,1.1859530210494995,,,26.48615664243698,-0.0018765926361083984,23.41300176382065,True,64,131072,64,1.0,55.59909532329195,0,0,0.0,1.1859530210494995,16,32768,16,1.0,15.346518703526684,0,0,0.0,2.1987369060516357
98,2048x2048,2048,2048,128,26.487085223197937,0.969425962018988,0.2958354791626334,0.010022509217378683,0.9951171875,1196.297103538714,10.0,0.0,0.21609190106391907,,,26.48615664243698,-0.0009285807609558105,23.410344751675918,True,2048,131072,2046,0.9990234375,915.6475019923402,2,0,0.0,0.5311871767044067,2048,32768,2030,0.9912109375,1476.946705085088,18,0,0.0,0.21609190106391907
98,2048x16,2048,16,128,25.02639788389206,0.9524572449402112,0.33676906395703554,0.013694981404114515,0.99951171875,495.60905957244603,1.0,0.0,0.5311871767044067,,,26.48615664243698,-0.0009285807609558105,23.410344751675918,True,2048,131072,2046,0.9990234375,975.9258258096775,2,0,0.0,0.5311871767044067,16,32768,16,1.0,15.292293335214556,0,0,0.0,1.8969429731369019
98,16x2,16,2,128,19.579821586608887,0.823717938115336,0.5219023134559393,0.0455212079687044,1.0,7.682026060601605,0.0,0.0,3.371255397796631,,,26.48615664243698,-0.0009285807609558105,23.410344751675918,True,16,131072,16,1.0,13.3641510976248,0,0,0.0,3.371255397796631,2,32768,2,1.0,1.9999010235784105,0,0,0.0,11.298683166503906
98,1024x256,1024,256,128,25.976636290550232,0.9654906718652045,0.3070956589654088,0.011205101895029657,1.0,510.7633958655831,0.0,0.0,0.29696494340896606,,,26.48615664243698,-0.0009285807609558105,23.410344751675918,True,1024,131072,1024,1.0,822.5384796597388,0,0,0.0,0.29696494340896606,256,32768,256,1.0,198.98831207142746,0,0,0.0,0.44408905506134033
98,512x64,512,64,128,25.369974493980408,0.9586848723218521,0.3263254566118121,0.012774483097018674,1.0,239.43062928348488,0.0,0.0,0.3433489501476288,,,26.48615664243698,-0.0009285807609558105,23.410344751675918,True,512,131072,512,1.0,422.26514337101014,0,0,0.0,0.3433489501476288,64,32768,64,1.0,56.59611519595961,0,0,0.0,1.1037046909332275
98,64x16,64,16,128,23.767937779426575,0.934783620522213,0.38666088692843914,0.018148924951674417,1.0,35.396596276966726,0.0,0.0,1.3397343158721924,,,26.48615664243698,-0.0009285807609558105,23.410344751675918,True,64,131072,64,1.0,55.53909963526212,0,0,0.0,1.3397343158721924,16,32768,16,1.0,15.254092918671331,0,0,0.0,2.1475093364715576
99,2048x2048,2048,2048,128,26.4853954911232,0.969407909663321,0.29597665276378393,0.010022923888755031,0.994384765625,1192.592146466832,11.5,0.0,0.21609190106391907,,,26.48615664243698,0.0007611513137817383,23.41614931424459,True,2048,131072,2046,0.9990234375,916.1349767058952,2,0,0.0,0.5311871767044067,2048,32768,2027,0.98974609375,1469.0493162277687,21,0,0.0,0.21609190106391907
99,2048x16,2048,16,128,25.005481779575348,0.9522589762011667,0.336844976991415,0.013766901392955333,0.99951171875,495.94882487065337,1.0,0.0,0.5311871767044067,,,26.48615664243698,0.0007611513137817383,23.41614931424459,True,2048,131072,2046,0.9990234375,976.5455773438514,2,0,0.0,0.5311871767044067,16,32768,16,1.0,15.352072397455325,0,0,0.0,1.8540157079696655
99,16x2,16,2,128,19.60845983028412,0.8250947055801461,0.5212336964905262,0.04525973682757467,1.0,8.009138690276579,0.0,0.0,2.5598833560943604,,,26.48615664243698,0.0007611513137817383,23.41614931424459,True,16,131072,16,1.0,14.018279526319985,0,0,0.0,2.5598833560943604,2,32768,2,1.0,1.9999978542331718,0,0,0.0,11.355531692504883
99,1024x256,1024,256,128,25.981657028198242,0.9655794303361971,0.30707952100783587,0.011192631616722792,1.0,505.4562618035192,0.0,0.0,0.3031058609485626,,,26.48615664243698,0.0007611513137817383,23.41614931424459,True,1024,131072,1024,1.0,811.4188732924516,0,0,0.0,0.3031058609485626,256,32768,256,1.0,199.4936503145868,0,0,0.0,0.4348922371864319
99,512x64,512,64,128,25.36515438556671,0.9586114861710934,0.3261259626597166,0.012792006164090708,1.0,238.97056034779956,0.0,0.0,0.25675034523010254,,,26.48615664243698,0.0007611513137817383,23.41614931424459,True,512,131072,512,1.0,421.14085065004764,0,0,0.0,0.25675034523010254,64,32768,64,1.0,56.80027004555149,0,0,0.0,1.0082581043243408
99,64x16,64,16,128,23.762281596660614,0.9346582721279542,0.38747390545904636,0.018178088823333383,1.0,35.49403652181226,0.0,0.0,1.180561900138855,,,26.48615664243698,0.0007611513137817383,23.41614931424459,True,64,131072,64,1.0,55.63558319267029,0,0,0.0,1.180561900138855,16,32768,16,1.0,15.352489850954234,0,0,0.0,2.281464099884033
100,2048x2048,2048,2048,128,26.487494826316833,0.9694335815721632,0.29592730663716793,0.01002028799848631,0.994384765625,1196.8905530259767,11.5,0.0,0.21609190106391907,,,26.48615664243698,-0.001338183879852295,23.416783102353413,True,2048,131072,2046,0.9990234375,919.2514257478301,2,0,0.0,0.5311871767044067,2048,32768,2027,0.98974609375,1474.529680304123,21,0,0.0,0.21609190106391907
100,2048x16,2048,16,128,25.053307235240936,0.9527851271161255,0.33637595642358065,0.01362356755998917,0.99951171875,497.7270396960624,1.0,0.0,0.5311871767044067,,,26.48615664243698,-0.001338183879852295,23.416783102353413,True,2048,131072,2046,0.9990234375,980.1041444832215,2,0,0.0,0.5311871767044067,16,32768,16,1.0,15.349934908903267,0,0,0.0,1.9506639242172241
100,16x2,16,2,128,19.584654331207275,0.823387513191227,0.5178814018145204,0.045462702168151736,1.0,7.880819202333904,0.0,0.0,2.8723199367523193,,,26.48615664243698,-0.001338183879852295,23.416783102353413,True,16,131072,16,1.0,13.761813822298453,0,0,0.0,2.8723199367523193,2,32768,2,1.0,1.9998245823693543,0,0,0.0,11.437878608703613
100,1024x256,1024,256,128,25.991744935512543,0.9656630506401506,0.3071709154173732,0.011167585413204506,1.0,510.0437395335986,0.0,0.0,0.3464086055755615,,,26.48615664243698,-0.001338183879852295,23.416783102353413,True,1024,131072,1024,1.0,818.8112058598574,0,0,0.0,0.3464086055755615,256,32768,256,1.0,201.27627320733984,0,0,0.0,0.3909998834133148
100,512x64,512,64,128,25.380240619182587,0.9587655084292893,0.326931937597692,0.012749642046401277,1.0,237.49190153263422,0.0,0.0,0.29372256994247437,,,26.48615664243698,-0.001338183879852295,23.416783102353413,True,512,131072,512,1.0,418.2375169132298,0,0,0.0,0.29372256994247437,64,32768,64,1.0,56.746286152038614,0,0,0.0,1.0354113578796387
100,64x16,64,16,128,23.751449823379517,0.9345405143551061,0.3876938037574291,0.01821120554814115,1.0,35.49731641407759,0.0,0.0,0.9704663157463074,,,26.48615664243698,-0.001338183879852295,23.416783102353413,True,64,131072,64,1.0,55.65217451352633,0,0,0.0,0.9704663157463074,16,32768,16,1.0,15.342458314628837,0,0,0.0,2.2467737197875977
101,2048x2048,2048,2048,128,26.486841797828674,0.969445247483341,0.2958138892427087,0.010023766531958245,0.9951171875,1199.5327890553024,10.0,0.0,0.21609190106391907,,,26.48615664243698,-0.0006851553916931152,23.42300339539846,True,2048,131072,2046,0.9990234375,917.5136761657023,2,0,0.0,0.5311871767044067,2048,32768,2030,0.9912109375,1481.5519019449023,18,0,0.0,0.21609190106391907
101,2048x16,2048,16,128,25.04580944776535,0.9525740021765464,0.33642108272761106,0.013644876395119354,0.99951171875,497.19361471576144,1.0,0.0,0.5311871767044067,,,26.48615664243698,-0.0006851553916931152,23.42300339539846,True,2048,131072,2046,0.9990234375,979.0781729209684,2,0,0.0,0.5311871767044067,16,32768,16,1.0,15.309056510554429,0,0,0.0,1.944144606590271
101,16x2,16,2,128,19.60308301448822,0.8240066781463675,0.5180382942780852,0.045270494651049376,1.0,7.933498015197154,0.0,0.0,2.771174669265747,,,26.48615664243698,-0.0006851553916931152,23.42300339539846,True,16,131072,16,1.0,13.867065949960528,0,0,0.0,2.771174669265747,2,32768,2,1.0,1.9999300804337798,0,0,0.0,11.285361289978027
101,1024x256,1024,256,128,25.992152452468872,0.9656208285730714,0.30617986246943474,0.011165873293066397,1.0,510.4646444783905,0.0,0.0,0.26757100224494934,,,26.48615664243698,-0.0006851553916931152,23.42300339539846,True,1024,131072,1024,1.0,818.9467773078143,0,0,0.0,0.26757100224494934,256,32768,256,1.0,201.98251164896675,0,0,0.0,0.42561545968055725
101,512x64,512,64,128,25.382812440395355,0.9588684246208719,0.3257753401994705,0.012749635643558577,1.0,238.61391618510675,0.0,0.0,0.27970588207244873,,,26.48615664243698,-0.0006851553916931152,23.42300339539846,True,512,131072,512,1.0,420.32928681253236,0,0,0.0,0.27970588207244873,64,32768,64,1.0,56.89854555768112,0,0,0.0,0.9036259055137634
101,64x16,64,16,128,23.75720179080963,0.934622091504551,0.3866780521348119,0.018228108441689983,1.0,35.261114022542685,0.0,0.0,1.10537588596344,,,26.48615664243698,-0.0006851553916931152,23.42300339539846,True,64,131072,64,1.0,55.213239094122564,0,0,0.0,1.10537588596344,16,32768,16,1.0,15.3089889509628,0,0,0.0,2.2366857528686523
102,2048x2048,2048,2048,128,26.487529516220093,0.9694604480655439,0.295675459317863,0.010022226051660255,0.99462890625,1197.7013292878585,11.0,0.0,0.21609190106391907,,,26.48615664243698,-0.0013728737831115723,23.41278251806895,True,2048,131072,2046,0.9990234375,919.5134418582264,2,0,0.0,0.5311871767044067,2048,32768,2028,0.990234375,1475.8892167174906,20,0,0.0,0.21609190106391907
102,2048x16,2048,16,128,25.02467155456543,0.9526041580597011,0.33590093813836575,0.01370374788530171,0.99951171875,497.87707511758714,1.0,0.0,0.5311871767044067,,,26.48615664243698,-0.0013728737831115723,23.41278251806895,True,2048,131072,2046,0.9990234375,980.4974370840238,2,0,0.0,0.5311871767044067,16,32768,16,1.0,15.256713151150498,0,0,0.0,1.8712798357009888
102,16x2,16,2,128,19.59585928916931,0.8235746473635831,0.5174919422715902,0.045368643826805055,1.0,7.856936980209251,0.0,0.0,2.8902695178985596,,,26.48615664243698,-0.0013728737831115723,23.41278251806895,True,16,131072,16,1.0,13.714015612910014,0,0,0.0,2.8902695178985596,2,32768,2,1.0,1.9998583475084881,0,0,0.0,11.178601264953613
102,1024x256,1024,256,128,25.98899209499359,0.9656515070425794,0.3065884541720152,0.011182078014826402,1.0,506.8363609766156,0.0,0.0,0.3315368592739105,,,26.48615664243698,-0.0013728737831115723,23.41278251806895,True,1024,131072,1024,1.0,814.4154975752895,0,0,0.0,0.3315368592739105,256,32768,256,1.0,199.2572243779417,0,0,0.0,0.365988552570343
102,512x64,512,64,128,25.352868854999542,0.9587132845969093,0.32611349783837795,0.01282191538484767,1.0,240.26865232725984,0.0,0.0,0.24103938043117523,,,26.48615664243698,-0.0013728737831115723,23.41278251806895,True,512,131072,512,1.0,423.7161379529796,0,0,0.0,0.24103938043117523,64,32768,64,1.0,56.82116670154013,0,0,0.0,0.9871641397476196
102,64x16,64,16,128,23.752158641815186,0.9344996516134754,0.38596865721046925,0.018236991221783683,1.0,35.33481598671331,0.0,0.0,1.1011502742767334,,,26.48615664243698,-0.0013728737831115723,23.41278251806895,True,64,131072,64,1.0,55.32238673302239,0,0,0.0,1.1011502742767334,16,32768,16,1.0,15.347245240404227,0,0,0.0,2.2095885276794434
103,2048x2048,2048,2048,128,26.48644083738327,0.9694108725980927,0.2960156686604023,0.010022585483966395,0.99462890625,1195.7484981481043,11.0,0.0,0.21609190106391907,,,26.48615664243698,-0.0002841949462890625,23.43368103504181,True,2048,131072,2046,0.9990234375,916.7793339516345,2,0,0.0,0.5311871767044067,2048,32768,2028,0.990234375,1474.7176623445744,20,0,0.0,0.21609190106391907
103,2048x16,2048,16,128,25.059829652309418,0.9527142766315274,0.3355366289615631,0.01360177030437626,0.99951171875,496.15069950764723,1.0,0.0,0.5311871767044067,,,26.48615664243698,-0.0002841949462890625,23.43368103504181,True,2048,131072,2046,0.9990234375,977.0629406178047,2,0,0.0,0.5311871767044067,16,32768,16,1.0,15.238458397489785,0,0,0.0,1.9132486581802368
103,16x2,16,2,128,19.63385272026062,0.8246361128144499,0.5180461332201958,0.04501522739883512,1.0,7.857302539221404,0.0,0.0,3.584881544113159,,,26.48615664243698,-0.0002841949462890625,23.43368103504181,True,16,131072,16,1.0,13.714679140482138,0,0,0.0,3.584881544113159,2,32768,2,1.0,1.9999259379606706,0,0,0.0,11.423501968383789
103,1024x256,1024,256,128,25.993450164794922,0.9656625545579273,0.3072616159915924,0.011165159972733818,1.0,506.2839687874658,0.0,0.0,0.28389596939086914,,,26.48615664243698,-0.0002841949462890625,23.43368103504181,True,1024,131072,1024,1.0,812.4186911578082,0,0,0.0,0.28389596939086914,256,32768,256,1.0,200.1492464171235,0,0,0.0,0.3756695091724396
103,512x64,512,64,128,25.374148428440094,0.9588034090776562,0.3263195203617215,0.012767436390276998,1.0,238.6221681626386,0.0,0.0,0.3177855908870697,,,26.48615664243698,-0.0002841949462890625,23.43368103504181,True,512,131072,512,1.0,420.30433007435107,0,0,0.0,0.3177855908870697,64,32768,64,1.0,56.94000625092611,0,0,0.0,1.0209448337554932
103,64x16,64,16,128,23.754106879234314,0.9342448957556628,0.38626558892428875,0.018210590933449566,1.0,35.190330412274946,0.0,0.0,1.127590537071228,,,26.48615664243698,-0.0002841949462890625,23.43368103504181,True,64,131072,64,1.0,55.12938530012401,0,0,0.0,1.127590537071228,16,32768,16,1.0,15.251275524425882,0,0,0.0,2.2569730281829834
104,2048x2048,2048,2048,128,26.48635196685791,0.9694162447539997,0.2959109270013869,0.0100222984328866,0.994384765625,1194.2518690037673,11.5,0.0,0.21609190106391907,,,26.48615664243698,-0.00019532442092895508,23.43643729686737,True,2048,131072,2046,0.9990234375,916.6340467874047,2,0,0.0,0.5311871767044067,2048,32768,2027,0.98974609375,1471.86969122013,21,0,0.0,0.21609190106391907
104,2048x16,2048,16,128,25.05424475669861,0.9526741299362836,0.335447583347559,0.013618977332953364,0.99951171875,496.07450600978126,1.0,0.0,0.5311871767044067,,,26.48615664243698,-0.00019532442092895508,23.43643729686737,True,2048,131072,2046,0.9990234375,976.9937837529747,2,0,0.0,0.5311871767044067,16,32768,16,1.0,15.155228266587814,0,0,0.0,1.946527361869812
104,16x2,16,2,128,19.63252580165863,0.8241642694049321,0.5184224983677268,0.045016542193479836,1.0,7.856928340098539,0.0,0.0,3.5493507385253906,,,26.48615664243698,-0.00019532442092895508,23.43643729686737,True,16,131072,16,1.0,13.71392158930414,0,0,0.0,3.5493507385253906,2,32768,2,1.0,1.9999350908929359,0,0,0.0,11.310151100158691
104,1024x256,1024,256,128,25.994527637958527,0.9657046823574092,0.3068007715046406,0.011160317168105394,1.0,506.8492013845724,0.0,0.0,0.23573821783065796,,,26.48615664243698,-0.00019532442092895508,23.43643729686737,True,1024,131072,1024,1.0,814.0295932056481,0,0,0.0,0.23573821783065796,256,32768,256,1.0,199.6688095634967,0,0,0.0,0.40689271688461304
104,512x64,512,64,128,25.38257873058319,0.9588941652737951,0.32595217414200306,0.012742986989906058,1.0,238.69109391496403,0.0,0.0,0.29969173669815063,,,26.48615664243698,-0.00019532442092895508,23.43643729686737,True,512,131072,512,1.0,420.76853664738206,0,0,0.0,0.29969173669815063,64,32768,64,1.0,56.61365118254602,0,0,0.0,1.0533348321914673
104,64x16,64,16,128,23.774262130260468,0.9345920995335478,0.3855671165511012,0.018136042432161048,1.0,35.285775795451414,0.0,0.0,0.9323691129684448,,,26.48615664243698,-0.00019532442092895508,23.43643729686737,True,64,131072,64,1.0,55.43472427691721,0,0,0.0,0.9323691129684448,16,32768,16,1.0,15.136827313985625,0,0,0.0,2.2948901653289795
105,2048x2048,2048,2048,128,26.486219584941864,0.9694101883749303,0.29599217139184475,0.01002301943663042,0.994384765625,1196.5999148110543,11.5,0.0,0.21609190106391907,,,26.48615664243698,-6.29425048828125e-05,23.44295793374379,True,2048,131072,2046,0.9990234375,918.1152342122014,2,0,0.0,0.5311871767044067,2048,32768,2027,0.98974609375,1475.0845954099073,21,0,0.0,0.21609190106391907
105,2048x16,2048,16,128,25.069994926452637,0.9526937322596934,0.3358386382460594,0.013566192996222526,0.99951171875,497.04893353556656,1.0,0.0,0.5311871767044067,,,26.48615664243698,-6.29425048828125e-05,23.44295793374379,True,2048,131072,2046,0.9990234375,978.9417392001423,2,0,0.0,0.5311871767044067,16,32768,16,1.0,15.156127870990858,0,0,0.0,1.999603509902954
105,16x2,16,2,128,19.653213500976562,0.8249771870360282,0.5189338698983192,0.04482830932829529,1.0,7.886293541446333,0.0,0.0,3.5337865352630615,,,26.48615664243698,-6.29425048828125e-05,23.44295793374379,True,16,131072,16,1.0,13.772661144931996,0,0,0.0,3.5337865352630615,2,32768,2,1.0,1.9999259379606706,0,0,0.0,11.397568702697754
105,1024x256,1024,256,128,25.990382432937622,0.965601677241234,0.30695535987615585,0.01117191080993507,1.0,507.21521691641215,0.0,0.0,0.21958546340465546,,,26.48615664243698,-6.29425048828125e-05,23.44295793374379,True,1024,131072,1024,1.0,815.0665833061173,0,0,0.0,0.21958546340465546,256,32768,256,1.0,199.36385052670698,0,0,0.0,0.41705507040023804
105,512x64,512,64,128,25.376814424991608,0.9587803014514263,0.32685848977416754,0.012758358847349882,1.0,237.63654281191018,0.0,0.0,0.33813539147377014,,,26.48615664243698,-6.29425048828125e-05,23.44295793374379,True,512,131072,512,1.0,418.79924830620047,0,0,0.0,0.33813539147377014,64,32768,64,1.0,56.47383731761988,0,0,0.0,0.999943733215332
105,64x16,64,16,128,23.765739381313324,0.9344465863209812,0.3855646997690201,0.018161000858526677,1.0,35.41533515298577,0.0,0.0,0.7158828973770142,,,26.48615664243698,-6.29425048828125e-05,23.44295793374379,True,64,131072,64,1.0,55.68487660615148,0,0,0.0,0.7158828973770142,16,32768,16,1.0,15.145793699820056,0,0,0.0,2.338056802749634
106,2048x2048,2048,2048,128,26.486645936965942,0.9694236643915677,0.29597427044063807,0.010021915339166299,0.994384765625,1193.6677094703891,11.5,0.0,0.21609190106391907,,,26.48615664243698,-0.0004892945289611816,23.440142941474917,True,2048,131072,2046,0.9990234375,916.1230974448918,2,0,0.0,0.5311871767044067,2048,32768,2027,0.98974609375,1471.2123214958863,21,0,0.0,0.21609190106391907
106,2048x16,2048,16,128,25.068713188171387,0.9528953950363223,0.3352305553853512,0.01357636446482502,0.99951171875,495.95509804066495,1.0,0.0,0.5311871767044067,,,26.48615664243698,-0.0004892945289611816,23.440142941474917,True,2048,131072,2046,0.9990234375,976.7330554989085,2,0,0.0,0.5311871767044067,16,32768,16,1.0,15.177140582421426,0,0,0.0,2.014390230178833
106,16x2,16,2,128,19.63418745994568,0.8246359999244127,0.5180654879659414,0.04501558747142553,1.0,7.898163199645943,0.0,0.0,3.1443283557891846,,,26.48615664243698,-0.0004892945289611816,23.440142941474917,True,16,131072,16,1.0,13.796468051783398,0,0,0.0,3.1443283557891846,2,32768,2,1.0,1.9998583475084881,0,0,0.0,11.280691146850586
106,1024x256,1024,256,128,26.00383025407791,0.965728764304587,0.30586956068873405,0.011138638481497765,1.0,504.9591733718852,0.0,0.0,0.25787168741226196,,,26.48615664243698,-0.0004892945289611816,23.440142941474917,True,1024,131072,1024,1.0,808.3867948376138,0,0,0.0,0.25787168741226196,256,32768,256,1.0,201.53155190615655,0,0,0.0,0.40991437435150146
106,512x64,512,64,128,25.388132870197296,0.9589705567332479,0.3261339608579874,0.012729186069918796,1.0,238.52400154347205,0.0,0.0,0.3647000193595886,,,26.48615664243698,-0.0004892945289611816,23.440142941474917,True,512,131072,512,1.0,420.14248945381735,0,0,0.0,0.3647000193595886,64,32768,64,1.0,56.90551363312675,0,0,0.0,1.0665005445480347
106,64x16,64,16,128,23.768281161785126,0.934725107971957,0.3853398412466049,0.018151218653656542,1.0,35.339041175985244,0.0,0.0,0.8085693717002869,,,26.48615664243698,-0.0004892945289611816,23.440142941474917,True,64,131072,64,1.0,55.47258898923156,0,0,0.0,0.8085693717002869,16,32768,16,1.0,15.205493362738931,0,0,0.0,2.328951358795166
107,2048x2048,2048,2048,128,26.487264931201935,0.9694456845312472,0.2957239896059036,0.010023409588029608,0.99462890625,1199.665754776314,11.0,0.0,0.21609190106391907,,,26.48615664243698,-0.0011082887649536133,23.43795982996623,True,2048,131072,2046,0.9990234375,921.1473068611306,2,0,0.0,0.5311871767044067,2048,32768,2028,0.990234375,1478.1842026914976,20,0,0.0,0.21609190106391907
107,2048x16,2048,16,128,25.04900699853897,0.9526444883607091,0.33542741276323795,0.013624271028675139,0.99951171875,497.7102106092518,1.0,0.0,0.5311871767044067,,,26.48615664243698,-0.0011082887649536133,23.43795982996623,True,2048,131072,2046,0.9990234375,980.2886365638587,2,0,0.0,0.5311871767044067,16,32768,16,1.0,15.131784654644845,0,0,0.0,1.9374008178710938
107,16x2,16,2,128,19.646169304847717,0.8243410129594855,0.5186586352065206,0.04486492578871548,1.0,7.777131628313321,0.0,0.0,3.809016466140747,,,26.48615664243698,-0.0011082887649536133,23.43795982996623,True,16,131072,16,1.0,13.55426982803513,0,0,0.0,3.809016466140747,2,32768,2,1.0,1.9999934285915122,0,0,0.0,11.17191219329834
107,1024x256,1024,256,128,25.992124021053314,0.9656425060518473,0.3061672328040004,0.011167972668772563,1.0,504.48328244173524,0.0,0.0,0.23177266120910645,,,26.48615664243698,-0.0011082887649536133,23.43795982996623,True,1024,131072,1024,1.0,809.2131908766407,0,0,0.0,0.23177266120910645,256,32768,256,1.0,199.7533740068297,0,0,0.0,0.4246775507926941
107,512x64,512,64,128,25.371850788593292,0.9587247266694938,0.3257880052551627,0.012777337222360075,1.0,238.37209549539975,0.0,0.0,0.36969953775405884,,,26.48615664243698,-0.0011082887649536133,23.43795982996623,True,512,131072,512,1.0,420.2765818621971,0,0,0.0,0.36969953775405884,64,32768,64,1.0,56.46760912860244,0,0,0.0,1.0861462354660034
107,64x16,64,16,128,23.7690287232399,0.9345181441907398,0.3852767376229167,0.018142561428248882,1.0,35.30771265804964,0.0,0.0,1.1579508781433105,,,26.48615664243698,-0.0011082887649536133,23.43795982996623,True,64,131072,64,1.0,55.45301175595911,0,0,0.0,1.1579508781433105,16,32768,16,1.0,15.162413560140159,0,0,0.0,2.2997915744781494
108,2048x2048,2048,2048,128,26.48764604330063,0.969437533195802,0.2957043666392565,0.010021625595982186,0.994384765625,1198.530141594173,11.5,0.0,0.21609190106391907,,,26.48615664243698,-0.001489400863647461,23.43555742502212,True,2048,131072,2046,0.9990234375,919.6509011202116,2,0,0.0,0.5311871767044067,2048,32768,2027,0.98974609375,1477.4093820681344,21,0,0.0,0.21609190106391907
108,2048x16,2048,16,128,25.052908301353455,0.9526844899008453,0.33584263175725937,0.013615549745736644,0.99951171875,497.321134428537,1.0,0.0,0.5311871767044067,,,26.48615664243698,-0.001489400863647461,23.43555742502212,True,2048,131072,2046,0.9990234375,979.5099405070036,2,0,0.0,0.5311871767044067,16,32768,16,1.0,15.132328350070393,0,0,0.0,2.0262835025787354
108,16x2,16,2,128,19.63973766565323,0.8242121413808179,0.5193781927227974,0.04495454777497798,1.0,7.774506672705251,0.0,0.0,3.641364097595215,,,26.48615664243698,-0.001489400863647461,23.43555742502212,True,16,131072,16,1.0,13.549055202626294,0,0,0.0,3.641364097595215,2,32768,2,1.0,1.9999581427842081,0,0,0.0,11.284802436828613
108,1024x256,1024,256,128,25.987920880317688,0.9656190028318029,0.3071418581530452,0.011178833825397305,1.0,509.9884473672204,0.0,0.0,0.2459852248430252,,,26.48615664243698,-0.001489400863647461,23.43555742502212,True,1024,131072,1024,1.0,819.5241251713825,0,0,0.0,0.2459852248430252,256,32768,256,1.0,200.4527695630583,0,0,0.0,0.4221636950969696
108,512x64,512,64,128,25.37069809436798,0.9587973884427579,0.32602313347160816,0.01277877384563908,1.0,237.73251990217685,0.0,0.0,0.2864692509174347,,,26.48615664243698,-0.001489400863647461,23.43555742502212,True,512,131072,512,1.0,418.7273621120582,0,0,0.0,0.2864692509174347,64,32768,64,1.0,56.737677692295485,0,0,0.0,1.0146384239196777
108,64x16,64,16,128,23.768163204193115,0.9344933828992703,0.38549286406487226,0.018144482106436044,1.0,35.340172161363995,0.0,0.0,1.1421159505844116,,,26.48615664243698,-0.001489400863647461,23.43555742502212,True,64,131072,64,1.0,55.553840225052326,0,0,0.0,1.1421159505844116,16,32768,16,1.0,15.12650409767567,0,0,0.0,2.3683390617370605
109,2048x2048,2048,2048,128,26.4879047870636,0.9694347269936046,0.29587932443246245,0.010020892557804473,0.994384765625,1197.921537176963,11.5,0.0,0.21609190106391907,,,26.48615664243698,-0.0017481446266174316,23.442436869939165,True,2048,131072,2046,0.9990234375,918.910047111251,2,0,0.0,0.5311871767044067,2048,32768,2027,0.98974609375,1476.9330272426753,21,0,0.0,0.21609190106391907
109,2048x16,2048,16,128,25.069091498851776,0.9528662039673156,0.3353563882410526,0.013574785989476368,0.99951171875,497.34939764140523,1.0,0.0,0.5311871767044067,,,26.48615664243698,-0.0017481446266174316,23.442436869939165,True,2048,131072,2046,0.9990234375,979.503764010579,2,0,0.0,0.5311871767044067,16,32768,16,1.0,15.195031272231562,0,0,0.0,2.0160458087921143
109,16x2,16,2,128,19.64295756816864,0.8249300799838535,0.5173596767708659,0.04491922305896878,1.0,7.920495575733894,0.0,0.0,3.3201606273651123,,,26.48615664243698,-0.0017481446266174316,23.442436869939165,True,16,131072,16,1.0,13.8409986951759,0,0,0.0,3.3201606273651123,2,32768,2,1.0,1.9999924562918878,0,0,0.0,11.412801742553711
109,1024x256,1024,256,128,25.99302786588669,0.9656279881927762,0.306602475233376,0.011167654316523112,1.0,509.34207566244066,0.0,0.0,0.23963816463947296,,,26.48615664243698,-0.0017481446266174316,23.442436869939165,True,1024,131072,1024,1.0,816.9811759298515,0,0,0.0,0.23963816463947296,256,32768,256,1.0,201.70297539502988,0,0,0.0,0.375203400850296
109,512x64,512,64,128,25.384572625160217,0.9589614053362546,0.3259576829150319,0.01274312543682754,1.0,239.2657919057716,0.0,0.0,0.3290334641933441,,,26.48615664243698,-0.0017481446266174316,23.442436869939165,True,512,131072,512,1.0,421.5518033314101,0,0,0.0,0.3290334641933441,64,32768,64,1.0,56.979780480133094,0,0,0.0,1.0530667304992676
109,64x16,64,16,128,23.77628582715988,0.934678220557269,0.3850619960576296,0.01811760777491145,1.0,35.35847883053409,0.0,0.0,1.2992794513702393,,,26.48615664243698,-0.0017481446266174316,23.442436869939165,True,64,131072,64,1.0,55.536478413746266,0,0,0.0,1.2992794513702393,16,32768,16,1.0,15.180479247321907,0,0,0.0,2.33925461769104
110,2048x2048,2048,2048,128,26.48742324113846,0.9694242026684625,0.2959080170840025,0.010021721973316744,0.994384765625,1195.769223470406,11.5,0.0,0.21609190106391907,,,26.48615664243698,-0.0012665987014770508,23.43892331123352,True,2048,131072,2046,0.9990234375,916.8759650706205,2,0,0.0,0.5311871767044067,2048,32768,2027,0.98974609375,1474.6624818701912,21,0,0.0,0.21609190106391907
110,2048x16,2048,16,128,25.060818314552307,0.9527967312014517,0.33570633083581924,0.0135955071891658,0.99951171875,495.5972431965163,1.0,0.0,0.5311871767044067,,,26.48615664243698,-0.0012665987014770508,23.43892331123352,True,2048,131072,2046,0.9990234375,976.0175115127188,2,0,0.0,0.5311871767044067,16,32768,16,1.0,15.176974880313779,0,0,0.0,1.9777331352233887
110,16x2,16,2,128,19.627483248710632,0.8244763603803245,0.5190125722438097,0.045092243468388915,1.0,7.825308209279188,0.0,0.0,3.832736015319824,,,26.48615664243698,-0.0012665987014770508,23.43892331123352,True,16,131072,16,1.0,13.65067462593695,0,0,0.0,3.832736015319824,2,32768,2,1.0,1.9999417926214258,0,0,0.0,11.367724418640137
110,1024x256,1024,256,128,25.997414290905,0.965688788046118,0.3064101943746209,0.011153354091220535,1.0,507.4298373630659,0.0,0.0,0.2941382825374603,,,26.48615664243698,-0.0012665987014770508,23.43892331123352,True,1024,131072,1024,1.0,811.9943337911949,0,0,0.0,0.2941382825374603,256,32768,256,1.0,202.86534093493682,0,0,0.0,0.3961280882358551
110,512x64,512,64,128,25.391057908535004,0.9589401351933391,0.3259306838735938,0.012722427694825456,1.0,237.40921249989853,0.0,0.0,0.36974048614501953,,,26.48615664243698,-0.0012665987014770508,23.43892331123352,True,512,131072,512,1.0,417.94610480106,0,0,0.0,0.36974048614501953,64,32768,64,1.0,56.87232019873706,0,0,0.0,1.1144542694091797
110,64x16,64,16,128,23.786502957344055,0.9347432391381673,0.3855520933866501,0.018077552609611303,1.0,35.24942546861149,0.0,0.0,1.1687698364257812,,,26.48615664243698,-0.0012665987014770508,23.43892331123352,True,64,131072,64,1.0,55.28058350086202,0,0,0.0,1.1687698364257812,16,32768,16,1.0,15.218267436360959,0,0,0.0,2.070969343185425
111,2048x2048,2048,2048,128,26.487522959709167,0.9694284355073899,0.2957898867316544,0.010021643087384291,0.994384765625,1195.5361549788677,11.5,0.0,0.21609190106391907,,,26.48615664243698,-0.0013663172721862793,23.44514307975769,True,2048,131072,2046,0.9990234375,915.9494751116172,2,0,0.0,0.5311871767044067,2048,32768,2027,0.98974609375,1475.1228348461182,21,0,0.0,0.21609190106391907
111,2048x16,2048,16,128,25.060117721557617,0.9527942589865568,0.3355480218306184,0.013605870102765039,0.99951171875,495.9626191681425,1.0,0.0,0.5311871767044067,,,26.48615664243698,-0.0013663172721862793,23.44514307975769,True,2048,131072,2046,0.9990234375,976.7700136228125,2,0,0.0,0.5311871767044067,16,32768,16,1.0,15.155224713472574,0,0,0.0,1.8879855871200562
111,16x2,16,2,128,19.65389394760132,0.8250631718043802,0.5175863867625594,0.04482782573904842,1.0,7.849454535767348,0.0,0.0,3.5831239223480225,,,26.48615664243698,-0.0013663172721862793,23.44514307975769,True,16,131072,16,1.0,13.69891953586602,0,0,0.0,3.5831239223480225,2,32768,2,1.0,1.9999895356686768,0,0,0.0,11.218596458435059
111,1024x256,1024,256,128,25.992932736873627,0.9656963357539459,0.30638939421623945,0.011167715187184513,1.0,509.18669578129874,0.0,0.0,0.3569893538951874,,,26.48615664243698,-0.0013663172721862793,23.44514307975769,True,1024,131072,1024,1.0,816.6579668291337,0,0,0.0,0.3569893538951874,256,32768,256,1.0,201.7154247334638,0,0,0.0,0.40473538637161255
111,512x64,512,64,128,25.383468508720398,0.9589434625923378,0.3256746744737029,0.012741705111693591,1.0,239.1089701088656,0.0,0.0,0.31624117493629456,,,26.48615664243698,-0.0013663172721862793,23.44514307975769,True,512,131072,512,1.0,421.58819895428974,0,0,0.0,0.31624117493629456,64,32768,64,1.0,56.629741263441474,0,0,0.0,1.077331304550171
111,64x16,64,16,128,23.779796302318573,0.9347307963076016,0.3855220330879092,0.018104979768395424,1.0,35.31969619306125,0.0,0.0,1.2478018999099731,,,26.48615664243698,-0.0013663172721862793,23.44514307975769,True,64,131072,64,1.0,55.45430768854887,0,0,0.0,1.2478018999099731,16,32768,16,1.0,15.185084697573618,0,0,0.0,2.2662196159362793
112,2048x2048,2048,2048,128,26.48682928085327,0.9694415602314903,0.29568140115588903,0.010024230810813606,0.99462890625,1197.9182852892775,11.0,0.0,0.21609190106391907,,,26.48615664243698,-0.0006726384162902832,23.44184764623642,True,2048,131072,2046,0.9990234375,917.7008229810957,2,0,0.0,0.5311871767044067,2048,32768,2028,0.990234375,1478.1357475974594,20,0,0.0,0.21609190106391907
112,2048x16,2048,16,128,25.06938087940216,0.9528754333788728,0.33504072204232216,0.013573323318269104,0.99951171875,497.4745503252513,1.0,0.0,0.5311871767044067,,,26.48615664243698,-0.0006726384162902832,23.44184764623642,True,2048,131072,2046,0.9990234375,979.8019649055444,2,0,0.0,0.5311871767044067,16,32768,16,1.0,15.147135744958145,0,0,0.0,2.1056888103485107
112,16x2,16,2,128,19.63953274488449,0.8249477899623039,0.5171550661325455,0.04493398545309901,1.0,7.929041572917693,0.0,0.0,2.8461740016937256,,,26.48615664243698,-0.0006726384162902832,23.44184764623642,True,16,131072,16,1.0,13.858096556865473,0,0,0.0,2.8461740016937256,2,32768,2,1.0,1.9999865889699133,0,0,0.0,11.341206550598145
112,1024x256,1024,256,128,26.00381875038147,0.9657082010486797,0.30620115995407104,0.011140831367811188,1.0,506.1728606884768,0.0,0.0,0.3606676757335663,,,26.48615664243698,-0.0006726384162902832,23.44184764623642,True,1024,131072,1024,1.0,810.2082942384872,0,0,0.0,0.3606676757335663,256,32768,256,1.0,202.13742713846642,0,0,0.0,0.4357040822505951
112,512x64,512,64,128,25.38698399066925,0.9588490621794848,0.3259079661220312,0.012732182833133265,1.0,237.09436830981645,0.0,0.0,0.3773845434188843,,,26.48615664243698,-0.0006726384162902832,23.44184764623642,True,512,131072,512,1.0,417.5963966165998,0,0,0.0,0.3773845434188843,64,32768,64,1.0,56.592340003033115,0,0,0.0,1.1274607181549072
112,64x16,64,16,128,23.768012583255768,0.9344455859851772,0.38598558958619833,0.01814235487836413,1.0,35.37566556799969,0.0,0.0,1.2011446952819824,,,26.48615664243698,-0.0006726384162902832,23.44184764623642,True,64,131072,64,1.0,55.60756534382624,0,0,0.0,1.2011446952819824,16,32768,16,1.0,15.143765792173136,0,0,0.0,2.143059015274048
113,2048x2048,2048,2048,128,26.48664766550064,0.9694353746940629,0.2957606492564082,0.010024098999565467,0.994873046875,1197.8995813609174,10.5,0.0,0.21609190106391907,,,26.48615664243698,-0.000491023063659668,23.441712697347008,True,2048,131072,2046,0.9990234375,915.6317338884402,2,0,0.0,0.5311871767044067,2048,32768,2029,0.99072265625,1480.1674288333948,19,0,0.0,0.21609190106391907
113,2048x16,2048,16,128,25.06565511226654,0.9528232598693115,0.3355056755244732,0.01358212111517787,0.99951171875,495.6243131628029,1.0,0.0,0.5311871767044067,,,26.48615664243698,-0.000491023063659668,23.441712697347008,True,2048,131072,2046,0.9990234375,976.0955913562,2,0,0.0,0.5311871767044067,16,32768,16,1.0,15.1530349694058,0,0,0.0,2.083865165710449
113,16x2,16,2,128,19.638052701950073,0.8247641611678296,0.5171160968020558,0.04496878292411566,1.0,7.804304289912679,0.0,0.0,3.9553287029266357,,,26.48615664243698,-0.000491023063659668,23.441712697347008,True,16,131072,16,1.0,13.608736076531228,0,0,0.0,3.9553287029266357,2,32768,2,1.0,1.9998725032941296,0,0,0.0,11.410858154296875
113,1024x256,1024,256,128,25.997268795967102,0.9657068779699439,0.3064900301396847,0.011157171509694308,1.0,509.8034662077242,0.0,0.0,0.40277963876724243,,,26.48615664243698,-0.000491023063659668,23.441712697347008,True,1024,131072,1024,1.0,817.9532130394401,0,0,0.0,0.40277963876724243,256,32768,256,1.0,201.65371937600835,0,0,0.0,0.4106256663799286
113,512x64,512,64,128,25.3871528506279,0.9589231626267442,0.3255568612366915,0.012735711585264653,1.0,238.22238825200137,0.0,0.0,0.3280726671218872,,,26.48615664243698,-0.000491023063659668,23.441712697347008,True,512,131072,512,1.0,419.7538583944477,0,0,0.0,0.3280726671218872,64,32768,64,1.0,56.690918109555,0,0,0.0,1.1040409803390503
113,64x16,64,16,128,23.780989050865173,0.9345925106113727,0.38618483673781157,0.01810000473051332,1.0,35.23674976419642,0.0,0.0,1.200437068939209,,,26.48615664243698,-0.000491023063659668,23.441712697347008,True,64,131072,64,1.0,55.30674281363804,0,0,0.0,1.200437068939209,16,32768,16,1.0,15.166756714754793,0,0,0.0,2.3581769466400146
114,2048x2048,2048,2048,128,26.486454606056213,0.9694269625282051,0.29587317956611514,0.010024041519500315,0.994384765625,1196.7691124234875,11.5,0.0,0.21609190106391907,,,26.48615664243698,-0.00029796361923217773,23.438994495073953,True,2048,131072,2046,0.9990234375,918.3670684427697,2,0,0.0,0.5311871767044067,2048,32768,2027,0.98974609375,1475.1711564042055,21,0,0.0,0.21609190106391907
114,2048x16,2048,16,128,25.0647873878479,0.9527343273377817,0.33575949259102345,0.01358632615301758,0.99951171875,496.361578606517,1.0,0.0,0.5311871767044067,,,26.48615664243698,-0.00029796361923217773,23.438994495073953,True,2048,131072,2046,0.9990234375,977.6052023251484,2,0,0.0,0.5311871767044067,16,32768,16,1.0,15.117954887885624,0,0,0.0,2.034641981124878
114,16x2,16,2,128,19.63878297805786,0.8249017166533955,0.5161831872537732,0.04497493675444275,1.0,8.00034623301819,0.0,0.0,2.946242332458496,,,26.48615664243698,-0.00029796361923217773,23.438994495073953,True,16,131072,16,1.0,14.00078546346269,0,0,0.0,2.946242332458496,2,32768,2,1.0,1.9999070025736905,0,0,0.0,11.41073989868164
114,1024x256,1024,256,128,25.99137967824936,0.9656748306062335,0.30642501078546047,0.011171448131790385,1.0,508.18041682011705,0.0,0.0,0.3543832302093506,,,26.48615664243698,-0.00029796361923217773,23.438994495073953,True,1024,131072,1024,1.0,815.6084861266537,0,0,0.0,0.3543832302093506,256,32768,256,1.0,200.75234751358036,0,0,0.0,0.4425045847892761
114,512x64,512,64,128,25.377964854240417,0.9588533591585376,0.32628694642335176,0.012753624294418842,1.0,238.09851180766697,0.0,0.0,0.3734275996685028,,,26.48615664243698,-0.00029796361923217773,23.438994495073953,True,512,131072,512,1.0,419.68792097299723,0,0,0.0,0.3734275996685028,64,32768,64,1.0,56.50910264233672,0,0,0.0,1.1292811632156372
114,64x16,64,16,128,23.774914741516113,0.9344627556126044,0.3865219037979841,0.018114852748112753,1.0,35.30752815188676,0.0,0.0,1.0782088041305542,,,26.48615664243698,-0.00029796361923217773,23.438994495073953,True,64,131072,64,1.0,55.47404005878011,0,0,0.0,1.0782088041305542,16,32768,16,1.0,15.141016244993395,0,0,0.0,2.1984946727752686
115,2048x2048,2048,2048,128,26.487081110477448,0.969433808043853,0.29581482987850904,0.010023500813986175,0.994384765625,1197.683502514899,11.5,0.0,0.21609190106391907,,,26.48615664243698,-0.0009244680404663086,23.44624731938044,True,2048,131072,2046,0.9990234375,918.1340696482907,2,0,0.0,0.5311871767044067,2048,32768,2027,0.98974609375,1477.2329353815069,21,0,0.0,0.21609190106391907
115,2048x16,2048,16,128,25.055387437343597,0.9527389082735426,0.33574709109961987,0.01361084301606752,0.99951171875,496.3361924092885,1.0,0.0,0.5311871767044067,,,26.48615664243698,-0.0009244680404663086,23.44624731938044,True,2048,131072,2046,0.9990234375,977.5371432712336,2,0,0.0,0.5311871767044067,16,32768,16,1.0,15.135241547343439,0,0,0.0,1.9052276611328125
115,16x2,16,2,128,19.658534944057465,0.825007212646587,0.5172662083059549,0.0447629967238754,1.0,7.8896352451769785,0.0,0.0,3.5246565341949463,,,26.48615664243698,-0.0009244680404663086,23.44624731938044,True,16,131072,16,1.0,13.779270490353957,0,0,0.0,3.5246565341949463,2,32768,2,1.0,2.0,0,0,0.0,11.248274803161621
115,1024x256,1024,256,128,25.99402904510498,0.9656498388948188,0.3062434522435069,0.011162539929500781,1.0,505.2841678518337,0.0,0.0,0.3774486780166626,,,26.48615664243698,-0.0009244680404663086,23.44624731938044,True,1024,131072,1024,1.0,812.8051252250309,0,0,0.0,0.3774486780166626,256,32768,256,1.0,197.76321047863647,0,0,0.0,0.4115602672100067
115,512x64,512,64,128,25.3814657330513,0.958850215429127,0.3259595111012459,0.012745129293762147,1.0,237.52872881333752,0.0,0.0,0.29965195059776306,,,26.48615664243698,-0.0009244680404663086,23.44624731938044,True,512,131072,512,1.0,418.7730476373776,0,0,0.0,0.29965195059776306,64,32768,64,1.0,56.28440998929746,0,0,0.0,1.1096359491348267
115,64x16,64,16,128,23.78255420923233,0.9347443851557584,0.3861937075853348,0.018084746930981055,1.0,35.23288937072022,0.0,0.0,1.2391347885131836,,,26.48615664243698,-0.0009244680404663086,23.44624731938044,True,64,131072,64,1.0,55.30670281410673,0,0,0.0,1.2391347885131836,16,32768,16,1.0,15.159075927333715,0,0,0.0,2.239173412322998
116,2048x2048,2048,2048,128,26.48809790611267,0.9694400272920374,0.29578184615820646,0.010021775611676276,0.994384765625,1198.0240411457137,11.5,0.0,0.21609190106391907,,,26.48615664243698,-0.0019412636756896973,23.443432410558064,True,2048,131072,2046,0.9990234375,918.1513660046948,2,0,0.0,0.5311871767044067,2048,32768,2027,0.98974609375,1477.8967162867327,21,0,0.0,0.21609190106391907
116,2048x16,2048,16,128,25.05163848400116,0.9525511745363255,0.3361014975234866,0.01361614468623884,0.99951171875,496.148399605808,1.0,0.0,0.5311871767044067,,,26.48615664243698,-0.0019412636756896973,23.443432410558064,True,2048,131072,2046,0.9990234375,977.1962116967937,2,0,0.0,0.5311871767044067,16,32768,16,1.0,15.100587514822264,0,0,0.0,1.9540808200836182
116,16x2,16,2,128,19.65908133983612,0.8253353932387124,0.5182021390646696,0.04478635173290968,1.0,7.870027289371386,0.0,0.0,3.536588430404663,,,26.48615664243698,-0.0019412636756896973,23.443432410558064,True,16,131072,16,1.0,13.740071301547617,0,0,0.0,3.536588430404663,2,32768,2,1.0,1.9999832771951545,0,0,0.0,11.322555541992188
116,1024x256,1024,256,128,25.99339097738266,0.965645771036246,0.3067591292783618,0.011162632348714396,1.0,505.015516098891,0.0,0.0,0.35843968391418457,,,26.48615664243698,-0.0019412636756896973,23.443432410558064,True,1024,131072,1024,1.0,810.1289317271883,0,0,0.0,0.35843968391418457,256,32768,256,1.0,199.90210047059378,0,0,0.0,0.3962172865867615
116,512x64,512,64,128,25.377091825008392,0.9588599140837416,0.32568501960486174,0.012755332747474313,1.0,238.87709921067557,0.0,0.0,0.34464287757873535,,,26.48615664243698,-0.0019412636756896973,23.443432410558064,True,512,131072,512,1.0,421.26057400796293,0,0,0.0,0.34464287757873535,64,32768,64,1.0,56.49362441338822,0,0,0.0,1.1222025156021118
116,64x16,64,16,128,23.7678205370903,0.9345505919100688,0.3863101592287421,0.01814668864244595,1.0,35.22118217577973,0.0,0.0,1.2280237674713135,,,26.48615664243698,-0.0019412636756896973,23.443432410558064,True,64,131072,64,1.0,55.323353670633985,0,0,0.0,1.2280237674713135,16,32768,16,1.0,15.119010680925475,0,0,0.0,2.413264513015747
117,2048x2048,2048,2048,128,26.486157536506653,0.9694175546956856,0.29587347619235516,0.010023035152698867,0.99462890625,1197.7125959677778,11.0,0.0,0.21609190106391907,,,26.48615664243698,-8.940696716308594e-07,23.442159994443262,True,2048,131072,2046,0.9990234375,916.8506112885824,2,0,0.0,0.5311871767044067,2048,32768,2028,0.990234375,1478.5745806469733,20,0,0.0,0.21609190106391907
117,2048x16,2048,16,128,25.06116473674774,0.9527750047690609,0.3355403793975711,0.013586201705038548,0.99951171875,495.11927389794823,1.0,0.0,0.5311871767044067,,,26.48615664243698,-8.940696716308594e-07,23.442159994443262,True,2048,131072,2046,0.9990234375,975.1469950377908,2,0,0.0,0.5311871767044067,16,32768,16,1.0,15.091552758105648,0,0,0.0,2.0027663707733154
117,16x2,16,2,128,19.640342235565186,0.824491236745614,0.5177548183128238,0.044936333782970905,1.0,7.823953437814275,0.0,0.0,3.612231969833374,,,26.48615664243698,-8.940696716308594e-07,23.442159994443262,True,16,131072,16,1.0,13.647918979084523,0,0,0.0,3.612231969833374,2,32768,2,1.0,1.999987896544028,0,0,0.0,11.301457405090332
117,1024x256,1024,256,128,25.999008357524872,0.9656668283055617,0.30674327071756124,0.011149412675877102,1.0,505.9809634385032,0.0,0.0,0.33655014634132385,,,26.48615664243698,-8.940696716308594e-07,23.442159994443262,True,1024,131072,1024,1.0,811.0887357011734,0,0,0.0,0.33655014634132385,256,32768,256,1.0,200.87319117583303,0,0,0.0,0.421627402305603
117,512x64,512,64,128,25.383302867412567,0.9588658846197076,0.325958170928061,0.012743182014673948,1.0,236.92568445085368,0.0,0.0,0.36429086327552795,,,26.48615664243698,-8.940696716308594e-07,23.442159994443262,True,512,131072,512,1.0,417.2723103384828,0,0,0.0,0.36429086327552795,64,32768,64,1.0,56.57905856322458,0,0,0.0,1.095844030380249
117,64x16,64,16,128,23.785710871219635,0.9346693149046886,0.3853940898552537,0.018074003281071782,1.0,35.161788171138866,0.0,0.0,1.2895745038986206,,,26.48615664243698,-8.940696716308594e-07,23.442159994443262,True,64,131072,64,1.0,55.18116045950498,0,0,0.0,1.2895745038986206,16,32768,16,1.0,15.14241588277276,0,0,0.0,2.3639719486236572
118,2048x2048,2048,2048,128,26.486500322818756,0.9694251451156574,0.29572282545268536,0.010023570313933305,0.99462890625,1197.0980233878763,11.0,0.0,0.21609190106391907,,,26.48615664243698,-0.00034368038177490234,23.443040263652804,True,2048,131072,2046,0.9990234375,917.3399125012377,2,0,0.0,0.5311871767044067,2048,32768,2028,0.990234375,1476.856134274515,20,0,0.0,0.21609190106391907
118,2048x16,2048,16,128,25.063073694705963,0.9527977410051413,0.3354248972609639,0.013584363041445613,0.99951171875,495.73255282562417,1.0,0.0,0.5311871767044067,,,26.48615664243698,-0.00034368038177490234,23.443040263652804,True,2048,131072,2046,0.9990234375,976.3585024404302,2,0,0.0,0.5311871767044067,16,32768,16,1.0,15.106603210818133,0,0,0.0,2.0585501194000244
118,16x2,16,2,128,19.64143794775009,0.8251686965611482,0.517728597857058,0.04492773546371609,1.0,7.855132519007144,0.0,0.0,3.7467727661132812,,,26.48615664243698,-0.00034368038177490234,23.443040263652804,True,16,131072,16,1.0,13.710291323605057,0,0,0.0,3.7467727661132812,2,32768,2,1.0,1.9999737144092316,0,0,0.0,11.397872924804688
118,1024x256,1024,256,128,26.00175368785858,0.965708245824838,0.30617379024624825,0.011143642361275852,1.0,503.51559493013497,0.0,0.0,0.3274616599082947,,,26.48615664243698,-0.00034368038177490234,23.443040263652804,True,1024,131072,1024,1.0,804.6364123258245,0,0,0.0,0.3274616599082947,256,32768,256,1.0,202.3947775344455,0,0,0.0,0.3840610682964325
118,512x64,512,64,128,25.38696527481079,0.9589634177059069,0.3257770827040076,0.012732234201394022,1.0,237.37426844607177,0.0,0.0,0.35107898712158203,,,26.48615664243698,-0.00034368038177490234,23.443040263652804,True,512,131072,512,1.0,417.97193909247517,0,0,0.0,0.35107898712158203,64,32768,64,1.0,56.77659779966837,0,0,0.0,1.1076750755310059
118,64x16,64,16,128,23.78091412782669,0.9347568633911894,0.3861512467265129,0.018097637657774612,1.0,35.249858761663695,0.0,0.0,1.218484878540039,,,26.48615664243698,-0.00034368038177490234,23.443040263652804,True,64,131072,64,1.0,55.365037541153015,0,0,0.0,1.218484878540039,16,32768,16,1.0,15.134679982174376,0,0,0.0,2.121192455291748
119,2048x2048,2048,2048,128,26.487146317958832,0.9694259040474985,0.2958246720954776,0.01002222923852969,0.994384765625,1196.389058049465,11.5,0.0,0.21609190106391907,,,26.48615664243698,-0.000989675521850586,23.44194888273875,True,2048,131072,2046,0.9990234375,918.0346729049679,2,0,0.0,0.5311871767044067,2048,32768,2027,0.98974609375,1474.7434431939619,21,0,0.0,0.21609190106391907
119,2048x16,2048,16,128,25.045222342014313,0.9526917475436559,0.33586100675165653,0.01364313592785038,0.99951171875,495.435823092182,1.0,0.0,0.5311871767044067,,,26.48615664243698,-0.000989675521850586,23.44194888273875,True,2048,131072,2046,0.9990234375,975.7558024124135,2,0,0.0,0.5311871767044067,16,32768,16,1.0,15.115843771950441,0,0,0.0,1.993149757385254
119,16x2,16,2,128,19.65251350402832,0.8250340101583201,0.5189980231225491,0.044832142419181764,1.0,7.906458649862892,0.0,0.0,3.189725875854492,,,26.48615664243698,-0.000989675521850586,23.44194888273875,True,16,131072,16,1.0,13.81291962803177,0,0,0.0,3.189725875854492,2,32768,2,1.0,1.999997671694015,0,0,0.0,11.15066909790039
119,1024x256,1024,256,128,25.99886679649353,0.9656632425876518,0.3068536799401045,0.01115470880176872,1.0,503.2497667208455,0.0,0.0,0.3222005069255829,,,26.48615664243698,-0.000989675521850586,23.44194888273875,True,1024,131072,1024,1.0,806.2221006666025,0,0,0.0,0.3222005069255829,256,32768,256,1.0,200.27743277508858,0,0,0.0,0.4066465198993683
119,512x64,512,64,128,25.375993967056274,0.958899615742881,0.326412845402956,0.012762373487930745,1.0,238.27688984241806,0.0,0.0,0.3981115520000458,,,26.48615664243698,-0.000989675521850586,23.44194888273875,True,512,131072,512,1.0,419.9106401473933,0,0,0.0,0.3981115520000458,64,32768,64,1.0,56.64313953744284,0,0,0.0,1.086313247680664
119,64x16,64,16,128,23.77610343694687,0.9347250905963146,0.3865340743213892,0.01811161558725871,1.0,35.24759298038258,0.0,0.0,1.1471105813980103,,,26.48615664243698,-0.000989675521850586,23.44194888273875,True,64,131072,64,1.0,55.34258897351501,0,0,0.0,1.1471105813980103,16,32768,16,1.0,15.152596987250153,0,0,0.0,2.0783565044403076
120,2048x2048,2048,2048,128,26.487537503242493,0.9694341955857511,0.2958043082617223,0.01002084846550133,0.99462890625,1198.0339776384067,11.0,0.0,0.21609190106391907,,,26.48615664243698,-0.0013808608055114746,23.451804828643798,True,2048,131072,2046,0.9990234375,919.3593232043479,2,0,0.0,0.5311871767044067,2048,32768,2028,0.990234375,1476.7086320724652,20,0,0.0,0.21609190106391907
120,2048x16,2048,16,128,25.06831693649292,0.9526940039828613,0.3358064368367195,0.01357316246139817,0.99951171875,496.4952185493455,1.0,0.0,0.5311871767044067,,,26.48615664243698,-0.0013808608055114746,23.451804828643798,True,2048,131072,2046,0.9990234375,977.8471614283877,2,0,0.0,0.5311871767044067,16,32768,16,1.0,15.143275670303325,0,0,0.0,1.9495080709457397
120,16x2,16,2,128,19.664419770240784,0.8252099095461358,0.5182260889559984,0.04473314306233078,1.0,7.8528637971927076,0.0,0.0,3.4245612621307373,,,26.48615664243698,-0.0013808608055114746,23.451804828643798,True,16,131072,16,1.0,13.705727627913028,0,0,0.0,3.4245612621307373,2,32768,2,1.0,1.9999999664723873,0,0,0.0,11.266289710998535
120,1024x256,1024,256,128,26.00331300497055,0.965704543539181,0.30634661950170994,0.011135908687720075,1.0,502.43016771789036,0.0,0.0,0.2911270260810852,,,26.48615664243698,-0.0013808608055114746,23.451804828643798,True,1024,131072,1024,1.0,804.8218978335979,0,0,0.0,0.2911270260810852,256,32768,256,1.0,200.03843760218285,0,0,0.0,0.40051206946372986
120,512x64,512,64,128,25.38838642835617,0.9589224945959623,0.3266182169318199,0.012728306610370055,1.0,238.15552249430058,0.0,0.0,0.38642239570617676,,,26.48615664243698,-0.0013808608055114746,23.451804828643798,True,512,131072,512,1.0,419.75192733125385,0,0,0.0,0.38642239570617676,64,32768,64,1.0,56.55911765734733,0,0,0.0,1.163102388381958
120,64x16,64,16,128,23.779932916164398,0.9346698074835866,0.3861876931041479,0.018093255261192098,1.0,35.139701196924044,0.0,0.0,1.284238576889038,,,26.48615664243698,-0.0013808608055114746,23.451804828643798,True,64,131072,64,1.0,55.11808406292344,0,0,0.0,1.284238576889038,16,32768,16,1.0,15.161318330924649,0,0,0.0,2.356158971786499
