{
  "checkpoint": "checkpoints/quality_v2_B_LPIPS_unet2_ds8x2_k64-256/best_vq_deepsc.pth",
  "num_embeddings_list": [
    64,
    256
  ],
  "results": {
    "0": {
      "ms_ssim": 0.893375284490689,
      "psnr": 24.272714406251907
    },
    "3": {
      "ms_ssim": 0.8942482408717973,
      "psnr": 24.317386746406555
    },
    "6": {
      "ms_ssim": 0.8942482408717973,
      "psnr": 24.317386746406555
    },
    "9": {
      "ms_ssim": 0.8942482408717973,
      "psnr": 24.317386746406555
    },
    "12": {
      "ms_ssim": 0.8942482408717973,
      "psnr": 24.317386746406555
    }
  }
}