{
  "checkpoint": "checkpoints/quality_v2_C_full_unet2_ds8x2_k64-256/best_vq_deepsc.pth",
  "num_embeddings_list": [
    64,
    256
  ],
  "results": {
    "0": {
      "ms_ssim": 0.9297984793997593,
      "psnr": 26.12591375907262
    }
  }
}