{
  "checkpoint": "experiments/interim_results/checkpoints/quality_v2_B_larger_cb16384-256_unet2_ds8x2_k16384-256_best_epoch037.pth",
  "num_embeddings_list": [
    16384,
    256
  ],
  "ldpc_rate": 0.5,
  "modulation": "qpsk",
  "results": {
    "4": {
      "ms_ssim": 0.9605515612655168,
      "psnr": 28.447500467300415
    }
  }
}