{
  "checkpoint": "experiments/interim_results/checkpoints/quality_v2_B_larger_cb16384-256_unet2_ds8x2_k16384-256_best_epoch037.pth",
  "num_embeddings_list": [
    16384,
    256
  ],
  "results": {
    "0": {
      "ms_ssim": 0.9582998927942042,
      "psnr": 28.24891875187556
    }
  }
}